{"type": "FeatureCollection", "features": [{"type": "Feature", "properties": {"cd_sipra": "MG0273000", "nome_proje": "PA LOURIVAL DA BOCA DA CAATINGA", "municipio": "MATIAS CARDOSO", "uf": "MG", "area_hecta": "5794.3720", "num_famili": 66}, "geometry": {"type": "MultiPolygon", "coordinates": [[[[-43.55719, -14.77237], [-43.5602, -14.77107], [-43.5582, -14.7705], [-43.55719, -14.77237]]], [[[-43.55605, -14.77287], [-43.55705, -14.77243], [-43.55619, -14.77271], [-43.55605, -14.77287]]], [[[-43.54006, -14.78068], [-43.54111, -14.77965], [-43.54027, -14.7802], [-43.54006, -14.78068]]], [[[-43.53531, -14.78572], [-43.53411, -14.78845], [-43.53685, -14.78404], [-43.53612, -14.78455], [-43.53531, -14.78572]]], [[[-43.53424, -14.78971], [-43.53522, -14.78952], [-43.53404, -14.78878], [-43.53396, -14.7891], [-43.53424, -14.78971]]], [[[-43.5371, -14.79187], [-43.53675, -14.79242], [-43.53613, -14.79278], [-43.53604, -14.79306], [-43.5362, -14.79339], [-43.53663, -14.79338], [-43.53741, -14.79372], [-43.53694, -14.79059], [-43.5368, -14.7905], [-43.5371, -14.79187]]], [[[-43.5369, -14.79653], [-43.53805, -14.79802], [-43.53769, -14.79559], [-43.5369, -14.79653]]], [[[-43.53851, -14.80115], [-43.53849, -14.80097], [-43.53847, -14.80102], [-43.53851, -14.80115]]], [[[-43.5392, -14.80574], [-43.53917, -14.80553], [-43.53904, -14.80592], [-43.5392, -14.80574]]]]}}, {"type": "Feature", "properties": {"cd_sipra": "BA0387000", "nome_proje": "PA PAUS PRETOS", "municipio": "SEBASTIAO LARANJEIRAS", "uf": "BA", "area_hecta": "2300.1892", "num_famili": 60}, "geometry": {"type": "Polygon", "coordinates": [[[-43.53119, -14.74155], [-43.50311, -14.73551], [-43.5158, -14.77219], [-43.52012, -14.76319], [-43.53119, -14.74155]]]}}, {"type": "Feature", "properties": {"cd_sipra": "BA0323000", "nome_proje": "PA MARRECA", "municipio": "MALHADA", "uf": "BA", "area_hecta": "3000.0000", "num_famili": 88}, "geometry": {"type": "Polygon", "coordinates": [[[-43.57101, -14.22613], [-43.57683, -14.22387], [-43.57229, -14.19641], [-43.5689, -14.19672], [-43.56826, -14.19993], [-43.56751, -14.2017], [-43.56708, -14.20422], [-43.56693, -14.20744], [-43.56709, -14.21093], [-43.56782, -14.21463], [-43.57101, -14.22613]]]}}, {"type": "Feature", "properties": {"cd_sipra": "MG0265000", "nome_proje": "PA JOÃO PAULO II", "municipio": "PORTEIRINHA", "uf": "MG", "area_hecta": "1135.7734", "num_famili": 11}, "geometry": {"type": "Polygon", "coordinates": [[[-43.19298, -15.5063], [-43.1929, -15.50619], [-43.19305, -15.50632], [-43.18995, -15.50824], [-43.20091, -15.53606], [-43.20179, -15.53578], [-43.20085, -15.5362], [-43.20224, -15.53939], [-43.2044, -15.53775], [-43.20943, -15.535], [-43.20943, -15.53478], [-43.19317, -15.49577], [-43.18669, -15.49984], [-43.18993, -15.50819], [-43.19298, -15.5063]]]}}, {"type": "Feature", "properties": {"cd_sipra": "MG0298000", "nome_proje": "PA UNIÃO", "municipio": "PAI PEDRO", "uf": "MG", "area_hecta": "3088.7042", "num_famili": 38}, "geometry": {"type": "Polygon", "coordinates": [[[-43.20319, -15.49528], [-43.23428, -15.50417], [-43.23503, -15.50339], [-43.23596, -15.49765], [-43.23743, -15.48461], [-43.23957, -15.48166], [-43.23331, -15.47683], [-43.2354, -15.47248], [-43.23654, -15.46535], [-43.22453, -15.45477], [-43.21118, -15.44077], [-43.18533, -15.43741], [-43.1917, -15.46334], [-43.18759, -15.46557], [-43.19298, -15.47618], [-43.20319, -15.49528]]]}}, {"type": "Feature", "properties": {"cd_sipra": "MG0113000", "nome_proje": "PA JACARÉ GRANDE", "municipio": "JANAUBA", "uf": "MG", "area_hecta": "11120.2590", "num_famili": 174}, "geometry": {"type": "Polygon", "coordinates": [[[-43.26381, -15.36252], [-43.26115, -15.3539], [-43.26335, -15.34827], [-43.25752, -15.34079], [-43.2267, -15.32953], [-43.19998, -15.3595], [-43.26381, -15.36252]]]}}, {"type": "Feature", "properties": {"cd_sipra": "MG0146000", "nome_proje": "PA CALIFÓRNIA", "municipio": "PAI PEDRO", "uf": "MG", "area_hecta": "2006.3546", "num_famili": 26}, "geometry": {"type": "Polygon", "coordinates": [[[-43.28771, -15.32167], [-43.29476, -15.31045], [-43.30637, -15.31351], [-43.31016, -15.3134], [-43.31344, -15.31372], [-43.31592, -15.3095], [-43.31555, -15.30911], [-43.31368, -15.30872], [-43.3127, -15.30878], [-43.31259, -15.3086], [-43.31272, -15.30834], [-43.31204, -15.3085], [-43.31175, -15.30785], [-43.31072, -15.30726], [-43.31042, -15.30755], [-43.30976, -15.30716], [-43.30979, -15.30671], [-43.31019, -15.30617], [-43.3093, -15.30568], [-43.31046, -15.30269], [-43.31033, -15.30197], [-43.31047, -15.30145], [-43.31039, -15.30122], [-43.30967, -15.30087], [-43.30953, -15.30044], [-43.30905, -15.30008], [-43.30907, -15.29974], [-43.30928, -15.29967], [-43.30945, -15.29929], [-43.27143, -15.28768], [-43.26811, -15.28695], [-43.26483, -15.28596], [-43.24565, -15.28], [-43.23696, -15.30262], [-43.28771, -15.32167]]]}}, {"type": "Feature", "properties": {"cd_sipra": "BA0879000", "nome_proje": "PA BORA", "municipio": "ITAGUACU DA BAHIA", "uf": "BA", "area_hecta": "1496.7400", "num_famili": 32}, "geometry": {"type": "Polygon", "coordinates": [[[-42.24878, -11.07102], [-42.24556, -11.07185], [-42.23773, -11.07205], [-42.2358, -11.07307], [-42.22592, -11.08131], [-42.22411, -11.08364], [-42.21924, -11.08604], [-42.21653, -11.0876], [-42.213, -11.0889], [-42.22642, -11.10698], [-42.23135, -11.10382], [-42.23332, -11.11118], [-42.24689, -11.10719], [-42.24393, -11.09995], [-42.26152, -11.09801], [-42.26048, -11.09474], [-42.25938, -11.09027], [-42.25976, -11.06565], [-42.25459, -11.06918], [-42.24878, -11.07102]]]}}, {"type": "Feature", "properties": {"cd_sipra": "BA0029000", "nome_proje": "PA FAZ ALMAS", "municipio": "ITAGUACU DA BAHIA", "uf": "BA", "area_hecta": "8840.0000", "num_famili": 251}, "geometry": {"type": "Polygon", "coordinates": [[[-42.22082, -10.88191], [-42.23212, -10.89967], [-42.2549, -10.91669], [-42.30847, -10.90258], [-42.30677, -10.90122], [-42.29984, -10.89744], [-42.29563, -10.87718], [-42.29154, -10.86128], [-42.28489, -10.84045], [-42.28008, -10.82627], [-42.2715, -10.81746], [-42.2546, -10.81436], [-42.22307, -10.8179], [-42.22479, -10.82015], [-42.2265, -10.82276], [-42.22855, -10.82691], [-42.22896, -10.82818], [-42.22639, -10.83068], [-42.22557, -10.83166], [-42.22551, -10.83403], [-42.20028, -10.8442], [-42.20983, -10.86326], [-42.22082, -10.88191]]]}}, {"type": "Feature", "properties": {"cd_sipra": "BA0030000", "nome_proje": "PA CALIFORNIA II", "municipio": "ITAGUACU DA BAHIA", "uf": "BA", "area_hecta": "3273.0000", "num_famili": 37}, "geometry": {"type": "Polygon", "coordinates": [[[-41.96285, -10.71202], [-41.95841, -10.75334], [-41.99754, -10.75946], [-41.9981, -10.70256], [-41.96285, -10.71202]]]}}, {"type": "Feature", "properties": {"cd_sipra": "BA0039000", "nome_proje": "PA FAZ CALIFORNIA", "municipio": "ITAGUACU DA BAHIA", "uf": "BA", "area_hecta": "1540.0000", "num_famili": 13}, "geometry": {"type": "Polygon", "coordinates": [[[-42.07321, -10.72604], [-42.07244, -10.7369], [-42.07269, -10.73724], [-42.12364, -10.74639], [-42.1206, -10.73764], [-42.11165, -10.71407], [-42.07259, -10.71364], [-42.07321, -10.72604]]]}}, {"type": "Feature", "properties": {"cd_sipra": "BA0517000", "nome_proje": "PA APARECIDA DO NORTE", "municipio": "ITAGUACU DA BAHIA", "uf": "BA", "area_hecta": "2308.1697", "num_famili": 65}, "geometry": {"type": "Polygon", "coordinates": [[[-41.90387, -10.70794], [-41.86415, -10.7278], [-41.86681, -10.75597], [-41.92692, -10.73195], [-41.92928, -10.70235], [-41.90556, -10.71142], [-41.90387, -10.70794]]]}}, {"type": "Feature", "properties": {"cd_sipra": "BA0053000", "nome_proje": "PA SÃO CAETANO", "municipio": "ITAGUACU DA BAHIA", "uf": "BA", "area_hecta": "1140.0000", "num_famili": 26}, "geometry": {"type": "Polygon", "coordinates": [[[-41.88682, -10.71646], [-41.91305, -10.70334], [-41.91579, -10.68365], [-41.91688, -10.67433], [-41.87841, -10.68202], [-41.87735, -10.6956], [-41.87737, -10.70232], [-41.87781, -10.70407], [-41.88682, -10.71646]]]}}, {"type": "Feature", "properties": {"cd_sipra": "BA0420000", "nome_proje": "PA 1º DE ABRIL PARAGUAÇU", "municipio": "IPIRA", "uf": "BA", "area_hecta": "4288.4904", "num_famili": 81}, "geometry": {"type": "Polygon", "coordinates": [[[-39.88161, -12.40967], [-39.87168, -12.42288], [-39.89026, -12.46309], [-39.89711, -12.48108], [-39.89756, -12.48464], [-39.89853, -12.48821], [-39.90528, -12.50252], [-39.91529, -12.50836], [-39.91154, -12.51438], [-39.91631, -12.51661], [-39.91878, -12.51946], [-39.92129, -12.52024], [-39.92654, -12.52081], [-39.93388, -12.51395], [-39.93393, -12.51125], [-39.93912, -12.50902], [-39.93924, -12.5049], [-39.93717, -12.50498], [-39.93714, -12.5035], [-39.93642, -12.50175], [-39.93701, -12.49925], [-39.89424, -12.39338], [-39.88161, -12.40967]]]}}, {"type": "Feature", "properties": {"cd_sipra": "BA0868000", "nome_proje": "PA JUNCO", "municipio": "BIRITINGA", "uf": "BA", "area_hecta": "865.4887", "num_famili": 26}, "geometry": {"type": "Polygon", "coordinates": [[[-38.86303, -11.4642], [-38.85935, -11.45318], [-38.85589, -11.45289], [-38.85426, -11.44991], [-38.85075, -11.44942], [-38.84246, -11.44982], [-38.85036, -11.46422], [-38.85988, -11.46404], [-38.86303, -11.4642]]]}}, {"type": "Feature", "properties": {"cd_sipra": "BA0930000", "nome_proje": "PA BELA VISTA III", "municipio": "TUCANO", "uf": "BA", "area_hecta": "1561.1179", "num_famili": 37}, "geometry": {"type": "Polygon", "coordinates": [[[-38.77917, -11.3623], [-38.8083, -11.39673], [-38.81077, -11.39658], [-38.81314, -11.39624], [-38.81228, -11.39335], [-38.81421, -11.39295], [-38.81436, -11.39069], [-38.81507, -11.38728], [-38.81327, -11.38775], [-38.81078, -11.37713], [-38.81412, -11.37734], [-38.81449, -11.37605], [-38.81405, -11.37605], [-38.81403, -11.37576], [-38.81446, -11.37573], [-38.81435, -11.37201], [-38.81418, -11.37146], [-38.81246, -11.37149], [-38.81189, -11.36447], [-38.81039, -11.36477], [-38.80965, -11.36033], [-38.77917, -11.3623]]]}}, {"type": "Feature", "properties": {"cd_sipra": "BA0945000", "nome_proje": "PA ATANAZIO JOSÉ DOS SANTOS - AAPAAS", "municipio": "ARACI", "uf": "BA", "area_hecta": "1243.5534", "num_famili": 25}, "geometry": {"type": "MultiPolygon", "coordinates": [[[[-39.10595, -11.33414], [-39.09893, -11.34028], [-39.10375, -11.35931], [-39.10974, -11.36582], [-39.11246, -11.36555], [-39.11284, -11.36493], [-39.11326, -11.36491], [-39.1142, -11.36441], [-39.11478, -11.36482], [-39.11562, -11.36455], [-39.11639, -11.3649], [-39.11686, -11.36475], [-39.11751, -11.3642], [-39.11904, -11.36412], [-39.11984, -11.3638], [-39.11997, -11.36334], [-39.12052, -11.363], [-39.12184, -11.36334], [-39.12249, -11.3634], [-39.1229, -11.36321], [-39.12346, -11.36329], [-39.12464, -11.36234], [-39.12531, -11.361], [-39.12564, -11.3596], [-39.12562, -11.35881], [-39.12634, -11.35852], [-39.12654, -11.35803], [-39.12649, -11.35772], [-39.12632, -11.35761], [-39.12644, -11.35718], [-39.12673, -11.3569], [-39.12673, -11.3564], [-39.1272, -11.35594], [-39.12728, -11.3554], [-39.12713, -11.35517], [-39.12764, -11.35518], [-39.12767, -11.35488], [-39.12737, -11.35486], [-39.12741, -11.35462], [-39.12764, -11.35424], [-39.12812, -11.3541], [-39.1281, -11.35367], [-39.12841, -11.35354], [-39.1288, -11.35262], [-39.12858, -11.35235], [-39.12906, -11.35198], [-39.12918, -11.35171], [-39.12899, -11.35131], [-39.12926, -11.35086], [-39.12951, -11.34984], [-39.12934, -11.34969], [-39.12931, -11.35048], [-39.12902, -11.34486], [-39.12949, -11.34569], [-39.12935, -11.34943], [-39.12956, -11.34892], [-39.12953, -11.34811], [-39.12988, -11.34752], [-39.12966, -11.34749], [-39.13016, -11.34713], [-39.13025, -11.3466], [-39.1302, -11.34636], [-39.12997, -11.34627], [-39.13024, -11.34616], [-39.12998, -11.34575], [-39.12966, -11.34563], [-39.12989, -11.34531], [-39.12883, -11.34448], [-39.12885, -11.34341], [-39.12821, -11.34272], [-39.12567, -11.34238], [-39.12801, -11.34311], [-39.12862, -11.34417], [-39.12536, -11.34242], [-39.12482, -11.34243], [-39.12413, -11.34041], [-39.124, -11.33955], [-39.12488, -11.33733], [-39.12477, -11.33638], [-39.1251, -11.3344], [-39.12748, -11.33269], [-39.12786, -11.33209], [-39.13484, -11.33721], [-39.13575, -11.33537], [-39.13575, -11.3318], [-39.1356, -11.33102], [-39.1339, -11.32651], [-39.12639, -11.31545], [-39.10595, -11.33414]]], [[[-39.12502, -11.36181], [-39.12536, -11.36182], [-39.12524, -11.36165], [-39.12552, -11.36133], [-39.12533, -11.36103], [-39.12492, -11.36199], [-39.12507, -11.36207], [-39.12502, -11.36181]]], [[[-39.12657, -11.35821], [-39.12647, -11.35845], [-39.1266, -11.35838], [-39.12657, -11.35821]]]]}}, {"type": "Feature", "properties": {"cd_sipra": "BA0928000", "nome_proje": "PA TERRA PROMETIDA", "municipio": "NOVA SOURE", "uf": "BA", "area_hecta": "15632.6594", "num_famili": 284}, "geometry": {"type": "Polygon", "coordinates": [[[-38.7509, -11.26725], [-38.75053, -11.26616], [-38.74025, -11.25441], [-38.69702, -11.23242], [-38.69723, -11.21], [-38.64649, -11.2093], [-38.74966, -11.32815], [-38.7509, -11.26725]]]}}, {"type": "Feature", "properties": {"cd_sipra": "BA0188000", "nome_proje": "PA AMAZONAS", "municipio": "TUCANO", "uf": "BA", "area_hecta": "804.3478", "num_famili": 15}, "geometry": {"type": "Polygon", "coordinates": [[[-38.8506, -11.23067], [-38.84923, -11.23073], [-38.8336, -11.2307], [-38.81174, -11.23028], [-38.81138, -11.23044], [-38.80939, -11.23218], [-38.80921, -11.23262], [-38.80888, -11.23463], [-38.80901, -11.23804], [-38.80836, -11.24097], [-38.80857, -11.24133], [-38.81092, -11.24354], [-38.81126, -11.24423], [-38.8114, -11.24691], [-38.81335, -11.25182], [-38.81607, -11.25665], [-38.8185, -11.25876], [-38.81892, -11.25872], [-38.82021, -11.25956], [-38.8215, -11.25952], [-38.82303, -11.26236], [-38.8329, -11.25693], [-38.82999, -11.25101], [-38.82883, -11.24136], [-38.83033, -11.2414], [-38.83578, -11.24107], [-38.84483, -11.24], [-38.84586, -11.24029], [-38.84708, -11.24027], [-38.8534, -11.23964], [-38.85371, -11.23946], [-38.85162, -11.23027], [-38.8506, -11.23067]]]}}, {"type": "Feature", "properties": {"cd_sipra": "BA0289000", "nome_proje": "PA FAZ BOQUEIRAO", "municipio": "TUCANO", "uf": "BA", "area_hecta": "825.5782", "num_famili": 24}, "geometry": {"type": "Polygon", "coordinates": [[[-38.82548, -11.20665], [-38.82441, -11.21096], [-38.81625, -11.21128], [-38.79314, -11.21995], [-38.79315, -11.23024], [-38.81756, -11.23032], [-38.82468, -11.23053], [-38.82359, -11.22256], [-38.83108, -11.22003], [-38.83342, -11.21909], [-38.8343, -11.2085], [-38.83441, -11.20822], [-38.83733, -11.2082], [-38.83805, -11.20274], [-38.82829, -11.20215], [-38.82658, -11.20244], [-38.82612, -11.20313], [-38.82615, -11.20501], [-38.82548, -11.20665]]]}}, {"type": "Feature", "properties": {"cd_sipra": "BA0246000", "nome_proje": "PA SAO JOSE DO MARIMBA", "municipio": "TUCANO", "uf": "BA", "area_hecta": "563.4307", "num_famili": 10}, "geometry": {"type": "Polygon", "coordinates": [[[-38.84537, -11.17548], [-38.84867, -11.18807], [-38.84429, -11.18815], [-38.8442, -11.18857], [-38.84507, -11.19104], [-38.84613, -11.19571], [-38.84753, -11.19872], [-38.8502, -11.2038], [-38.85277, -11.20109], [-38.85394, -11.19743], [-38.85529, -11.19483], [-38.86637, -11.18927], [-38.85491, -11.16522], [-38.84291, -11.1705], [-38.84537, -11.17548]]]}}, {"type": "Feature", "properties": {"cd_sipra": "BA0055000", "nome_proje": "PA PÉ DE SERRA", "municipio": "TUCANO", "uf": "BA", "area_hecta": "6227.2127", "num_famili": 51}, "geometry": {"type": "Polygon", "coordinates": [[[-38.75707, -11.16375], [-38.75735, -11.15541], [-38.75408, -11.15457], [-38.75184, -11.1467], [-38.71434, -11.13782], [-38.71407, -11.14365], [-38.70712, -11.16337], [-38.69157, -11.17698], [-38.67823, -11.18171], [-38.6724, -11.20948], [-38.77846, -11.21097], [-38.77124, -11.16347], [-38.75707, -11.16375]]]}}, {"type": "Feature", "properties": {"cd_sipra": "BA0550000", "nome_proje": "PA TERRA PARA TODOS", "municipio": "TUCANO", "uf": "BA", "area_hecta": "1410.4394", "num_famili": 25}, "geometry": {"type": "Polygon", "coordinates": [[[-38.81373, -11.16039], [-38.81009, -11.15025], [-38.80951, -11.14948], [-38.8094, -11.14916], [-38.80961, -11.14902], [-38.80952, -11.1488], [-38.80491, -11.15418], [-38.80464, -11.15405], [-38.80446, -11.15413], [-38.80083, -11.16328], [-38.80016, -11.16551], [-38.80005, -11.16692], [-38.8001, -11.1747], [-38.80194, -11.18614], [-38.83218, -11.1867], [-38.83227, -11.16834], [-38.83684, -11.16744], [-38.83701, -11.16736], [-38.83698, -11.16706], [-38.83767, -11.16688], [-38.83775, -11.16705], [-38.8396, -11.16628], [-38.84292, -11.1705], [-38.8549, -11.1652], [-38.85187, -11.15885], [-38.84248, -11.16111], [-38.84105, -11.15812], [-38.83645, -11.16098], [-38.83303, -11.15636], [-38.83511, -11.15661], [-38.83521, -11.15566], [-38.83502, -11.15418], [-38.83427, -11.15221], [-38.8342, -11.15121], [-38.83378, -11.14981], [-38.83402, -11.14864], [-38.81373, -11.16039]]]}}, {"type": "Feature", "properties": {"cd_sipra": "BA0453000", "nome_proje": "PA SANTA VIRGINIA", "municipio": "TUCANO", "uf": "BA", "area_hecta": "1453.3052", "num_famili": 30}, "geometry": {"type": "Polygon", "coordinates": [[[-38.87631, -11.14777], [-38.87636, -11.14802], [-38.87589, -11.14799], [-38.87279, -11.14573], [-38.87099, -11.142], [-38.87366, -11.14041], [-38.87065, -11.1306], [-38.85037, -11.13885], [-38.85698, -11.15047], [-38.85039, -11.15446], [-38.86439, -11.18381], [-38.87287, -11.17999], [-38.87424, -11.17964], [-38.87452, -11.17925], [-38.88498, -11.17451], [-38.88462, -11.17322], [-38.88962, -11.16775], [-38.88064, -11.14802], [-38.87935, -11.14816], [-38.87879, -11.14643], [-38.87631, -11.14777]]]}}, {"type": "Feature", "properties": {"cd_sipra": "SE0136000", "nome_proje": "PA ZUMBI", "municipio": "TOBIAS BARRETO", "uf": "SE", "area_hecta": "413.9683", "num_famili": 27}, "geometry": {"type": "MultiPolygon", "coordinates": [[[[-38.1282, -10.88944], [-38.13073, -10.89341], [-38.13663, -10.89433], [-38.13694, -10.89521], [-38.1392, -10.89381], [-38.12958, -10.88856], [-38.1282, -10.88944]]], [[[-38.15594, -10.89961], [-38.15493, -10.89551], [-38.15452, -10.89407], [-38.15429, -10.89379], [-38.149, -10.89542], [-38.15165, -10.89912], [-38.1504, -10.89983], [-38.14834, -10.90013], [-38.14658, -10.89716], [-38.14577, -10.89721], [-38.14304, -10.89685], [-38.14414, -10.89977], [-38.14114, -10.90033], [-38.15012, -10.90083], [-38.15499, -10.89965], [-38.15578, -10.90006], [-38.15594, -10.89961]]], [[[-38.14126, -10.89597], [-38.13774, -10.89675], [-38.13731, -10.89626], [-38.1387, -10.9002], [-38.1407, -10.90026], [-38.14126, -10.89597]]]]}}, {"type": "Feature", "properties": {"cd_sipra": "SE0249000", "nome_proje": "PA NOSSA SENHORA DA CONCEIÇÃO", "municipio": "POCO VERDE", "uf": "SE", "area_hecta": "286.3087", "num_famili": 0}, "geometry": {"type": "Polygon", "coordinates": [[[-38.18352, -10.88328], [-38.18125, -10.87953], [-38.18009, -10.87692], [-38.17523, -10.87791], [-38.16229, -10.89035], [-38.1601, -10.89208], [-38.15438, -10.89384], [-38.156, -10.8996], [-38.15585, -10.9001], [-38.15624, -10.90007], [-38.15696, -10.90037], [-38.15788, -10.90116], [-38.18352, -10.88328]]]}}, {"type": "Feature", "properties": {"cd_sipra": "SE0240000", "nome_proje": "PA NELSON MANDELA II", "municipio": "POCO VERDE", "uf": "SE", "area_hecta": "204.1574", "num_famili": 10}, "geometry": {"type": "MultiPolygon", "coordinates": [[[[-38.13055, -10.87391], [-38.12325, -10.87553], [-38.12468, -10.88256], [-38.13065, -10.8834], [-38.13217, -10.87848], [-38.1324, -10.87618], [-38.13055, -10.87391]]], [[[-38.13606, -10.87005], [-38.13839, -10.86696], [-38.12912, -10.86373], [-38.12806, -10.86425], [-38.12496, -10.86481], [-38.12512, -10.86608], [-38.12609, -10.86681], [-38.1267, -10.86852], [-38.12601, -10.86686], [-38.12504, -10.86613], [-38.12479, -10.86476], [-38.1208, -10.8654], [-38.12167, -10.8681], [-38.12255, -10.87016], [-38.12335, -10.87151], [-38.12491, -10.86969], [-38.12665, -10.86904], [-38.12681, -10.86878], [-38.12675, -10.86845], [-38.12756, -10.86883], [-38.12955, -10.87107], [-38.13072, -10.87403], [-38.13246, -10.87611], [-38.13269, -10.87419], [-38.1334, -10.87393], [-38.13459, -10.87295], [-38.13606, -10.87005]]]]}}, {"type": "Feature", "properties": {"cd_sipra": "BA0943000", "nome_proje": "PA VALE DO ITAPICURU", "municipio": "ARACI", "uf": "BA", "area_hecta": "4549.9346", "num_famili": 106}, "geometry": {"type": "MultiPolygon", "coordinates": [[[[-39.12712, -11.01704], [-39.12674, -11.01729], [-39.12378, -11.01725], [-39.12289, -11.01779], [-39.12377, -11.02466], [-39.12248, -11.02693], [-39.12183, -11.029], [-39.12064, -11.02846], [-39.12022, -11.03036], [-39.12025, -11.03105], [-39.11899, -11.03446], [-39.11608, -11.0343], [-39.11539, -11.01809], [-39.11516, -11.01813], [-39.09851, -11.02417], [-39.09957, -11.02315], [-39.10308, -11.02192], [-39.10172, -11.02221], [-39.1007, -11.02221], [-39.09951, -11.02268], [-39.09738, -11.02449], [-39.09591, -11.02628], [-39.09475, -11.02856], [-39.09302, -11.03302], [-39.0922, -11.03437], [-39.0911, -11.0373], [-39.09066, -11.03793], [-39.09011, -11.03849], [-39.08388, -11.04104], [-39.08526, -11.0438], [-39.08589, -11.04456], [-39.08671, -11.04812], [-39.08677, -11.04936], [-39.08821, -11.05195], [-39.08847, -11.05387], [-39.08977, -11.056], [-39.08976, -11.05762], [-39.08946, -11.05938], [-39.08971, -11.06472], [-39.08987, -11.06626], [-39.09053, -11.06746], [-39.0906, -11.06792], [-39.08999, -11.07312], [-39.09017, -11.07569], [-39.09012, -11.07741], [-39.09065, -11.08295], [-39.09087, -11.0881], [-39.09063, -11.09195], [-39.09174, -11.10193], [-39.09167, -11.10522], [-39.09127, -11.10725], [-39.09231, -11.11125], [-39.09185, -11.11576], [-39.09262, -11.11591], [-39.09582, -11.11418], [-39.09863, -11.11434], [-39.09927, -11.1141], [-39.10107, -11.11391], [-39.10125, -11.11398], [-39.10179, -11.11488], [-39.10286, -11.11552], [-39.10503, -11.11611], [-39.10592, -11.11663], [-39.10716, -11.11664], [-39.10783, -11.11686], [-39.10887, -11.1168], [-39.1106, -11.11753], [-39.11145, -11.1174], [-39.11248, -11.1176], [-39.11335, -11.11797], [-39.11369, -11.11833], [-39.11433, -11.11964], [-39.1166, -11.12084], [-39.11672, -11.12303], [-39.12199, -11.12386], [-39.12546, -11.10759], [-39.11953, -11.10713], [-39.11928, -11.10284], [-39.11888, -11.1024], [-39.11854, -11.09422], [-39.12046, -11.09393], [-39.12199, -11.09445], [-39.1215, -11.09588], [-39.12159, -11.09862], [-39.12181, -11.09916], [-39.12227, -11.09957], [-39.12216, -11.09965], [-39.12269, -11.10389], [-39.12507, -11.10275], [-39.12476, -11.09934], [-39.12411, -11.09794], [-39.12797, -11.09586], [-39.12918, -11.09071], [-39.1301, -11.08759], [-39.12934, -11.08757], [-39.12739, -11.08633], [-39.12569, -11.08602], [-39.12369, -11.08411], [-39.12308, -11.08185], [-39.12344, -11.07926], [-39.12284, -11.07785], [-39.13217, -11.07806], [-39.13592, -11.07866], [-39.13593, -11.07853], [-39.13604, -11.07857], [-39.13598, -11.07945], [-39.14156, -11.08032], [-39.14223, -11.07273], [-39.14303, -11.06645], [-39.13932, -11.06548], [-39.13811, -11.06426], [-39.13629, -11.06352], [-39.13519, -11.06281], [-39.13146, -11.06195], [-39.13148, -11.06067], [-39.12819, -11.06006], [-39.12825, -11.06331], [-39.12957, -11.06527], [-39.12852, -11.06651], [-39.12718, -11.0668], [-39.12579, -11.06471], [-39.12538, -11.06284], [-39.12616, -11.05751], [-39.12741, -11.05777], [-39.12744, -11.05609], [-39.12797, -11.05431], [-39.12838, -11.05418], [-39.12894, -11.05429], [-39.12909, -11.05405], [-39.13036, -11.05464], [-39.13249, -11.05528], [-39.13335, -11.04568], [-39.13328, -11.04533], [-39.13595, -11.04556], [-39.13671, -11.04266], [-39.13763, -11.04056], [-39.13872, -11.04069], [-39.13893, -11.03581], [-39.13854, -11.0344], [-39.13084, -11.037], [-39.1299, -11.01626], [-39.12712, -11.01704]], [[-39.09346, -11.03202], [-39.09622, -11.02639], [-39.09723, -11.02542], [-39.09346, -11.03202]]], [[[-39.08558, -11.03972], [-39.0844, -11.04035], [-39.0839, -11.04038], [-39.08379, -11.04086], [-39.08668, -11.03965], [-39.08558, -11.03972]]]]}}, {"type": "Feature", "properties": {"cd_sipra": "BA0207000", "nome_proje": "PA MURITY", "municipio": "TUCANO", "uf": "BA", "area_hecta": "5922.7660", "num_famili": 152}, "geometry": {"type": "Polygon", "coordinates": [[[-38.80127, -10.75309], [-38.80113, -10.75296], [-38.79584, -10.75203], [-38.76755, -10.74742], [-38.7715, -10.7553], [-38.77179, -10.76936], [-38.77499, -10.77546], [-38.76908, -10.78255], [-38.80991, -10.8001], [-38.83812, -10.80031], [-38.8377, -10.79751], [-38.83708, -10.79104], [-38.83702, -10.7887], [-38.83737, -10.7869], [-38.83695, -10.78486], [-38.8372, -10.77888], [-38.83847, -10.76406], [-38.83604, -10.75081], [-38.83582, -10.7507], [-38.83559, -10.74998], [-38.83524, -10.73989], [-38.83588, -10.73956], [-38.83733, -10.73838], [-38.83405, -10.73417], [-38.82771, -10.731], [-38.82201, -10.73046], [-38.81931, -10.73324], [-38.81662, -10.73077], [-38.81285, -10.73146], [-38.80892, -10.72908], [-38.80446, -10.73008], [-38.80249, -10.72639], [-38.80148, -10.72641], [-38.80127, -10.75309]]]}}, {"type": "Feature", "properties": {"cd_sipra": "BA0042000", "nome_proje": "PA TÁBUA SERRINHA", "municipio": "QUIJINGUE", "uf": "BA", "area_hecta": "3900.0000", "num_famili": 82}, "geometry": {"type": "MultiPolygon", "coordinates": [[[[-38.84049, -10.74258], [-38.84868, -10.75061], [-38.88142, -10.78849], [-38.88843, -10.77364], [-38.88373, -10.77313], [-38.87563, -10.76764], [-38.88473, -10.75803], [-38.88921, -10.75755], [-38.88691, -10.75743], [-38.88447, -10.74916], [-38.87978, -10.74598], [-38.86657, -10.74395], [-38.85883, -10.73765], [-38.8494, -10.73787], [-38.84437, -10.73224], [-38.83494, -10.73462], [-38.83373, -10.73402], [-38.83743, -10.73832], [-38.84049, -10.74258]]], [[[-38.89052, -10.75762], [-38.88974, -10.75758], [-38.89063, -10.75782], [-38.89052, -10.75762]]], [[[-38.89252, -10.76498], [-38.89343, -10.76305], [-38.89099, -10.75849], [-38.89216, -10.76242], [-38.89252, -10.76498]]]]}}, {"type": "Feature", "properties": {"cd_sipra": "SE0198000", "nome_proje": "PA JACURICI", "municipio": "POCO VERDE", "uf": "SE", "area_hecta": "176.3870", "num_famili": 10}, "geometry": {"type": "Polygon", "coordinates": [[[-38.22779, -10.86385], [-38.22497, -10.86225], [-38.21704, -10.86464], [-38.22066, -10.8726], [-38.23684, -10.8692], [-38.23764, -10.86835], [-38.23787, -10.86763], [-38.23843, -10.86717], [-38.23852, -10.86651], [-38.23714, -10.86682], [-38.23563, -10.86349], [-38.23525, -10.86189], [-38.23496, -10.86177], [-38.22779, -10.86385]]]}}, {"type": "Feature", "properties": {"cd_sipra": "SE0163000", "nome_proje": "PA FRANCISCO JOSE DOS SANTOS", "municipio": "POCO VERDE", "uf": "SE", "area_hecta": "223.0832", "num_famili": 10}, "geometry": {"type": "Polygon", "coordinates": [[[-38.13901, -10.81014], [-38.13993, -10.80994], [-38.14043, -10.81278], [-38.14192, -10.81814], [-38.1383, -10.82021], [-38.13655, -10.81683], [-38.13367, -10.82479], [-38.14099, -10.82185], [-38.14142, -10.82227], [-38.14216, -10.82231], [-38.14211, -10.82328], [-38.14228, -10.82355], [-38.14266, -10.82371], [-38.14261, -10.82428], [-38.14303, -10.8247], [-38.14632, -10.822], [-38.15223, -10.81785], [-38.14972, -10.81018], [-38.14898, -10.80947], [-38.14788, -10.80776], [-38.14692, -10.80588], [-38.14325, -10.80663], [-38.14272, -10.80204], [-38.14177, -10.80251], [-38.13901, -10.81014]]]}}, {"type": "Feature", "properties": {"cd_sipra": "SE0185000", "nome_proje": "PA IRENO ALVES", "municipio": "POCO VERDE", "uf": "SE", "area_hecta": "229.7454", "num_famili": 7}, "geometry": {"type": "Polygon", "coordinates": [[[-37.99154, -10.77826], [-37.98765, -10.77953], [-37.98004, -10.78145], [-37.98094, -10.78158], [-37.9815, -10.78231], [-37.9741, -10.79234], [-37.97471, -10.79337], [-37.97599, -10.79427], [-37.97796, -10.79476], [-37.98072, -10.79586], [-37.9811, -10.79285], [-37.98354, -10.79115], [-37.98473, -10.79076], [-37.9861, -10.79114], [-37.98967, -10.78788], [-37.99221, -10.78382], [-37.99472, -10.78497], [-37.9947, -10.78481], [-37.99669, -10.78269], [-37.99822, -10.78175], [-37.99634, -10.77737], [-37.99154, -10.77826]]]}}, {"type": "Feature", "properties": {"cd_sipra": "SE0035000", "nome_proje": "PA SANTA MARIA DA LAGE", "municipio": "POCO VERDE", "uf": "SE", "area_hecta": "433.5300", "num_famili": 26}, "geometry": {"type": "Polygon", "coordinates": [[[-38.11542, -10.74179], [-38.11559, -10.74049], [-38.11572, -10.73518], [-38.11679, -10.73363], [-38.11752, -10.7335], [-38.11746, -10.73335], [-38.11635, -10.73356], [-38.11134, -10.73523], [-38.10776, -10.73617], [-38.10564, -10.73644], [-38.10226, -10.73645], [-38.10121, -10.73629], [-38.10063, -10.73598], [-38.09847, -10.73407], [-38.09672, -10.7365], [-38.0957, -10.73151], [-38.09542, -10.73092], [-38.08922, -10.73002], [-38.08982, -10.73346], [-38.0883, -10.73386], [-38.08942, -10.74091], [-38.09021, -10.74069], [-38.09268, -10.74733], [-38.09155, -10.7483], [-38.09206, -10.74979], [-38.09232, -10.74975], [-38.09439, -10.74824], [-38.09597, -10.74731], [-38.11294, -10.74463], [-38.11588, -10.74392], [-38.11542, -10.74179]]]}}, {"type": "Feature", "properties": {"cd_sipra": "SE0069000", "nome_proje": "PA LUIZ CARLOS PRESTES", "municipio": "CARIRA", "uf": "SE", "area_hecta": "736.3212", "num_famili": 35}, "geometry": {"type": "Polygon", "coordinates": [[[-37.75554, -10.49763], [-37.75535, -10.49794], [-37.75556, -10.49868], [-37.75641, -10.49979], [-37.76064, -10.50258], [-37.76411, -10.50154], [-37.76455, -10.50025], [-37.76549, -10.50014], [-37.76518, -10.49463], [-37.77777, -10.48984], [-37.77954, -10.48989], [-37.78973, -10.48818], [-37.79401, -10.48604], [-37.79697, -10.48118], [-37.79685, -10.47934], [-37.79769, -10.47726], [-37.7978, -10.47596], [-37.79727, -10.47324], [-37.77422, -10.47876], [-37.76308, -10.48088], [-37.76209, -10.48176], [-37.7601, -10.48189], [-37.76029, -10.48235], [-37.75773, -10.48391], [-37.75571, -10.4835], [-37.75202, -10.50221], [-37.75342, -10.50192], [-37.75402, -10.49765], [-37.75554, -10.49763]]]}}, {"type": "Feature", "properties": {"cd_sipra": "BA0963000", "nome_proje": "PA SANTA LUZIA DO MARITÁ", "municipio": "ADUSTINA", "uf": "BA", "area_hecta": "585.3063", "num_famili": 20}, "geometry": {"type": "Polygon", "coordinates": [[[-37.91455, -10.44154], [-37.91415, -10.44172], [-37.91428, -10.44188], [-37.91455, -10.44154]]]}}, {"type": "Feature", "properties": {"cd_sipra": "SE0173000", "nome_proje": "PA JACINTO FERREIRA", "municipio": "CARIRA", "uf": "SE", "area_hecta": "215.7228", "num_famili": 11}, "geometry": {"type": "MultiPolygon", "coordinates": [[[[-37.72153, -10.41513], [-37.72223, -10.41625], [-37.72327, -10.41724], [-37.72326, -10.4176], [-37.72513, -10.41816], [-37.7262, -10.41875], [-37.72636, -10.41901], [-37.72776, -10.4197], [-37.73012, -10.42571], [-37.74058, -10.4241], [-37.737, -10.4219], [-37.7366, -10.4213], [-37.73566, -10.41874], [-37.73484, -10.41723], [-37.73372, -10.41592], [-37.73264, -10.41495], [-37.72917, -10.41236], [-37.72789, -10.41078], [-37.7276, -10.40978], [-37.72588, -10.41138], [-37.72445, -10.41232], [-37.72222, -10.4148], [-37.72153, -10.41513]]], [[[-37.71917, -10.41493], [-37.72096, -10.41445], [-37.7216, -10.41487], [-37.72151, -10.41503], [-37.72216, -10.41474], [-37.72441, -10.41223], [-37.72582, -10.41131], [-37.72759, -10.40969], [-37.72715, -10.40814], [-37.72632, -10.40686], [-37.72511, -10.40655], [-37.71883, -10.41035], [-37.71763, -10.41004], [-37.71658, -10.40855], [-37.71559, -10.40883], [-37.71917, -10.41493]]], [[[-37.72618, -10.40593], [-37.72545, -10.40515], [-37.72475, -10.40605], [-37.72519, -10.4065], [-37.72628, -10.40669], [-37.72605, -10.40629], [-37.72618, -10.40593]]]]}}, {"type": "Feature", "properties": {"cd_sipra": "SE0070000", "nome_proje": "PA PARAÍSO DE SÃO PEDRO", "municipio": "SAO MIGUEL DO ALEIXO", "uf": "SE", "area_hecta": "1511.4000", "num_famili": 70}, "geometry": {"type": "Polygon", "coordinates": [[[-37.34566, -10.37364], [-37.34487, -10.37298], [-37.34335, -10.36972], [-37.34259, -10.36863], [-37.34093, -10.36373], [-37.32525, -10.36982], [-37.3251, -10.37007], [-37.32454, -10.37014], [-37.32592, -10.37466], [-37.32748, -10.3732], [-37.32988, -10.37409], [-37.33159, -10.37718], [-37.33944, -10.37807], [-37.34059, -10.37681], [-37.34438, -10.37873], [-37.34506, -10.38124], [-37.34323, -10.38263], [-37.34217, -10.38154], [-37.34117, -10.38322], [-37.34365, -10.38552], [-37.34904, -10.38436], [-37.35068, -10.38093], [-37.34977, -10.37543], [-37.34653, -10.37486], [-37.34566, -10.37364]]]}}, {"type": "Feature", "properties": {"cd_sipra": "SE0095000", "nome_proje": "PA EDIMILSON OLIVEIRA", "municipio": "CARIRA", "uf": "SE", "area_hecta": "830.4336", "num_famili": 40}, "geometry": {"type": "Polygon", "coordinates": [[[-37.66295, -10.3543], [-37.66226, -10.35139], [-37.66235, -10.35147], [-37.66341, -10.35057], [-37.66575, -10.34986], [-37.66905, -10.3497], [-37.66957, -10.34737], [-37.66958, -10.34591], [-37.66918, -10.34457], [-37.6692, -10.34348], [-37.66995, -10.34127], [-37.66962, -10.3404], [-37.66923, -10.33998], [-37.66746, -10.3394], [-37.66256, -10.33702], [-37.66022, -10.33608], [-37.65797, -10.33419], [-37.66329, -10.33304], [-37.66311, -10.33084], [-37.66411, -10.33033], [-37.66478, -10.33278], [-37.66933, -10.33186], [-37.66911, -10.3316], [-37.66787, -10.33094], [-37.66399, -10.32674], [-37.66362, -10.32354], [-37.66258, -10.32207], [-37.65722, -10.31802], [-37.65715, -10.31675], [-37.65571, -10.31666], [-37.6546, -10.3196], [-37.65331, -10.31983], [-37.65307, -10.32011], [-37.65272, -10.32293], [-37.6453, -10.32539], [-37.64253, -10.32771], [-37.64201, -10.33221], [-37.64093, -10.33261], [-37.64082, -10.33465], [-37.64108, -10.33454], [-37.64399, -10.33669], [-37.6419, -10.33817], [-37.64014, -10.34013], [-37.64631, -10.3481], [-37.64874, -10.34929], [-37.64978, -10.34947], [-37.65108, -10.35006], [-37.6517, -10.35062], [-37.65307, -10.35345], [-37.65669, -10.35222], [-37.65974, -10.35618], [-37.66313, -10.356], [-37.66295, -10.3543]]]}}, {"type": "Feature", "properties": {"cd_sipra": "SE0199000", "nome_proje": "PA ADAO PRETO", "municipio": "NOSSA SENHORA DA GLORIA", "uf": "SE", "area_hecta": "2462.8226", "num_famili": 105}, "geometry": {"type": "MultiPolygon", "coordinates": [[[[-37.49036, -10.33357], [-37.49138, -10.33377], [-37.49155, -10.33434], [-37.49198, -10.33467], [-37.49227, -10.33522], [-37.49276, -10.3355], [-37.49505, -10.33503], [-37.49563, -10.33461], [-37.49624, -10.33447], [-37.4963, -10.33418], [-37.49589, -10.33342], [-37.49598, -10.332], [-37.49643, -10.3307], [-37.49784, -10.32884], [-37.49091, -10.32615], [-37.49057, -10.32785], [-37.49064, -10.33116], [-37.49036, -10.33357]]], [[[-37.49157, -10.26483], [-37.49113, -10.26565], [-37.49059, -10.26628], [-37.48971, -10.2666], [-37.48423, -10.27587], [-37.48681, -10.28031], [-37.48694, -10.2807], [-37.48686, -10.28134], [-37.48704, -10.2816], [-37.48784, -10.28209], [-37.48829, -10.28237], [-37.48841, -10.28292], [-37.48797, -10.28403], [-37.48836, -10.28555], [-37.48779, -10.28759], [-37.48785, -10.28823], [-37.48855, -10.2894], [-37.48969, -10.29028], [-37.49077, -10.29177], [-37.49118, -10.29275], [-37.49122, -10.29358], [-37.49242, -10.29497], [-37.49347, -10.29816], [-37.49423, -10.29932], [-37.49513, -10.29994], [-37.49568, -10.30062], [-37.49594, -10.30237], [-37.50369, -10.30615], [-37.50466, -10.30624], [-37.50748, -10.30533], [-37.50701, -10.30344], [-37.50622, -10.30166], [-37.50627, -10.29987], [-37.50649, -10.29955], [-37.50865, -10.29794], [-37.50906, -10.29733], [-37.50912, -10.29599], [-37.51244, -10.29619], [-37.51338, -10.29547], [-37.5142, -10.29537], [-37.51553, -10.29444], [-37.51629, -10.29363], [-37.51609, -10.29295], [-37.51542, -10.292], [-37.51484, -10.29052], [-37.51483, -10.29011], [-37.51499, -10.28913], [-37.51516, -10.289], [-37.51573, -10.28907], [-37.51693, -10.28847], [-37.51756, -10.28613], [-37.51733, -10.28425], [-37.51668, -10.28261], [-37.51391, -10.28281], [-37.51167, -10.28271], [-37.51133, -10.28202], [-37.51157, -10.27739], [-37.51206, -10.27735], [-37.51167, -10.27651], [-37.51242, -10.2759], [-37.51527, -10.27481], [-37.51497, -10.27383], [-37.51425, -10.27263], [-37.51395, -10.27094], [-37.51394, -10.26959], [-37.5124, -10.27001], [-37.50748, -10.27039], [-37.50676, -10.27087], [-37.50458, -10.26836], [-37.50384, -10.2678], [-37.50146, -10.26435], [-37.50072, -10.26192], [-37.50051, -10.25987], [-37.50081, -10.2572], [-37.49992, -10.25723], [-37.49859, -10.2569], [-37.49702, -10.25571], [-37.49624, -10.25566], [-37.4918, -10.26329], [-37.49157, -10.26483]]], [[[-37.48433, -10.30301], [-37.48395, -10.30318], [-37.4809, -10.30626], [-37.47308, -10.31219], [-37.47371, -10.31474], [-37.47387, -10.31633], [-37.47356, -10.31747], [-37.47294, -10.31818], [-37.47548, -10.31911], [-37.47618, -10.31855], [-37.47597, -10.31721], [-37.47702, -10.31726], [-37.47761, -10.31842], [-37.47921, -10.31897], [-37.48022, -10.3183], [-37.48073, -10.31894], [-37.48165, -10.31958], [-37.48185, -10.3201], [-37.48223, -10.32005], [-37.48272, -10.32052], [-37.4838, -10.31974], [-37.48405, -10.32], [-37.48447, -10.31959], [-37.48635, -10.32083], [-37.48691, -10.32104], [-37.48744, -10.32091], [-37.48765, -10.32125], [-37.48811, -10.32136], [-37.48835, -10.3217], [-37.49001, -10.32164], [-37.49091, -10.32243], [-37.49092, -10.32605], [-37.49787, -10.32875], [-37.49879, -10.32706], [-37.49906, -10.32502], [-37.50049, -10.32332], [-37.50121, -10.32293], [-37.5026, -10.3215], [-37.50352, -10.3197], [-37.50386, -10.31823], [-37.50503, -10.31711], [-37.50511, -10.31651], [-37.50603, -10.31528], [-37.50719, -10.30957], [-37.50724, -10.30834], [-37.50708, -10.30684], [-37.50721, -10.30589], [-37.50746, -10.30544], [-37.50467, -10.30633], [-37.50366, -10.30624], [-37.49582, -10.30241], [-37.49437, -10.30186], [-37.49343, -10.3021], [-37.48433, -10.30301]]], [[[-37.47627, -10.2892], [-37.4768, -10.28998], [-37.47921, -10.29089], [-37.47939, -10.29206], [-37.47928, -10.29253], [-37.47988, -10.29306], [-37.48129, -10.29378], [-37.48126, -10.29576], [-37.47903, -10.29852], [-37.47758, -10.29921], [-37.47585, -10.30172], [-37.47189, -10.30376], [-37.46697, -10.30794], [-37.46733, -10.30784], [-37.46771, -10.30804], [-37.46838, -10.31023], [-37.46965, -10.31067], [-37.47056, -10.31055], [-37.47106, -10.31079], [-37.47172, -10.31148], [-37.47088, -10.31205], [-37.47178, -10.31413], [-37.47219, -10.31738], [-37.47215, -10.31806], [-37.47282, -10.31816], [-37.47325, -10.31772], [-37.47364, -10.31709], [-37.47378, -10.31633], [-37.47362, -10.31476], [-37.47295, -10.31243], [-37.47301, -10.31212], [-37.48085, -10.30619], [-37.4839, -10.30311], [-37.48431, -10.30292], [-37.49341, -10.30201], [-37.49437, -10.30176], [-37.49582, -10.30232], [-37.49558, -10.30067], [-37.49507, -10.30003], [-37.49416, -10.29938], [-37.49339, -10.2982], [-37.49234, -10.29501], [-37.49121, -10.29385], [-37.49109, -10.29277], [-37.49069, -10.29181], [-37.48962, -10.29034], [-37.48866, -10.28971], [-37.48776, -10.28825], [-37.48769, -10.28758], [-37.48827, -10.28554], [-37.48787, -10.28403], [-37.48831, -10.28292], [-37.48822, -10.28255], [-37.48784, -10.28209], [-37.48698, -10.28167], [-37.48677, -10.28136], [-37.48684, -10.28071], [-37.48673, -10.28034], [-37.48416, -10.27598], [-37.47627, -10.2892]]], [[[-37.4802, -10.27431], [-37.48071, -10.27534], [-37.48181, -10.27572], [-37.48197, -10.27603], [-37.48186, -10.2763], [-37.48096, -10.277], [-37.48002, -10.2772], [-37.47948, -10.27711], [-37.47926, -10.27736], [-37.47876, -10.27737], [-37.47882, -10.27825], [-37.47791, -10.27932], [-37.47651, -10.27979], [-37.47606, -10.27968], [-37.47526, -10.27991], [-37.47461, -10.28089], [-37.47395, -10.28123], [-37.47292, -10.28085], [-37.47185, -10.28018], [-37.47129, -10.28018], [-37.47, -10.28033], [-37.46868, -10.28132], [-37.46904, -10.28187], [-37.46945, -10.28388], [-37.46978, -10.28467], [-37.47081, -10.28464], [-37.47048, -10.28602], [-37.46967, -10.28603], [-37.46927, -10.28572], [-37.46867, -10.28634], [-37.46868, -10.28652], [-37.47023, -10.28764], [-37.46978, -10.28916], [-37.4699, -10.28974], [-37.47045, -10.29036], [-37.47139, -10.29024], [-37.47254, -10.28804], [-37.47314, -10.28772], [-37.47401, -10.28894], [-37.47455, -10.28878], [-37.47577, -10.28877], [-37.48379, -10.27531], [-37.48265, -10.27242], [-37.48189, -10.27327], [-37.4802, -10.27431]]]]}}, {"type": "Feature", "properties": {"cd_sipra": "BA0511000", "nome_proje": "PA PORTEIRAS", "municipio": "SITIO DO QUINTO", "uf": "BA", "area_hecta": "919.0945", "num_famili": 33}, "geometry": {"type": "MultiPolygon", "coordinates": [[[[-37.96912, -10.38917], [-37.9688, -10.39036], [-37.96861, -10.39037], [-37.96834, -10.38989], [-37.96807, -10.39], [-37.96821, -10.39072], [-37.96814, -10.39246], [-37.96795, -10.39255], [-37.96755, -10.39242], [-37.9665, -10.39307], [-37.96579, -10.39403], [-37.9633, -10.39489], [-37.96165, -10.3967], [-37.96031, -10.39877], [-37.95947, -10.39966], [-37.95986, -10.40028], [-37.96268, -10.39627], [-37.96676, -10.39388], [-37.97115, -10.39893], [-37.97726, -10.39956], [-37.97786, -10.39769], [-37.97786, -10.39648], [-37.9781, -10.39581], [-37.97841, -10.39554], [-37.97813, -10.39437], [-37.97812, -10.39338], [-37.97832, -10.39244], [-37.97805, -10.39193], [-37.9783, -10.39038], [-37.97889, -10.38949], [-37.97876, -10.38764], [-37.97776, -10.38561], [-37.97714, -10.38483], [-37.97672, -10.38238], [-37.97617, -10.38132], [-37.97569, -10.3807], [-37.97432, -10.37993], [-37.974, -10.37936], [-37.97381, -10.37845], [-37.97304, -10.3777], [-37.97246, -10.38006], [-37.9723, -10.38283], [-37.97121, -10.38531], [-37.97147, -10.38612], [-37.97088, -10.38679], [-37.97078, -10.38772], [-37.97113, -10.38834], [-37.9714, -10.38851], [-37.97107, -10.389], [-37.97085, -10.38861], [-37.96963, -10.38885], [-37.96912, -10.38917]]], [[[-37.98235, -10.39962], [-37.98213, -10.40007], [-37.9826, -10.3995], [-37.98235, -10.39962]]]]}}, {"type": "Feature", "properties": {"cd_sipra": "SE0023000", "nome_proje": "PA MANOEL MARTINHO", "municipio": "CARIRA", "uf": "SE", "area_hecta": "1096.3915", "num_famili": 59}, "geometry": {"type": "Polygon", "coordinates": [[[-37.77214, -10.40018], [-37.77669, -10.37699], [-37.73902, -10.37846], [-37.73921, -10.38067], [-37.74072, -10.38275], [-37.74434, -10.38885], [-37.74794, -10.38851], [-37.74732, -10.38949], [-37.74634, -10.39177], [-37.7462, -10.39243], [-37.7462, -10.39409], [-37.74546, -10.39513], [-37.74627, -10.39782], [-37.74463, -10.39841], [-37.74459, -10.39911], [-37.74493, -10.40144], [-37.74648, -10.41081], [-37.74828, -10.40815], [-37.75547, -10.40769], [-37.75983, -10.40625], [-37.76028, -10.40673], [-37.76299, -10.4075], [-37.76508, -10.40897], [-37.76823, -10.41013], [-37.76918, -10.41027], [-37.77037, -10.40816], [-37.77214, -10.40018]]]}}, {"type": "Feature", "properties": {"cd_sipra": "BA0579000", "nome_proje": "PA ROMPE GIBAO", "municipio": "CORONEL JOAO SA", "uf": "BA", "area_hecta": "3701.6122", "num_famili": 83}, "geometry": {"type": "MultiPolygon", "coordinates": [[[[-38.03666, -10.31302], [-38.02797, -10.31718], [-38.02149, -10.32183], [-38.02033, -10.32238], [-38.02076, -10.32556], [-38.01272, -10.32671], [-38.00552, -10.32747], [-38.00634, -10.32781], [-38.00733, -10.32871], [-38.00803, -10.33051], [-38.00942, -10.33301], [-38.00973, -10.334], [-38.0098, -10.33506], [-38.00897, -10.33883], [-38.00864, -10.33965], [-38.00866, -10.34018], [-38.00902, -10.34124], [-38.00973, -10.342], [-38.01019, -10.34291], [-38.01181, -10.34456], [-38.01215, -10.34608], [-38.01286, -10.34721], [-38.01394, -10.34812], [-38.01512, -10.34993], [-38.01518, -10.35085], [-38.01606, -10.35221], [-38.01624, -10.3524], [-38.01718, -10.35264], [-38.01812, -10.35328], [-38.01821, -10.35346], [-38.01798, -10.35416], [-38.01899, -10.3556], [-38.01853, -10.35645], [-38.01853, -10.35726], [-38.01919, -10.35883], [-38.01981, -10.3592], [-38.02054, -10.35905], [-38.02081, -10.35914], [-38.02181, -10.36148], [-38.02289, -10.36283], [-38.02553, -10.36367], [-38.02764, -10.36531], [-38.02817, -10.36541], [-38.0305, -10.36517], [-38.03239, -10.36467], [-38.03359, -10.36495], [-38.03394, -10.36479], [-38.03487, -10.36484], [-38.0357, -10.36693], [-38.03609, -10.36703], [-38.0371, -10.36681], [-38.03869, -10.36731], [-38.03924, -10.36804], [-38.03963, -10.36866], [-38.03911, -10.37062], [-38.03932, -10.37087], [-38.04021, -10.36955], [-38.04055, -10.36859], [-38.0419, -10.36186], [-38.03634, -10.34703], [-38.03747, -10.34062], [-38.03893, -10.3381], [-38.04166, -10.33705], [-38.04542, -10.33084], [-38.04655, -10.32954], [-38.04739, -10.32922], [-38.04734, -10.32881], [-38.04758, -10.32852], [-38.04755, -10.32486], [-38.04715, -10.32441], [-38.0461, -10.32406], [-38.04535, -10.32084], [-38.0501, -10.31836], [-38.04895, -10.31556], [-38.04472, -10.31413], [-38.04453, -10.31058], [-38.03649, -10.31251], [-38.03666, -10.31302]], [[-38.01405, -10.33629], [-38.01401, -10.33727], [-38.01503, -10.33974], [-38.01426, -10.34035], [-38.01386, -10.33932], [-38.0119, -10.33998], [-38.01078, -10.33652], [-38.01243, -10.33624], [-38.01405, -10.33629]]], [[[-37.99535, -10.33282], [-37.99459, -10.33242], [-37.99416, -10.33273], [-37.99299, -10.33461], [-37.98956, -10.33838], [-37.99311, -10.34112], [-37.99363, -10.34177], [-37.99462, -10.34481], [-37.9946, -10.34523], [-37.97226, -10.34666], [-37.97163, -10.3485], [-37.97124, -10.35093], [-37.97158, -10.35382], [-37.97075, -10.35691], [-37.97073, -10.35932], [-37.97031, -10.36066], [-37.97045, -10.36128], [-37.97037, -10.36309], [-37.97108, -10.36663], [-37.97203, -10.36815], [-37.97351, -10.36991], [-37.97394, -10.37114], [-37.97399, -10.37182], [-37.9737, -10.37285], [-37.97376, -10.37392], [-37.97434, -10.3755], [-37.97398, -10.37748], [-37.98321, -10.37318], [-37.98611, -10.37145], [-37.9906, -10.36912], [-37.99378, -10.36848], [-37.99658, -10.36849], [-37.99519, -10.37189], [-37.99531, -10.37341], [-37.99551, -10.37382], [-37.99635, -10.37395], [-37.99603, -10.37507], [-37.99637, -10.3785], [-37.99549, -10.38071], [-37.99572, -10.38065], [-37.99651, -10.38026], [-37.999, -10.37763], [-38.00083, -10.37469], [-38.00212, -10.3748], [-38.00353, -10.3733], [-38.00397, -10.37192], [-38.00473, -10.37204], [-38.00489, -10.37163], [-38.00602, -10.3703], [-38.0086, -10.36766], [-38.01203, -10.36494], [-38.01218, -10.36312], [-38.01136, -10.36233], [-38.01088, -10.36131], [-38.01037, -10.36119], [-38.0101, -10.36075], [-38.0101, -10.36038], [-38.01091, -10.35922], [-38.01105, -10.35766], [-38.01093, -10.35686], [-38.00904, -10.35473], [-38.00856, -10.35388], [-38.01443, -10.34919], [-38.01384, -10.34817], [-38.01277, -10.34729], [-38.01189, -10.34587], [-38.01174, -10.34462], [-38.0101, -10.34297], [-38.00966, -10.34208], [-38.00925, -10.34191], [-38.00856, -10.34021], [-38.00853, -10.33963], [-38.00887, -10.3388], [-38.00974, -10.33498], [-38.00932, -10.33306], [-38.00794, -10.33056], [-38.00724, -10.32876], [-38.00627, -10.32791], [-38.00434, -10.32716], [-38.00389, -10.3258], [-37.99805, -10.3304], [-37.99535, -10.33282]]]]}}, {"type": "Feature", "properties": {"cd_sipra": "SE0191000", "nome_proje": "PE COLONIA AGRICOLA ROSELI NUNES", "municipio": "CARIRA", "uf": "SE", "area_hecta": "278.0340", "num_famili": 20}, "geometry": {"type": "Polygon", "coordinates": [[[-37.70274, -10.2366], [-37.70205, -10.2369], [-37.70313, -10.2383], [-37.70363, -10.23822], [-37.70902, -10.24472], [-37.70918, -10.24421], [-37.7124, -10.24108], [-37.71275, -10.24149], [-37.71312, -10.24138], [-37.71316, -10.2415], [-37.71824, -10.23809], [-37.71999, -10.24132], [-37.72161, -10.24507], [-37.72166, -10.2484], [-37.7212, -10.2493], [-37.72821, -10.24746], [-37.72793, -10.2439], [-37.72568, -10.24399], [-37.72337, -10.24379], [-37.7227, -10.24348], [-37.72237, -10.24349], [-37.72312, -10.24279], [-37.72425, -10.23933], [-37.72331, -10.23481], [-37.723, -10.23427], [-37.72291, -10.23353], [-37.72319, -10.23103], [-37.71208, -10.23099], [-37.70843, -10.23053], [-37.70274, -10.2366]]]}}, {"type": "Feature", "properties": {"cd_sipra": "BA0962000", "nome_proje": "PA NOSSA SENHORA APARECIDA I", "municipio": "PEDRO ALEXANDRE", "uf": "BA", "area_hecta": "304.7300", "num_famili": 0}, "geometry": {"type": "MultiPolygon", "coordinates": [[[[-37.7933, -10.21615], [-37.7916, -10.21591], [-37.78885, -10.21643], [-37.78556, -10.22052], [-37.78967, -10.23483], [-37.79734, -10.23221], [-37.79818, -10.23006], [-37.79821, -10.22948], [-37.80019, -10.22716], [-37.79973, -10.22526], [-37.7994, -10.22107], [-37.80441, -10.21692], [-37.80288, -10.21588], [-37.80161, -10.21525], [-37.7975, -10.2142], [-37.79709, -10.21462], [-37.79639, -10.21418], [-37.79489, -10.21482], [-37.79429, -10.21519], [-37.79367, -10.21596], [-37.7933, -10.21615]]], [[[-37.80164, -10.21519], [-37.80291, -10.21582], [-37.80445, -10.21688], [-37.80654, -10.21393], [-37.80603, -10.21181], [-37.79838, -10.21379], [-37.79755, -10.21416], [-37.80164, -10.21519]]]]}}, {"type": "Feature", "properties": {"cd_sipra": "SE0206000", "nome_proje": "PA NOVA ESPERANCA II", "municipio": "CARIRA", "uf": "SE", "area_hecta": "126.1812", "num_famili": 9}, "geometry": {"type": "Polygon", "coordinates": [[[-37.72613, -10.20164], [-37.72557, -10.20188], [-37.72526, -10.20417], [-37.72597, -10.20416], [-37.72592, -10.2049], [-37.72856, -10.20434], [-37.72939, -10.20457], [-37.7395, -10.19591], [-37.73859, -10.19535], [-37.73799, -10.19451], [-37.73741, -10.19465], [-37.73678, -10.19522], [-37.73459, -10.19483], [-37.73429, -10.1946], [-37.73319, -10.19458], [-37.73174, -10.19365], [-37.7316, -10.19338], [-37.73117, -10.19358], [-37.73053, -10.19311], [-37.73013, -10.19304], [-37.72984, -10.19279], [-37.7301, -10.19238], [-37.72994, -10.19217], [-37.72945, -10.19217], [-37.7292, -10.19199], [-37.72872, -10.19155], [-37.72875, -10.19121], [-37.72803, -10.191], [-37.72713, -10.19044], [-37.72693, -10.19065], [-37.72676, -10.19061], [-37.72663, -10.19034], [-37.72613, -10.20164]]]}}, {"type": "Feature", "properties": {"cd_sipra": "SE0043000", "nome_proje": "PA FORTALEZA", "municipio": "NOSSA SENHORA DA GLORIA", "uf": "SE", "area_hecta": "922.6250", "num_famili": 42}, "geometry": {"type": "Polygon", "coordinates": [[[-37.76418, -10.14599], [-37.74798, -10.15794], [-37.74876, -10.1619], [-37.75046, -10.16563], [-37.75609, -10.17379], [-37.75929, -10.17702], [-37.76394, -10.18263], [-37.76582, -10.18396], [-37.76637, -10.18452], [-37.76722, -10.18491], [-37.76959, -10.18689], [-37.77185, -10.18842], [-37.77469, -10.19], [-37.77383, -10.19164], [-37.78281, -10.19048], [-37.78085, -10.1869], [-37.78216, -10.18614], [-37.7826, -10.18517], [-37.78281, -10.18266], [-37.78247, -10.18335], [-37.78259, -10.18042], [-37.78285, -10.18198], [-37.78309, -10.1799], [-37.78298, -10.17658], [-37.7821, -10.17097], [-37.78128, -10.169], [-37.78004, -10.16507], [-37.78041, -10.16734], [-37.77956, -10.16406], [-37.77849, -10.16177], [-37.77816, -10.16137], [-37.77818, -10.16077], [-37.77623, -10.15793], [-37.77583, -10.15488], [-37.77817, -10.16046], [-37.77798, -10.15645], [-37.77808, -10.15605], [-37.77631, -10.14687], [-37.77483, -10.14411], [-37.77503, -10.14883], [-37.77444, -10.14436], [-37.77474, -10.14392], [-37.77403, -10.14259], [-37.77372, -10.144], [-37.77253, -10.14148], [-37.7711, -10.14199], [-37.76637, -10.13699], [-37.76361, -10.13506], [-37.7598, -10.13718], [-37.7584, -10.13867], [-37.76239, -10.14339], [-37.76418, -10.14599]], [[-37.78051, -10.18732], [-37.78018, -10.18798], [-37.77993, -10.18805], [-37.78051, -10.18732]]]}}, {"type": "Feature", "properties": {"cd_sipra": "SE0048000", "nome_proje": "PA NOSSA SENHORA DA GLÓRIA", "municipio": "NOSSA SENHORA DA GLORIA", "uf": "SE", "area_hecta": "656.2600", "num_famili": 28}, "geometry": {"type": "Polygon", "coordinates": [[[-37.75322, -10.14052], [-37.75103, -10.14462], [-37.75028, -10.14533], [-37.74395, -10.14765], [-37.74237, -10.14254], [-37.74062, -10.14322], [-37.73899, -10.14349], [-37.73487, -10.14629], [-37.73823, -10.15316], [-37.73741, -10.15598], [-37.74396, -10.16757], [-37.74026, -10.17216], [-37.74243, -10.17403], [-37.74626, -10.17868], [-37.75746, -10.17519], [-37.75609, -10.17379], [-37.75046, -10.16563], [-37.74876, -10.1619], [-37.74798, -10.15794], [-37.76418, -10.14599], [-37.76239, -10.14339], [-37.7584, -10.13867], [-37.75572, -10.14048], [-37.75509, -10.14068], [-37.75322, -10.14052]]]}}, {"type": "Feature", "properties": {"cd_sipra": "BA0049000", "nome_proje": "PA SITIO NOVO", "municipio": "IPIRA", "uf": "BA", "area_hecta": "485.0000", "num_famili": 15}, "geometry": {"type": "Polygon", "coordinates": [[[-39.82102, -12.43408], [-39.81994, -12.43459], [-39.8202, -12.43371], [-39.81558, -12.43279], [-39.8153, -12.43486], [-39.81523, -12.43889], [-39.81655, -12.44115], [-39.81832, -12.44055], [-39.81915, -12.44463], [-39.81765, -12.4445], [-39.81704, -12.44605], [-39.81894, -12.44633], [-39.81848, -12.45185], [-39.83331, -12.46051], [-39.84501, -12.45976], [-39.82102, -12.43408]]]}}, {"type": "Feature", "properties": {"cd_sipra": "BA0479000", "nome_proje": "PA DOM MATTHIAS", "municipio": "IPIRA", "uf": "BA", "area_hecta": "4919.0326", "num_famili": 113}, "geometry": {"type": "Polygon", "coordinates": [[[-39.79834, -12.35101], [-39.79503, -12.35465], [-39.78733, -12.35514], [-39.78517, -12.355], [-39.78397, -12.35412], [-39.78083, -12.35434], [-39.76891, -12.36013], [-39.76297, -12.36266], [-39.75149, -12.37169], [-39.75179, -12.37297], [-39.81643, -12.38455], [-39.8407, -12.39429], [-39.88159, -12.40963], [-39.9071, -12.37569], [-39.8717, -12.36871], [-39.79834, -12.35101]]]}}, {"type": "Feature", "properties": {"cd_sipra": "BA0210000", "nome_proje": "PA NOVA PALMARES", "municipio": "CONCEICAO DO COITE", "uf": "BA", "area_hecta": "2243.9395", "num_famili": 101}, "geometry": {"type": "Polygon", "coordinates": [[[-39.26303, -11.42618], [-39.2683, -11.43422], [-39.26959, -11.43773], [-39.27176, -11.43958], [-39.27441, -11.44463], [-39.27514, -11.44547], [-39.28401, -11.44484], [-39.29147, -11.44716], [-39.29217, -11.45091], [-39.29461, -11.44968], [-39.29795, -11.45319], [-39.29836, -11.45483], [-39.2964, -11.45755], [-39.29401, -11.45823], [-39.29305, -11.46031], [-39.28471, -11.46247], [-39.28432, -11.46293], [-39.28561, -11.46786], [-39.28265, -11.46915], [-39.28087, -11.46928], [-39.27885, -11.47148], [-39.27469, -11.47354], [-39.27636, -11.47699], [-39.27862, -11.47923], [-39.28189, -11.48174], [-39.28318, -11.48504], [-39.28405, -11.48663], [-39.28425, -11.48648], [-39.28524, -11.48822], [-39.28498, -11.48834], [-39.28594, -11.49231], [-39.28572, -11.49605], [-39.28653, -11.4973], [-39.28592, -11.4988], [-39.29061, -11.49647], [-39.29448, -11.49375], [-39.29293, -11.49062], [-39.29362, -11.48812], [-39.29099, -11.48571], [-39.29212, -11.4842], [-39.29441, -11.4855], [-39.2967, -11.48479], [-39.29517, -11.48369], [-39.29497, -11.48272], [-39.29519, -11.48205], [-39.29484, -11.48186], [-39.29449, -11.48113], [-39.29468, -11.48062], [-39.29647, -11.47981], [-39.29911, -11.47822], [-39.3005, -11.47496], [-39.30622, -11.48675], [-39.30587, -11.48787], [-39.30577, -11.49535], [-39.3083, -11.49621], [-39.31024, -11.49279], [-39.31277, -11.49005], [-39.31366, -11.48995], [-39.31372, -11.48873], [-39.31504, -11.48823], [-39.31712, -11.4878], [-39.31901, -11.48422], [-39.31628, -11.48124], [-39.31599, -11.47959], [-39.3149, -11.47889], [-39.31503, -11.47869], [-39.3132, -11.47467], [-39.31195, -11.47066], [-39.31234, -11.46962], [-39.31575, -11.467], [-39.31544, -11.46602], [-39.31315, -11.46421], [-39.31324, -11.46307], [-39.31182, -11.46215], [-39.30665, -11.46038], [-39.31012, -11.45666], [-39.31585, -11.45358], [-39.3224, -11.44878], [-39.32458, -11.445], [-39.32641, -11.44239], [-39.31775, -11.44053], [-39.31768, -11.44315], [-39.30701, -11.43955], [-39.30501, -11.43856], [-39.30475, -11.43418], [-39.29984, -11.43171], [-39.29542, -11.43083], [-39.28636, -11.42872], [-39.28226, -11.42242], [-39.28217, -11.42189], [-39.28436, -11.41806], [-39.28746, -11.40986], [-39.27628, -11.39751], [-39.25808, -11.39663], [-39.2557, -11.41704], [-39.25636, -11.42069], [-39.25679, -11.42145], [-39.25582, -11.42196], [-39.25581, -11.42267], [-39.25621, -11.42314], [-39.25785, -11.42603], [-39.2589, -11.42673], [-39.26303, -11.42618]]]}}, {"type": "Feature", "properties": {"cd_sipra": "BA0531000", "nome_proje": "PA RUMO À INDEPENDÊNCIA", "municipio": "SANTALUZ", "uf": "BA", "area_hecta": "1118.5407", "num_famili": 39}, "geometry": {"type": "Polygon", "coordinates": [[[-39.78259, -11.31919], [-39.78127, -11.31769], [-39.76979, -11.32673], [-39.76967, -11.32692], [-39.76996, -11.32708], [-39.76852, -11.32849], [-39.76373, -11.332], [-39.75857, -11.33626], [-39.75804, -11.33596], [-39.75131, -11.3413], [-39.7718, -11.35503], [-39.78755, -11.33936], [-39.78941, -11.33734], [-39.79808, -11.32894], [-39.79623, -11.32683], [-39.79619, -11.32497], [-39.79987, -11.32006], [-39.8018, -11.31876], [-39.79586, -11.31697], [-39.78998, -11.3132], [-39.78862, -11.31464], [-39.78791, -11.31496], [-39.78259, -11.31919]]]}}, {"type": "Feature", "properties": {"cd_sipra": "BA0036000", "nome_proje": "PA MUCAMBINHO", "municipio": "SANTALUZ", "uf": "BA", "area_hecta": "3600.0000", "num_famili": 84}, "geometry": {"type": "Polygon", "coordinates": [[[-39.50087, -11.2422], [-39.50064, -11.24381], [-39.5343, -11.25923], [-39.54083, -11.25166], [-39.52655, -11.23943], [-39.54672, -11.18125], [-39.53242, -11.17808], [-39.53181, -11.17498], [-39.51137, -11.1629], [-39.49179, -11.24103], [-39.50087, -11.2422]]]}}, {"type": "Feature", "properties": {"cd_sipra": "BA0073000", "nome_proje": "PA LAGOA DO BOI", "municipio": "SANTALUZ", "uf": "BA", "area_hecta": "1360.3788", "num_famili": 77}, "geometry": {"type": "Polygon", "coordinates": [[[-39.34578, -11.183], [-39.34415, -11.18939], [-39.34578, -11.19019], [-39.34703, -11.19184], [-39.34463, -11.19432], [-39.34647, -11.19969], [-39.3457, -11.20085], [-39.34534, -11.20302], [-39.34504, -11.20303], [-39.34518, -11.20401], [-39.34444, -11.20503], [-39.3446, -11.20533], [-39.34603, -11.20605], [-39.34613, -11.20668], [-39.3494, -11.20717], [-39.35001, -11.21551], [-39.34946, -11.21965], [-39.34849, -11.22379], [-39.34933, -11.22385], [-39.36113, -11.22271], [-39.36223, -11.22183], [-39.36965, -11.21858], [-39.36954, -11.21849], [-39.36984, -11.21777], [-39.37454, -11.21052], [-39.37416, -11.20859], [-39.37374, -11.18967], [-39.37398, -11.18784], [-39.3738, -11.18692], [-39.3733, -11.17614], [-39.36162, -11.17982], [-39.34672, -11.18221], [-39.34578, -11.183]]]}}, {"type": "Feature", "properties": {"cd_sipra": "BA0094000", "nome_proje": "PA ANTONIO CONSELHEIRO", "municipio": "SANTALUZ", "uf": "BA", "area_hecta": "1030.5740", "num_famili": 37}, "geometry": {"type": "Polygon", "coordinates": [[[-39.2901, -11.20523], [-39.29168, -11.20327], [-39.29367, -11.19844], [-39.29465, -11.19658], [-39.29592, -11.1956], [-39.29812, -11.19446], [-39.29986, -11.19315], [-39.29758, -11.18872], [-39.29757, -11.18732], [-39.29825, -11.18641], [-39.29806, -11.18604], [-39.29834, -11.18505], [-39.2977, -11.18192], [-39.29769, -11.18045], [-39.29584, -11.1791], [-39.28675, -11.17729], [-39.28604, -11.17694], [-39.28306, -11.17481], [-39.28194, -11.17354], [-39.2796, -11.17142], [-39.26872, -11.16258], [-39.26527, -11.16193], [-39.26155, -11.15973], [-39.26026, -11.16133], [-39.26173, -11.16166], [-39.27301, -11.17247], [-39.26265, -11.18469], [-39.26589, -11.18798], [-39.26839, -11.19244], [-39.26702, -11.1967], [-39.26706, -11.19697], [-39.27063, -11.1975], [-39.27498, -11.19914], [-39.27778, -11.20041], [-39.2825, -11.20342], [-39.28593, -11.20513], [-39.28998, -11.20844], [-39.2901, -11.20523]]]}}, {"type": "Feature", "properties": {"cd_sipra": "BA0093000", "nome_proje": "PA VARGEM FUNDA", "municipio": "SANTALUZ", "uf": "BA", "area_hecta": "1391.0000", "num_famili": 29}, "geometry": {"type": "Polygon", "coordinates": [[[-39.41895, -11.16469], [-39.41838, -11.17419], [-39.40437, -11.17381], [-39.40382, -11.17368], [-39.3917, -11.17325], [-39.39271, -11.17429], [-39.39364, -11.17629], [-39.39654, -11.18946], [-39.39695, -11.1904], [-39.39742, -11.19077], [-39.3973, -11.1912], [-39.39738, -11.19214], [-39.4013, -11.19936], [-39.40109, -11.20017], [-39.4169, -11.20439], [-39.43168, -11.18602], [-39.44113, -11.17534], [-39.43993, -11.17499], [-39.43767, -11.17467], [-39.44246, -11.16603], [-39.43829, -11.16605], [-39.43728, -11.16703], [-39.42956, -11.16458], [-39.42655, -11.16152], [-39.42288, -11.16235], [-39.42151, -11.16227], [-39.41895, -11.16469]]]}}, {"type": "Feature", "properties": {"cd_sipra": "BA0165000", "nome_proje": "PA NOVA ESPERANÇA E ALTO BONITO", "municipio": "CANSANCAO", "uf": "BA", "area_hecta": "6391.1800", "num_famili": 109}, "geometry": {"type": "MultiPolygon", "coordinates": [[[[-39.27632, -10.98681], [-39.27609, -10.98681], [-39.27657, -10.98693], [-39.27632, -10.98681]]], [[[-39.28177, -10.98647], [-39.27822, -10.98721], [-39.27846, -10.98739], [-39.27967, -10.98769], [-39.28177, -10.98647]]], [[[-39.29055, -10.98463], [-39.28547, -10.98569], [-39.29167, -10.98498], [-39.29055, -10.98463]]], [[[-39.3144, -10.98839], [-39.32386, -10.98329], [-39.32414, -10.98265], [-39.31229, -10.98898], [-39.30665, -10.9896], [-39.29537, -10.98612], [-39.30789, -10.99031], [-39.3144, -10.98839]]]]}}, {"type": "Feature", "properties": {"cd_sipra": "BA0386000", "nome_proje": "PA NOVA PAZ", "municipio": "QUEIMADAS", "uf": "BA", "area_hecta": "832.0491", "num_famili": 17}, "geometry": {"type": "Polygon", "coordinates": [[[-39.59686, -10.95174], [-39.59262, -10.95588], [-39.5931, -10.95668], [-39.58924, -10.95917], [-39.59283, -10.96989], [-39.5967, -10.96852], [-39.59843, -10.96726], [-39.60285, -10.96505], [-39.60559, -10.96308], [-39.60571, -10.96232], [-39.60474, -10.95993], [-39.60534, -10.9593], [-39.60818, -10.95835], [-39.60983, -10.95916], [-39.61121, -10.95595], [-39.61421, -10.95702], [-39.61553, -10.95717], [-39.61701, -10.95814], [-39.6212, -10.94479], [-39.62235, -10.93857], [-39.6243, -10.93384], [-39.62404, -10.9337], [-39.62348, -10.93253], [-39.62209, -10.93281], [-39.62127, -10.93257], [-39.6206, -10.93294], [-39.60998, -10.92789], [-39.60546, -10.93597], [-39.59793, -10.9479], [-39.59686, -10.95174]]]}}, {"type": "Feature", "properties": {"cd_sipra": "BA0101000", "nome_proje": "PA ALDEIA", "municipio": "IPIRA", "uf": "BA", "area_hecta": "3454.7309", "num_famili": 68}, "geometry": {"type": "Polygon", "coordinates": [[[-39.95132, -12.34205], [-39.9505, -12.34319], [-39.95021, -12.34418], [-39.95017, -12.34517], [-39.94684, -12.34627], [-39.94406, -12.34603], [-39.94075, -12.34247], [-39.92222, -12.36058], [-39.92118, -12.36132], [-39.91888, -12.36084], [-39.91837, -12.36103], [-39.91995, -12.36343], [-39.94881, -12.3813], [-39.97587, -12.39746], [-39.99116, -12.37889], [-39.99454, -12.37112], [-40.00316, -12.34936], [-39.95246, -12.33548], [-39.95132, -12.34205]]]}}, {"type": "Feature", "properties": {"cd_sipra": "BA0933000", "nome_proje": "PA OASIS", "municipio": "IPIRA", "uf": "BA", "area_hecta": "2852.4488", "num_famili": 51}, "geometry": {"type": "MultiPolygon", "coordinates": [[[[-40.04003, -12.28703], [-40.03976, -12.2873], [-40.06566, -12.30507], [-40.0666, -12.30716], [-40.0695, -12.30756], [-40.07162, -12.31147], [-40.07201, -12.31118], [-40.07238, -12.31128], [-40.0726, -12.31161], [-40.07239, -12.31175], [-40.07227, -12.31219], [-40.07221, -12.31376], [-40.07193, -12.3148], [-40.06972, -12.31501], [-40.06909, -12.3162], [-40.06904, -12.31792], [-40.06984, -12.31969], [-40.07027, -12.32022], [-40.07233, -12.32138], [-40.07254, -12.32198], [-40.0729, -12.32229], [-40.07287, -12.32294], [-40.07305, -12.32359], [-40.07268, -12.32409], [-40.07257, -12.32481], [-40.07269, -12.32551], [-40.07305, -12.32586], [-40.07325, -12.32644], [-40.07357, -12.32788], [-40.07354, -12.32875], [-40.07341, -12.3288], [-40.07319, -12.32963], [-40.07354, -12.33039], [-40.07396, -12.33085], [-40.07859, -12.32954], [-40.08435, -12.32838], [-40.08327, -12.32037], [-40.08343, -12.31831], [-40.08023, -12.29755], [-40.08543, -12.29634], [-40.08209, -12.27489], [-40.04565, -12.26143], [-40.04003, -12.28703]]], [[[-40.0457, -12.26118], [-40.0458, -12.26128], [-40.08208, -12.27479], [-40.08067, -12.26555], [-40.04927, -12.25353], [-40.04917, -12.25361], [-40.04744, -12.25301], [-40.0457, -12.26118]]], [[[-40.08132, -12.329], [-40.07398, -12.33094], [-40.07407, -12.33218], [-40.07329, -12.3342], [-40.07301, -12.33451], [-40.07375, -12.33434], [-40.07429, -12.33445], [-40.07452, -12.33468], [-40.08102, -12.33466], [-40.08355, -12.33117], [-40.08417, -12.32919], [-40.08445, -12.32902], [-40.08435, -12.32858], [-40.08132, -12.329]]], [[[-40.03251, -12.26828], [-40.03109, -12.2735], [-40.03222, -12.28214], [-40.0325, -12.28217], [-40.03972, -12.28713], [-40.03993, -12.287], [-40.04554, -12.26141], [-40.04547, -12.26127], [-40.02932, -12.25496], [-40.03251, -12.26828]]], [[[-40.0392, -12.25307], [-40.03011, -12.25518], [-40.0456, -12.26116], [-40.04739, -12.25282], [-40.04474, -12.25178], [-40.0392, -12.25307]]]]}}, {"type": "Feature", "properties": {"cd_sipra": "BA0023000", "nome_proje": "PA ALAGOAS", "municipio": "PINTADAS", "uf": "BA", "area_hecta": "260.0000", "num_famili": 13}, "geometry": {"type": "Polygon", "coordinates": [[[-39.95038, -11.84974], [-39.94816, -11.84853], [-39.94674, -11.85681], [-39.94748, -11.85757], [-39.94806, -11.8576], [-39.95002, -11.85702], [-39.95163, -11.85686], [-39.95377, -11.85739], [-39.95405, -11.85895], [-39.95389, -11.8625], [-39.96402, -11.86372], [-39.9641, -11.87049], [-39.96582, -11.87032], [-39.96641, -11.8704], [-39.96728, -11.8702], [-39.967, -11.85724], [-39.96592, -11.85649], [-39.96351, -11.85394], [-39.96177, -11.85258], [-39.96195, -11.85255], [-39.96428, -11.85011], [-39.96431, -11.84784], [-39.96036, -11.84897], [-39.95825, -11.85062], [-39.95453, -11.85108], [-39.95038, -11.84974]]]}}, {"type": "Feature", "properties": {"cd_sipra": "BA0018000", "nome_proje": "PA PAJEU", "municipio": "CALDEIRAO GRANDE", "uf": "BA", "area_hecta": "12321.6000", "num_famili": 333}, "geometry": {"type": "Polygon", "coordinates": [[[-40.05456, -10.96195], [-40.05449, -10.97081], [-40.05478, -10.98775], [-40.05601, -11.02491], [-40.05501, -11.03119], [-40.05814, -11.03184], [-40.08927, -11.0399], [-40.09385, -11.04166], [-40.10781, -11.04755], [-40.10878, -11.05538], [-40.10949, -11.05578], [-40.14013, -11.01854], [-40.14346, -11.0024], [-40.13268, -11.0024], [-40.11954, -11.00177], [-40.11156, -11.00082], [-40.10066, -10.99884], [-40.10506, -10.94203], [-40.10802, -10.94202], [-40.11169, -10.94234], [-40.11919, -10.94362], [-40.12569, -10.94447], [-40.13732, -10.94517], [-40.14765, -10.94537], [-40.14591, -10.92812], [-40.14603, -10.92531], [-40.14647, -10.92248], [-40.14325, -10.92119], [-40.13958, -10.92027], [-40.06945, -10.91243], [-40.06576, -10.92504], [-40.05456, -10.96195]]]}}, {"type": "Feature", "properties": {"cd_sipra": "BA0041000", "nome_proje": "PA FAZ TEIMOSIA", "municipio": "CALDEIRAO GRANDE", "uf": "BA", "area_hecta": "3141.0000", "num_famili": 112}, "geometry": {"type": "Polygon", "coordinates": [[[-40.10086, -10.99886], [-40.1066, -10.99992], [-40.10728, -10.99966], [-40.10804, -11.00017], [-40.11002, -11.00055], [-40.11846, -11.00164], [-40.12492, -11.00211], [-40.12572, -11.002], [-40.13554, -11.00239], [-40.14285, -11.00227], [-40.14354, -11.0024], [-40.1434, -11.00176], [-40.14498, -10.99388], [-40.14492, -10.99342], [-40.14531, -10.99179], [-40.14526, -10.99143], [-40.14559, -10.99089], [-40.14806, -10.97994], [-40.15035, -10.96827], [-40.14759, -10.94541], [-40.13689, -10.94516], [-40.12577, -10.94449], [-40.11875, -10.94358], [-40.10986, -10.94203], [-40.10526, -10.94211], [-40.10086, -10.99886]]]}}, {"type": "Feature", "properties": {"cd_sipra": "BA0273000", "nome_proje": "PA NOVA CONQUISTA DE ITIÚBA", "municipio": "ITIUBA", "uf": "BA", "area_hecta": "1378.0000", "num_famili": 25}, "geometry": {"type": "Polygon", "coordinates": [[[-39.92068, -10.73676], [-39.91892, -10.7381], [-39.91797, -10.73848], [-39.91569, -10.74055], [-39.91554, -10.74082], [-39.91557, -10.74215], [-39.91519, -10.74686], [-39.91421, -10.75174], [-39.91098, -10.7565], [-39.9058, -10.76256], [-39.9103, -10.76602], [-39.91646, -10.76995], [-39.92217, -10.77498], [-39.92688, -10.77852], [-39.93759, -10.77086], [-39.93815, -10.77023], [-39.94432, -10.76002], [-39.93764, -10.75203], [-39.93085, -10.74452], [-39.92426, -10.73629], [-39.92068, -10.73676]]]}}, {"type": "Feature", "properties": {"cd_sipra": "BA0087000", "nome_proje": "PA SITIO DO MEIO", "municipio": "ITIUBA", "uf": "BA", "area_hecta": "2367.2120", "num_famili": 80}, "geometry": {"type": "Polygon", "coordinates": [[[-39.69516, -10.81164], [-39.67903, -10.80166], [-39.67863, -10.80383], [-39.6773, -10.80581], [-39.67019, -10.80649], [-39.6673, -10.80605], [-39.66531, -10.80848], [-39.66354, -10.81376], [-39.66221, -10.81618], [-39.66355, -10.81904], [-39.66533, -10.82123], [-39.66667, -10.82321], [-39.66645, -10.82497], [-39.66663, -10.82893], [-39.66703, -10.8292], [-39.66733, -10.82761], [-39.66709, -10.82924], [-39.66938, -10.83074], [-39.73871, -10.85386], [-39.75332, -10.84207], [-39.69698, -10.80784], [-39.69516, -10.81164]]]}}, {"type": "Feature", "properties": {"cd_sipra": "BA0457000", "nome_proje": "PA RIO VERDE", "municipio": "CANSANCAO", "uf": "BA", "area_hecta": "209.8613", "num_famili": 18}, "geometry": {"type": "Polygon", "coordinates": [[[-39.69779, -10.70032], [-39.69849, -10.70385], [-39.69995, -10.70296], [-39.70796, -10.69715], [-39.70765, -10.69651], [-39.70774, -10.69449], [-39.70703, -10.69242], [-39.70272, -10.69301], [-39.70133, -10.69218], [-39.69779, -10.70032]]]}}, {"type": "Feature", "properties": {"cd_sipra": "BA0458000", "nome_proje": "PA NOVO PARAISO", "municipio": "ITIUBA", "uf": "BA", "area_hecta": "135.9473", "num_famili": 15}, "geometry": {"type": "MultiPolygon", "coordinates": [[[[-39.72239, -10.66002], [-39.72108, -10.65954], [-39.72047, -10.65956], [-39.7197, -10.6599], [-39.71758, -10.65997], [-39.71581, -10.65971], [-39.71452, -10.66014], [-39.71388, -10.66014], [-39.71322, -10.65993], [-39.71127, -10.66549], [-39.70845, -10.66743], [-39.71053, -10.66664], [-39.7115, -10.6681], [-39.71223, -10.66697], [-39.71175, -10.66638], [-39.71391, -10.66471], [-39.71378, -10.66581], [-39.71227, -10.667], [-39.71321, -10.66811], [-39.71791, -10.66395], [-39.71999, -10.66287], [-39.72054, -10.66286], [-39.72063, -10.66159], [-39.72023, -10.66035], [-39.72055, -10.65995], [-39.72097, -10.65988], [-39.72123, -10.66004], [-39.72154, -10.66139], [-39.72203, -10.66126], [-39.72191, -10.66082], [-39.7229, -10.66089], [-39.72294, -10.66115], [-39.72437, -10.66059], [-39.72506, -10.66135], [-39.72574, -10.66121], [-39.72554, -10.66004], [-39.72481, -10.66007], [-39.72397, -10.6594], [-39.7232, -10.65982], [-39.72239, -10.66002]]], [[[-39.6988, -10.67086], [-39.69751, -10.67238], [-39.70168, -10.67476], [-39.70312, -10.67444], [-39.70375, -10.67406], [-39.7041, -10.67354], [-39.70353, -10.67252], [-39.7032, -10.67273], [-39.70269, -10.67157], [-39.70363, -10.67123], [-39.70466, -10.67247], [-39.70546, -10.67101], [-39.70432, -10.67021], [-39.70424, -10.66981], [-39.69918, -10.67064], [-39.6988, -10.67086]]], [[[-39.70525, -10.66995], [-39.70612, -10.66904], [-39.70522, -10.66965], [-39.70455, -10.66977], [-39.70525, -10.66995]]]]}}, {"type": "Feature", "properties": {"cd_sipra": "BA0940000", "nome_proje": "PA BOA VISTA", "municipio": "SOBRADINHO", "uf": "BA", "area_hecta": "641.3475", "num_famili": 8}, "geometry": {"type": "Polygon", "coordinates": [[[-40.88243, -9.56071], [-40.88648, -9.5686], [-40.89262, -9.58482], [-40.86674, -9.59744], [-40.87316, -9.60922], [-40.89851, -9.59689], [-40.89525, -9.59087], [-40.90085, -9.58816], [-40.89806, -9.58185], [-40.88531, -9.56012], [-40.88243, -9.56071]]]}}, {"type": "Feature", "properties": {"cd_sipra": "BA0877000", "nome_proje": "PA VALE DA CONQUISTA", "municipio": "SOBRADINHO", "uf": "BA", "area_hecta": "4239.6881", "num_famili": 103}, "geometry": {"type": "Polygon", "coordinates": [[[-40.79793, -9.50338], [-40.79914, -9.50532], [-40.80023, -9.50921], [-40.80111, -9.51354], [-40.77589, -9.52473], [-40.77501, -9.53147], [-40.77401, -9.53212], [-40.77251, -9.5363], [-40.75464, -9.54149], [-40.73497, -9.54525], [-40.73554, -9.54794], [-40.73272, -9.54894], [-40.73483, -9.55376], [-40.73886, -9.55291], [-40.74097, -9.56318], [-40.74838, -9.56303], [-40.75219, -9.56572], [-40.75246, -9.56606], [-40.75281, -9.56722], [-40.7527, -9.56896], [-40.7663, -9.56486], [-40.78734, -9.55864], [-40.78701, -9.56131], [-40.78764, -9.56338], [-40.78879, -9.56542], [-40.79331, -9.57023], [-40.79597, -9.57499], [-40.79713, -9.57892], [-40.79868, -9.58149], [-40.80243, -9.59142], [-40.82358, -9.57349], [-40.81623, -9.55389], [-40.8268, -9.54744], [-40.82718, -9.5468], [-40.82632, -9.54279], [-40.8222, -9.53171], [-40.80972, -9.53643], [-40.80823, -9.53244], [-40.812, -9.53168], [-40.80605, -9.51751], [-40.80801, -9.51618], [-40.80788, -9.51505], [-40.80749, -9.51413], [-40.80609, -9.51233], [-40.81021, -9.51239], [-40.81138, -9.50071], [-40.81088, -9.50044], [-40.8079, -9.50167], [-40.80472, -9.50267], [-40.80438, -9.50076], [-40.80032, -9.50239], [-40.79789, -9.49669], [-40.79624, -9.49777], [-40.79885, -9.50301], [-40.79793, -9.50338]]]}}, {"type": "Feature", "properties": {"cd_sipra": "BA0949000", "nome_proje": "PA FAZENDA DO VALLE", "municipio": "SOBRADINHO", "uf": "BA", "area_hecta": "714.0400", "num_famili": 56}, "geometry": {"type": "Polygon", "coordinates": [[[-40.95652, -9.50557], [-40.95526, -9.50518], [-40.95051, -9.50522], [-40.95053, -9.5123], [-40.95148, -9.51282], [-40.9514, -9.51417], [-40.95233, -9.5146], [-40.95084, -9.51518], [-40.94651, -9.51929], [-40.94412, -9.52024], [-40.94359, -9.52074], [-40.94252, -9.52055], [-40.94147, -9.51435], [-40.93754, -9.51582], [-40.93379, -9.50961], [-40.93255, -9.52279], [-40.93033, -9.53987], [-40.93556, -9.53874], [-40.93507, -9.53558], [-40.93766, -9.53334], [-40.94148, -9.53594], [-40.94334, -9.54599], [-40.94757, -9.54522], [-40.94892, -9.5458], [-40.95379, -9.53702], [-40.95429, -9.5357], [-40.95447, -9.53388], [-40.9534, -9.52697], [-40.95527, -9.52635], [-40.95443, -9.52382], [-40.9533, -9.51921], [-40.9549, -9.51845], [-40.95512, -9.51347], [-40.95586, -9.50928], [-40.95676, -9.50684], [-40.95648, -9.50679], [-40.95661, -9.50624], [-40.95704, -9.5063], [-40.95733, -9.50569], [-40.95789, -9.50542], [-40.95782, -9.50356], [-40.95687, -9.50454], [-40.95652, -9.50557]]]}}, {"type": "Feature", "properties": {"cd_sipra": "BA0301000", "nome_proje": "PA SÃO FRANCISCO", "municipio": "JUAZEIRO", "uf": "BA", "area_hecta": "1295.2500", "num_famili": 91}, "geometry": {"type": "Polygon", "coordinates": [[[-40.7301, -9.51797], [-40.7368, -9.51685], [-40.74118, -9.51578], [-40.74502, -9.51535], [-40.74142, -9.50846], [-40.74663, -9.50543], [-40.74244, -9.49676], [-40.74103, -9.49557], [-40.73714, -9.47542], [-40.72985, -9.47603], [-40.72783, -9.47757], [-40.72023, -9.44847], [-40.71489, -9.45302], [-40.72316, -9.46814], [-40.72134, -9.46901], [-40.72484, -9.47933], [-40.71446, -9.48693], [-40.72721, -9.52523], [-40.73161, -9.52467], [-40.7301, -9.51797]]]}}, {"type": "Feature", "properties": {"cd_sipra": "BA0296000", "nome_proje": "PA BELA VISTA II", "municipio": "CASA NOVA", "uf": "BA", "area_hecta": "213.1841", "num_famili": 24}, "geometry": {"type": "Polygon", "coordinates": [[[-40.79382, -9.3411], [-40.78796, -9.34794], [-40.78805, -9.34841], [-40.78726, -9.34926], [-40.78767, -9.35251], [-40.78984, -9.35793], [-40.79095, -9.36019], [-40.79747, -9.35884], [-40.7961, -9.35216], [-40.80152, -9.35], [-40.80311, -9.34561], [-40.79407, -9.34102], [-40.79382, -9.3411]]]}}, {"type": "Feature", "properties": {"cd_sipra": "BA0543000", "nome_proje": "PA SÃO JOSÉ", "municipio": "CASA NOVA", "uf": "BA", "area_hecta": "1034.0363", "num_famili": 31}, "geometry": {"type": "Polygon", "coordinates": [[[-41.06017, -9.26482], [-41.06063, -9.26695], [-41.06362, -9.27184], [-41.07268, -9.27815], [-41.07517, -9.27799], [-41.08016, -9.293], [-41.08343, -9.29948], [-41.08487, -9.30508], [-41.09364, -9.30329], [-41.09455, -9.30839], [-41.09471, -9.31368], [-41.09521, -9.31748], [-41.09707, -9.31734], [-41.09715, -9.31679], [-41.0999, -9.31597], [-41.098, -9.30685], [-41.09575, -9.3077], [-41.09501, -9.30301], [-41.09444, -9.29791], [-41.0937, -9.29774], [-41.09291, -9.2961], [-41.08861, -9.29729], [-41.08828, -9.29719], [-41.0879, -9.28102], [-41.09531, -9.26117], [-41.09265, -9.25717], [-41.07461, -9.25821], [-41.07445, -9.25916], [-41.06741, -9.26156], [-41.06017, -9.26482]]]}}, {"type": "Feature", "properties": {"cd_sipra": "BA0946000", "nome_proje": "PA MARIA SIMÕES", "municipio": "JUAZEIRO", "uf": "BA", "area_hecta": "391.7134", "num_famili": 0}, "geometry": {"type": "Polygon", "coordinates": [[[-40.60917, -9.81938], [-40.60918, -9.82055], [-40.60901, -9.82093], [-40.62022, -9.81887], [-40.67842, -9.80545], [-40.67819, -9.80151], [-40.6774, -9.79944], [-40.65483, -9.806], [-40.6171, -9.81497], [-40.61888, -9.81689], [-40.60959, -9.81868], [-40.60917, -9.81938]]]}}, {"type": "Feature", "properties": {"cd_sipra": "MF0288000", "nome_proje": "PA CACIMBA DA TORRE GLEBA CENTRO OESTE", "municipio": "CURACA", "uf": "BA", "area_hecta": "3254.3505", "num_famili": 24}, "geometry": {"type": "Polygon", "coordinates": [[[-39.9381, -9.33264], [-39.91129, -9.27716], [-39.88022, -9.29523], [-39.87948, -9.29873], [-39.8797, -9.30012], [-39.87928, -9.30214], [-39.8795, -9.30417], [-39.88133, -9.30683], [-39.88338, -9.31089], [-39.88135, -9.31526], [-39.88179, -9.31716], [-39.88276, -9.31897], [-39.88298, -9.32046], [-39.88373, -9.32259], [-39.88601, -9.32718], [-39.88665, -9.33048], [-39.88794, -9.3312], [-39.88902, -9.33216], [-39.88956, -9.33333], [-39.88978, -9.33451], [-39.89042, -9.33514], [-39.89257, -9.33525], [-39.89311, -9.33621], [-39.89451, -9.33748], [-39.89569, -9.33919], [-39.89688, -9.34004], [-39.89913, -9.34014], [-39.90128, -9.34173], [-39.90236, -9.34344], [-39.90247, -9.34493], [-39.90333, -9.34589], [-39.90355, -9.34663], [-39.90643, -9.34855], [-39.90804, -9.34885], [-39.90851, -9.34908], [-39.91044, -9.35091], [-39.91206, -9.35313], [-39.91392, -9.35726], [-39.91477, -9.35833], [-39.91553, -9.35859], [-39.91524, -9.35669], [-39.9381, -9.33264]]]}}, {"type": "Feature", "properties": {"cd_sipra": "BA0960000", "nome_proje": "PA JACOB GUERRA", "municipio": "CANUDOS", "uf": "BA", "area_hecta": "1374.3607", "num_famili": 0}, "geometry": {"type": "Polygon", "coordinates": [[[-39.26147, -10.16262], [-39.26017, -10.16267], [-39.26119, -10.1797], [-39.26519, -10.1889], [-39.26976, -10.18898], [-39.28319, -10.1677], [-39.27406, -10.16271], [-39.26427, -10.16334], [-39.26147, -10.16262]]]}}, {"type": "Feature", "properties": {"cd_sipra": "MF0200000", "nome_proje": "PA LAGOA DA VACA", "municipio": "CURACA", "uf": "BA", "area_hecta": "4931.0119", "num_famili": 48}, "geometry": {"type": "MultiPolygon", "coordinates": [[[[-39.48907, -9.59657], [-39.49001, -9.59757], [-39.48899, -9.59912], [-39.48996, -9.60001], [-39.48899, -9.60104], [-39.49035, -9.60224], [-39.48965, -9.60459], [-39.48866, -9.60679], [-39.48973, -9.60895], [-39.48921, -9.6112], [-39.4916, -9.61296], [-39.49261, -9.61313], [-39.49304, -9.61407], [-39.4961, -9.6146], [-39.49809, -9.61609], [-39.49845, -9.6173], [-39.49784, -9.61844], [-39.49901, -9.61931], [-39.49943, -9.62042], [-39.50099, -9.62228], [-39.50177, -9.62576], [-39.50212, -9.62652], [-39.50604, -9.62751], [-39.50462, -9.62859], [-39.50715, -9.62854], [-39.50766, -9.62945], [-39.50811, -9.62964], [-39.50829, -9.63042], [-39.50937, -9.63133], [-39.51137, -9.63172], [-39.51221, -9.63278], [-39.51203, -9.6335], [-39.51316, -9.6357], [-39.51266, -9.63606], [-39.51197, -9.63702], [-39.51244, -9.63727], [-39.51258, -9.63781], [-39.51298, -9.63807], [-39.5153, -9.63789], [-39.51653, -9.63894], [-39.51924, -9.63717], [-39.51886, -9.63692], [-39.51505, -9.63106], [-39.54188, -9.6129], [-39.54643, -9.61947], [-39.56127, -9.61047], [-39.55718, -9.59976], [-39.5558, -9.59565], [-39.55562, -9.59133], [-39.55433, -9.58943], [-39.55443, -9.58818], [-39.55572, -9.58304], [-39.53827, -9.56891], [-39.53745, -9.56664], [-39.53155, -9.5658], [-39.51315, -9.55959], [-39.47364, -9.56995], [-39.47546, -9.57246], [-39.47631, -9.57448], [-39.47605, -9.57519], [-39.47679, -9.57606], [-39.47731, -9.57822], [-39.48054, -9.581], [-39.48222, -9.58147], [-39.48347, -9.5814], [-39.4858, -9.58247], [-39.48723, -9.58572], [-39.48866, -9.58808], [-39.48958, -9.58992], [-39.48955, -9.59111], [-39.48997, -9.59373], [-39.48898, -9.59399], [-39.48907, -9.59657]]], [[[-39.55732, -9.58435], [-39.55584, -9.58314], [-39.5546, -9.58821], [-39.5545, -9.58941], [-39.55578, -9.59129], [-39.55596, -9.59562], [-39.55733, -9.59971], [-39.56141, -9.61038], [-39.56896, -9.60577], [-39.57002, -9.60483], [-39.55732, -9.58435]]]]}}, {"type": "Feature", "properties": {"cd_sipra": "MF0321000", "nome_proje": "PA. Riacho dos Bois I", "municipio": "CHORROCHO", "uf": "BA", "area_hecta": "1313.2961", "num_famili": 0}, "geometry": {"type": "Polygon", "coordinates": [[[-39.29481, -9.57867], [-39.29541, -9.57862], [-39.29668, -9.57805], [-39.30031, -9.57826], [-39.30574, -9.58125], [-39.31046, -9.58487], [-39.31141, -9.5862], [-39.31074, -9.58731], [-39.31495, -9.58923], [-39.31537, -9.58963], [-39.32606, -9.59101], [-39.33158, -9.59236], [-39.33295, -9.57423], [-39.33357, -9.56205], [-39.33197, -9.56101], [-39.32683, -9.56222], [-39.3255, -9.56184], [-39.32212, -9.56246], [-39.32112, -9.56324], [-39.31692, -9.56353], [-39.31496, -9.56266], [-39.31429, -9.56262], [-39.31113, -9.56044], [-39.31081, -9.55992], [-39.30927, -9.55966], [-39.29396, -9.54843], [-39.29171, -9.57751], [-39.29279, -9.57805], [-39.29481, -9.57867]]]}}, {"type": "Feature", "properties": {"cd_sipra": "MF0289000", "nome_proje": "PA CACIMBA DA TORRE GLEBA SUL", "municipio": "CURACA", "uf": "BA", "area_hecta": "4246.9872", "num_famili": 19}, "geometry": {"type": "Polygon", "coordinates": [[[-39.88431, -9.33836], [-39.88346, -9.33964], [-39.8825, -9.34157], [-39.88218, -9.34306], [-39.88025, -9.34691], [-39.88015, -9.35], [-39.8793, -9.35192], [-39.87791, -9.35364], [-39.83963, -9.3643], [-39.80271, -9.34842], [-39.79592, -9.41267], [-39.80796, -9.41125], [-39.81016, -9.40943], [-39.81611, -9.40773], [-39.81796, -9.40585], [-39.81904, -9.40402], [-39.82043, -9.40252], [-39.82184, -9.40155], [-39.82596, -9.39598], [-39.82602, -9.39498], [-39.82666, -9.39327], [-39.82773, -9.39177], [-39.82923, -9.38846], [-39.82912, -9.38708], [-39.82965, -9.38601], [-39.83104, -9.38558], [-39.83179, -9.38483], [-39.83201, -9.38376], [-39.83319, -9.38269], [-39.83415, -9.38141], [-39.83479, -9.38012], [-39.83473, -9.37746], [-39.83753, -9.37423], [-39.83924, -9.37167], [-39.84085, -9.37145], [-39.84268, -9.37166], [-39.84544, -9.37069], [-39.84694, -9.3693], [-39.84984, -9.36812], [-39.85502, -9.36555], [-39.85983, -9.36394], [-39.86191, -9.36354], [-39.86319, -9.36282], [-39.86676, -9.36156], [-39.86752, -9.3615], [-39.8762, -9.37398], [-39.8936, -9.37637], [-39.92387, -9.39098], [-39.91728, -9.37043], [-39.91553, -9.35859], [-39.91477, -9.35833], [-39.91392, -9.35726], [-39.91206, -9.35313], [-39.91044, -9.35091], [-39.90851, -9.34908], [-39.90804, -9.34885], [-39.90643, -9.34855], [-39.90355, -9.34663], [-39.90333, -9.34589], [-39.90247, -9.34493], [-39.90236, -9.34344], [-39.90128, -9.34173], [-39.89913, -9.34014], [-39.89688, -9.34004], [-39.89569, -9.33919], [-39.89451, -9.33748], [-39.89311, -9.33621], [-39.89257, -9.33525], [-39.89042, -9.33514], [-39.88978, -9.33451], [-39.88956, -9.33333], [-39.88902, -9.33216], [-39.88794, -9.3312], [-39.88666, -9.33048], [-39.88634, -9.33238], [-39.88431, -9.33836]]]}}, {"type": "Feature", "properties": {"cd_sipra": "MF0292000", "nome_proje": "PA CACIMBA DA TORRE GLEBA SUDESTE", "municipio": "CURACA", "uf": "BA", "area_hecta": "3772.3092", "num_famili": 27}, "geometry": {"type": "MultiPolygon", "coordinates": [[[[-39.80009, -9.32748], [-39.80067, -9.32655], [-39.80325, -9.32057], [-39.80338, -9.31992], [-39.8033, -9.31862], [-39.80287, -9.31859], [-39.80227, -9.31923], [-39.80148, -9.31933], [-39.7976, -9.31911], [-39.79677, -9.31874], [-39.79627, -9.3182], [-39.7952, -9.3187], [-39.79409, -9.31787], [-39.79321, -9.31769], [-39.7927, -9.31792], [-39.79072, -9.31747], [-39.78961, -9.31683], [-39.78808, -9.31555], [-39.78656, -9.31519], [-39.78707, -9.3264], [-39.7922, -9.33018], [-39.79391, -9.33655], [-39.79571, -9.33898], [-39.80009, -9.32748]]], [[[-39.8793, -9.35192], [-39.88015, -9.35], [-39.88025, -9.34691], [-39.88218, -9.34306], [-39.8825, -9.34157], [-39.88346, -9.33964], [-39.88431, -9.33836], [-39.88634, -9.33238], [-39.88666, -9.33048], [-39.88601, -9.32718], [-39.88373, -9.32259], [-39.88298, -9.32046], [-39.88276, -9.31897], [-39.88179, -9.31716], [-39.88135, -9.31526], [-39.81966, -9.33063], [-39.81957, -9.32993], [-39.81999, -9.32916], [-39.82006, -9.32853], [-39.81936, -9.32797], [-39.81872, -9.32769], [-39.81844, -9.32713], [-39.81837, -9.32608], [-39.81773, -9.32433], [-39.81681, -9.32363], [-39.81575, -9.32363], [-39.8136, -9.32252], [-39.81276, -9.32174], [-39.81115, -9.32169], [-39.81063, -9.321], [-39.80948, -9.32041], [-39.80841, -9.32005], [-39.80643, -9.31973], [-39.80518, -9.31872], [-39.80366, -9.31864], [-39.80373, -9.32016], [-39.80359, -9.3207], [-39.801, -9.32669], [-39.80041, -9.32766], [-39.79597, -9.33933], [-39.80271, -9.34842], [-39.83963, -9.3643], [-39.87791, -9.35364], [-39.8793, -9.35192]]]]}}, {"type": "Feature", "properties": {"cd_sipra": "MF0291000", "nome_proje": "PA CACIMBA DA TORRE GLEBA CENTRO LESTE", "municipio": "CURACA", "uf": "BA", "area_hecta": "3791.7078", "num_famili": 27}, "geometry": {"type": "MultiPolygon", "coordinates": [[[[-39.80287, -9.31859], [-39.8033, -9.31862], [-39.80337, -9.31689], [-39.80026, -9.30539], [-39.80016, -9.29323], [-39.79733, -9.29279], [-39.79523, -9.29317], [-39.79261, -9.29444], [-39.79021, -9.29527], [-39.78833, -9.29438], [-39.78713, -9.29431], [-39.78562, -9.29481], [-39.78656, -9.31519], [-39.78808, -9.31555], [-39.78961, -9.31683], [-39.79072, -9.31747], [-39.7927, -9.31792], [-39.79321, -9.31769], [-39.79409, -9.31787], [-39.7952, -9.3187], [-39.79627, -9.3182], [-39.79677, -9.31874], [-39.7976, -9.31911], [-39.8001, -9.31933], [-39.80227, -9.31923], [-39.80287, -9.31859]]], [[[-39.81773, -9.32433], [-39.81837, -9.32608], [-39.81844, -9.32713], [-39.81872, -9.32769], [-39.81936, -9.32797], [-39.82006, -9.32853], [-39.81999, -9.32916], [-39.81957, -9.32993], [-39.81966, -9.33063], [-39.88135, -9.31526], [-39.88338, -9.31089], [-39.88133, -9.30683], [-39.8795, -9.30417], [-39.87928, -9.30214], [-39.8797, -9.30012], [-39.87948, -9.29873], [-39.88022, -9.29523], [-39.84626, -9.27498], [-39.84508, -9.27518], [-39.8444, -9.27626], [-39.8444, -9.27714], [-39.84381, -9.27841], [-39.84362, -9.28036], [-39.84441, -9.28202], [-39.84501, -9.28388], [-39.84501, -9.28447], [-39.84334, -9.28672], [-39.84172, -9.2865], [-39.83978, -9.2877], [-39.83543, -9.29121], [-39.83461, -9.29166], [-39.83386, -9.29181], [-39.83303, -9.29129], [-39.83191, -9.2913], [-39.83116, -9.29152], [-39.82891, -9.29108], [-39.82846, -9.29034], [-39.82755, -9.28952], [-39.82673, -9.28974], [-39.8217, -9.28908], [-39.81953, -9.28931], [-39.81653, -9.29021], [-39.81481, -9.29119], [-39.81376, -9.29238], [-39.81293, -9.29268], [-39.81001, -9.29217], [-39.80911, -9.29172], [-39.80731, -9.29262], [-39.80566, -9.29322], [-39.80356, -9.29293], [-39.80053, -9.29323], [-39.8006, -9.30514], [-39.80365, -9.31629], [-39.80376, -9.31761], [-39.80366, -9.31864], [-39.80518, -9.31872], [-39.80643, -9.31973], [-39.80841, -9.32005], [-39.80948, -9.32041], [-39.81063, -9.321], [-39.81115, -9.32169], [-39.81276, -9.32174], [-39.8136, -9.32252], [-39.81575, -9.32363], [-39.81681, -9.32363], [-39.81773, -9.32433]]]]}}, {"type": "Feature", "properties": {"cd_sipra": "MF0290000", "nome_proje": "PA CACIMBA DA TORRE GLEBA NORDESTE", "municipio": "CURACA", "uf": "BA", "area_hecta": "4373.1544", "num_famili": 23}, "geometry": {"type": "MultiPolygon", "coordinates": [[[[-39.79523, -9.29317], [-39.79733, -9.29279], [-39.80016, -9.29323], [-39.80026, -9.29206], [-39.8005, -9.29136], [-39.80149, -9.29], [-39.80216, -9.28859], [-39.80368, -9.287], [-39.80425, -9.28617], [-39.80694, -9.2793], [-39.81132, -9.27431], [-39.8141, -9.27187], [-39.81456, -9.271], [-39.81347, -9.2707], [-39.81259, -9.27093], [-39.81221, -9.27031], [-39.81185, -9.27011], [-39.81148, -9.27035], [-39.80786, -9.27136], [-39.80743, -9.27184], [-39.80687, -9.27197], [-39.80618, -9.27175], [-39.80518, -9.27201], [-39.80324, -9.27137], [-39.8022, -9.27155], [-39.80164, -9.27189], [-39.80108, -9.27181], [-39.80047, -9.27147], [-39.80016, -9.27099], [-39.7996, -9.27078], [-39.79896, -9.27091], [-39.79861, -9.27147], [-39.79757, -9.27173], [-39.79398, -9.27131], [-39.79308, -9.27157], [-39.79113, -9.27359], [-39.79027, -9.27428], [-39.78993, -9.2757], [-39.78954, -9.27656], [-39.78863, -9.27734], [-39.78755, -9.27794], [-39.78596, -9.27846], [-39.78492, -9.27955], [-39.78562, -9.29481], [-39.78713, -9.29431], [-39.78833, -9.29438], [-39.79021, -9.29527], [-39.79261, -9.29444], [-39.79523, -9.29317]]], [[[-39.88044, -9.29264], [-39.87979, -9.29051], [-39.87935, -9.2872], [-39.87881, -9.2855], [-39.87956, -9.28358], [-39.87966, -9.28262], [-39.87902, -9.28123], [-39.8789, -9.2792], [-39.87932, -9.27493], [-39.88007, -9.27237], [-39.87996, -9.27056], [-39.87952, -9.26864], [-39.87751, -9.26714], [-39.87469, -9.26334], [-39.872, -9.26105], [-39.86956, -9.25821], [-39.86982, -9.25662], [-39.87075, -9.25489], [-39.87314, -9.25303], [-39.8742, -9.25104], [-39.87206, -9.24614], [-39.87138, -9.24349], [-39.86565, -9.23966], [-39.86377, -9.2374], [-39.86416, -9.23832], [-39.86374, -9.23737], [-39.86323, -9.23675], [-39.86328, -9.23631], [-39.86091, -9.23093], [-39.86059, -9.23165], [-39.86013, -9.23481], [-39.85776, -9.23923], [-39.85523, -9.24222], [-39.85411, -9.24423], [-39.85186, -9.24575], [-39.85002, -9.24663], [-39.84975, -9.24658], [-39.82123, -9.26708], [-39.82398, -9.27095], [-39.82298, -9.27133], [-39.82128, -9.27145], [-39.82091, -9.27163], [-39.82, -9.27142], [-39.81871, -9.27139], [-39.81815, -9.27162], [-39.81777, -9.2726], [-39.81753, -9.27278], [-39.81687, -9.27273], [-39.8162, -9.27231], [-39.81532, -9.27115], [-39.81494, -9.27104], [-39.81484, -9.27146], [-39.81439, -9.27209], [-39.81157, -9.27457], [-39.80725, -9.27949], [-39.80458, -9.28634], [-39.80394, -9.28725], [-39.80247, -9.28878], [-39.8018, -9.29019], [-39.80083, -9.29153], [-39.80061, -9.29213], [-39.80053, -9.29323], [-39.80356, -9.29293], [-39.80566, -9.29322], [-39.80731, -9.29262], [-39.80911, -9.29172], [-39.81001, -9.29217], [-39.81293, -9.29268], [-39.81376, -9.29238], [-39.81481, -9.29119], [-39.81653, -9.29021], [-39.81953, -9.28931], [-39.8217, -9.28908], [-39.82673, -9.28974], [-39.82755, -9.28952], [-39.82846, -9.29034], [-39.82891, -9.29108], [-39.83116, -9.29152], [-39.83191, -9.2913], [-39.83303, -9.29129], [-39.83386, -9.29181], [-39.83461, -9.29166], [-39.83543, -9.29121], [-39.83978, -9.2877], [-39.84172, -9.2865], [-39.84334, -9.28672], [-39.84501, -9.28447], [-39.84501, -9.28388], [-39.84441, -9.28202], [-39.84362, -9.28036], [-39.84381, -9.27841], [-39.8444, -9.27714], [-39.8444, -9.27626], [-39.84508, -9.27518], [-39.84626, -9.27498], [-39.88023, -9.2952], [-39.88044, -9.29264]]], [[[-39.86327, -9.23273], [-39.86288, -9.2315], [-39.86216, -9.23021], [-39.86216, -9.22887], [-39.86096, -9.23082], [-39.86328, -9.23627], [-39.86341, -9.23518], [-39.86327, -9.23273]]]]}}, {"type": "Feature", "properties": {"cd_sipra": "MF0085000", "nome_proje": "PA BANGUÊ", "municipio": "CURACA", "uf": "BA", "area_hecta": "5629.8119", "num_famili": 32}, "geometry": {"type": "MultiPolygon", "coordinates": [[[[-39.8145, -9.26172], [-39.81492, -9.26366], [-39.81491, -9.26625], [-39.81513, -9.26737], [-39.81487, -9.27043], [-39.81501, -9.27101], [-39.81533, -9.27107], [-39.81557, -9.27181], [-39.81704, -9.273], [-39.81771, -9.27277], [-39.81852, -9.27134], [-39.81886, -9.27126], [-39.81953, -9.27151], [-39.82018, -9.27145], [-39.82111, -9.27163], [-39.82254, -9.27126], [-39.82328, -9.27128], [-39.82402, -9.27094], [-39.81551, -9.25925], [-39.8145, -9.26172]]], [[[-39.75202, -9.19505], [-39.75131, -9.19545], [-39.74825, -9.19531], [-39.7458, -9.19451], [-39.73508, -9.22964], [-39.69312, -9.25972], [-39.72317, -9.26606], [-39.77058, -9.25471], [-39.77867, -9.2519], [-39.77858, -9.25152], [-39.78128, -9.2505], [-39.78206, -9.24985], [-39.78284, -9.24882], [-39.78403, -9.24764], [-39.78547, -9.24739], [-39.79033, -9.25674], [-39.81102, -9.27008], [-39.81148, -9.27036], [-39.8116, -9.27018], [-39.81188, -9.27021], [-39.81212, -9.27043], [-39.81226, -9.27112], [-39.81277, -9.27153], [-39.81309, -9.27149], [-39.81306, -9.27091], [-39.81318, -9.27079], [-39.81446, -9.27103], [-39.81435, -9.26982], [-39.81458, -9.26845], [-39.81458, -9.26744], [-39.81436, -9.26627], [-39.81437, -9.26373], [-39.81395, -9.26171], [-39.81458, -9.2599], [-39.80279, -9.23928], [-39.80375, -9.23875], [-39.79367, -9.22111], [-39.78315, -9.20005], [-39.78291, -9.20007], [-39.78242, -9.19972], [-39.78055, -9.19894], [-39.77625, -9.19767], [-39.77527, -9.1969], [-39.77389, -9.19641], [-39.77326, -9.19587], [-39.76764, -9.19355], [-39.76628, -9.19313], [-39.76441, -9.19317], [-39.75202, -9.19505]]]]}}, {"type": "Feature", "properties": {"cd_sipra": "MF0164000", "nome_proje": "PA ANTONIO CONSELHEIRO IV", "municipio": "ABARE", "uf": "BA", "area_hecta": "9755.1225", "num_famili": 221}, "geometry": {"type": "Polygon", "coordinates": [[[-39.34817, -8.75223], [-39.31904, -8.73362], [-39.31911, -8.7273], [-39.31854, -8.72729], [-39.31812, -8.72846], [-39.31712, -8.72977], [-39.31565, -8.73312], [-39.31353, -8.73505], [-39.31292, -8.7361], [-39.31114, -8.73776], [-39.30431, -8.73716], [-39.3035, -8.73992], [-39.29516, -8.75327], [-39.2851, -8.74812], [-39.28557, -8.74742], [-39.27741, -8.74321], [-39.28501, -8.73136], [-39.27112, -8.72243], [-39.27055, -8.72583], [-39.2725, -8.72586], [-39.26887, -8.73431], [-39.26693, -8.73386], [-39.26901, -8.72988], [-39.26796, -8.72992], [-39.2663, -8.72582], [-39.26614, -8.72401], [-39.26542, -8.72514], [-39.26582, -8.72569], [-39.25859, -8.73014], [-39.26119, -8.72315], [-39.26174, -8.72268], [-39.26117, -8.71577], [-39.25399, -8.71119], [-39.25099, -8.71779], [-39.2385, -8.71214], [-39.24087, -8.70673], [-39.23976, -8.70618], [-39.24001, -8.70555], [-39.24226, -8.70397], [-39.24286, -8.70272], [-39.23635, -8.70035], [-39.2341, -8.70596], [-39.23344, -8.70689], [-39.23129, -8.70892], [-39.23006, -8.70985], [-39.22872, -8.71054], [-39.22672, -8.71115], [-39.25895, -8.75824], [-39.26124, -8.76073], [-39.26096, -8.76409], [-39.27029, -8.77939], [-39.27415, -8.77698], [-39.27512, -8.77852], [-39.29437, -8.76653], [-39.29612, -8.7694], [-39.273, -8.78378], [-39.28119, -8.79649], [-39.28292, -8.78989], [-39.28152, -8.78857], [-39.28023, -8.78776], [-39.28026, -8.78694], [-39.28006, -8.78679], [-39.2765, -8.78512], [-39.27938, -8.78141], [-39.28186, -8.78262], [-39.28232, -8.78163], [-39.28541, -8.78502], [-39.2867, -8.78436], [-39.2866, -8.78426], [-39.28695, -8.78397], [-39.28933, -8.78384], [-39.29143, -8.78443], [-39.28834, -8.78823], [-39.29047, -8.79058], [-39.28843, -8.79486], [-39.2834, -8.79033], [-39.29, -8.80236], [-39.28924, -8.80916], [-39.31026, -8.84242], [-39.31023, -8.84278], [-39.28473, -8.88084], [-39.29441, -8.88743], [-39.33107, -8.85556], [-39.33181, -8.84097], [-39.34621, -8.84245], [-39.35068, -8.83859], [-39.34743, -8.81014], [-39.33865, -8.77214], [-39.34817, -8.75223]], [[-39.31482, -8.798], [-39.3125, -8.78903], [-39.32795, -8.7797], [-39.32972, -8.78634], [-39.32528, -8.78833], [-39.32684, -8.79265], [-39.31482, -8.798]], [[-39.30996, -8.7889], [-39.31038, -8.79092], [-39.30447, -8.79116], [-39.3038, -8.79242], [-39.29291, -8.78376], [-39.29247, -8.78416], [-39.2866, -8.78309], [-39.29263, -8.77718], [-39.2961, -8.77968], [-39.29587, -8.78014], [-39.30014, -8.78341], [-39.30509, -8.77784], [-39.3101, -8.78038], [-39.30618, -8.78783], [-39.30996, -8.7889]]]}}, {"type": "Feature", "properties": {"cd_sipra": "MF0319000", "nome_proje": "PA CACIMBA DA TORRE  GLEBA NOROESTE", "municipio": "JUAZEIRO", "uf": "BA", "area_hecta": "4373.1544", "num_famili": 29}, "geometry": {"type": "MultiPolygon", "coordinates": [[[[-39.91129, -9.27716], [-39.92299, -9.2485], [-39.88497, -9.19348], [-39.88458, -9.1938], [-39.88234, -9.19465], [-39.88468, -9.19306], [-39.88378, -9.19175], [-39.88158, -9.1931], [-39.87937, -9.19409], [-39.87651, -9.19477], [-39.87172, -9.19715], [-39.86894, -9.19822], [-39.86684, -9.1998], [-39.86534, -9.20158], [-39.86463, -9.20379], [-39.86466, -9.20807], [-39.86372, -9.21028], [-39.86294, -9.21533], [-39.86263, -9.22139], [-39.86315, -9.2233], [-39.86344, -9.22363], [-39.86352, -9.22653], [-39.86216, -9.22887], [-39.86216, -9.23021], [-39.86288, -9.2315], [-39.86327, -9.23273], [-39.86341, -9.23518], [-39.86328, -9.23627], [-39.86377, -9.2374], [-39.86565, -9.23966], [-39.87138, -9.24349], [-39.87206, -9.24614], [-39.8742, -9.25104], [-39.87314, -9.25303], [-39.87075, -9.25489], [-39.86982, -9.25662], [-39.86956, -9.25821], [-39.872, -9.26105], [-39.87469, -9.26334], [-39.87751, -9.26714], [-39.87952, -9.26864], [-39.87996, -9.27056], [-39.88007, -9.27237], [-39.87932, -9.27493], [-39.8789, -9.2792], [-39.87902, -9.28123], [-39.87966, -9.28262], [-39.87956, -9.28358], [-39.87881, -9.2855], [-39.87935, -9.2872], [-39.87979, -9.29051], [-39.88044, -9.29264], [-39.88022, -9.29523], [-39.91129, -9.27716]], [[-39.86412, -9.21048], [-39.86556, -9.2048], [-39.86662, -9.20322], [-39.8639, -9.21582], [-39.86412, -9.21048]]], [[[-39.86374, -9.23737], [-39.86328, -9.23631], [-39.86323, -9.23675], [-39.86374, -9.23737]]]]}}, {"type": "Feature", "properties": {"cd_sipra": "SE0094000", "nome_proje": "PA NOSSA SENHORA DA BOA HORA", "municipio": "NOSSA SENHORA DA GLORIA", "uf": "SE", "area_hecta": "502.1441", "num_famili": 25}, "geometry": {"type": "MultiPolygon", "coordinates": [[[[-37.63351, -10.21059], [-37.63186, -10.21088], [-37.63578, -10.2211], [-37.63717, -10.22667], [-37.63766, -10.22803], [-37.64038, -10.23335], [-37.64069, -10.23326], [-37.64094, -10.23339], [-37.64087, -10.23271], [-37.64186, -10.23132], [-37.64286, -10.23092], [-37.64445, -10.22989], [-37.64486, -10.2298], [-37.64505, -10.22937], [-37.64494, -10.22844], [-37.64571, -10.22804], [-37.65077, -10.22085], [-37.64902, -10.21174], [-37.64712, -10.21134], [-37.64439, -10.21107], [-37.6387, -10.2106], [-37.63351, -10.21059]]], [[[-37.64434, -10.2071], [-37.64102, -10.20867], [-37.6402, -10.20936], [-37.63868, -10.21029], [-37.64716, -10.21107], [-37.64893, -10.21143], [-37.64784, -10.20671], [-37.64591, -10.20734], [-37.64434, -10.2071]]], [[[-37.63278, -10.20027], [-37.63231, -10.20528], [-37.63281, -10.20528], [-37.63243, -10.20906], [-37.63193, -10.20912], [-37.6318, -10.21059], [-37.63349, -10.21032], [-37.63859, -10.21025], [-37.64097, -10.2086], [-37.64458, -10.20686], [-37.6448, -10.20705], [-37.6459, -10.20725], [-37.64783, -10.20662], [-37.64776, -10.20461], [-37.64805, -10.20422], [-37.64783, -10.20317], [-37.64628, -10.20119], [-37.64123, -10.20404], [-37.6384, -10.19923], [-37.63574, -10.20001], [-37.63278, -10.20027]]]]}}, {"type": "Feature", "properties": {"cd_sipra": "SE0121000", "nome_proje": "PA SÄO CRISTOVÄO", "municipio": "CARIRA", "uf": "SE", "area_hecta": "1130.8144", "num_famili": 52}, "geometry": {"type": "Polygon", "coordinates": [[[-37.70605, -10.17826], [-37.70585, -10.17742], [-37.7053, -10.1762], [-37.70417, -10.17523], [-37.70365, -10.17441], [-37.70314, -10.17284], [-37.69823, -10.17551], [-37.69401, -10.16906], [-37.69369, -10.16719], [-37.69203, -10.16824], [-37.69406, -10.17227], [-37.69378, -10.17237], [-37.69787, -10.17826], [-37.6989, -10.18068], [-37.69728, -10.18061], [-37.69721, -10.18077], [-37.69762, -10.18153], [-37.70113, -10.18737], [-37.70158, -10.18749], [-37.70221, -10.18711], [-37.7024, -10.18753], [-37.70194, -10.18802], [-37.70214, -10.18827], [-37.70119, -10.18941], [-37.7009, -10.18927], [-37.69966, -10.19066], [-37.70075, -10.19296], [-37.70213, -10.19241], [-37.70318, -10.19157], [-37.70444, -10.19167], [-37.7058, -10.19141], [-37.70625, -10.19114], [-37.70637, -10.19171], [-37.70135, -10.19836], [-37.70155, -10.20103], [-37.70144, -10.20111], [-37.70119, -10.19857], [-37.70073, -10.19903], [-37.69941, -10.20137], [-37.69751, -10.20298], [-37.69572, -10.19422], [-37.69469, -10.19489], [-37.69336, -10.19685], [-37.69141, -10.19802], [-37.69075, -10.19862], [-37.6901, -10.19957], [-37.68863, -10.20113], [-37.68796, -10.2023], [-37.68757, -10.2038], [-37.68753, -10.20461], [-37.68742, -10.20555], [-37.68587, -10.20596], [-37.68208, -10.20902], [-37.68585, -10.20597], [-37.68346, -10.20657], [-37.68296, -10.20693], [-37.68189, -10.20914], [-37.68192, -10.20962], [-37.68118, -10.20864], [-37.68043, -10.20836], [-37.67915, -10.20848], [-37.67825, -10.20754], [-37.67723, -10.20693], [-37.67712, -10.20729], [-37.67879, -10.21048], [-37.68006, -10.21165], [-37.67925, -10.2119], [-37.68181, -10.21462], [-37.68335, -10.21356], [-37.68396, -10.21354], [-37.68496, -10.21219], [-37.68392, -10.21164], [-37.6834, -10.21155], [-37.68254, -10.21174], [-37.68236, -10.21116], [-37.68283, -10.21099], [-37.68307, -10.21139], [-37.68453, -10.21124], [-37.68533, -10.21172], [-37.68554, -10.21271], [-37.69121, -10.22796], [-37.69873, -10.22334], [-37.69225, -10.21537], [-37.68825, -10.2125], [-37.68996, -10.21244], [-37.69754, -10.21389], [-37.6989, -10.21358], [-37.70367, -10.21351], [-37.70525, -10.21256], [-37.70689, -10.21417], [-37.70419, -10.22151], [-37.70495, -10.22323], [-37.70596, -10.22398], [-37.70757, -10.22452], [-37.71008, -10.22408], [-37.71157, -10.22303], [-37.71298, -10.22231], [-37.71283, -10.22115], [-37.71206, -10.21918], [-37.71377, -10.21859], [-37.71802, -10.21636], [-37.71767, -10.20686], [-37.7175, -10.20682], [-37.72205, -10.20578], [-37.72154, -10.20295], [-37.71922, -10.2024], [-37.71882, -10.20182], [-37.71572, -10.20171], [-37.71373, -10.20133], [-37.71333, -10.19736], [-37.71343, -10.19596], [-37.71439, -10.19052], [-37.71436, -10.18993], [-37.71219, -10.18989], [-37.71012, -10.18375], [-37.70996, -10.18245], [-37.71281, -10.18189], [-37.7117, -10.17758], [-37.71014, -10.1784], [-37.70815, -10.18159], [-37.7066, -10.18306], [-37.70648, -10.18474], [-37.70747, -10.18536], [-37.70732, -10.18604], [-37.70707, -10.18612], [-37.70619, -10.18587], [-37.70594, -10.18604], [-37.705, -10.18537], [-37.70289, -10.18536], [-37.70257, -10.18447], [-37.70191, -10.18128], [-37.70569, -10.18121], [-37.70605, -10.17826]]]}}, {"type": "Feature", "properties": {"cd_sipra": "SE0110000", "nome_proje": "PA JOÃO DO VALE", "municipio": "NOSSA SENHORA DA GLORIA", "uf": "SE", "area_hecta": "559.1057", "num_famili": 19}, "geometry": {"type": "Polygon", "coordinates": [[[-37.54183, -10.18634], [-37.54187, -10.1879], [-37.54289, -10.19037], [-37.54316, -10.19175], [-37.543, -10.19326], [-37.54379, -10.19492], [-37.54368, -10.19712], [-37.5434, -10.1978], [-37.5433, -10.19893], [-37.54359, -10.19949], [-37.54432, -10.19956], [-37.54502, -10.20013], [-37.54819, -10.19982], [-37.54977, -10.20129], [-37.55263, -10.20329], [-37.55489, -10.20531], [-37.55247, -10.20631], [-37.55354, -10.20754], [-37.55385, -10.20859], [-37.55708, -10.20717], [-37.56626, -10.20833], [-37.5662, -10.20422], [-37.56572, -10.20253], [-37.56489, -10.20093], [-37.57331, -10.19666], [-37.56943, -10.19357], [-37.56812, -10.19215], [-37.56771, -10.19091], [-37.56769, -10.18992], [-37.56721, -10.18847], [-37.56726, -10.1871], [-37.5547, -10.18742], [-37.55405, -10.18634], [-37.55295, -10.18573], [-37.55212, -10.18468], [-37.54183, -10.18634]]]}}, {"type": "Feature", "properties": {"cd_sipra": "SE0160000", "nome_proje": "PA ZÉ EMIDIO", "municipio": "NOSSA SENHORA DA GLORIA", "uf": "SE", "area_hecta": "852.0645", "num_famili": 23}, "geometry": {"type": "Polygon", "coordinates": [[[-37.35782, -10.14165], [-37.35749, -10.14228], [-37.35672, -10.14271], [-37.3539, -10.13804], [-37.35276, -10.13758], [-37.35301, -10.1371], [-37.35289, -10.13624], [-37.35425, -10.13452], [-37.35365, -10.13422], [-37.35334, -10.13422], [-37.35112, -10.13483], [-37.35019, -10.13482], [-37.34777, -10.13718], [-37.34569, -10.13985], [-37.34355, -10.14304], [-37.34407, -10.14548], [-37.3483, -10.14735], [-37.34688, -10.15114], [-37.3457, -10.15315], [-37.34031, -10.15525], [-37.34048, -10.15729], [-37.3474, -10.1619], [-37.34746, -10.16381], [-37.34631, -10.1649], [-37.34486, -10.16727], [-37.34388, -10.17007], [-37.34811, -10.16839], [-37.35049, -10.17508], [-37.35184, -10.17468], [-37.3577, -10.17005], [-37.35867, -10.17067], [-37.35839, -10.17008], [-37.36034, -10.16867], [-37.36139, -10.16631], [-37.36215, -10.1654], [-37.36415, -10.16542], [-37.36507, -10.16508], [-37.36552, -10.16453], [-37.36592, -10.16367], [-37.36597, -10.16121], [-37.36707, -10.15982], [-37.36754, -10.15857], [-37.36812, -10.15779], [-37.36827, -10.15699], [-37.37031, -10.15336], [-37.37109, -10.1505], [-37.37089, -10.15], [-37.37179, -10.14199], [-37.37168, -10.14141], [-37.37077, -10.14138], [-37.36989, -10.14071], [-37.3689, -10.1409], [-37.36847, -10.14114], [-37.36781, -10.14066], [-37.36724, -10.14049], [-37.36649, -10.1408], [-37.36622, -10.14109], [-37.36571, -10.14249], [-37.3655, -10.14265], [-37.364, -10.14244], [-37.36336, -10.14205], [-37.36102, -10.14166], [-37.36013, -10.14093], [-37.35853, -10.14037], [-37.35802, -10.14163], [-37.35782, -10.14165]]]}}, {"type": "Feature", "properties": {"cd_sipra": "SE0123000", "nome_proje": "PA LUIZ BELTRANO", "municipio": "NOSSA SENHORA DA GLORIA", "uf": "SE", "area_hecta": "536.2839", "num_famili": 20}, "geometry": {"type": "MultiPolygon", "coordinates": [[[[-37.67787, -10.13625], [-37.67801, -10.13601], [-37.67752, -10.13539], [-37.67755, -10.13468], [-37.67565, -10.1338], [-37.67546, -10.13318], [-37.67585, -10.13305], [-37.67596, -10.13264], [-37.67452, -10.13054], [-37.67284, -10.12944], [-37.67226, -10.12934], [-37.67216, -10.12919], [-37.67095, -10.13], [-37.66975, -10.13008], [-37.66863, -10.12867], [-37.66828, -10.12856], [-37.66771, -10.12608], [-37.66754, -10.12578], [-37.6673, -10.12572], [-37.66604, -10.12624], [-37.66462, -10.12817], [-37.66402, -10.12807], [-37.66526, -10.12863], [-37.66569, -10.13019], [-37.66542, -10.13504], [-37.66454, -10.13605], [-37.66326, -10.13945], [-37.66108, -10.13857], [-37.66059, -10.13948], [-37.65473, -10.14539], [-37.65591, -10.14568], [-37.65772, -10.14649], [-37.65865, -10.14721], [-37.66147, -10.14841], [-37.66221, -10.14853], [-37.66429, -10.1497], [-37.66499, -10.15044], [-37.66545, -10.15135], [-37.66634, -10.15206], [-37.66641, -10.15252], [-37.67296, -10.15262], [-37.67762, -10.14864], [-37.69087, -10.1484], [-37.68816, -10.14385], [-37.68552, -10.14128], [-37.68438, -10.14091], [-37.68078, -10.13858], [-37.67787, -10.13625]]], [[[-37.66757, -10.12579], [-37.66767, -10.12594], [-37.66764, -10.12581], [-37.66757, -10.12579]]]]}}, {"type": "Feature", "properties": {"cd_sipra": "SE0203000", "nome_proje": "PE COLONIA AGRICOLA NOSSA SENHORA APARECIDA", "municipio": "NOSSA SENHORA DA GLORIA", "uf": "SE", "area_hecta": "240.9795", "num_famili": 11}, "geometry": {"type": "Polygon", "coordinates": [[[-37.65021, -10.1234], [-37.64921, -10.12341], [-37.64855, -10.12607], [-37.64674, -10.12932], [-37.64364, -10.13408], [-37.64185, -10.13603], [-37.6431, -10.13705], [-37.64373, -10.13658], [-37.64621, -10.13851], [-37.64552, -10.13923], [-37.64624, -10.13998], [-37.64966, -10.14156], [-37.65057, -10.14267], [-37.65598, -10.13433], [-37.65514, -10.13191], [-37.6562, -10.13113], [-37.6613, -10.12841], [-37.65991, -10.12745], [-37.66067, -10.12582], [-37.66035, -10.12512], [-37.66047, -10.12471], [-37.66019, -10.12363], [-37.65828, -10.12234], [-37.65798, -10.12163], [-37.65525, -10.12253], [-37.65021, -10.1234]]]}}, {"type": "Feature", "properties": {"cd_sipra": "SE0148000", "nome_proje": "PA NOVA ALEGRIA", "municipio": "NOSSA SENHORA DA GLORIA", "uf": "SE", "area_hecta": "490.1482", "num_famili": 23}, "geometry": {"type": "Polygon", "coordinates": [[[-37.65041, -10.10359], [-37.64945, -10.10982], [-37.64778, -10.11003], [-37.64582, -10.11059], [-37.64614, -10.11112], [-37.64596, -10.1113], [-37.64599, -10.11206], [-37.64698, -10.11298], [-37.64787, -10.11553], [-37.64834, -10.11616], [-37.64764, -10.11717], [-37.64715, -10.11908], [-37.63914, -10.11973], [-37.63892, -10.12316], [-37.63899, -10.12345], [-37.64015, -10.12493], [-37.64053, -10.12671], [-37.6412, -10.1278], [-37.64089, -10.12938], [-37.64115, -10.13059], [-37.64099, -10.13335], [-37.64125, -10.13505], [-37.6415, -10.13568], [-37.64183, -10.13602], [-37.64363, -10.13408], [-37.64747, -10.12819], [-37.64854, -10.12607], [-37.6492, -10.12342], [-37.65338, -10.12292], [-37.65518, -10.12253], [-37.65787, -10.12168], [-37.65802, -10.12159], [-37.65766, -10.1206], [-37.6582, -10.12011], [-37.65852, -10.1194], [-37.65934, -10.11933], [-37.65978, -10.1191], [-37.65982, -10.11865], [-37.66015, -10.11863], [-37.66069, -10.11803], [-37.66146, -10.11836], [-37.66223, -10.11808], [-37.66257, -10.11822], [-37.66375, -10.11771], [-37.66447, -10.11794], [-37.66462, -10.11757], [-37.66441, -10.11639], [-37.66485, -10.11536], [-37.66467, -10.11536], [-37.66414, -10.11457], [-37.66398, -10.11274], [-37.66592, -10.11084], [-37.66637, -10.11065], [-37.66671, -10.10987], [-37.66696, -10.11014], [-37.66741, -10.10994], [-37.66735, -10.10901], [-37.66768, -10.1084], [-37.66762, -10.10712], [-37.66725, -10.10685], [-37.66642, -10.10493], [-37.65927, -10.10661], [-37.65694, -10.10222], [-37.6547, -10.10173], [-37.65282, -10.10088], [-37.65124, -10.09974], [-37.65041, -10.10359]]]}}, {"type": "Feature", "properties": {"cd_sipra": "SE0034000", "nome_proje": "PA BOM JARDIM", "municipio": "MONTE ALEGRE DE SERGIPE", "uf": "SE", "area_hecta": "603.6514", "num_famili": 27}, "geometry": {"type": "Polygon", "coordinates": [[[-37.68234, -10.12392], [-37.68262, -10.1238], [-37.68323, -10.12387], [-37.68356, -10.12373], [-37.6839, -10.12307], [-37.68414, -10.123], [-37.68428, -10.1233], [-37.68447, -10.12324], [-37.68484, -10.12291], [-37.68499, -10.12241], [-37.68551, -10.12213], [-37.6868, -10.12168], [-37.68764, -10.12175], [-37.68866, -10.12277], [-37.68959, -10.12315], [-37.69038, -10.12317], [-37.691, -10.12406], [-37.69202, -10.12374], [-37.69531, -10.1214], [-37.69688, -10.12071], [-37.6984, -10.11886], [-37.6974, -10.11462], [-37.69504, -10.10952], [-37.69211, -10.10992], [-37.69205, -10.10216], [-37.6879, -10.10276], [-37.68727, -10.10275], [-37.68734, -10.10245], [-37.68628, -10.10232], [-37.68559, -10.10247], [-37.68383, -10.10248], [-37.68346, -10.10684], [-37.68357, -10.11156], [-37.6833, -10.11456], [-37.68249, -10.11493], [-37.6818, -10.11488], [-37.68006, -10.11529], [-37.67766, -10.11688], [-37.67665, -10.11688], [-37.67555, -10.1176], [-37.67453, -10.11701], [-37.67425, -10.11702], [-37.67141, -10.118], [-37.67082, -10.11789], [-37.6694, -10.1182], [-37.66964, -10.11733], [-37.66775, -10.11717], [-37.66826, -10.11546], [-37.66463, -10.11535], [-37.66419, -10.11636], [-37.6644, -10.11754], [-37.66425, -10.11791], [-37.66353, -10.11768], [-37.66235, -10.11819], [-37.66201, -10.11805], [-37.66124, -10.11833], [-37.66046, -10.118], [-37.65993, -10.1186], [-37.6596, -10.11862], [-37.65956, -10.11907], [-37.65873, -10.11938], [-37.66058, -10.12142], [-37.66096, -10.12725], [-37.66171, -10.12804], [-37.66501, -10.12656], [-37.66515, -10.12614], [-37.66596, -10.12542], [-37.66763, -10.12525], [-37.6685, -10.12677], [-37.67057, -10.12712], [-37.67335, -10.12557], [-37.67454, -10.12424], [-37.67808, -10.12209], [-37.68046, -10.12219], [-37.68228, -10.12247], [-37.68234, -10.12392]]]}}, {"type": "Feature", "properties": {"cd_sipra": "SE0208000", "nome_proje": "PE COLONIA AGRICOLA PAULO FREIRE II", "municipio": "NOSSA SENHORA DA GLORIA", "uf": "SE", "area_hecta": "605.0000", "num_famili": 30}, "geometry": {"type": "Polygon", "coordinates": [[[-37.7026, -10.14957], [-37.70201, -10.15083], [-37.70121, -10.15138], [-37.70055, -10.15225], [-37.70863, -10.15855], [-37.72172, -10.16824], [-37.72313, -10.16487], [-37.72513, -10.16188], [-37.72627, -10.16119], [-37.728, -10.15976], [-37.73459, -10.15683], [-37.73622, -10.15633], [-37.72866, -10.14878], [-37.72535, -10.1449], [-37.72016, -10.14259], [-37.7177, -10.14068], [-37.71279, -10.13611], [-37.7026, -10.14957]]]}}, {"type": "Feature", "properties": {"cd_sipra": "SE0202000", "nome_proje": "PE COLONIA AGRICOLA NOVA VIDA", "municipio": "NOSSA SENHORA DA GLORIA", "uf": null, "area_hecta": "409.7213", "num_famili": 17}, "geometry": {"type": "Polygon", "coordinates": [[[-37.72206, -10.1243], [-37.72157, -10.12491], [-37.72115, -10.12503], [-37.72036, -10.12468], [-37.71973, -10.12497], [-37.71895, -10.12477], [-37.71739, -10.12563], [-37.71688, -10.12525], [-37.71528, -10.12506], [-37.71463, -10.12525], [-37.71381, -10.12443], [-37.71371, -10.12402], [-37.7109, -10.12197], [-37.71069, -10.12148], [-37.70952, -10.12197], [-37.70826, -10.12204], [-37.70773, -10.12232], [-37.70691, -10.12315], [-37.70618, -10.12336], [-37.70547, -10.1242], [-37.70432, -10.12453], [-37.70371, -10.12572], [-37.70244, -10.12594], [-37.70072, -10.12587], [-37.7001, -10.12621], [-37.69988, -10.1265], [-37.70093, -10.12719], [-37.70147, -10.12846], [-37.70161, -10.12934], [-37.70043, -10.13166], [-37.69944, -10.13305], [-37.7003, -10.1344], [-37.70342, -10.13769], [-37.70969, -10.14008], [-37.71272, -10.13606], [-37.71477, -10.13794], [-37.72251, -10.13396], [-37.72431, -10.13242], [-37.72735, -10.13094], [-37.72763, -10.13012], [-37.72723, -10.1301], [-37.7269, -10.12977], [-37.72619, -10.12861], [-37.72613, -10.12751], [-37.72584, -10.12731], [-37.72537, -10.12732], [-37.72795, -10.12144], [-37.72777, -10.12113], [-37.7272, -10.12037], [-37.72624, -10.11996], [-37.72571, -10.11991], [-37.72545, -10.11965], [-37.72547, -10.11932], [-37.7223, -10.12352], [-37.72206, -10.1243]]]}}, {"type": "Feature", "properties": {"cd_sipra": "SE0014000", "nome_proje": "PA NOSSA SENHORA APARECIDA", "municipio": "MONTE ALEGRE DE SERGIPE", "uf": "SE", "area_hecta": "400.0000", "num_famili": 24}, "geometry": {"type": "Polygon", "coordinates": [[[-37.77012, -10.12342], [-37.76956, -10.12406], [-37.76829, -10.12492], [-37.76609, -10.12759], [-37.76353, -10.13141], [-37.76341, -10.13222], [-37.76353, -10.13496], [-37.76647, -10.13701], [-37.7712, -10.14202], [-37.77263, -10.1415], [-37.77382, -10.14402], [-37.7742, -10.14226], [-37.77636, -10.13967], [-37.7769, -10.13815], [-37.77718, -10.13615], [-37.77714, -10.13528], [-37.78016, -10.13007], [-37.78074, -10.13134], [-37.78324, -10.12824], [-37.78471, -10.12719], [-37.78665, -10.12395], [-37.78674, -10.12337], [-37.78903, -10.11995], [-37.79032, -10.11738], [-37.79088, -10.11673], [-37.79313, -10.11548], [-37.7953, -10.11261], [-37.80043, -10.10782], [-37.80214, -10.10641], [-37.80091, -10.10212], [-37.80081, -10.10096], [-37.79998, -10.09845], [-37.7999, -10.09745], [-37.79898, -10.09538], [-37.7985, -10.09532], [-37.79713, -10.09572], [-37.79532, -10.09682], [-37.79517, -10.09674], [-37.79227, -10.0987], [-37.79118, -10.099], [-37.79073, -10.09889], [-37.79046, -10.09857], [-37.78941, -10.09886], [-37.78974, -10.10141], [-37.78772, -10.1022], [-37.78571, -10.10424], [-37.78452, -10.10674], [-37.78315, -10.11421], [-37.78397, -10.10779], [-37.78229, -10.10974], [-37.782, -10.11683], [-37.78031, -10.11733], [-37.77858, -10.11833], [-37.774, -10.12036], [-37.77169, -10.12111], [-37.77084, -10.12207], [-37.77012, -10.12342]]]}}, {"type": "Feature", "properties": {"cd_sipra": "SE0122000", "nome_proje": "PA PRIMEIRO DE MAIO", "municipio": "MONTE ALEGRE DE SERGIPE", "uf": "SE", "area_hecta": "665.3294", "num_famili": 24}, "geometry": {"type": "MultiPolygon", "coordinates": [[[[-37.72298, -10.10599], [-37.72201, -10.10699], [-37.71598, -10.11093], [-37.71424, -10.11277], [-37.71128, -10.11407], [-37.70941, -10.11547], [-37.70787, -10.11627], [-37.70712, -10.11745], [-37.70657, -10.11796], [-37.70785, -10.12166], [-37.70882, -10.12142], [-37.70912, -10.12168], [-37.71053, -10.12111], [-37.71091, -10.12197], [-37.71355, -10.12388], [-37.71394, -10.1246], [-37.71442, -10.12519], [-37.71465, -10.12525], [-37.71528, -10.12506], [-37.71628, -10.12542], [-37.71688, -10.12525], [-37.71739, -10.12563], [-37.71895, -10.12477], [-37.71973, -10.12497], [-37.72013, -10.12472], [-37.72058, -10.12471], [-37.73179, -10.10981], [-37.72398, -10.10381], [-37.72335, -10.10469], [-37.72298, -10.10599]]], [[[-37.70689, -10.09925], [-37.70688, -10.09979], [-37.70644, -10.10067], [-37.70465, -10.10261], [-37.70878, -10.10952], [-37.70853, -10.1111], [-37.70698, -10.11183], [-37.70632, -10.11149], [-37.70782, -10.1162], [-37.70936, -10.11539], [-37.71123, -10.11399], [-37.71394, -10.11288], [-37.71583, -10.11093], [-37.72196, -10.10692], [-37.7229, -10.10595], [-37.72327, -10.10465], [-37.72562, -10.10155], [-37.7228, -10.10082], [-37.72178, -10.10011], [-37.71976, -10.10048], [-37.71792, -10.10048], [-37.71689, -10.0996], [-37.71571, -10.09918], [-37.71482, -10.09849], [-37.70905, -10.0988], [-37.70839, -10.0974], [-37.70763, -10.09733], [-37.70666, -10.09774], [-37.70629, -10.09839], [-37.70689, -10.09925]]], [[[-37.70069, -10.10201], [-37.70082, -10.10254], [-37.70075, -10.10297], [-37.70311, -10.10138], [-37.70426, -10.10255], [-37.70621, -10.10052], [-37.70666, -10.09944], [-37.706, -10.09834], [-37.70442, -10.09861], [-37.7038, -10.09843], [-37.70225, -10.09843], [-37.69962, -10.09786], [-37.69942, -10.09944], [-37.70069, -10.10201]]], [[[-37.69913, -10.0962], [-37.69961, -10.09774], [-37.70226, -10.09834], [-37.70381, -10.09834], [-37.70467, -10.09851], [-37.70599, -10.09822], [-37.70628, -10.09773], [-37.70616, -10.09757], [-37.70772, -10.09483], [-37.70746, -10.09416], [-37.70619, -10.09263], [-37.7059, -10.092], [-37.70392, -10.09199], [-37.70155, -10.09322], [-37.70113, -10.09408], [-37.69913, -10.0962]]]]}}, {"type": "Feature", "properties": {"cd_sipra": "BA0980000", "nome_proje": "PA PROVIDENCIA", "municipio": "PEDRO ALEXANDRE", "uf": "BA", "area_hecta": "354.1694", "num_famili": 16}, "geometry": {"type": "Polygon", "coordinates": [[[-37.87905, -10.09012], [-37.87056, -10.09348], [-37.87058, -10.0951], [-37.87471, -10.10219], [-37.8732, -10.10379], [-37.87111, -10.10555], [-37.86927, -10.10662], [-37.86897, -10.10738], [-37.86728, -10.1099], [-37.8666, -10.11011], [-37.86588, -10.1094], [-37.86492, -10.10919], [-37.86407, -10.10932], [-37.86063, -10.11173], [-37.8614, -10.11341], [-37.86141, -10.114], [-37.86101, -10.11484], [-37.86132, -10.11617], [-37.85861, -10.1184], [-37.85906, -10.11884], [-37.85943, -10.11852], [-37.86168, -10.11854], [-37.86273, -10.11836], [-37.86422, -10.11786], [-37.86588, -10.11508], [-37.86606, -10.11447], [-37.86585, -10.11395], [-37.86691, -10.11207], [-37.87055, -10.11197], [-37.87028, -10.11072], [-37.86908, -10.10864], [-37.86941, -10.10836], [-37.8696, -10.10857], [-37.87067, -10.10901], [-37.87144, -10.10843], [-37.87709, -10.10613], [-37.87864, -10.10787], [-37.88518, -10.10491], [-37.8896, -10.10311], [-37.88963, -10.10219], [-37.88691, -10.0975], [-37.88555, -10.09287], [-37.88482, -10.09356], [-37.88187, -10.08769], [-37.87912, -10.09042], [-37.87905, -10.09012]]]}}, {"type": "Feature", "properties": {"cd_sipra": "SE0187000", "nome_proje": "PE COLONIA AGRICOLA JOSE RENILSON DE MENEZES", "municipio": "MONTE ALEGRE DE SERGIPE", "uf": "SE", "area_hecta": "339.6096", "num_famili": 14}, "geometry": {"type": "Polygon", "coordinates": [[[-37.74885, -10.08827], [-37.74991, -10.09009], [-37.75058, -10.09202], [-37.75092, -10.0925], [-37.74786, -10.09582], [-37.74881, -10.09651], [-37.74979, -10.09758], [-37.75116, -10.09978], [-37.75294, -10.10077], [-37.75152, -10.10245], [-37.74907, -10.10594], [-37.74746, -10.10734], [-37.74566, -10.10947], [-37.74476, -10.11082], [-37.74398, -10.11149], [-37.74421, -10.11241], [-37.74512, -10.11194], [-37.74572, -10.11207], [-37.74777, -10.11123], [-37.74786, -10.11069], [-37.7484, -10.10966], [-37.74923, -10.1095], [-37.75, -10.1086], [-37.75035, -10.10834], [-37.75104, -10.10836], [-37.7519, -10.10746], [-37.75249, -10.10789], [-37.75287, -10.10753], [-37.7536, -10.10745], [-37.75409, -10.10685], [-37.75492, -10.1066], [-37.75577, -10.10659], [-37.75683, -10.10696], [-37.75805, -10.10637], [-37.75836, -10.10515], [-37.75938, -10.10524], [-37.75959, -10.10474], [-37.76088, -10.10486], [-37.76354, -10.10285], [-37.76338, -10.10184], [-37.76434, -10.10051], [-37.76406, -10.09989], [-37.76432, -10.09948], [-37.76443, -10.09877], [-37.76612, -10.09764], [-37.76639, -10.09729], [-37.76241, -10.09277], [-37.76198, -10.0909], [-37.76156, -10.09138], [-37.75463, -10.08065], [-37.74885, -10.08827]]]}}, {"type": "Feature", "properties": {"cd_sipra": "BA0983000", "nome_proje": "PA CAMPO ALEGRE I", "municipio": "PEDRO ALEXANDRE", "uf": "BA", "area_hecta": "1065.9561", "num_famili": 0}, "geometry": {"type": "Polygon", "coordinates": [[[-37.90017, -10.09349], [-37.90248, -10.09677], [-37.90108, -10.09755], [-37.90313, -10.10081], [-37.90727, -10.09914], [-37.91657, -10.09658], [-37.91615, -10.09601], [-37.92363, -10.09447], [-37.92803, -10.09375], [-37.92836, -10.09105], [-37.93339, -10.08838], [-37.9356, -10.08777], [-37.93628, -10.09029], [-37.9325, -10.09064], [-37.93396, -10.09558], [-37.94743, -10.09292], [-37.94741, -10.0908], [-37.94705, -10.09034], [-37.94703, -10.0899], [-37.94675, -10.08974], [-37.94668, -10.08907], [-37.94621, -10.08855], [-37.94659, -10.08776], [-37.94652, -10.08744], [-37.95558, -10.08398], [-37.9533, -10.07961], [-37.95619, -10.07499], [-37.9639, -10.07028], [-37.96237, -10.0677], [-37.95324, -10.07276], [-37.95233, -10.07208], [-37.94985, -10.06915], [-37.94907, -10.06854], [-37.94272, -10.06828], [-37.94295, -10.07111], [-37.94318, -10.07215], [-37.94342, -10.07254], [-37.94472, -10.07322], [-37.94428, -10.07314], [-37.94393, -10.07348], [-37.94363, -10.07334], [-37.94163, -10.07406], [-37.94101, -10.07312], [-37.94072, -10.07211], [-37.93874, -10.07352], [-37.93948, -10.07481], [-37.94039, -10.07756], [-37.93745, -10.07891], [-37.93871, -10.08291], [-37.92872, -10.08618], [-37.92565, -10.07971], [-37.92161, -10.08072], [-37.92161, -10.08019], [-37.92033, -10.08059], [-37.92034, -10.07955], [-37.91827, -10.08032], [-37.91759, -10.07145], [-37.91649, -10.07239], [-37.91501, -10.0731], [-37.911, -10.07557], [-37.90798, -10.07675], [-37.90818, -10.08245], [-37.909, -10.08669], [-37.90235, -10.08716], [-37.89784, -10.08881], [-37.90017, -10.09349]]]}}, {"type": "Feature", "properties": {"cd_sipra": "SE0111000", "nome_proje": "PA RAIMUNDO MONTEIRO DA SILVA", "municipio": "MONTE ALEGRE DE SERGIPE", "uf": "SE", "area_hecta": "602.4206", "num_famili": 21}, "geometry": {"type": "MultiPolygon", "coordinates": [[[[-37.71447, -10.09777], [-37.71409, -10.09743], [-37.71174, -10.09709], [-37.71101, -10.09668], [-37.71022, -10.09651], [-37.70914, -10.09583], [-37.70813, -10.0968], [-37.70905, -10.0988], [-37.71482, -10.09849], [-37.71447, -10.09777]]], [[[-37.71358, -10.08775], [-37.71424, -10.08966], [-37.71476, -10.09043], [-37.7141, -10.0945], [-37.71421, -10.0953], [-37.71478, -10.09685], [-37.71486, -10.09796], [-37.71506, -10.09836], [-37.71569, -10.09886], [-37.71695, -10.09932], [-37.7178, -10.10013], [-37.71977, -10.10022], [-37.72281, -10.09799], [-37.72225, -10.09725], [-37.72359, -10.09666], [-37.7244, -10.09505], [-37.72404, -10.09407], [-37.72416, -10.09363], [-37.72579, -10.09117], [-37.72578, -10.08927], [-37.72549, -10.08755], [-37.72534, -10.08741], [-37.72431, -10.08738], [-37.72278, -10.08609], [-37.72162, -10.08594], [-37.71809, -10.08491], [-37.71693, -10.08483], [-37.71585, -10.08527], [-37.71358, -10.08775]]], [[[-37.73032, -10.08681], [-37.72759, -10.08702], [-37.72556, -10.08747], [-37.72578, -10.08927], [-37.72593, -10.09051], [-37.73007, -10.09016], [-37.73086, -10.09106], [-37.7311, -10.09164], [-37.73239, -10.09264], [-37.7328, -10.0923], [-37.73335, -10.09223], [-37.73432, -10.09226], [-37.73488, -10.09259], [-37.7356, -10.09149], [-37.73635, -10.09085], [-37.73664, -10.09031], [-37.73708, -10.0892], [-37.73698, -10.08846], [-37.73597, -10.0872], [-37.73532, -10.08684], [-37.7344, -10.08534], [-37.73032, -10.08681]]], [[[-37.70605, -10.07697], [-37.70797, -10.0805], [-37.70881, -10.08248], [-37.70961, -10.0855], [-37.70867, -10.08532], [-37.70685, -10.0863], [-37.70632, -10.08596], [-37.70585, -10.08521], [-37.70451, -10.0857], [-37.70374, -10.08563], [-37.70335, -10.08611], [-37.70336, -10.08637], [-37.70506, -10.08937], [-37.7062, -10.09212], [-37.70602, -10.09214], [-37.70619, -10.09263], [-37.70746, -10.09416], [-37.70772, -10.09483], [-37.70801, -10.09654], [-37.70885, -10.09565], [-37.70918, -10.09554], [-37.71009, -10.09614], [-37.71109, -10.09642], [-37.71154, -10.09674], [-37.71418, -10.09717], [-37.71473, -10.09767], [-37.71469, -10.09687], [-37.71412, -10.09532], [-37.714, -10.0945], [-37.71467, -10.09043], [-37.71416, -10.0897], [-37.71361, -10.08832], [-37.71358, -10.08775], [-37.71357, -10.08754], [-37.71567, -10.08528], [-37.71706, -10.08471], [-37.71826, -10.08485], [-37.72165, -10.08585], [-37.72267, -10.08599], [-37.72155, -10.08442], [-37.72061, -10.08383], [-37.7198, -10.08231], [-37.71895, -10.08186], [-37.71782, -10.08161], [-37.71701, -10.08182], [-37.71618, -10.08098], [-37.71655, -10.08009], [-37.71698, -10.08022], [-37.71795, -10.07967], [-37.7169, -10.07577], [-37.71652, -10.07291], [-37.71137, -10.07447], [-37.70605, -10.07697]]], [[[-37.72589, -10.06362], [-37.72539, -10.06415], [-37.72456, -10.06546], [-37.72396, -10.06595], [-37.72379, -10.06686], [-37.7225, -10.06868], [-37.72207, -10.07016], [-37.71939, -10.07194], [-37.71762, -10.07219], [-37.71661, -10.07288], [-37.71698, -10.07576], [-37.71805, -10.07972], [-37.71699, -10.08031], [-37.71656, -10.0802], [-37.71627, -10.08091], [-37.71705, -10.08173], [-37.71787, -10.08152], [-37.71898, -10.08177], [-37.71986, -10.08224], [-37.72067, -10.08377], [-37.72161, -10.08435], [-37.72274, -10.08594], [-37.72452, -10.08736], [-37.72571, -10.08736], [-37.72758, -10.08693], [-37.73058, -10.08667], [-37.732, -10.08602], [-37.73434, -10.08526], [-37.73414, -10.08511], [-37.73421, -10.08477], [-37.73363, -10.08051], [-37.73119, -10.08184], [-37.73064, -10.08198], [-37.72791, -10.08201], [-37.72678, -10.0805], [-37.72489, -10.07937], [-37.72093, -10.08004], [-37.72062, -10.07999], [-37.72054, -10.0795], [-37.7247, -10.07613], [-37.72479, -10.07521], [-37.72685, -10.07139], [-37.72785, -10.06895], [-37.72995, -10.06796], [-37.72966, -10.06642], [-37.72946, -10.06333], [-37.72632, -10.06342], [-37.72589, -10.06362]]], [[[-37.71896, -10.07195], [-37.71934, -10.07186], [-37.722, -10.0701], [-37.72242, -10.06865], [-37.7237, -10.06682], [-37.72388, -10.0659], [-37.72448, -10.06541], [-37.72486, -10.06468], [-37.72583, -10.06355], [-37.72632, -10.06333], [-37.72897, -10.06333], [-37.73023, -10.06318], [-37.73178, -10.06175], [-37.73196, -10.06017], [-37.73164, -10.05918], [-37.7313, -10.05892], [-37.71807, -10.06926], [-37.71875, -10.07096], [-37.71896, -10.07195]]]]}}, {"type": "Feature", "properties": {"cd_sipra": "SE0080000", "nome_proje": "PA SÃO RAIMUNDO", "municipio": "MONTE ALEGRE DE SERGIPE", "uf": "SE", "area_hecta": "266.4884", "num_famili": 9}, "geometry": {"type": "MultiPolygon", "coordinates": [[[[-37.76012, -10.04699], [-37.75962, -10.04782], [-37.75709, -10.05076], [-37.75803, -10.05385], [-37.75906, -10.05455], [-37.75927, -10.05579], [-37.75875, -10.05671], [-37.75904, -10.05866], [-37.76048, -10.05808], [-37.76054, -10.05716], [-37.76429, -10.05436], [-37.76309, -10.04956], [-37.76335, -10.04794], [-37.76302, -10.04712], [-37.76318, -10.0455], [-37.76295, -10.04495], [-37.76302, -10.04415], [-37.76107, -10.04431], [-37.76093, -10.04494], [-37.76055, -10.04544], [-37.76012, -10.04699]]], [[[-37.75397, -10.05165], [-37.7542, -10.05481], [-37.75305, -10.0557], [-37.75208, -10.05696], [-37.75154, -10.05741], [-37.75539, -10.05966], [-37.75566, -10.05891], [-37.75809, -10.05903], [-37.75895, -10.0587], [-37.75866, -10.05671], [-37.75869, -10.05643], [-37.75918, -10.05576], [-37.75897, -10.05459], [-37.75795, -10.05391], [-37.75702, -10.05082], [-37.75397, -10.05165]]], [[[-37.74827, -10.05946], [-37.7495, -10.05814], [-37.75077, -10.05742], [-37.74743, -10.05685], [-37.74783, -10.05744], [-37.74827, -10.05946]]], [[[-37.74405, -10.05939], [-37.74426, -10.05982], [-37.74537, -10.06012], [-37.74549, -10.06033], [-37.74616, -10.05981], [-37.74818, -10.05947], [-37.74775, -10.05748], [-37.74729, -10.05683], [-37.74488, -10.05638], [-37.74445, -10.05791], [-37.74357, -10.05938], [-37.74405, -10.05939]]], [[[-37.74315, -10.05235], [-37.74488, -10.05315], [-37.74496, -10.05427], [-37.74473, -10.05608], [-37.75145, -10.05734], [-37.75201, -10.05691], [-37.75295, -10.05568], [-37.75411, -10.05477], [-37.75386, -10.05157], [-37.75326, -10.0511], [-37.75267, -10.05012], [-37.75269, -10.04924], [-37.75116, -10.04926], [-37.75023, -10.04969], [-37.7491, -10.04952], [-37.74835, -10.04896], [-37.74728, -10.04931], [-37.7463, -10.0506], [-37.74565, -10.05031], [-37.7444, -10.04785], [-37.74158, -10.05014], [-37.74254, -10.05185], [-37.74326, -10.05182], [-37.74315, -10.05235]]], [[[-37.74955, -10.05822], [-37.7483, -10.05957], [-37.74836, -10.06035], [-37.7507, -10.06193], [-37.75379, -10.06666], [-37.75528, -10.05991], [-37.75309, -10.05853], [-37.75104, -10.05749], [-37.74955, -10.05822]]]]}}, {"type": "Feature", "properties": {"cd_sipra": "BA0982000", "nome_proje": "PA NOVO SONHO", "municipio": "PEDRO ALEXANDRE", "uf": "BA", "area_hecta": "1155.9200", "num_famili": 51}, "geometry": {"type": "Polygon", "coordinates": [[[-37.83902, -9.99457], [-37.82323, -9.99765], [-37.81892, -10.00419], [-37.81836, -10.00421], [-37.81755, -10.00398], [-37.81567, -10.00223], [-37.81439, -10.00072], [-37.8103, -10.00639], [-37.8105, -10.00706], [-37.81168, -10.00799], [-37.81309, -10.00783], [-37.8148, -10.00815], [-37.81576, -10.00781], [-37.81519, -10.00643], [-37.81612, -10.00571], [-37.8192, -10.01376], [-37.82079, -10.01381], [-37.82376, -10.01592], [-37.82478, -10.01624], [-37.82606, -10.01777], [-37.82746, -10.01869], [-37.82864, -10.01906], [-37.82875, -10.01988], [-37.82661, -10.02109], [-37.82605, -10.02098], [-37.82553, -10.02124], [-37.8251, -10.02126], [-37.82053, -10.02056], [-37.82057, -10.02103], [-37.82344, -10.02377], [-37.82223, -10.02492], [-37.82215, -10.0254], [-37.82335, -10.02569], [-37.82424, -10.02659], [-37.82478, -10.02745], [-37.82491, -10.02733], [-37.82593, -10.02853], [-37.82633, -10.02854], [-37.82648, -10.02909], [-37.8295, -10.02786], [-37.82992, -10.02752], [-37.83109, -10.02591], [-37.83307, -10.02105], [-37.83304, -10.01909], [-37.83233, -10.01917], [-37.83177, -10.01872], [-37.83214, -10.01864], [-37.83234, -10.01801], [-37.8326, -10.01794], [-37.83299, -10.01815], [-37.83288, -10.01878], [-37.83518, -10.0195], [-37.83605, -10.02006], [-37.83748, -10.0206], [-37.83939, -10.02102], [-37.83963, -10.02079], [-37.83982, -10.02089], [-37.8397, -10.0212], [-37.84075, -10.02202], [-37.84129, -10.02285], [-37.84466, -10.02555], [-37.84481, -10.0252], [-37.84638, -10.02533], [-37.84647, -10.0264], [-37.84841, -10.02702], [-37.84819, -10.02538], [-37.84956, -10.02549], [-37.84959, -10.02662], [-37.85025, -10.02656], [-37.85037, -10.0268], [-37.85139, -10.0271], [-37.85502, -10.02775], [-37.85802, -10.02957], [-37.85857, -10.0304], [-37.85989, -10.03136], [-37.85914, -10.02973], [-37.85799, -10.02366], [-37.85965, -10.02269], [-37.85902, -10.01591], [-37.85847, -10.01514], [-37.85805, -10.01237], [-37.85369, -9.99814], [-37.85488, -9.99303], [-37.85449, -9.99198], [-37.85449, -9.98925], [-37.849, -9.98878], [-37.84774, -9.98923], [-37.84692, -9.99077], [-37.84577, -9.99213], [-37.84485, -9.99284], [-37.84132, -9.99473], [-37.83902, -9.99457]]]}}, {"type": "Feature", "properties": {"cd_sipra": "SE0068000", "nome_proje": "PA CACHOEIRINHA", "municipio": "GARARU", "uf": "SE", "area_hecta": "2670.7916", "num_famili": 88}, "geometry": {"type": "MultiPolygon", "coordinates": [[[[-37.38501, -10.09287], [-37.38504, -10.09251], [-37.38498, -10.09122], [-37.3842, -10.08881], [-37.38456, -10.0928], [-37.38501, -10.09287]]], [[[-37.38377, -10.08806], [-37.38358, -10.08791], [-37.38408, -10.08847], [-37.38377, -10.08806]]], [[[-37.35835, -10.11489], [-37.35976, -10.11269], [-37.36457, -10.10967], [-37.36531, -10.1094], [-37.36615, -10.10844], [-37.36825, -10.10681], [-37.3714, -10.10376], [-37.37357, -10.10192], [-37.37514, -10.10082], [-37.37614, -10.10025], [-37.38091, -10.09945], [-37.38253, -10.0986], [-37.38498, -10.09799], [-37.3848, -10.09608], [-37.38499, -10.09296], [-37.38457, -10.09289], [-37.38478, -10.09524], [-37.37486, -10.09743], [-37.35806, -10.11325], [-37.35835, -10.11489]]]]}}, {"type": "Feature", "properties": {"cd_sipra": "SE0116000", "nome_proje": "PA JOSÉ RIBAMAR", "municipio": "NOSSA SENHORA DA GLORIA", "uf": "SE", "area_hecta": "823.9632", "num_famili": 32}, "geometry": {"type": "Polygon", "coordinates": [[[-37.42676, -10.06632], [-37.42565, -10.06754], [-37.42536, -10.06805], [-37.42477, -10.07019], [-37.4236, -10.07209], [-37.42237, -10.07246], [-37.42005, -10.07267], [-37.41938, -10.07291], [-37.41838, -10.07426], [-37.41709, -10.07673], [-37.41636, -10.07752], [-37.41593, -10.07762], [-37.41505, -10.07731], [-37.41488, -10.07752], [-37.41435, -10.07685], [-37.41387, -10.07661], [-37.41054, -10.07946], [-37.41087, -10.08006], [-37.4117, -10.08042], [-37.41214, -10.08152], [-37.41287, -10.08242], [-37.41396, -10.08542], [-37.41381, -10.08642], [-37.41401, -10.08759], [-37.41674, -10.08725], [-37.41843, -10.08674], [-37.41647, -10.09069], [-37.41552, -10.09182], [-37.41705, -10.0929], [-37.41805, -10.09397], [-37.42267, -10.09164], [-37.42457, -10.0941], [-37.42482, -10.09524], [-37.42406, -10.09598], [-37.4227, -10.09959], [-37.42543, -10.10174], [-37.43098, -10.09663], [-37.4319, -10.09735], [-37.43271, -10.09637], [-37.43229, -10.09482], [-37.43155, -10.09367], [-37.43054, -10.09314], [-37.42973, -10.09336], [-37.4294, -10.09271], [-37.42806, -10.09157], [-37.4276, -10.09046], [-37.42679, -10.08952], [-37.43339, -10.08454], [-37.43358, -10.08465], [-37.43359, -10.08511], [-37.43506, -10.08383], [-37.43551, -10.08387], [-37.43359, -10.08526], [-37.43397, -10.08664], [-37.43523, -10.08807], [-37.44008, -10.09059], [-37.44904, -10.08805], [-37.44894, -10.0874], [-37.44917, -10.08588], [-37.44897, -10.08482], [-37.44995, -10.08326], [-37.45072, -10.08129], [-37.45135, -10.08052], [-37.4519, -10.07873], [-37.45194, -10.07807], [-37.45109, -10.0757], [-37.44999, -10.0745], [-37.44995, -10.07373], [-37.45042, -10.07252], [-37.45054, -10.07134], [-37.44989, -10.07009], [-37.44986, -10.06893], [-37.44272, -10.07371], [-37.4428, -10.07472], [-37.4424, -10.07543], [-37.44176, -10.0747], [-37.43877, -10.07318], [-37.4372, -10.07252], [-37.43585, -10.07216], [-37.43834, -10.07341], [-37.43543, -10.07222], [-37.43454, -10.07248], [-37.43079, -10.07676], [-37.43017, -10.07718], [-37.42882, -10.07705], [-37.42837, -10.07667], [-37.42801, -10.07588], [-37.42803, -10.07119], [-37.42821, -10.07006], [-37.4301, -10.06623], [-37.43032, -10.06497], [-37.43027, -10.0644], [-37.42969, -10.06428], [-37.42676, -10.06632]], [[-37.43694, -10.08403], [-37.44063, -10.08443], [-37.44054, -10.0849], [-37.43694, -10.08403]], [[-37.44132, -10.08076], [-37.4419, -10.07519], [-37.44233, -10.07541], [-37.44132, -10.08076]]]}}, {"type": "Feature", "properties": {"cd_sipra": "SE0188000", "nome_proje": "PE COLONIA AGRICOLA PAULO FREIRE", "municipio": "MONTE ALEGRE DE SERGIPE", "uf": "SE", "area_hecta": "150.2000", "num_famili": 6}, "geometry": {"type": "Polygon", "coordinates": [[[-37.66307, -10.0647], [-37.66329, -10.06719], [-37.66287, -10.06793], [-37.66614, -10.06781], [-37.66567, -10.07352], [-37.66568, -10.07492], [-37.6641, -10.07806], [-37.66192, -10.08041], [-37.66688, -10.08234], [-37.66726, -10.07938], [-37.6699, -10.07272], [-37.6714, -10.07247], [-37.67384, -10.06947], [-37.67349, -10.06833], [-37.674, -10.0683], [-37.67781, -10.0624], [-37.67507, -10.06191], [-37.6665, -10.06228], [-37.66504, -10.06107], [-37.66232, -10.0632], [-37.66307, -10.0647]]]}}, {"type": "Feature", "properties": {"cd_sipra": "SE0085000", "nome_proje": "PA UNIÃO DOS CONSELHEIROS", "municipio": "MONTE ALEGRE DE SERGIPE", "uf": "SE", "area_hecta": "627.0131", "num_famili": 25}, "geometry": {"type": "Polygon", "coordinates": [[[-37.6564, -10.04468], [-37.65158, -10.04716], [-37.64946, -10.04736], [-37.64885, -10.04864], [-37.64834, -10.04858], [-37.64785, -10.05134], [-37.64738, -10.05153], [-37.64385, -10.05164], [-37.64277, -10.0522], [-37.6425, -10.05189], [-37.64224, -10.052], [-37.64148, -10.05324], [-37.64105, -10.05475], [-37.64296, -10.05874], [-37.64467, -10.06115], [-37.6395, -10.06068], [-37.63734, -10.06122], [-37.63551, -10.06577], [-37.63516, -10.06799], [-37.63792, -10.06955], [-37.63809, -10.07001], [-37.63807, -10.07238], [-37.63878, -10.07258], [-37.64131, -10.07219], [-37.64308, -10.07249], [-37.64363, -10.07246], [-37.64839, -10.07154], [-37.65025, -10.07135], [-37.65053, -10.0717], [-37.65071, -10.07302], [-37.65138, -10.07183], [-37.65198, -10.07209], [-37.65413, -10.07205], [-37.65491, -10.07221], [-37.65689, -10.07209], [-37.65785, -10.07236], [-37.65856, -10.07283], [-37.66065, -10.07354], [-37.66134, -10.0702], [-37.66322, -10.06718], [-37.66298, -10.06457], [-37.66225, -10.06317], [-37.66497, -10.06104], [-37.66144, -10.0562], [-37.66025, -10.05406], [-37.65861, -10.05181], [-37.65825, -10.05152], [-37.65754, -10.04901], [-37.65652, -10.04638], [-37.6564, -10.04468]]]}}, {"type": "Feature", "properties": {"cd_sipra": "SE0117000", "nome_proje": "PA JOSENILTON ALVES", "municipio": "MONTE ALEGRE DE SERGIPE", "uf": "SE", "area_hecta": "356.5423", "num_famili": 14}, "geometry": {"type": "Polygon", "coordinates": [[[-37.62393, -10.02697], [-37.62333, -10.0284], [-37.62289, -10.0303], [-37.62184, -10.03185], [-37.62107, -10.03437], [-37.62106, -10.03456], [-37.62209, -10.03525], [-37.62161, -10.03723], [-37.61835, -10.03782], [-37.61701, -10.03767], [-37.61361, -10.03793], [-37.61248, -10.03824], [-37.61165, -10.03914], [-37.61337, -10.04186], [-37.61528, -10.04398], [-37.61488, -10.04506], [-37.61779, -10.04443], [-37.62018, -10.04441], [-37.62318, -10.04587], [-37.62465, -10.04623], [-37.6257, -10.04573], [-37.62537, -10.04344], [-37.63223, -10.04206], [-37.63292, -10.04093], [-37.63344, -10.0381], [-37.63429, -10.03802], [-37.63791, -10.03711], [-37.63758, -10.03275], [-37.6379, -10.0294], [-37.63823, -10.02795], [-37.63784, -10.02783], [-37.63622, -10.02661], [-37.63504, -10.02716], [-37.63361, -10.02683], [-37.63227, -10.02685], [-37.63077, -10.02715], [-37.63039, -10.02711], [-37.62956, -10.0266], [-37.62865, -10.02708], [-37.62726, -10.0269], [-37.62523, -10.02614], [-37.62365, -10.02607], [-37.62393, -10.02697]]]}}, {"type": "Feature", "properties": {"cd_sipra": "SE0213000", "nome_proje": "PA EMILIA MARIA II", "municipio": "PORTO DA FOLHA", "uf": "SE", "area_hecta": "311.6852", "num_famili": 19}, "geometry": {"type": "Polygon", "coordinates": [[[-37.43758, -10.01366], [-37.43451, -10.01577], [-37.43401, -10.0159], [-37.43418, -10.01644], [-37.43408, -10.0194], [-37.43468, -10.02073], [-37.42181, -10.02905], [-37.42689, -10.03467], [-37.42777, -10.03461], [-37.42893, -10.03392], [-37.43013, -10.03351], [-37.43259, -10.03362], [-37.43656, -10.03102], [-37.43933, -10.02826], [-37.44537, -10.02315], [-37.44794, -10.02215], [-37.44775, -10.02107], [-37.447, -10.02133], [-37.44443, -10.01507], [-37.4426, -10.01215], [-37.43758, -10.01366]]]}}, {"type": "Feature", "properties": {"cd_sipra": "BA0308000", "nome_proje": "PA BOM SUCESSO", "municipio": "PEDRO ALEXANDRE", "uf": "BA", "area_hecta": "1753.0982", "num_famili": 34}, "geometry": {"type": "Polygon", "coordinates": [[[-38.00514, -9.9852], [-38.00645, -9.98532], [-38.0082, -9.98526], [-38.0122, -9.98674], [-38.01279, -9.98737], [-38.01697, -9.99058], [-38.01766, -9.99277], [-38.01926, -9.99396], [-38.02095, -9.99314], [-38.02176, -9.9925], [-38.02385, -9.9927], [-38.0249, -9.99301], [-38.02648, -9.99306], [-38.02722, -9.99361], [-38.03097, -9.99399], [-38.03138, -9.99394], [-38.03971, -9.99021], [-38.04584, -9.98774], [-38.05078, -9.98583], [-38.05144, -9.98594], [-38.05214, -9.98571], [-38.05328, -9.98479], [-38.05441, -9.98308], [-38.05699, -9.98199], [-38.05888, -9.9806], [-38.02551, -9.95082], [-38.01547, -9.94155], [-38.009, -9.95257], [-38.00822, -9.95334], [-38.00471, -9.95536], [-38.0185, -9.97522], [-38.00422, -9.98315], [-38.00514, -9.9852]]]}}, {"type": "Feature", "properties": {"cd_sipra": "SE0183000", "nome_proje": "PE COLONIA AGRÍCOLA ANA PATRÍCIA II", "municipio": "POCO REDONDO", "uf": "SE", "area_hecta": "597.4375", "num_famili": 25}, "geometry": {"type": "Polygon", "coordinates": [[[-37.71287, -9.96722], [-37.71416, -9.9682], [-37.71781, -9.96949], [-37.719, -9.97097], [-37.71959, -9.97104], [-37.73091, -9.95786], [-37.73201, -9.95967], [-37.73988, -9.95054], [-37.7385, -9.94903], [-37.74812, -9.93793], [-37.74815, -9.93772], [-37.74057, -9.92536], [-37.71198, -9.96621], [-37.71287, -9.96722]]]}}, {"type": "Feature", "properties": {"cd_sipra": "BA0260000", "nome_proje": "PA BONITO DAS UMBURANAS", "municipio": "PEDRO ALEXANDRE", "uf": "BA", "area_hecta": "1930.7266", "num_famili": 36}, "geometry": {"type": "Polygon", "coordinates": [[[-38.0019, -9.91584], [-38.00064, -9.91623], [-37.99951, -9.91686], [-37.99804, -9.91722], [-37.99735, -9.91774], [-37.99675, -9.91866], [-37.99116, -9.9198], [-37.99087, -9.92066], [-37.98908, -9.92022], [-37.98859, -9.92032], [-37.98783, -9.91964], [-37.98461, -9.9181], [-37.98386, -9.91823], [-37.9828, -9.9261], [-37.9768, -9.93474], [-37.97734, -9.93547], [-37.97768, -9.93701], [-37.98105, -9.94036], [-37.98013, -9.94155], [-37.97916, -9.94227], [-37.97894, -9.94267], [-37.97827, -9.94322], [-37.97758, -9.94353], [-37.9762, -9.94512], [-37.97478, -9.94607], [-37.97609, -9.95065], [-37.97878, -9.95248], [-37.9863, -9.96483], [-37.99879, -9.95813], [-38.00519, -9.95498], [-38.00818, -9.95321], [-38.00867, -9.95275], [-38.01037, -9.95011], [-38.01064, -9.94993], [-38.0144, -9.94311], [-38.02442, -9.92609], [-38.01753, -9.92105], [-38.01196, -9.91272], [-38.00368, -9.9186], [-38.0019, -9.91584]]]}}, {"type": "Feature", "properties": {"cd_sipra": "SE0021000", "nome_proje": "PA FLOR DA SERRA", "municipio": "POCO REDONDO", "uf": "SE", "area_hecta": "917.8700", "num_famili": 38}, "geometry": {"type": "Polygon", "coordinates": [[[-37.8741, -9.90911], [-37.87299, -9.90693], [-37.87153, -9.90507], [-37.87114, -9.90436], [-37.87011, -9.90109], [-37.86956, -9.90067], [-37.86909, -9.89999], [-37.8667, -9.8975], [-37.86631, -9.8973], [-37.86652, -9.89813], [-37.86545, -9.89834], [-37.8646, -9.89876], [-37.86256, -9.89911], [-37.85996, -9.90039], [-37.85844, -9.90147], [-37.85762, -9.90247], [-37.85839, -9.90409], [-37.85992, -9.90339], [-37.86024, -9.90415], [-37.86077, -9.90651], [-37.8617, -9.91243], [-37.86214, -9.9219], [-37.86258, -9.93696], [-37.86323, -9.93667], [-37.86863, -9.92952], [-37.8739, -9.93575], [-37.88328, -9.93479], [-37.88583, -9.93934], [-37.88668, -9.93998], [-37.88765, -9.93992], [-37.88889, -9.94056], [-37.89172, -9.93251], [-37.8932, -9.92916], [-37.89396, -9.92575], [-37.89542, -9.92279], [-37.89457, -9.92267], [-37.88872, -9.92461], [-37.88388, -9.92531], [-37.87912, -9.91575], [-37.8741, -9.90911]]]}}, {"type": "Feature", "properties": {"cd_sipra": "SE0105000", "nome_proje": "PA NOVO PARAÍSO", "municipio": "POCO REDONDO", "uf": "SE", "area_hecta": "1074.3189", "num_famili": 39}, "geometry": {"type": "Polygon", "coordinates": [[[-37.78476, -9.92082], [-37.7862, -9.92065], [-37.79823, -9.9136], [-37.79682, -9.90737], [-37.79789, -9.90715], [-37.80276, -9.90548], [-37.80999, -9.90252], [-37.81586, -9.89923], [-37.81425, -9.898], [-37.81271, -9.89707], [-37.81137, -9.89581], [-37.81108, -9.89572], [-37.80607, -9.89587], [-37.80553, -9.89577], [-37.80447, -9.89522], [-37.80309, -9.89491], [-37.80379, -9.89961], [-37.80095, -9.90106], [-37.79754, -9.90214], [-37.79723, -9.89877], [-37.79673, -9.89707], [-37.79662, -9.89583], [-37.79514, -9.89411], [-37.7951, -9.89381], [-37.7927, -9.88973], [-37.7929, -9.88958], [-37.79147, -9.88668], [-37.79082, -9.88484], [-37.79002, -9.88362], [-37.78186, -9.88784], [-37.77666, -9.88814], [-37.77312, -9.89082], [-37.77258, -9.90277], [-37.77185, -9.903], [-37.77071, -9.90296], [-37.769, -9.90331], [-37.76787, -9.90406], [-37.76721, -9.9051], [-37.765, -9.90566], [-37.76561, -9.90961], [-37.76964, -9.90857], [-37.77157, -9.91105], [-37.77295, -9.91345], [-37.7729, -9.91462], [-37.77412, -9.91631], [-37.77525, -9.91646], [-37.7768, -9.91695], [-37.77906, -9.91981], [-37.78013, -9.92096], [-37.7815, -9.92209], [-37.78476, -9.92082]]]}}, {"type": "Feature", "properties": {"cd_sipra": "SE0192000", "nome_proje": "PE COLONIA AGRICOLA HEBERT DE SOUZA", "municipio": "POCO REDONDO", "uf": "SE", "area_hecta": "5691.8400", "num_famili": 245}, "geometry": {"type": "Polygon", "coordinates": [[[-37.83299, -9.87696], [-37.83188, -9.87718], [-37.83168, -9.87657], [-37.83223, -9.87563], [-37.83224, -9.87519], [-37.83088, -9.87426], [-37.82989, -9.87169], [-37.83489, -9.87241], [-37.83421, -9.86843], [-37.83457, -9.86789], [-37.83309, -9.86779], [-37.83232, -9.86742], [-37.83153, -9.86745], [-37.82933, -9.86697], [-37.82983, -9.86578], [-37.82967, -9.86427], [-37.82973, -9.86393], [-37.83399, -9.86414], [-37.83578, -9.86358], [-37.83468, -9.86112], [-37.83392, -9.85857], [-37.83385, -9.85783], [-37.82562, -9.84106], [-37.84279, -9.83281], [-37.86057, -9.82671], [-37.86008, -9.8248], [-37.85981, -9.8228], [-37.85959, -9.81895], [-37.85962, -9.81409], [-37.8582, -9.8109], [-37.85672, -9.80663], [-37.85804, -9.80631], [-37.85727, -9.80273], [-37.85835, -9.802], [-37.85481, -9.79343], [-37.85459, -9.78441], [-37.85467, -9.79245], [-37.85276, -9.79351], [-37.8435, -9.7939], [-37.84422, -9.81001], [-37.84461, -9.81119], [-37.84479, -9.81129], [-37.82128, -9.82735], [-37.82399, -9.83315], [-37.82411, -9.83366], [-37.82314, -9.83444], [-37.82459, -9.83861], [-37.81814, -9.84097], [-37.81694, -9.84127], [-37.80826, -9.84871], [-37.80791, -9.84886], [-37.80668, -9.85019], [-37.80614, -9.84962], [-37.80387, -9.84844], [-37.80238, -9.84544], [-37.80123, -9.84414], [-37.78951, -9.8471], [-37.78686, -9.8508], [-37.78046, -9.85263], [-37.78415, -9.85816], [-37.7863, -9.86096], [-37.78677, -9.86101], [-37.78764, -9.86188], [-37.78995, -9.87323], [-37.7936, -9.87879], [-37.79438, -9.88045], [-37.79714, -9.87953], [-37.79883, -9.87955], [-37.80307, -9.88425], [-37.80279, -9.88614], [-37.8025, -9.8869], [-37.80294, -9.89052], [-37.80338, -9.89193], [-37.80396, -9.89504], [-37.80604, -9.89582], [-37.81107, -9.89564], [-37.81154, -9.89581], [-37.81283, -9.89706], [-37.81429, -9.89792], [-37.81553, -9.89899], [-37.81631, -9.89945], [-37.81678, -9.90009], [-37.8179, -9.90101], [-37.81936, -9.90259], [-37.81951, -9.90392], [-37.80702, -9.90859], [-37.79522, -9.91546], [-37.79957, -9.92241], [-37.78299, -9.92904], [-37.78244, -9.9264], [-37.77767, -9.92796], [-37.77911, -9.94128], [-37.78583, -9.94364], [-37.78573, -9.94292], [-37.82028, -9.9276], [-37.82089, -9.9286], [-37.82241, -9.92784], [-37.82494, -9.92828], [-37.82543, -9.92868], [-37.82628, -9.92898], [-37.82776, -9.9286], [-37.82823, -9.92878], [-37.83057, -9.92798], [-37.83242, -9.92707], [-37.83417, -9.92556], [-37.83923, -9.92325], [-37.84294, -9.92817], [-37.84332, -9.92842], [-37.84448, -9.92829], [-37.84537, -9.9279], [-37.8436, -9.9255], [-37.84475, -9.92411], [-37.84655, -9.9225], [-37.84651, -9.9206], [-37.84629, -9.91924], [-37.84638, -9.91754], [-37.84751, -9.90989], [-37.84869, -9.90887], [-37.84969, -9.90824], [-37.85044, -9.90744], [-37.8487, -9.90331], [-37.84718, -9.90394], [-37.84483, -9.90168], [-37.84058, -9.90364], [-37.84033, -9.90352], [-37.83844, -9.90102], [-37.83804, -9.90106], [-37.83752, -9.90027], [-37.83708, -9.89844], [-37.83719, -9.89795], [-37.83702, -9.8973], [-37.83446, -9.89832], [-37.83242, -9.89418], [-37.83017, -9.89147], [-37.83145, -9.89042], [-37.83362, -9.88901], [-37.83408, -9.88976], [-37.83504, -9.88932], [-37.83641, -9.88918], [-37.83638, -9.88761], [-37.8368, -9.88687], [-37.83578, -9.88547], [-37.8357, -9.88463], [-37.83868, -9.88458], [-37.83922, -9.88424], [-37.8384, -9.88331], [-37.83795, -9.88227], [-37.83917, -9.87947], [-37.8373, -9.87762], [-37.83628, -9.87728], [-37.83564, -9.87683], [-37.83521, -9.87561], [-37.83299, -9.87696]]]}}, {"type": "Feature", "properties": {"cd_sipra": "SE0170000", "nome_proje": "PE COLONIA AGRÍCOLA KARL MARX", "municipio": "CANINDE DE SAO FRANCISCO", "uf": "SE", "area_hecta": "1249.7360", "num_famili": 54}, "geometry": {"type": "MultiPolygon", "coordinates": [[[[-37.86485, -9.84592], [-37.86752, -9.85282], [-37.86483, -9.85388], [-37.8621, -9.84647], [-37.86029, -9.84714], [-37.8644, -9.8581], [-37.86634, -9.85762], [-37.86729, -9.85992], [-37.86329, -9.85997], [-37.86224, -9.85975], [-37.86138, -9.85932], [-37.86026, -9.8583], [-37.85774, -9.85661], [-37.85761, -9.85764], [-37.85784, -9.85806], [-37.85828, -9.85826], [-37.85851, -9.8589], [-37.85841, -9.85943], [-37.85805, -9.85971], [-37.85824, -9.85983], [-37.85822, -9.86035], [-37.85917, -9.86084], [-37.85911, -9.86132], [-37.85931, -9.86189], [-37.86062, -9.86169], [-37.8607, -9.86199], [-37.86044, -9.86249], [-37.86078, -9.86284], [-37.86092, -9.86334], [-37.86121, -9.86317], [-37.86167, -9.86333], [-37.86212, -9.86368], [-37.86209, -9.86402], [-37.86242, -9.86447], [-37.86275, -9.86422], [-37.86318, -9.86436], [-37.86331, -9.86414], [-37.86402, -9.86465], [-37.86465, -9.86475], [-37.86531, -9.8653], [-37.86641, -9.86551], [-37.86659, -9.86581], [-37.86752, -9.86614], [-37.86731, -9.86648], [-37.86706, -9.86649], [-37.8671, -9.86667], [-37.86765, -9.86675], [-37.86864, -9.86651], [-37.86917, -9.86675], [-37.86916, -9.86627], [-37.87, -9.86626], [-37.86665, -9.84464], [-37.86477, -9.84539], [-37.86485, -9.84592]]], [[[-37.87131, -9.87478], [-37.87135, -9.87642], [-37.87154, -9.87727], [-37.87168, -9.8771], [-37.87109, -9.8733], [-37.87104, -9.87365], [-37.87131, -9.87478]]]]}}, {"type": "Feature", "properties": {"cd_sipra": "SE0181000", "nome_proje": "PE COLONIA AGRÍCOLA FLORESTAN FERNANDES", "municipio": "POCO REDONDO", "uf": "SE", "area_hecta": "480.4300", "num_famili": 20}, "geometry": {"type": "Polygon", "coordinates": [[[-37.72, -9.85758], [-37.7191, -9.85973], [-37.71906, -9.86117], [-37.7193, -9.8618], [-37.71993, -9.86261], [-37.72265, -9.86461], [-37.72242, -9.86538], [-37.72265, -9.86557], [-37.72505, -9.86617], [-37.72605, -9.87115], [-37.72935, -9.87231], [-37.72938, -9.87217], [-37.73041, -9.87227], [-37.73156, -9.8728], [-37.73427, -9.86885], [-37.73729, -9.86754], [-37.73871, -9.86758], [-37.73993, -9.86731], [-37.74091, -9.86667], [-37.73893, -9.86557], [-37.73868, -9.86561], [-37.7361, -9.86403], [-37.73372, -9.86211], [-37.73273, -9.85817], [-37.73312, -9.85293], [-37.73116, -9.84533], [-37.72966, -9.84495], [-37.72972, -9.84443], [-37.72894, -9.84257], [-37.73213, -9.83469], [-37.72824, -9.83366], [-37.72751, -9.83309], [-37.72406, -9.84133], [-37.72809, -9.84424], [-37.72803, -9.8444], [-37.72841, -9.84453], [-37.72838, -9.84493], [-37.7145, -9.84893], [-37.71786, -9.85166], [-37.71841, -9.85418], [-37.72002, -9.85609], [-37.72, -9.85758]]]}}, {"type": "Feature", "properties": {"cd_sipra": "SE0171000", "nome_proje": "PE COLONIA AGRÍCOLA EMILIA MARIA", "municipio": "POCO REDONDO", "uf": "SE", "area_hecta": "517.3300", "num_famili": 19}, "geometry": {"type": "Polygon", "coordinates": [[[-37.84932, -9.85884], [-37.84952, -9.85875], [-37.85015, -9.85892], [-37.85091, -9.8585], [-37.85171, -9.85757], [-37.85284, -9.85677], [-37.85304, -9.85636], [-37.85252, -9.85134], [-37.85261, -9.85039], [-37.84947, -9.85176], [-37.84951, -9.8508], [-37.84775, -9.84324], [-37.84681, -9.83648], [-37.84733, -9.8348], [-37.84732, -9.83423], [-37.84658, -9.83164], [-37.84281, -9.83284], [-37.82572, -9.84108], [-37.82949, -9.84884], [-37.84208, -9.85203], [-37.84231, -9.85451], [-37.84215, -9.85517], [-37.84068, -9.85908], [-37.84001, -9.86027], [-37.84197, -9.86041], [-37.8421, -9.86066], [-37.84194, -9.86107], [-37.84278, -9.86105], [-37.84297, -9.8613], [-37.8429, -9.86177], [-37.84377, -9.86286], [-37.84417, -9.86293], [-37.84449, -9.86281], [-37.84451, -9.86236], [-37.84537, -9.86266], [-37.84562, -9.86258], [-37.84585, -9.86168], [-37.84635, -9.86153], [-37.84669, -9.86002], [-37.84723, -9.86005], [-37.84755, -9.8598], [-37.84762, -9.86008], [-37.84786, -9.86015], [-37.84932, -9.85884]]]}}, {"type": "Feature", "properties": {"cd_sipra": "SE0130000", "nome_proje": "PA MADRE TEREZA DE CALCUTÁ", "municipio": "POCO REDONDO", "uf": "SE", "area_hecta": "196.7279", "num_famili": 8}, "geometry": {"type": "Polygon", "coordinates": [[[-37.72285, -9.84116], [-37.72129, -9.84057], [-37.72076, -9.84068], [-37.71934, -9.84039], [-37.71693, -9.84029], [-37.71652, -9.8405], [-37.7155, -9.84067], [-37.71534, -9.84118], [-37.7131, -9.8425], [-37.70604, -9.84252], [-37.70449, -9.84297], [-37.70116, -9.84446], [-37.69841, -9.84515], [-37.69868, -9.84667], [-37.69859, -9.84777], [-37.70062, -9.85201], [-37.70109, -9.8522], [-37.70197, -9.85183], [-37.70362, -9.85051], [-37.70445, -9.84893], [-37.70479, -9.84774], [-37.70462, -9.84632], [-37.70508, -9.84555], [-37.70709, -9.84447], [-37.70814, -9.84497], [-37.70866, -9.84596], [-37.70873, -9.84785], [-37.71332, -9.8493], [-37.72835, -9.84492], [-37.72839, -9.84453], [-37.72801, -9.8444], [-37.72807, -9.84424], [-37.72405, -9.84133], [-37.72285, -9.84116]]]}}, {"type": "Feature", "properties": {"cd_sipra": "SE0007000", "nome_proje": "PA PEDRAS GRANDES", "municipio": "POCO REDONDO", "uf": "SE", "area_hecta": "636.8800", "num_famili": 27}, "geometry": {"type": "Polygon", "coordinates": [[[-37.6719, -9.93033], [-37.67145, -9.93067], [-37.66522, -9.93326], [-37.66855, -9.95635], [-37.66921, -9.95732], [-37.67066, -9.95616], [-37.68033, -9.94955], [-37.68679, -9.94488], [-37.6867, -9.94298], [-37.6863, -9.94227], [-37.68571, -9.94171], [-37.68565, -9.93951], [-37.68596, -9.93902], [-37.68666, -9.93866], [-37.68649, -9.93784], [-37.68666, -9.93648], [-37.6874, -9.9354], [-37.68754, -9.93484], [-37.68727, -9.93447], [-37.68748, -9.93401], [-37.68823, -9.93434], [-37.68885, -9.93422], [-37.68971, -9.93328], [-37.68971, -9.93307], [-37.69042, -9.93266], [-37.69003, -9.9325], [-37.69015, -9.93207], [-37.69056, -9.93198], [-37.69029, -9.93157], [-37.69037, -9.9314], [-37.69021, -9.93097], [-37.69061, -9.93028], [-37.69036, -9.92986], [-37.68992, -9.92969], [-37.68965, -9.92897], [-37.68974, -9.92881], [-37.68958, -9.9279], [-37.68975, -9.92766], [-37.68992, -9.92768], [-37.68986, -9.9282], [-37.69, -9.92823], [-37.69069, -9.92788], [-37.6908, -9.92697], [-37.69111, -9.92739], [-37.69155, -9.92748], [-37.6922, -9.9272], [-37.69301, -9.92713], [-37.69314, -9.92602], [-37.69359, -9.9253], [-37.69273, -9.92324], [-37.69345, -9.92259], [-37.69372, -9.92205], [-37.69364, -9.92151], [-37.67206, -9.93042], [-37.6719, -9.93033]]]}}, {"type": "Feature", "properties": {"cd_sipra": "SE0092000", "nome_proje": "PA CALDEIRÃO", "municipio": "POCO REDONDO", "uf": "SE", "area_hecta": "507.5300", "num_famili": 19}, "geometry": {"type": "MultiPolygon", "coordinates": [[[[-37.6844, -9.91899], [-37.67851, -9.92002], [-37.67357, -9.92109], [-37.66512, -9.92417], [-37.66486, -9.92404], [-37.66445, -9.92441], [-37.66659, -9.92589], [-37.66908, -9.92688], [-37.67186, -9.92943], [-37.67217, -9.92848], [-37.6732, -9.9278], [-37.67524, -9.92697], [-37.67628, -9.92836], [-37.6937, -9.9211], [-37.6991, -9.91713], [-37.69581, -9.91248], [-37.6844, -9.91899]]], [[[-37.68327, -9.91301], [-37.68057, -9.90828], [-37.67958, -9.90858], [-37.67316, -9.91259], [-37.67175, -9.91473], [-37.6694, -9.9172], [-37.66825, -9.91875], [-37.66645, -9.92048], [-37.66633, -9.9207], [-37.66632, -9.92218], [-37.66537, -9.92327], [-37.66482, -9.92333], [-37.66421, -9.92373], [-37.66313, -9.92368], [-37.66437, -9.92436], [-37.66486, -9.92394], [-37.66512, -9.92407], [-37.67354, -9.92101], [-37.67858, -9.91991], [-37.68437, -9.9189], [-37.69576, -9.91241], [-37.69276, -9.90766], [-37.6903, -9.90837], [-37.68327, -9.91301]]]]}}, {"type": "Feature", "properties": {"cd_sipra": "SE0004000", "nome_proje": "PA ILHA DO OURO", "municipio": "PORTO DA FOLHA", "uf": "SE", "area_hecta": "1320.3375", "num_famili": 95}, "geometry": {"type": "Polygon", "coordinates": [[[-37.30139, -9.89791], [-37.30048, -9.89502], [-37.30079, -9.89491], [-37.30046, -9.89419], [-37.30041, -9.89353], [-37.29949, -9.89327], [-37.29779, -9.8924], [-37.29478, -9.89052], [-37.29404, -9.89045], [-37.29167, -9.88892], [-37.29131, -9.88908], [-37.29097, -9.88868], [-37.2898, -9.88795], [-37.28869, -9.8877], [-37.27778, -9.88213], [-37.27477, -9.88055], [-37.27145, -9.87841], [-37.27101, -9.87861], [-37.26956, -9.87743], [-37.26136, -9.87319], [-37.26268, -9.87554], [-37.26284, -9.87662], [-37.26238, -9.87824], [-37.26035, -9.8781], [-37.25839, -9.8785], [-37.25606, -9.87831], [-37.25534, -9.87805], [-37.25465, -9.88104], [-37.25335, -9.88389], [-37.25304, -9.88599], [-37.25238, -9.88807], [-37.25077, -9.89099], [-37.2488, -9.89186], [-37.24832, -9.89286], [-37.24756, -9.89324], [-37.24822, -9.89438], [-37.24933, -9.89566], [-37.25336, -9.89781], [-37.25397, -9.89831], [-37.25534, -9.89874], [-37.25595, -9.89931], [-37.25616, -9.90103], [-37.25604, -9.90138], [-37.25588, -9.90169], [-37.25495, -9.90235], [-37.25463, -9.90311], [-37.25534, -9.90489], [-37.25541, -9.90545], [-37.25444, -9.90628], [-37.25387, -9.90729], [-37.25355, -9.9083], [-37.25264, -9.90915], [-37.2526, -9.91007], [-37.25362, -9.9101], [-37.25544, -9.91067], [-37.25977, -9.91047], [-37.26091, -9.90994], [-37.26286, -9.90974], [-37.26494, -9.90845], [-37.26509, -9.90895], [-37.26628, -9.90904], [-37.27323, -9.90679], [-37.27578, -9.90572], [-37.28184, -9.90401], [-37.28197, -9.90408], [-37.28299, -9.90361], [-37.28547, -9.90314], [-37.28664, -9.90258], [-37.28899, -9.90186], [-37.29397, -9.90073], [-37.30127, -9.89864], [-37.30139, -9.89791]]]}}, {"type": "Feature", "properties": {"cd_sipra": "SE0045000", "nome_proje": "PA QUEIMADA GRANDE", "municipio": "POCO REDONDO", "uf": "SE", "area_hecta": "3909.5056", "num_famili": 145}, "geometry": {"type": "Polygon", "coordinates": [[[-37.65067, -9.87454], [-37.65339, -9.87621], [-37.65744, -9.87924], [-37.66033, -9.88186], [-37.67528, -9.89983], [-37.68316, -9.91299], [-37.69019, -9.90835], [-37.70076, -9.90517], [-37.72354, -9.89788], [-37.70778, -9.87236], [-37.71133, -9.86753], [-37.71927, -9.85565], [-37.71761, -9.85187], [-37.71626, -9.8505], [-37.70844, -9.84799], [-37.70837, -9.84599], [-37.70791, -9.84511], [-37.70703, -9.84469], [-37.70517, -9.84569], [-37.70478, -9.84634], [-37.70495, -9.84773], [-37.70459, -9.84899], [-37.70373, -9.85063], [-37.70201, -9.852], [-37.70102, -9.85242], [-37.70039, -9.85215], [-37.69842, -9.84804], [-37.69416, -9.85037], [-37.68682, -9.83874], [-37.68141, -9.83813], [-37.67824, -9.8435], [-37.66793, -9.84082], [-37.6673, -9.84205], [-37.66748, -9.84208], [-37.65067, -9.87454]]]}}, {"type": "Feature", "properties": {"cd_sipra": "SE0082000", "nome_proje": "PA JOSÉ UNALDO DE OLIVEIRA", "municipio": "PORTO DA FOLHA", "uf": "SE", "area_hecta": "211.7718", "num_famili": 15}, "geometry": {"type": "Polygon", "coordinates": [[[-37.30826, -9.85673], [-37.30822, -9.85655], [-37.31314, -9.85427], [-37.30579, -9.84332], [-37.30301, -9.83702], [-37.30258, -9.83368], [-37.30068, -9.83383], [-37.29873, -9.83375], [-37.29626, -9.83216], [-37.29149, -9.83107], [-37.30518, -9.85659], [-37.3035, -9.85792], [-37.30826, -9.85673]]]}}, {"type": "Feature", "properties": {"cd_sipra": "SE0125000", "nome_proje": "PA VITORIA DO SÄO FRANCISCO", "municipio": "PORTO DA FOLHA", "uf": "SE", "area_hecta": "477.2646", "num_famili": 24}, "geometry": {"type": "Polygon", "coordinates": [[[-37.33144, -9.81922], [-37.33074, -9.82044], [-37.3626, -9.87262], [-37.36714, -9.86885], [-37.34858, -9.83627], [-37.33277, -9.81415], [-37.33144, -9.81922]]]}}, {"type": "Feature", "properties": {"cd_sipra": "SE0078000", "nome_proje": "PA PAULO FREIRE", "municipio": "PORTO DA FOLHA", "uf": "SE", "area_hecta": "1181.0000", "num_famili": 37}, "geometry": {"type": "Polygon", "coordinates": [[[-37.49909, -9.82799], [-37.50031, -9.82611], [-37.49908, -9.82462], [-37.48909, -9.8309], [-37.48212, -9.82016], [-37.46715, -9.82824], [-37.47172, -9.83566], [-37.45686, -9.84352], [-37.46624, -9.85557], [-37.47346, -9.85973], [-37.47369, -9.85956], [-37.47421, -9.85984], [-37.47396, -9.86001], [-37.48266, -9.86502], [-37.48835, -9.86057], [-37.48683, -9.85827], [-37.48985, -9.85628], [-37.48518, -9.84972], [-37.49601, -9.84151], [-37.49248, -9.83609], [-37.49979, -9.83106], [-37.49911, -9.82981], [-37.49909, -9.82799]]]}}, {"type": "Feature", "properties": {"cd_sipra": "SE0003000", "nome_proje": "PA BARRA DA ONÇA", "municipio": "POCO REDONDO", "uf": "SE", "area_hecta": "6261.9400", "num_famili": 208}, "geometry": {"type": "MultiPolygon", "coordinates": [[[[-37.65151, -9.88063], [-37.65204, -9.87985], [-37.65296, -9.8793], [-37.65383, -9.87788], [-37.65351, -9.87492], [-37.65162, -9.87353], [-37.64701, -9.88247], [-37.6498, -9.88262], [-37.65006, -9.88191], [-37.65151, -9.88063]]], [[[-37.62309, -9.88185], [-37.62379, -9.88135], [-37.62683, -9.88095], [-37.63003, -9.88091], [-37.64668, -9.88242], [-37.6674, -9.84207], [-37.66723, -9.84204], [-37.66685, -9.84137], [-37.66529, -9.83714], [-37.66558, -9.83639], [-37.66563, -9.83475], [-37.67494, -9.81916], [-37.66921, -9.80981], [-37.66593, -9.81049], [-37.66502, -9.8108], [-37.6639, -9.81156], [-37.66249, -9.81178], [-37.66043, -9.81181], [-37.65703, -9.8123], [-37.65557, -9.81282], [-37.65317, -9.81313], [-37.65216, -9.81377], [-37.64457, -9.79789], [-37.64738, -9.79735], [-37.64263, -9.78632], [-37.6402, -9.78263], [-37.61402, -9.80995], [-37.60479, -9.82006], [-37.59859, -9.82735], [-37.5867, -9.84025], [-37.5886, -9.84689], [-37.59609, -9.86849], [-37.60546, -9.86918], [-37.60966, -9.88295], [-37.61405, -9.884], [-37.61459, -9.8844], [-37.61497, -9.8844], [-37.62309, -9.88185]]]]}}, {"type": "Feature", "properties": {"cd_sipra": "SE0145000", "nome_proje": "PA CHEGUEVARA", "municipio": "POCO REDONDO", "uf": "SE", "area_hecta": "649.1572", "num_famili": 32}, "geometry": {"type": "Polygon", "coordinates": [[[-37.53737, -9.83024], [-37.53434, -9.82705], [-37.53534, -9.82664], [-37.54031, -9.82542], [-37.54254, -9.82431], [-37.54404, -9.82712], [-37.54773, -9.82486], [-37.55177, -9.82084], [-37.55166, -9.82038], [-37.5495, -9.81784], [-37.54444, -9.82333], [-37.54257, -9.82429], [-37.5404, -9.82001], [-37.54682, -9.81712], [-37.54403, -9.8093], [-37.54383, -9.80914], [-37.54739, -9.80694], [-37.5492, -9.80438], [-37.54549, -9.79654], [-37.54395, -9.79688], [-37.54257, -9.7974], [-37.5439, -9.79973], [-37.53374, -9.80361], [-37.53768, -9.81243], [-37.53196, -9.81378], [-37.52468, -9.81601], [-37.52834, -9.82061], [-37.53144, -9.82404], [-37.52645, -9.82682], [-37.5251, -9.82739], [-37.52341, -9.82783], [-37.52038, -9.82953], [-37.5174, -9.83077], [-37.5233, -9.83985], [-37.53795, -9.83231], [-37.53737, -9.83024]]]}}, {"type": "Feature", "properties": {"cd_sipra": "SE0066000", "nome_proje": "PA SÃO JOSE DO NAZARÉ", "municipio": "POCO REDONDO", "uf": "SE", "area_hecta": "743.2000", "num_famili": 21}, "geometry": {"type": "Polygon", "coordinates": [[[-37.6067, -9.79993], [-37.60371, -9.80348], [-37.60055, -9.80761], [-37.5986, -9.80949], [-37.59331, -9.80976], [-37.58857, -9.80912], [-37.59373, -9.81674], [-37.59132, -9.819], [-37.58918, -9.81602], [-37.58404, -9.82156], [-37.58534, -9.82333], [-37.58157, -9.82402], [-37.58058, -9.82442], [-37.57803, -9.82487], [-37.57683, -9.82477], [-37.57283, -9.82639], [-37.57681, -9.83454], [-37.57687, -9.83529], [-37.57903, -9.83886], [-37.58016, -9.84178], [-37.58404, -9.84125], [-37.58422, -9.84127], [-37.58527, -9.84239], [-37.58712, -9.84193], [-37.5866, -9.84023], [-37.5987, -9.82709], [-37.59145, -9.82168], [-37.59781, -9.81524], [-37.59799, -9.81164], [-37.59921, -9.81203], [-37.59921, -9.81083], [-37.60045, -9.81014], [-37.60649, -9.81297], [-37.61375, -9.80359], [-37.61279, -9.8029], [-37.62296, -9.7932], [-37.62082, -9.79172], [-37.61834, -9.7891], [-37.60689, -9.80003], [-37.6067, -9.79993]]]}}, {"type": "Feature", "properties": {"cd_sipra": "SE0217000", "nome_proje": "RTRQ TQ MOCAMBO", "municipio": "PORTO DA FOLHA", "uf": "SE", "area_hecta": "2100.5400", "num_famili": 182}, "geometry": {"type": "Polygon", "coordinates": [[[-37.42876, -9.82863], [-37.43172, -9.82669], [-37.44203, -9.81579], [-37.44581, -9.81485], [-37.44513, -9.81384], [-37.45081, -9.81009], [-37.45207, -9.80667], [-37.45174, -9.80539], [-37.42605, -9.76749], [-37.42376, -9.76403], [-37.42368, -9.76368], [-37.41905, -9.76675], [-37.41728, -9.76683], [-37.41112, -9.7717], [-37.40933, -9.77359], [-37.40274, -9.77867], [-37.40151, -9.77891], [-37.39729, -9.78044], [-37.40883, -9.79842], [-37.42876, -9.82863]]]}}, {"type": "Feature", "properties": {"cd_sipra": "SE0075000", "nome_proje": "PA CAJUEIRO", "municipio": "POCO REDONDO", "uf": "SE", "area_hecta": "2825.2350", "num_famili": 112}, "geometry": {"type": "Polygon", "coordinates": [[[-37.50886, -9.81488], [-37.50796, -9.81508], [-37.50321, -9.81073], [-37.50421, -9.8101], [-37.50522, -9.81152], [-37.51191, -9.80673], [-37.51172, -9.80605], [-37.51831, -9.80411], [-37.52141, -9.81093], [-37.52512, -9.8157], [-37.52997, -9.81422], [-37.52469, -9.80567], [-37.52336, -9.80609], [-37.52158, -9.80311], [-37.52595, -9.80187], [-37.53303, -9.80071], [-37.52787, -9.7871], [-37.52299, -9.78071], [-37.51666, -9.7701], [-37.512, -9.76142], [-37.51105, -9.76007], [-37.50648, -9.7505], [-37.50594, -9.74878], [-37.50414, -9.74873], [-37.50342, -9.74911], [-37.50155, -9.74937], [-37.49937, -9.74893], [-37.49374, -9.74733], [-37.49159, -9.74743], [-37.48953, -9.74774], [-37.48687, -9.7478], [-37.48435, -9.74866], [-37.48098, -9.74941], [-37.47962, -9.74943], [-37.47776, -9.7488], [-37.47304, -9.74956], [-37.47219, -9.74933], [-37.48614, -9.77146], [-37.48014, -9.77231], [-37.49486, -9.79481], [-37.48621, -9.8008], [-37.50071, -9.82352], [-37.5105, -9.81706], [-37.50886, -9.81488]]]}}, {"type": "Feature", "properties": {"cd_sipra": "SE0074000", "nome_proje": "PA LAGOA DA AREIA", "municipio": "POCO REDONDO", "uf": "SE", "area_hecta": "3984.8256", "num_famili": 157}, "geometry": {"type": "Polygon", "coordinates": [[[-37.58475, -9.73504], [-37.58476, -9.73524], [-37.58539, -9.73523], [-37.58611, -9.73479], [-37.5868, -9.7346], [-37.58731, -9.73503], [-37.58701, -9.73536], [-37.58452, -9.73583], [-37.58289, -9.73635], [-37.57997, -9.73824], [-37.57882, -9.73822], [-37.57753, -9.73925], [-37.57619, -9.73998], [-37.57532, -9.74008], [-37.57391, -9.73956], [-37.57253, -9.73965], [-37.57176, -9.73997], [-37.57102, -9.74073], [-37.56861, -9.74123], [-37.56736, -9.74125], [-37.56949, -9.74938], [-37.57528, -9.75674], [-37.55405, -9.77011], [-37.56314, -9.79187], [-37.55555, -9.79354], [-37.56066, -9.79884], [-37.56152, -9.80023], [-37.56682, -9.79859], [-37.56948, -9.79405], [-37.58203, -9.78795], [-37.58477, -9.79331], [-37.58647, -9.79437], [-37.58908, -9.79737], [-37.59119, -9.80158], [-37.59818, -9.79587], [-37.59959, -9.79549], [-37.60083, -9.79537], [-37.60737, -9.79905], [-37.60814, -9.79788], [-37.61811, -9.78886], [-37.61834, -9.7891], [-37.61888, -9.78859], [-37.6216, -9.79145], [-37.62344, -9.79275], [-37.62296, -9.7932], [-37.62726, -9.79595], [-37.6401, -9.78261], [-37.63245, -9.77157], [-37.63095, -9.76886], [-37.62829, -9.76553], [-37.62349, -9.76789], [-37.62195, -9.76829], [-37.62053, -9.76688], [-37.6182, -9.76545], [-37.61783, -9.76463], [-37.61692, -9.76333], [-37.61544, -9.75926], [-37.61441, -9.75746], [-37.61369, -9.75797], [-37.604, -9.74931], [-37.59937, -9.74231], [-37.59626, -9.7386], [-37.59212, -9.72961], [-37.58755, -9.73271], [-37.58667, -9.73303], [-37.58475, -9.73504]]]}}, {"type": "Feature", "properties": {"cd_sipra": "SE0215000", "nome_proje": "PA NOSSA SENHORA DO CARMO", "municipio": "PORTO DA FOLHA", "uf": "SE", "area_hecta": "217.8924", "num_famili": 12}, "geometry": {"type": "Polygon", "coordinates": [[[-37.4533, -9.75598], [-37.45206, -9.75643], [-37.45183, -9.75556], [-37.44688, -9.75721], [-37.4444, -9.75783], [-37.43818, -9.76008], [-37.43458, -9.76097], [-37.43475, -9.76386], [-37.43453, -9.76387], [-37.43455, -9.76482], [-37.43419, -9.76493], [-37.43438, -9.76596], [-37.4346, -9.76685], [-37.436, -9.76807], [-37.4348, -9.76933], [-37.43651, -9.77141], [-37.44657, -9.76378], [-37.44828, -9.76809], [-37.45539, -9.76345], [-37.4533, -9.75598]]]}}, {"type": "Feature", "properties": {"cd_sipra": "SE0180000", "nome_proje": "PE COLONIA AGRÍCOLA MANRIQUE", "municipio": "POCO REDONDO", "uf": "SE", "area_hecta": "76.6985", "num_famili": 3}, "geometry": {"type": "Polygon", "coordinates": [[[-37.71241, -9.75632], [-37.71611, -9.75861], [-37.71718, -9.75729], [-37.71741, -9.75633], [-37.71668, -9.75179], [-37.71704, -9.75073], [-37.71146, -9.74874], [-37.71107, -9.74941], [-37.70725, -9.74797], [-37.70695, -9.7501], [-37.70775, -9.75089], [-37.70839, -9.75185], [-37.70909, -9.75384], [-37.71241, -9.75632]]]}}, {"type": "Feature", "properties": {"cd_sipra": "SE0152000", "nome_proje": "PA DOM JOSÉ BRANDÃO DE CASTRO", "municipio": "POCO REDONDO", "uf": "SE", "area_hecta": "909.1831", "num_famili": 37}, "geometry": {"type": "Polygon", "coordinates": [[[-37.62265, -9.73327], [-37.61997, -9.72892], [-37.61428, -9.73623], [-37.6133, -9.73796], [-37.6141, -9.73874], [-37.61613, -9.73893], [-37.61758, -9.74087], [-37.61792, -9.74208], [-37.61887, -9.743], [-37.61942, -9.74307], [-37.62035, -9.74375], [-37.62163, -9.7442], [-37.62287, -9.74487], [-37.62548, -9.74738], [-37.62538, -9.74819], [-37.62617, -9.74936], [-37.62725, -9.74989], [-37.62905, -9.75028], [-37.62974, -9.751], [-37.63023, -9.75233], [-37.63036, -9.75381], [-37.63071, -9.75447], [-37.63154, -9.75524], [-37.63229, -9.75621], [-37.63329, -9.75867], [-37.63499, -9.76065], [-37.63731, -9.76414], [-37.63807, -9.76542], [-37.63845, -9.76685], [-37.63907, -9.7678], [-37.63793, -9.76852], [-37.63606, -9.76923], [-37.63589, -9.76907], [-37.6348, -9.7698], [-37.63365, -9.77095], [-37.63301, -9.77269], [-37.63719, -9.77885], [-37.64666, -9.77312], [-37.6465, -9.77282], [-37.65035, -9.77009], [-37.65194, -9.7677], [-37.65149, -9.76659], [-37.65011, -9.76502], [-37.64829, -9.7661], [-37.64432, -9.76742], [-37.64153, -9.76301], [-37.64064, -9.76333], [-37.63928, -9.76112], [-37.64149, -9.75976], [-37.64574, -9.75786], [-37.64215, -9.75076], [-37.64167, -9.74925], [-37.6365, -9.74259], [-37.63706, -9.74211], [-37.65159, -9.73482], [-37.64998, -9.73462], [-37.64895, -9.73426], [-37.64721, -9.73427], [-37.64481, -9.73367], [-37.64365, -9.73266], [-37.64197, -9.73213], [-37.64121, -9.73122], [-37.63886, -9.73014], [-37.6383, -9.73007], [-37.63731, -9.73023], [-37.63461, -9.72898], [-37.63371, -9.72875], [-37.63223, -9.72774], [-37.63147, -9.72687], [-37.62657, -9.73065], [-37.62265, -9.73327]]]}}, {"type": "Feature", "properties": {"cd_sipra": "SE0210000", "nome_proje": "PE COLONIA AGRICOLA SALETE STROZAKE", "municipio": "POCO REDONDO", "uf": "SE", "area_hecta": "74.8900", "num_famili": 4}, "geometry": {"type": "Polygon", "coordinates": [[[-37.79568, -9.80974], [-37.79356, -9.81104], [-37.81116, -9.82846], [-37.81342, -9.82715], [-37.79568, -9.80974]]]}}, {"type": "Feature", "properties": {"cd_sipra": "SE0169000", "nome_proje": "PE COLONIA AGRÍCOLA 09 DE JUNHO", "municipio": "CANINDE DE SAO FRANCISCO", "uf": "SE", "area_hecta": "1284.6700", "num_famili": 53}, "geometry": {"type": "Polygon", "coordinates": [[[-37.84477, -9.81131], [-37.84461, -9.81121], [-37.84418, -9.81002], [-37.84358, -9.79581], [-37.8414, -9.79623], [-37.8409, -9.7879], [-37.82635, -9.79161], [-37.82503, -9.79249], [-37.82235, -9.79383], [-37.81824, -9.79427], [-37.81815, -9.80071], [-37.81831, -9.80257], [-37.81926, -9.80598], [-37.82435, -9.81889], [-37.8177, -9.82431], [-37.81341, -9.82715], [-37.80829, -9.83012], [-37.80936, -9.83107], [-37.80652, -9.83298], [-37.80336, -9.8296], [-37.79883, -9.83117], [-37.79884, -9.83167], [-37.79833, -9.83294], [-37.79821, -9.83369], [-37.7985, -9.83487], [-37.79969, -9.83647], [-37.80087, -9.83605], [-37.80179, -9.83733], [-37.79782, -9.83923], [-37.79785, -9.84017], [-37.80187, -9.84461], [-37.80296, -9.84364], [-37.80583, -9.84775], [-37.80474, -9.84878], [-37.80624, -9.84962], [-37.80673, -9.85014], [-37.8079, -9.84887], [-37.81692, -9.84129], [-37.8181, -9.84098], [-37.82456, -9.83861], [-37.82307, -9.83452], [-37.8241, -9.83372], [-37.82121, -9.82739], [-37.84477, -9.81131]]]}}, {"type": "Feature", "properties": {"cd_sipra": "SE0168000", "nome_proje": "PE COLONIA AGRÍCOLA RONIVALDO FARIAS", "municipio": "POCO REDONDO", "uf": "SE", "area_hecta": "1190.9392", "num_famili": 47}, "geometry": {"type": "Polygon", "coordinates": [[[-37.78646, -9.81404], [-37.78586, -9.81324], [-37.7851, -9.81257], [-37.78492, -9.81199], [-37.78122, -9.80708], [-37.77241, -9.80972], [-37.76738, -9.80986], [-37.76723, -9.80824], [-37.76778, -9.80696], [-37.76845, -9.79279], [-37.76667, -9.79314], [-37.76575, -9.7936], [-37.76258, -9.7981], [-37.75959, -9.8036], [-37.75459, -9.807], [-37.75352, -9.8113], [-37.75236, -9.81344], [-37.75094, -9.81704], [-37.75008, -9.82184], [-37.75547, -9.83545], [-37.76548, -9.83429], [-37.76859, -9.83406], [-37.76966, -9.83349], [-37.77064, -9.83176], [-37.77122, -9.83108], [-37.77353, -9.83087], [-37.77443, -9.83103], [-37.77627, -9.8318], [-37.77672, -9.83168], [-37.77862, -9.83029], [-37.77998, -9.82952], [-37.7829, -9.82885], [-37.78422, -9.82789], [-37.78549, -9.82655], [-37.78914, -9.82521], [-37.7904, -9.82574], [-37.79069, -9.82642], [-37.79629, -9.8226], [-37.79103, -9.81788], [-37.78375, -9.81973], [-37.78273, -9.82036], [-37.77839, -9.81555], [-37.77836, -9.81539], [-37.78679, -9.81405], [-37.78666, -9.81394], [-37.78646, -9.81404]]]}}, {"type": "Feature", "properties": {"cd_sipra": "SE0101000", "nome_proje": "PA MARIA BONITA I", "municipio": "POCO REDONDO", "uf": "SE", "area_hecta": "1092.4759", "num_famili": 37}, "geometry": {"type": "Polygon", "coordinates": [[[-37.71809, -9.82509], [-37.71935, -9.82394], [-37.72068, -9.82364], [-37.72109, -9.82342], [-37.72275, -9.82425], [-37.72263, -9.82516], [-37.72475, -9.82529], [-37.72286, -9.81992], [-37.725, -9.81863], [-37.72729, -9.82002], [-37.72863, -9.82209], [-37.73046, -9.82153], [-37.73284, -9.81602], [-37.73399, -9.81688], [-37.73442, -9.81743], [-37.73537, -9.81773], [-37.7361, -9.81765], [-37.73666, -9.81733], [-37.73762, -9.81721], [-37.73848, -9.81689], [-37.73976, -9.81718], [-37.74122, -9.81774], [-37.74387, -9.81686], [-37.74775, -9.816], [-37.74868, -9.81611], [-37.75087, -9.81684], [-37.75226, -9.81332], [-37.75342, -9.81123], [-37.75449, -9.807], [-37.75972, -9.80328], [-37.76248, -9.79803], [-37.75846, -9.79613], [-37.7572, -9.79514], [-37.7569, -9.79372], [-37.75153, -9.79384], [-37.74524, -9.79523], [-37.74638, -9.7971], [-37.74391, -9.79825], [-37.74151, -9.79615], [-37.73324, -9.80038], [-37.73044, -9.80131], [-37.72986, -9.80103], [-37.72923, -9.80028], [-37.72185, -9.80374], [-37.72323, -9.80467], [-37.71782, -9.80804], [-37.71983, -9.81252], [-37.71881, -9.81287], [-37.71612, -9.81189], [-37.71374, -9.81145], [-37.71162, -9.8114], [-37.70999, -9.81082], [-37.71138, -9.81439], [-37.71297, -9.81702], [-37.71215, -9.81715], [-37.71063, -9.81486], [-37.70945, -9.81504], [-37.70917, -9.81436], [-37.7032, -9.81927], [-37.70509, -9.82008], [-37.7125, -9.82616], [-37.71746, -9.82819], [-37.71695, -9.82579], [-37.71809, -9.82509]]]}}, {"type": "Feature", "properties": {"cd_sipra": "SE0222000", "nome_proje": "PE CA JOSUE DE CASTRO", "municipio": "POCO REDONDO", "uf": null, "area_hecta": "589.0265", "num_famili": 27}, "geometry": {"type": "Polygon", "coordinates": [[[-37.8033, -9.80584], [-37.80284, -9.80606], [-37.80211, -9.8068], [-37.80004, -9.80742], [-37.79737, -9.80872], [-37.79571, -9.80973], [-37.81345, -9.82714], [-37.81774, -9.8243], [-37.82439, -9.81888], [-37.8193, -9.80597], [-37.81834, -9.80257], [-37.81819, -9.80071], [-37.81828, -9.79426], [-37.813, -9.79482], [-37.8033, -9.80584]]]}}, {"type": "Feature", "properties": {"cd_sipra": "SE0193000", "nome_proje": "PE COLONIA AGRICOLA JOSE ACACIO", "municipio": "POCO REDONDO", "uf": "SE", "area_hecta": "336.5896", "num_famili": 13}, "geometry": {"type": "Polygon", "coordinates": [[[-37.77255, -9.80971], [-37.78122, -9.80708], [-37.77017, -9.79243], [-37.76842, -9.79279], [-37.76775, -9.8069], [-37.76729, -9.80782], [-37.76719, -9.80846], [-37.76741, -9.80986], [-37.77255, -9.80971]]]}}, {"type": "Feature", "properties": {"cd_sipra": "SE0107000", "nome_proje": "PA MARIA FEITOSA", "municipio": "POCO REDONDO", "uf": "SE", "area_hecta": "1271.8579", "num_famili": 44}, "geometry": {"type": "MultiPolygon", "coordinates": [[[[-37.79573, -9.80952], [-37.79558, -9.8096], [-37.79558, -9.80961], [-37.79573, -9.80952]]], [[[-37.80219, -9.80638], [-37.80133, -9.80679], [-37.80196, -9.80661], [-37.80219, -9.80638]]]]}}, {"type": "Feature", "properties": {"cd_sipra": "AL0028000", "nome_proje": "PA PARANÁ", "municipio": "GIRAU DO PONCIANO", "uf": "AL", "area_hecta": "1413.6502", "num_famili": 164}, "geometry": {"type": "Polygon", "coordinates": [[[-36.93331, -9.83947], [-36.93345, -9.84046], [-36.92488, -9.84017], [-36.9237, -9.83986], [-36.91864, -9.83955], [-36.90879, -9.83809], [-36.89964, -9.83454], [-36.89869, -9.83484], [-36.89858, -9.83309], [-36.89885, -9.8322], [-36.89849, -9.83139], [-36.89826, -9.83117], [-36.89624, -9.831], [-36.89594, -9.8311], [-36.89587, -9.8314], [-36.89609, -9.83192], [-36.89576, -9.83194], [-36.89512, -9.83265], [-36.89463, -9.83218], [-36.89494, -9.83177], [-36.89377, -9.83169], [-36.89385, -9.83214], [-36.89374, -9.83227], [-36.89273, -9.83247], [-36.89168, -9.83463], [-36.89017, -9.83637], [-36.88928, -9.83656], [-36.88854, -9.83639], [-36.88734, -9.83706], [-36.88701, -9.83779], [-36.88667, -9.83799], [-36.88628, -9.83753], [-36.88558, -9.83803], [-36.88569, -9.83812], [-36.88559, -9.83874], [-36.88493, -9.83908], [-36.88439, -9.83911], [-36.88363, -9.8385], [-36.88289, -9.83827], [-36.88222, -9.83784], [-36.8813, -9.83892], [-36.88101, -9.83908], [-36.87886, -9.83952], [-36.87766, -9.84018], [-36.87669, -9.84098], [-36.87525, -9.84317], [-36.87509, -9.84386], [-36.87425, -9.84446], [-36.87081, -9.84606], [-36.86939, -9.84736], [-36.86859, -9.84785], [-36.87178, -9.8574], [-36.87306, -9.85579], [-36.87384, -9.85453], [-36.87466, -9.85365], [-36.88209, -9.85258], [-36.89092, -9.85108], [-36.89623, -9.85073], [-36.89773, -9.85044], [-36.90304, -9.84883], [-36.90427, -9.8499], [-36.90395, -9.8508], [-36.90405, -9.85137], [-36.90625, -9.8527], [-36.90649, -9.85262], [-36.90745, -9.85336], [-36.9083, -9.85454], [-36.90789, -9.85537], [-36.90767, -9.85646], [-36.91121, -9.85613], [-36.91466, -9.8564], [-36.91964, -9.85557], [-36.92026, -9.85106], [-36.92621, -9.85065], [-36.92772, -9.85003], [-36.92943, -9.85194], [-36.93191, -9.8518], [-36.93756, -9.85185], [-36.94054, -9.85155], [-36.93978, -9.85356], [-36.94268, -9.85334], [-36.94419, -9.85287], [-36.93413, -9.84202], [-36.9345, -9.83696], [-36.93334, -9.83767], [-36.93331, -9.83947]]]}}, {"type": "Feature", "properties": {"cd_sipra": "AL0021000", "nome_proje": "PA SANTA ISABEL", "municipio": "GIRAU DO PONCIANO", "uf": "AL", "area_hecta": "304.4873", "num_famili": 49}, "geometry": {"type": "Polygon", "coordinates": [[[-36.76796, -9.7675], [-36.76375, -9.75951], [-36.76139, -9.75586], [-36.7608, -9.75469], [-36.76167, -9.75427], [-36.7638, -9.75482], [-36.76665, -9.75497], [-36.76669, -9.75148], [-36.76547, -9.74714], [-36.76464, -9.74727], [-36.76449, -9.74537], [-36.76406, -9.74367], [-36.76217, -9.74473], [-36.76185, -9.74356], [-36.75538, -9.75076], [-36.75609, -9.75229], [-36.75391, -9.75243], [-36.75511, -9.75503], [-36.75354, -9.75531], [-36.75423, -9.75799], [-36.75433, -9.75815], [-36.75568, -9.75782], [-36.75792, -9.76477], [-36.76062, -9.76384], [-36.7648, -9.77426], [-36.76565, -9.77406], [-36.76709, -9.77741], [-36.7683, -9.77631], [-36.77007, -9.77326], [-36.76796, -9.7675]]]}}, {"type": "Feature", "properties": {"cd_sipra": "AL0131000", "nome_proje": "PA NOVA PAZ", "municipio": "GIRAU DO PONCIANO", "uf": "AL", "area_hecta": "318.0300", "num_famili": 24}, "geometry": {"type": "MultiPolygon", "coordinates": [[[[-36.86087, -9.76167], [-36.85584, -9.7618], [-36.85596, -9.7631], [-36.85673, -9.76528], [-36.85658, -9.76744], [-36.85639, -9.76824], [-36.85729, -9.76716], [-36.86166, -9.76732], [-36.86387, -9.76778], [-36.86606, -9.77224], [-36.86805, -9.7711], [-36.8722, -9.77023], [-36.87351, -9.76959], [-36.87436, -9.76889], [-36.87492, -9.76876], [-36.8745, -9.76801], [-36.87374, -9.76582], [-36.87182, -9.76626], [-36.86867, -9.75952], [-36.86087, -9.76167]]], [[[-36.85622, -9.74788], [-36.85525, -9.75292], [-36.85584, -9.76173], [-36.86076, -9.7616], [-36.86863, -9.75945], [-36.86392, -9.75365], [-36.86067, -9.74869], [-36.86553, -9.74639], [-36.8639, -9.74514], [-36.86116, -9.74408], [-36.85845, -9.74434], [-36.85622, -9.74788]]]]}}, {"type": "Feature", "properties": {"cd_sipra": "AL0059000", "nome_proje": "PA JAPAOII", "municipio": "GIRAU DO PONCIANO", "uf": "AL", "area_hecta": "545.0000", "num_famili": 44}, "geometry": {"type": "Polygon", "coordinates": [[[-36.82666, -9.73581], [-36.83541, -9.74373], [-36.83431, -9.74377], [-36.83558, -9.7485], [-36.83962, -9.74701], [-36.84103, -9.7458], [-36.8425, -9.74494], [-36.84015, -9.73889], [-36.83876, -9.73594], [-36.83316, -9.72809], [-36.83063, -9.72857], [-36.82666, -9.73581]]]}}, {"type": "Feature", "properties": {"cd_sipra": "AL0130000", "nome_proje": "PA ROSELÍ NUNES", "municipio": "GIRAU DO PONCIANO", "uf": "AL", "area_hecta": "444.5200", "num_famili": 35}, "geometry": {"type": "Polygon", "coordinates": [[[-36.87089, -9.72467], [-36.86705, -9.72759], [-36.86356, -9.72972], [-36.86232, -9.73177], [-36.86042, -9.73236], [-36.85919, -9.73326], [-36.85128, -9.73628], [-36.85624, -9.74303], [-36.85762, -9.743], [-36.86052, -9.74373], [-36.86301, -9.74173], [-36.86459, -9.73956], [-36.86538, -9.73894], [-36.86665, -9.73878], [-36.86982, -9.73912], [-36.87306, -9.73815], [-36.87445, -9.73743], [-36.87532, -9.73716], [-36.87758, -9.73594], [-36.87428, -9.72731], [-36.88466, -9.72381], [-36.88376, -9.72047], [-36.8805, -9.71479], [-36.86816, -9.71983], [-36.87089, -9.72467]]]}}, {"type": "Feature", "properties": {"cd_sipra": "AL0072000", "nome_proje": "PA PADRE CÍCERO", "municipio": "TRAIPU", "uf": "AL", "area_hecta": "368.7050", "num_famili": 41}, "geometry": {"type": "Polygon", "coordinates": [[[-36.91981, -9.72724], [-36.92477, -9.7239], [-36.92046, -9.72435], [-36.91981, -9.72724]]]}}, {"type": "Feature", "properties": {"cd_sipra": "AL0147000", "nome_proje": "PA SETE COQUEIROS", "municipio": "GIRAU DO PONCIANO", "uf": "AL", "area_hecta": "65.7460", "num_famili": 8}, "geometry": {"type": "Polygon", "coordinates": [[[-36.82135, -9.72107], [-36.81804, -9.72192], [-36.8224, -9.73231], [-36.82679, -9.73043], [-36.82205, -9.71928], [-36.82072, -9.7191], [-36.82135, -9.72107]]]}}, {"type": "Feature", "properties": {"cd_sipra": "AL0050000", "nome_proje": "PA RENDEIRA", "municipio": "GIRAU DO PONCIANO", "uf": "AL", "area_hecta": "4493.2400", "num_famili": 281}, "geometry": {"type": "Polygon", "coordinates": [[[-36.8823, -9.71776], [-36.88384, -9.72065], [-36.88468, -9.72375], [-36.89461, -9.72037], [-36.89846, -9.72831], [-36.9028, -9.72678], [-36.90298, -9.72596], [-36.90279, -9.72547], [-36.90162, -9.72494], [-36.90108, -9.72401], [-36.90127, -9.72392], [-36.90171, -9.72315], [-36.90236, -9.72317], [-36.90355, -9.72181], [-36.90431, -9.72124], [-36.90502, -9.72109], [-36.90531, -9.72065], [-36.90686, -9.72133], [-36.90779, -9.7205], [-36.90905, -9.72053], [-36.90963, -9.72074], [-36.91014, -9.7202], [-36.91186, -9.71971], [-36.91212, -9.71885], [-36.91179, -9.71769], [-36.91246, -9.7175], [-36.913, -9.71776], [-36.91305, -9.71842], [-36.91339, -9.71836], [-36.91353, -9.7179], [-36.91384, -9.718], [-36.91432, -9.71862], [-36.91446, -9.7186], [-36.91442, -9.7182], [-36.91488, -9.71814], [-36.9157, -9.71771], [-36.91618, -9.71793], [-36.91787, -9.71762], [-36.92033, -9.71627], [-36.92285, -9.71433], [-36.92641, -9.7127], [-36.92914, -9.71218], [-36.93134, -9.71253], [-36.92898, -9.70806], [-36.92681, -9.70119], [-36.96764, -9.6894], [-36.96839, -9.69001], [-36.96724, -9.68439], [-36.96636, -9.68494], [-36.96485, -9.67875], [-36.96472, -9.67609], [-36.96452, -9.67572], [-36.96178, -9.67437], [-36.96061, -9.67416], [-36.95849, -9.67267], [-36.95834, -9.6715], [-36.95828, -9.66777], [-36.95055, -9.66873], [-36.9432, -9.67311], [-36.93505, -9.67417], [-36.93132, -9.67657], [-36.92727, -9.6808], [-36.91946, -9.68396], [-36.91899, -9.68319], [-36.91831, -9.6835], [-36.91744, -9.68411], [-36.91685, -9.68506], [-36.91706, -9.68608], [-36.90991, -9.68904], [-36.90173, -9.69286], [-36.89387, -9.6968], [-36.89326, -9.69432], [-36.89272, -9.68835], [-36.89266, -9.68614], [-36.89208, -9.68613], [-36.89145, -9.68588], [-36.89098, -9.68651], [-36.8904, -9.68673], [-36.88998, -9.6867], [-36.88919, -9.68742], [-36.88879, -9.6875], [-36.88768, -9.68719], [-36.88673, -9.68728], [-36.88295, -9.68826], [-36.88209, -9.68861], [-36.8752, -9.69162], [-36.87163, -9.69408], [-36.86987, -9.69129], [-36.86728, -9.69017], [-36.86604, -9.68592], [-36.86545, -9.6833], [-36.86307, -9.67913], [-36.85449, -9.68185], [-36.83917, -9.68701], [-36.83939, -9.68741], [-36.83751, -9.68904], [-36.8364, -9.68795], [-36.8356, -9.68822], [-36.83342, -9.68665], [-36.83024, -9.68829], [-36.81983, -9.69099], [-36.8123, -9.69264], [-36.81211, -9.69303], [-36.81345, -9.6956], [-36.81431, -9.69913], [-36.81487, -9.69851], [-36.81544, -9.69893], [-36.81522, -9.69907], [-36.81562, -9.69961], [-36.81635, -9.70214], [-36.82099, -9.70081], [-36.81966, -9.69742], [-36.82013, -9.69732], [-36.82606, -9.69741], [-36.82761, -9.69708], [-36.82904, -9.69662], [-36.8305, -9.69592], [-36.83343, -9.69504], [-36.83642, -9.69355], [-36.8394, -9.693], [-36.84085, -9.69231], [-36.84218, -9.6919], [-36.84352, -9.69042], [-36.84824, -9.68825], [-36.84977, -9.68816], [-36.85134, -9.68744], [-36.85343, -9.68694], [-36.85423, -9.68654], [-36.85732, -9.6922], [-36.8601, -9.69691], [-36.86081, -9.70502], [-36.84798, -9.71023], [-36.84386, -9.71172], [-36.84358, -9.71197], [-36.84242, -9.71224], [-36.83854, -9.71362], [-36.8412, -9.72339], [-36.84239, -9.72283], [-36.8447, -9.72905], [-36.84836, -9.72807], [-36.8483, -9.72581], [-36.85372, -9.72478], [-36.86261, -9.72272], [-36.86115, -9.71821], [-36.86272, -9.71799], [-36.86444, -9.71846], [-36.86569, -9.71856], [-36.86599, -9.71841], [-36.86615, -9.71823], [-36.86471, -9.71478], [-36.87783, -9.71064], [-36.87798, -9.71061], [-36.8823, -9.71776]]]}}, {"type": "Feature", "properties": {"cd_sipra": "SE0037000", "nome_proje": "PA PIONEIRA", "municipio": "POCO REDONDO", "uf": "SE", "area_hecta": "453.2362", "num_famili": 17}, "geometry": {"type": "MultiPolygon", "coordinates": [[[[-37.69922, -9.78427], [-37.70024, -9.78369], [-37.70303, -9.78277], [-37.70368, -9.78155], [-37.70486, -9.78063], [-37.70541, -9.77975], [-37.70463, -9.77934], [-37.70122, -9.77645], [-37.6978, -9.78303], [-37.69885, -9.78468], [-37.69922, -9.78427]]], [[[-37.72652, -9.76121], [-37.7285, -9.76002], [-37.73378, -9.75532], [-37.72883, -9.75235], [-37.7216, -9.75714], [-37.72538, -9.76212], [-37.72652, -9.76121]]], [[[-37.71093, -9.76075], [-37.70986, -9.76152], [-37.70938, -9.76208], [-37.70727, -9.76706], [-37.70535, -9.77025], [-37.7057, -9.7706], [-37.70646, -9.77098], [-37.70736, -9.77106], [-37.71294, -9.76815], [-37.71566, -9.76705], [-37.72007, -9.76461], [-37.72057, -9.76398], [-37.72421, -9.76287], [-37.72531, -9.76218], [-37.72153, -9.75719], [-37.71944, -9.75797], [-37.71432, -9.75941], [-37.71093, -9.76075]]], [[[-37.71363, -9.76794], [-37.71264, -9.76844], [-37.71362, -9.76958], [-37.71417, -9.77074], [-37.71489, -9.77176], [-37.71568, -9.77202], [-37.71776, -9.77313], [-37.71822, -9.77308], [-37.72006, -9.7746], [-37.72062, -9.77433], [-37.72153, -9.77458], [-37.72297, -9.77552], [-37.72465, -9.77701], [-37.72568, -9.77769], [-37.73024, -9.77535], [-37.72541, -9.77244], [-37.72756, -9.77054], [-37.72543, -9.76887], [-37.72478, -9.76955], [-37.72253, -9.76762], [-37.71856, -9.76939], [-37.71842, -9.76965], [-37.71731, -9.77051], [-37.71492, -9.76925], [-37.71363, -9.76794]]], [[[-37.71952, -9.77612], [-37.7195, -9.77677], [-37.72031, -9.77698], [-37.72069, -9.77728], [-37.72079, -9.77866], [-37.72134, -9.77978], [-37.72173, -9.78012], [-37.72559, -9.77773], [-37.72459, -9.77708], [-37.72292, -9.77559], [-37.72149, -9.77466], [-37.72063, -9.77442], [-37.72013, -9.77474], [-37.71952, -9.77612]]], [[[-37.71506, -9.7749], [-37.71621, -9.77616], [-37.7178, -9.77691], [-37.71939, -9.77675], [-37.71944, -9.77609], [-37.72004, -9.77471], [-37.7182, -9.77318], [-37.71775, -9.77322], [-37.71564, -9.7721], [-37.71484, -9.77184], [-37.71409, -9.77078], [-37.71354, -9.76963], [-37.71254, -9.76852], [-37.71196, -9.76879], [-37.71506, -9.7749]]], [[[-37.70644, -9.77107], [-37.70565, -9.77067], [-37.70531, -9.77034], [-37.70127, -9.77637], [-37.70467, -9.77926], [-37.70546, -9.77967], [-37.70694, -9.77711], [-37.70822, -9.77729], [-37.7105, -9.77422], [-37.71006, -9.77318], [-37.70919, -9.77226], [-37.70889, -9.7703], [-37.70734, -9.77116], [-37.70644, -9.77107]]]]}}, {"type": "Feature", "properties": {"cd_sipra": "SE0060000", "nome_proje": "PA NOVO MULUNGU", "municipio": "POCO REDONDO", "uf": "SE", "area_hecta": "249.3766", "num_famili": 10}, "geometry": {"type": "MultiPolygon", "coordinates": [[[[-37.71987, -9.74275], [-37.72001, -9.74437], [-37.71976, -9.74537], [-37.7187, -9.74757], [-37.7186, -9.74858], [-37.7179, -9.74921], [-37.71689, -9.75153], [-37.71751, -9.75649], [-37.71722, -9.75746], [-37.7163, -9.75856], [-37.72092, -9.75717], [-37.72193, -9.75667], [-37.72504, -9.75458], [-37.72157, -9.74436], [-37.71992, -9.7405], [-37.72014, -9.7418], [-37.71987, -9.74275]]], [[[-37.70729, -9.74797], [-37.71112, -9.74941], [-37.71153, -9.74873], [-37.71213, -9.7489], [-37.71707, -9.75073], [-37.71795, -9.74896], [-37.71851, -9.74854], [-37.71861, -9.74754], [-37.71981, -9.74485], [-37.71992, -9.74436], [-37.71978, -9.74274], [-37.72005, -9.7418], [-37.71982, -9.7407], [-37.71947, -9.74062], [-37.71803, -9.74336], [-37.71341, -9.73943], [-37.70916, -9.73611], [-37.70664, -9.73919], [-37.70756, -9.74075], [-37.70729, -9.74797]]], [[[-37.70687, -9.73721], [-37.70649, -9.73805], [-37.7065, -9.73841], [-37.7087, -9.73573], [-37.70679, -9.73422], [-37.70642, -9.73501], [-37.70687, -9.73721]]]]}}, {"type": "Feature", "properties": {"cd_sipra": "SE0038000", "nome_proje": "PA JACARÉ CURITUBA", "municipio": "CANINDE DE SAO FRANCISCO", "uf": "SE", "area_hecta": "9194.6851", "num_famili": 776}, "geometry": {"type": "MultiPolygon", "coordinates": [[[[-37.72504, -9.75458], [-37.72927, -9.75173], [-37.73638, -9.74761], [-37.72503, -9.73254], [-37.72382, -9.73246], [-37.72008, -9.73987], [-37.71993, -9.7405], [-37.72157, -9.74436], [-37.72504, -9.75458]]], [[[-37.72883, -9.75235], [-37.7374, -9.75751], [-37.73801, -9.75941], [-37.73961, -9.75866], [-37.74131, -9.75815], [-37.74374, -9.75835], [-37.744, -9.75901], [-37.74467, -9.75993], [-37.74634, -9.76164], [-37.74693, -9.7616], [-37.73656, -9.74783], [-37.72883, -9.75235]]], [[[-37.69768, -9.70262], [-37.69872, -9.70265], [-37.6994, -9.70235], [-37.69827, -9.70167], [-37.69768, -9.70262]]], [[[-37.68247, -9.68019], [-37.67975, -9.68473], [-37.67539, -9.67949], [-37.67386, -9.67813], [-37.673, -9.67926], [-37.6725, -9.68269], [-37.67098, -9.68534], [-37.67254, -9.68776], [-37.67252, -9.68823], [-37.67224, -9.6884], [-37.67324, -9.68882], [-37.67524, -9.68857], [-37.67509, -9.68716], [-37.67436, -9.68489], [-37.67459, -9.68448], [-37.67618, -9.68491], [-37.67764, -9.68507], [-37.6791, -9.68568], [-37.6784, -9.68706], [-37.67677, -9.69179], [-37.67918, -9.69259], [-37.67963, -9.69209], [-37.68359, -9.69344], [-37.68659, -9.69489], [-37.68525, -9.69814], [-37.68797, -9.69854], [-37.69003, -9.69924], [-37.69196, -9.69607], [-37.69294, -9.69511], [-37.69518, -9.69872], [-37.69747, -9.70091], [-37.69823, -9.70026], [-37.69898, -9.70093], [-37.69972, -9.70025], [-37.69999, -9.70048], [-37.70025, -9.70023], [-37.70099, -9.70066], [-37.68631, -9.68118], [-37.68585, -9.68212], [-37.68247, -9.68019]]], [[[-37.70078, -9.70112], [-37.7006, -9.70121], [-37.69954, -9.70242], [-37.70029, -9.70272], [-37.69844, -9.70736], [-37.69939, -9.7076], [-37.69029, -9.71852], [-37.6973, -9.72546], [-37.69722, -9.72555], [-37.70003, -9.72811], [-37.70198, -9.73015], [-37.70465, -9.73242], [-37.70502, -9.73357], [-37.70576, -9.73442], [-37.70642, -9.73501], [-37.70679, -9.73422], [-37.71436, -9.74018], [-37.71803, -9.74336], [-37.71947, -9.74062], [-37.71981, -9.7407], [-37.72015, -9.73933], [-37.72421, -9.73145], [-37.70137, -9.70116], [-37.70123, -9.70125], [-37.70078, -9.70112]]], [[[-37.72403, -9.73229], [-37.72494, -9.73242], [-37.7243, -9.73157], [-37.72403, -9.73229]]], [[[-37.67047, -9.66393], [-37.67687, -9.66869], [-37.67044, -9.66013], [-37.66955, -9.6634], [-37.67047, -9.66393]]]]}}, {"type": "Feature", "properties": {"cd_sipra": "AL0169000", "nome_proje": "PA GENIVALDO MOURA II/SANTA LUZIA DO RIACHÃO e DOM BOSCO", "municipio": "CRAIBAS", "uf": "AL", "area_hecta": "246.5600", "num_famili": 21}, "geometry": {"type": "Polygon", "coordinates": [[[-36.80556, -9.65977], [-36.80336, -9.65935], [-36.80249, -9.65961], [-36.79845, -9.66199], [-36.7987, -9.66463], [-36.79902, -9.66533], [-36.80068, -9.66762], [-36.80046, -9.66829], [-36.80186, -9.66946], [-36.80263, -9.67059], [-36.80404, -9.67413], [-36.80393, -9.67654], [-36.81031, -9.6774], [-36.81205, -9.67733], [-36.81352, -9.67709], [-36.81219, -9.67607], [-36.81074, -9.67374], [-36.80628, -9.66981], [-36.81895, -9.66516], [-36.81533, -9.66015], [-36.81121, -9.65902], [-36.8073, -9.65976], [-36.80556, -9.65977]]]}}, {"type": "Feature", "properties": {"cd_sipra": "PE0299000", "nome_proje": "PA CAIÇARA", "municipio": "AGUAS BELAS", "uf": "PE", "area_hecta": "829.2298", "num_famili": 36}, "geometry": {"type": "Polygon", "coordinates": [[[-36.98685, -9.22739], [-36.97753, -9.23163], [-36.97847, -9.23314], [-36.97034, -9.2372], [-36.97178, -9.2395], [-36.97245, -9.23991], [-36.97308, -9.24116], [-36.97314, -9.24259], [-36.97524, -9.2455], [-36.97698, -9.24586], [-36.97989, -9.24597], [-36.98199, -9.24583], [-36.98477, -9.24689], [-36.98611, -9.24825], [-36.98672, -9.24856], [-36.98769, -9.24886], [-36.98908, -9.24859], [-36.99044, -9.24861], [-36.99226, -9.24942], [-36.99383, -9.25053], [-36.99385, -9.25073], [-36.99659, -9.25189], [-37.00414, -9.23155], [-37.0055, -9.2283], [-37.00843, -9.22328], [-37.01262, -9.21817], [-37.01105, -9.21513], [-36.98685, -9.22739]]]}}, {"type": "Feature", "properties": {"cd_sipra": "PE0257000", "nome_proje": "PA MATA ESCURA", "municipio": "AGUAS BELAS", "uf": "PE", "area_hecta": "316.3925", "num_famili": 11}, "geometry": {"type": "Polygon", "coordinates": [[[-36.96249, -9.22079], [-36.96642, -9.22427], [-36.96614, -9.23472], [-36.9754, -9.22999], [-36.97437, -9.22918], [-36.97283, -9.22733], [-36.97183, -9.22447], [-36.96855, -9.22453], [-36.96829, -9.22434], [-36.96774, -9.22291], [-36.96709, -9.2221], [-36.96399, -9.21937], [-36.96249, -9.22079]]]}}, {"type": "Feature", "properties": {"cd_sipra": "PE0368000", "nome_proje": "PA POÇO DA CABRA", "municipio": "AGUAS BELAS", "uf": "PE", "area_hecta": "161.9806", "num_famili": 5}, "geometry": {"type": "Polygon", "coordinates": [[[-36.96409, -9.21933], [-36.96617, -9.22111], [-36.96788, -9.22295], [-36.96844, -9.22439], [-36.97013, -9.22447], [-36.97185, -9.22432], [-36.97234, -9.22567], [-36.97317, -9.22715], [-36.98171, -9.22265], [-36.97846, -9.21296], [-36.96409, -9.21933]]]}}, {"type": "Feature", "properties": {"cd_sipra": "PE0258000", "nome_proje": "PA BARRA NOVA", "municipio": "AGUAS BELAS", "uf": "PE", "area_hecta": "1581.6080", "num_famili": 61}, "geometry": {"type": "Polygon", "coordinates": [[[-36.95127, -9.19905], [-36.95184, -9.20056], [-36.95359, -9.19917], [-36.95268, -9.19782], [-36.95241, -9.19695], [-36.96132, -9.19483], [-36.96119, -9.19388], [-36.96601, -9.19347], [-36.96597, -9.19634], [-36.96818, -9.19532], [-36.96874, -9.19776], [-36.96677, -9.19798], [-36.96682, -9.20053], [-36.97085, -9.19962], [-36.97242, -9.1995], [-36.97437, -9.20221], [-36.97497, -9.20335], [-36.97721, -9.2108], [-36.9825, -9.20881], [-36.98618, -9.21933], [-36.99171, -9.21454], [-36.99655, -9.21135], [-36.99424, -9.20627], [-36.99188, -9.19881], [-36.98907, -9.19752], [-36.98659, -9.1961], [-36.98022, -9.19988], [-36.97846, -9.20047], [-36.97617, -9.20152], [-36.97325, -9.19715], [-36.98114, -9.19382], [-36.98036, -9.19312], [-36.98136, -9.19266], [-36.98022, -9.19182], [-36.97874, -9.19124], [-36.978, -9.19061], [-36.97766, -9.19054], [-36.97202, -9.19217], [-36.96846, -9.19282], [-36.96764, -9.19093], [-36.97132, -9.19035], [-36.97342, -9.18891], [-36.97258, -9.18839], [-36.9706, -9.1863], [-36.96907, -9.18375], [-36.96815, -9.18262], [-36.95397, -9.18522], [-36.95538, -9.18172], [-36.95554, -9.17934], [-36.95536, -9.17852], [-36.95485, -9.178], [-36.95386, -9.17725], [-36.95294, -9.17687], [-36.95185, -9.17761], [-36.95084, -9.1787], [-36.94982, -9.17923], [-36.94959, -9.17876], [-36.94885, -9.1792], [-36.94549, -9.17805], [-36.94366, -9.18045], [-36.94604, -9.18648], [-36.95014, -9.19048], [-36.94958, -9.19529], [-36.95088, -9.19907], [-36.95127, -9.19905]]]}}, {"type": "Feature", "properties": {"cd_sipra": "AL0144000", "nome_proje": "PA DOIS IRMÃOS", "municipio": "PIRANHAS", "uf": "AL", "area_hecta": "294.5104", "num_famili": 18}, "geometry": {"type": "MultiPolygon", "coordinates": [[[[-37.79139, -9.53073], [-37.79145, -9.53076], [-37.79142, -9.53073], [-37.79139, -9.53073]]], [[[-37.78973, -9.52971], [-37.78901, -9.52954], [-37.7898, -9.52993], [-37.78973, -9.52971]]], [[[-37.78871, -9.52687], [-37.78841, -9.52599], [-37.78852, -9.52498], [-37.78829, -9.52385], [-37.78799, -9.52341], [-37.78865, -9.52902], [-37.78871, -9.52687]]], [[[-37.78792, -9.52284], [-37.78794, -9.52298], [-37.78795, -9.52277], [-37.78792, -9.52284]]], [[[-37.78859, -9.52151], [-37.78837, -9.52194], [-37.78855, -9.52166], [-37.78859, -9.52151]]], [[[-37.78913, -9.52043], [-37.78888, -9.52093], [-37.78897, -9.52084], [-37.78913, -9.52043]]], [[[-37.7901, -9.51895], [-37.79006, -9.51858], [-37.78975, -9.5192], [-37.7901, -9.51895]]]]}}, {"type": "Feature", "properties": {"cd_sipra": "AL0145000", "nome_proje": "PA COSTA", "municipio": "OLHO DAGUA DO CASADO", "uf": "AL", "area_hecta": "524.2460", "num_famili": 34}, "geometry": {"type": "Polygon", "coordinates": [[[-37.85401, -9.48004], [-37.85239, -9.48164], [-37.84944, -9.48273], [-37.84896, -9.48344], [-37.8487, -9.48435], [-37.8483, -9.48488], [-37.84679, -9.48534], [-37.84507, -9.48645], [-37.84364, -9.48677], [-37.84268, -9.4874], [-37.84199, -9.4876], [-37.84029, -9.48749], [-37.8396, -9.4879], [-37.83924, -9.48869], [-37.83933, -9.49171], [-37.83975, -9.49257], [-37.84104, -9.49414], [-37.84132, -9.49538], [-37.84115, -9.49604], [-37.8408, -9.49655], [-37.83938, -9.49773], [-37.84577, -9.50104], [-37.85887, -9.5073], [-37.8667, -9.51204], [-37.86203, -9.49437], [-37.85775, -9.4855], [-37.85521, -9.47959], [-37.85401, -9.48004]]]}}, {"type": "Feature", "properties": {"cd_sipra": "SE0027000", "nome_proje": "PA CURRALINHO", "municipio": "POCO REDONDO", "uf": "SE", "area_hecta": "1175.0000", "num_famili": 47}, "geometry": {"type": "Polygon", "coordinates": [[[-37.63484, -9.76979], [-37.63594, -9.76906], [-37.63609, -9.76922], [-37.63796, -9.76851], [-37.63913, -9.76779], [-37.6385, -9.76685], [-37.63799, -9.76522], [-37.63504, -9.7607], [-37.63319, -9.75857], [-37.63241, -9.75638], [-37.63148, -9.75526], [-37.63074, -9.75462], [-37.63031, -9.75373], [-37.63018, -9.75214], [-37.62974, -9.75099], [-37.62908, -9.75032], [-37.62698, -9.74983], [-37.62604, -9.74929], [-37.62544, -9.74839], [-37.62544, -9.7474], [-37.6228, -9.74484], [-37.6202, -9.74373], [-37.61954, -9.74314], [-37.61878, -9.74299], [-37.61791, -9.74218], [-37.61763, -9.74096], [-37.61632, -9.73918], [-37.61575, -9.7389], [-37.61424, -9.73881], [-37.61322, -9.73811], [-37.61431, -9.73622], [-37.62001, -9.72892], [-37.61382, -9.71882], [-37.61154, -9.7154], [-37.61092, -9.71562], [-37.61074, -9.7161], [-37.61002, -9.71666], [-37.61005, -9.71726], [-37.60881, -9.7176], [-37.60813, -9.71863], [-37.60659, -9.71991], [-37.60697, -9.72042], [-37.60707, -9.72116], [-37.60691, -9.72161], [-37.60764, -9.72291], [-37.60555, -9.72433], [-37.60505, -9.72434], [-37.60496, -9.72482], [-37.6043, -9.7255], [-37.60419, -9.72554], [-37.60393, -9.72491], [-37.60379, -9.7237], [-37.60238, -9.7219], [-37.60228, -9.72241], [-37.60171, -9.7232], [-37.6009, -9.72298], [-37.60033, -9.72356], [-37.59775, -9.72413], [-37.59589, -9.72511], [-37.59464, -9.72613], [-37.59258, -9.72856], [-37.59185, -9.729], [-37.59613, -9.73903], [-37.6, -9.74394], [-37.60396, -9.74992], [-37.6136, -9.75849], [-37.61432, -9.75799], [-37.61552, -9.7601], [-37.61683, -9.76386], [-37.61809, -9.76551], [-37.62044, -9.76741], [-37.62186, -9.76882], [-37.62378, -9.76828], [-37.62821, -9.76606], [-37.63164, -9.77045], [-37.63304, -9.77269], [-37.63369, -9.77095], [-37.63484, -9.76979]]]}}, {"type": "Feature", "properties": {"cd_sipra": "SE0127000", "nome_proje": "PA NELSON MANDELA", "municipio": "POCO REDONDO", "uf": "SE", "area_hecta": "294.9129", "num_famili": 15}, "geometry": {"type": "Polygon", "coordinates": [[[-37.67355, -9.75398], [-37.67713, -9.75238], [-37.68034, -9.75038], [-37.68248, -9.75208], [-37.68441, -9.75396], [-37.68645, -9.75391], [-37.68953, -9.75417], [-37.68852, -9.75184], [-37.68815, -9.75012], [-37.68647, -9.74646], [-37.68639, -9.74508], [-37.68653, -9.74452], [-37.68786, -9.74468], [-37.68802, -9.74455], [-37.68796, -9.74431], [-37.68925, -9.74356], [-37.68978, -9.74342], [-37.69057, -9.74353], [-37.6912, -9.74333], [-37.69166, -9.74352], [-37.6921, -9.74325], [-37.69045, -9.74155], [-37.69007, -9.74078], [-37.6898, -9.74067], [-37.68925, -9.73989], [-37.68774, -9.73951], [-37.68474, -9.73836], [-37.68444, -9.73854], [-37.68379, -9.73782], [-37.68329, -9.73648], [-37.68341, -9.73508], [-37.68321, -9.73437], [-37.68247, -9.73372], [-37.68036, -9.73271], [-37.67901, -9.73233], [-37.67716, -9.73396], [-37.67367, -9.73622], [-37.67493, -9.73909], [-37.67677, -9.74469], [-37.67732, -9.74585], [-37.67545, -9.74626], [-37.67133, -9.74762], [-37.67226, -9.74974], [-37.67355, -9.75398]]]}}, {"type": "Feature", "properties": {"cd_sipra": "SE0129000", "nome_proje": "PA CARLITO MAIA", "municipio": "POCO REDONDO", "uf": "SE", "area_hecta": "146.9738", "num_famili": 6}, "geometry": {"type": "Polygon", "coordinates": [[[-37.65396, -9.73485], [-37.6516, -9.73482], [-37.64023, -9.73979], [-37.6365, -9.74258], [-37.6403, -9.74716], [-37.64168, -9.74925], [-37.64555, -9.74761], [-37.64485, -9.74675], [-37.64385, -9.74588], [-37.65162, -9.74057], [-37.65715, -9.73753], [-37.65396, -9.73485]]]}}, {"type": "Feature", "properties": {"cd_sipra": "SE0128000", "nome_proje": "PA DJALMA CESÁRIO", "municipio": "POCO REDONDO", "uf": "SE", "area_hecta": "229.8369", "num_famili": 9}, "geometry": {"type": "Polygon", "coordinates": [[[-37.62042, -9.71073], [-37.62015, -9.71149], [-37.62883, -9.72455], [-37.62987, -9.72493], [-37.63233, -9.72771], [-37.63387, -9.72875], [-37.63461, -9.72891], [-37.63738, -9.73014], [-37.63823, -9.73001], [-37.63913, -9.73012], [-37.64111, -9.731], [-37.64207, -9.73211], [-37.64359, -9.73253], [-37.6452, -9.73376], [-37.64702, -9.73411], [-37.64889, -9.73418], [-37.65034, -9.73463], [-37.6539, -9.73476], [-37.65446, -9.73512], [-37.65423, -9.73374], [-37.6518, -9.73171], [-37.65456, -9.73006], [-37.65004, -9.72667], [-37.64935, -9.72567], [-37.64479, -9.72796], [-37.64333, -9.72601], [-37.64092, -9.72423], [-37.63918, -9.72311], [-37.63744, -9.7238], [-37.63471, -9.7218], [-37.63435, -9.72123], [-37.63304, -9.72114], [-37.63093, -9.72304], [-37.62405, -9.71391], [-37.62098, -9.7102], [-37.62072, -9.71076], [-37.62042, -9.71073]]]}}, {"type": "Feature", "properties": {"cd_sipra": "AL0066000", "nome_proje": "PA DELMIRO GOUVEIA", "municipio": "INHAPI", "uf": "AL", "area_hecta": "985.8552", "num_famili": 44}, "geometry": {"type": "Polygon", "coordinates": [[[-37.6297, -9.37459], [-37.6309, -9.37588], [-37.63366, -9.37448], [-37.63244, -9.37337], [-37.6297, -9.37459]]]}}, {"type": "Feature", "properties": {"cd_sipra": "AL0054000", "nome_proje": "PA NOVA ESPERANÇA II", "municipio": "OLHO DAGUA DO CASADO", "uf": "AL", "area_hecta": "1412.9499", "num_famili": 137}, "geometry": {"type": "Polygon", "coordinates": [[[-37.89466, -9.48719], [-37.89374, -9.48501], [-37.89441, -9.48343], [-37.89515, -9.47888], [-37.89414, -9.4787], [-37.89415, -9.4751], [-37.89334, -9.47325], [-37.89184, -9.47158], [-37.89146, -9.46703], [-37.89163, -9.46577], [-37.89156, -9.46522], [-37.88936, -9.46097], [-37.88837, -9.46196], [-37.88805, -9.46257], [-37.88805, -9.46452], [-37.88781, -9.46486], [-37.88694, -9.46545], [-37.88588, -9.46715], [-37.88551, -9.46752], [-37.88495, -9.46778], [-37.88318, -9.46769], [-37.88178, -9.46794], [-37.88135, -9.46776], [-37.88087, -9.46709], [-37.88074, -9.46567], [-37.8805, -9.46518], [-37.88016, -9.46481], [-37.87867, -9.46388], [-37.8771, -9.46208], [-37.87575, -9.46166], [-37.87343, -9.46151], [-37.87205, -9.46175], [-37.86496, -9.4647], [-37.864, -9.46543], [-37.86327, -9.46638], [-37.86242, -9.46852], [-37.8621, -9.46899], [-37.8607, -9.46998], [-37.86735, -9.47797], [-37.8683, -9.47932], [-37.87546, -9.50685], [-37.87706, -9.5142], [-37.87834, -9.51923], [-37.88213, -9.52237], [-37.88556, -9.52394], [-37.88852, -9.52628], [-37.88918, -9.52593], [-37.88918, -9.52441], [-37.88755, -9.52043], [-37.88851, -9.51742], [-37.89009, -9.51751], [-37.8927, -9.51804], [-37.8944, -9.51613], [-37.89454, -9.51571], [-37.89461, -9.5135], [-37.89419, -9.5085], [-37.89239, -9.50252], [-37.89441, -9.49391], [-37.89466, -9.48719]]]}}, {"type": "Feature", "properties": {"cd_sipra": "AL0138000", "nome_proje": "PA XINGOZINHO", "municipio": "DELMIRO GOUVEIA", "uf": "AL", "area_hecta": "495.4545", "num_famili": 30}, "geometry": {"type": "Polygon", "coordinates": [[[-38.00079, -9.48232], [-38.00083, -9.48346], [-37.99641, -9.48368], [-37.98811, -9.49599], [-37.98924, -9.50127], [-37.98991, -9.50595], [-37.99038, -9.50735], [-37.99456, -9.50848], [-37.99586, -9.50977], [-37.99764, -9.5108], [-37.99921, -9.51143], [-38.00062, -9.51145], [-38.00071, -9.50736], [-38.0005, -9.50689], [-37.9977, -9.50509], [-37.99643, -9.50042], [-37.99662, -9.49936], [-37.99862, -9.49768], [-37.99923, -9.49578], [-37.99932, -9.49311], [-38.0007, -9.49238], [-38.00021, -9.49117], [-38.00088, -9.49086], [-38.00164, -9.49093], [-38.00095, -9.49009], [-38.00187, -9.49], [-38.00308, -9.48949], [-38.00251, -9.48849], [-38.00283, -9.48707], [-38.00408, -9.48661], [-38.00596, -9.48504], [-38.00566, -9.48436], [-38.00628, -9.4838], [-38.00666, -9.48307], [-38.00663, -9.48101], [-38.00712, -9.47885], [-38.00657, -9.47863], [-38.00656, -9.47792], [-38.00452, -9.47758], [-38.00424, -9.47635], [-38.00492, -9.47504], [-38.00474, -9.47448], [-38.00332, -9.47288], [-38.00135, -9.47307], [-38.00056, -9.47227], [-37.99914, -9.47247], [-37.9986, -9.47142], [-37.99815, -9.47174], [-37.99759, -9.47179], [-37.99749, -9.47415], [-37.99824, -9.47413], [-37.99854, -9.48237], [-38.00079, -9.48232]]]}}, {"type": "Feature", "properties": {"cd_sipra": "AL0064000", "nome_proje": "PA JUREMA", "municipio": "DELMIRO GOUVEIA", "uf": "AL", "area_hecta": "252.3327", "num_famili": 46}, "geometry": {"type": "Polygon", "coordinates": [[[-37.91712, -9.46378], [-37.91709, -9.4633], [-37.91655, -9.4625], [-37.91089, -9.46251], [-37.91003, -9.46282], [-37.90955, -9.46342], [-37.90923, -9.46457], [-37.9092, -9.46599], [-37.90965, -9.46656], [-37.90505, -9.46882], [-37.90125, -9.47044], [-37.89955, -9.46908], [-37.89908, -9.4645], [-37.89483, -9.46477], [-37.89483, -9.46341], [-37.89226, -9.46455], [-37.89255, -9.46501], [-37.89181, -9.46787], [-37.89191, -9.46917], [-37.89247, -9.47072], [-37.89241, -9.4711], [-37.89274, -9.47171], [-37.89527, -9.47376], [-37.89529, -9.47707], [-37.89577, -9.47934], [-37.90023, -9.4783], [-37.91382, -9.47091], [-37.91209, -9.46962], [-37.91212, -9.46929], [-37.91331, -9.46798], [-37.9146, -9.46574], [-37.9159, -9.46564], [-37.9182, -9.46505], [-37.91799, -9.4645], [-37.91712, -9.46378]]]}}, {"type": "Feature", "properties": {"cd_sipra": "AL0140000", "nome_proje": "PA SAMAMBAIA", "municipio": "PIRANHAS", "uf": "AL", "area_hecta": "576.6403", "num_famili": 40}, "geometry": {"type": "MultiPolygon", "coordinates": [[[[-37.76522, -9.44907], [-37.76797, -9.45157], [-37.76579, -9.44333], [-37.76522, -9.44907]]], [[[-37.77667, -9.48652], [-37.77669, -9.48669], [-37.7767, -9.48669], [-37.77667, -9.48652]]], [[[-37.77596, -9.48112], [-37.77598, -9.4813], [-37.77612, -9.48122], [-37.77596, -9.48112]]], [[[-37.77585, -9.47756], [-37.77576, -9.47579], [-37.77522, -9.47552], [-37.77561, -9.47812], [-37.77585, -9.47756]]], [[[-37.77508, -9.47447], [-37.77513, -9.47486], [-37.77527, -9.47454], [-37.77508, -9.47447]]], [[[-37.77401, -9.47104], [-37.77328, -9.47157], [-37.77417, -9.47134], [-37.77401, -9.47104]]], [[[-37.77322, -9.47158], [-37.77091, -9.46941], [-37.77275, -9.47118], [-37.77322, -9.47158]]], [[[-37.77134, -9.46733], [-37.77214, -9.4667], [-37.77143, -9.46612], [-37.77125, -9.46477], [-37.77082, -9.46932], [-37.77089, -9.46939], [-37.77091, -9.46881], [-37.77134, -9.46733]]]]}}, {"type": "Feature", "properties": {"cd_sipra": "AL0143000", "nome_proje": "PA BOM JESUS/TALHADO", "municipio": "DELMIRO GOUVEIA", "uf": "AL", "area_hecta": "1119.7778", "num_famili": 85}, "geometry": {"type": "Polygon", "coordinates": [[[-37.88927, -9.43444], [-37.88743, -9.43501], [-37.88668, -9.43503], [-37.88568, -9.4356], [-37.88541, -9.43598], [-37.88387, -9.43672], [-37.8812, -9.43633], [-37.87733, -9.4369], [-37.87482, -9.43781], [-37.8746, -9.43806], [-37.87695, -9.44085], [-37.87879, -9.43952], [-37.88103, -9.4401], [-37.88065, -9.44052], [-37.88003, -9.44175], [-37.88026, -9.44291], [-37.88198, -9.44429], [-37.88416, -9.44444], [-37.88382, -9.44575], [-37.8843, -9.44789], [-37.88929, -9.44931], [-37.89071, -9.45394], [-37.89976, -9.45386], [-37.9001, -9.45351], [-37.89999, -9.45209], [-37.89945, -9.44933], [-37.8998, -9.44861], [-37.9002, -9.44866], [-37.91115, -9.44665], [-37.91574, -9.44358], [-37.92541, -9.44061], [-37.92489, -9.43872], [-37.92505, -9.43746], [-37.924, -9.43225], [-37.92314, -9.42991], [-37.92292, -9.42847], [-37.92361, -9.42017], [-37.89328, -9.42803], [-37.88761, -9.42966], [-37.88814, -9.43213], [-37.88852, -9.4322], [-37.88936, -9.43299], [-37.88988, -9.43442], [-37.8897, -9.43458], [-37.88927, -9.43444]]]}}, {"type": "Feature", "properties": {"cd_sipra": "AL0136000", "nome_proje": "PA BEZERROS", "municipio": "DELMIRO GOUVEIA", "uf": "AL", "area_hecta": "1032.9834", "num_famili": 66}, "geometry": {"type": "Polygon", "coordinates": [[[-38.14158, -9.36606], [-38.14293, -9.36648], [-38.15158, -9.36386], [-38.15141, -9.35097], [-38.13269, -9.33567], [-38.12488, -9.33148], [-38.12073, -9.32948], [-38.11862, -9.33066], [-38.11712, -9.33127], [-38.11695, -9.33155], [-38.11686, -9.33333], [-38.11699, -9.33586], [-38.11482, -9.34159], [-38.11435, -9.34423], [-38.11428, -9.3488], [-38.11314, -9.35267], [-38.11641, -9.35411], [-38.12328, -9.35666], [-38.12687, -9.35902], [-38.14158, -9.36606]]]}}, {"type": "Feature", "properties": {"cd_sipra": "AL0038000", "nome_proje": "PA PARAÍSO", "municipio": "AGUA BRANCA", "uf": "AL", "area_hecta": "191.9425", "num_famili": 31}, "geometry": {"type": "Polygon", "coordinates": [[[-37.90628, -9.29121], [-37.90513, -9.29079], [-37.90507, -9.29097], [-37.90568, -9.29192], [-37.90552, -9.29218], [-37.90588, -9.2928], [-37.90645, -9.29333], [-37.90704, -9.29437], [-37.91046, -9.29747], [-37.91114, -9.29929], [-37.91333, -9.30099], [-37.91439, -9.30207], [-37.91555, -9.30261], [-37.91559, -9.30217], [-37.92706, -9.29869], [-37.92527, -9.2917], [-37.9237, -9.29203], [-37.92362, -9.29239], [-37.92282, -9.29332], [-37.92445, -9.29629], [-37.92426, -9.29651], [-37.92457, -9.29764], [-37.92394, -9.29776], [-37.924, -9.29857], [-37.92271, -9.29788], [-37.92164, -9.29481], [-37.92238, -9.29461], [-37.9219, -9.29418], [-37.92278, -9.29329], [-37.92231, -9.29281], [-37.92112, -9.29398], [-37.92023, -9.29345], [-37.91949, -9.29397], [-37.92026, -9.29508], [-37.91764, -9.29704], [-37.91567, -9.29521], [-37.91639, -9.2945], [-37.91628, -9.29244], [-37.91681, -9.29167], [-37.91768, -9.29164], [-37.91826, -9.29188], [-37.91866, -9.29249], [-37.92062, -9.29157], [-37.92166, -9.29055], [-37.92262, -9.29157], [-37.92288, -9.29033], [-37.92102, -9.28995], [-37.92084, -9.29036], [-37.91795, -9.28791], [-37.91835, -9.28678], [-37.91781, -9.28654], [-37.91765, -9.28742], [-37.9167, -9.2869], [-37.9169, -9.28761], [-37.91579, -9.28769], [-37.91583, -9.28802], [-37.9141, -9.28886], [-37.91445, -9.28994], [-37.91248, -9.29036], [-37.91186, -9.29009], [-37.91144, -9.29028], [-37.91081, -9.29025], [-37.91053, -9.29051], [-37.90839, -9.29118], [-37.90628, -9.29121]]]}}, {"type": "Feature", "properties": {"cd_sipra": "AL0139000", "nome_proje": "PA COBRA", "municipio": "AGUA BRANCA", "uf": "AL", "area_hecta": "476.8790", "num_famili": 25}, "geometry": {"type": "Polygon", "coordinates": [[[-37.9046, -9.25833], [-37.90263, -9.26113], [-37.90196, -9.26353], [-37.89769, -9.26365], [-37.89678, -9.26335], [-37.89635, -9.26423], [-37.89349, -9.26325], [-37.89274, -9.26328], [-37.89263, -9.26372], [-37.89277, -9.26406], [-37.89271, -9.26521], [-37.89139, -9.26501], [-37.89061, -9.26469], [-37.88968, -9.26405], [-37.89176, -9.27518], [-37.89385, -9.27528], [-37.89369, -9.27489], [-37.89505, -9.27453], [-37.89542, -9.27512], [-37.89567, -9.27498], [-37.89828, -9.27719], [-37.89953, -9.28006], [-37.89894, -9.28096], [-37.89777, -9.28221], [-37.89641, -9.28317], [-37.89656, -9.28366], [-37.89814, -9.28518], [-37.89978, -9.2848], [-37.90063, -9.28539], [-37.90109, -9.28597], [-37.90185, -9.28886], [-37.90387, -9.29247], [-37.90419, -9.29277], [-37.90588, -9.2928], [-37.90552, -9.29218], [-37.90568, -9.29192], [-37.90507, -9.29097], [-37.90513, -9.29079], [-37.90628, -9.29121], [-37.90839, -9.29118], [-37.91053, -9.29051], [-37.90998, -9.28959], [-37.90846, -9.28994], [-37.90814, -9.28915], [-37.90986, -9.288], [-37.9098, -9.28466], [-37.90964, -9.28337], [-37.9098, -9.28095], [-37.90278, -9.27304], [-37.90352, -9.27282], [-37.90349, -9.2724], [-37.90461, -9.27196], [-37.90491, -9.27144], [-37.90457, -9.2711], [-37.90407, -9.27116], [-37.9037, -9.27049], [-37.9043, -9.27014], [-37.90465, -9.26963], [-37.90616, -9.26501], [-37.90714, -9.2635], [-37.90774, -9.26205], [-37.90789, -9.25834], [-37.90833, -9.25802], [-37.9098, -9.25742], [-37.91298, -9.25769], [-37.91343, -9.25935], [-37.91427, -9.26144], [-37.91652, -9.26132], [-37.91694, -9.26032], [-37.91673, -9.25902], [-37.91562, -9.25813], [-37.91561, -9.25798], [-37.91389, -9.25714], [-37.91172, -9.2554], [-37.90939, -9.25496], [-37.90783, -9.25489], [-37.90557, -9.2536], [-37.90452, -9.25223], [-37.90402, -9.2518], [-37.9021, -9.25328], [-37.90455, -9.25607], [-37.90478, -9.25652], [-37.9046, -9.25833]]]}}, {"type": "Feature", "properties": {"cd_sipra": "AL0209000", "nome_proje": "PA COBRA II", "municipio": "AGUA BRANCA", "uf": "AL", "area_hecta": "195.2145", "num_famili": 14}, "geometry": {"type": "Polygon", "coordinates": [[[-37.90616, -9.26501], [-37.90465, -9.26963], [-37.9043, -9.27014], [-37.9037, -9.27049], [-37.90407, -9.27116], [-37.90457, -9.2711], [-37.90491, -9.27144], [-37.90461, -9.27196], [-37.90349, -9.2724], [-37.90352, -9.27282], [-37.90278, -9.27304], [-37.9098, -9.28095], [-37.9107, -9.28031], [-37.91257, -9.28123], [-37.91598, -9.27264], [-37.91549, -9.26717], [-37.91334, -9.26417], [-37.90933, -9.26289], [-37.90836, -9.26218], [-37.90739, -9.26289], [-37.90616, -9.26501]]]}}, {"type": "Feature", "properties": {"cd_sipra": "PE0343000", "nome_proje": "PA MATA ESCURA II", "municipio": "AGUAS BELAS", "uf": "PE", "area_hecta": "352.3329", "num_famili": 15}, "geometry": {"type": "Polygon", "coordinates": [[[-36.96057, -9.17467], [-36.95654, -9.179], [-36.95554, -9.17934], [-36.95538, -9.18172], [-36.95397, -9.18522], [-36.96815, -9.18262], [-36.96907, -9.18375], [-36.9706, -9.1863], [-36.97258, -9.18839], [-36.97342, -9.18891], [-36.978, -9.19061], [-36.97874, -9.19124], [-36.98022, -9.19182], [-36.98209, -9.19336], [-36.98709, -9.19643], [-36.99188, -9.19881], [-36.99268, -9.19505], [-36.98274, -9.18781], [-36.96471, -9.17108], [-36.9607, -9.17483], [-36.96057, -9.17467]]]}}, {"type": "Feature", "properties": {"cd_sipra": "PE0300000", "nome_proje": "PA CRISTO REI", "municipio": "AGUAS BELAS", "uf": "PE", "area_hecta": "795.8800", "num_famili": 56}, "geometry": {"type": "MultiPolygon", "coordinates": [[[[-36.97289, -9.11947], [-36.97265, -9.12122], [-36.97452, -9.12439], [-36.98609, -9.13062], [-36.98626, -9.13224], [-36.9896, -9.1317], [-36.9908, -9.1317], [-36.99133, -9.12906], [-36.99143, -9.12773], [-36.99233, -9.12604], [-36.99304, -9.12512], [-36.99164, -9.12393], [-36.99037, -9.12319], [-36.98875, -9.12188], [-36.9883, -9.12127], [-36.9873, -9.11892], [-36.98572, -9.11661], [-36.98461, -9.11622], [-36.98364, -9.11626], [-36.98301, -9.1157], [-36.97289, -9.11947]]], [[[-36.9823, -9.14278], [-36.98434, -9.14312], [-36.9903, -9.14598], [-36.99025, -9.14563], [-36.9909, -9.14521], [-36.99135, -9.14514], [-36.99153, -9.14439], [-36.99193, -9.14399], [-36.99275, -9.14358], [-36.9933, -9.14301], [-36.99371, -9.1431], [-36.9947, -9.14374], [-36.99544, -9.14338], [-36.99584, -9.14296], [-36.99543, -9.14254], [-36.9958, -9.1415], [-36.99623, -9.14132], [-36.99604, -9.13761], [-36.98901, -9.13676], [-36.98899, -9.13592], [-36.98733, -9.13518], [-36.98671, -9.13459], [-36.98624, -9.13441], [-36.98163, -9.14334], [-36.98215, -9.14322], [-36.9823, -9.14278]]]]}}, {"type": "Feature", "properties": {"cd_sipra": "PE0312000", "nome_proje": "PA LAGOA DO SERROTINHO", "municipio": "AGUAS BELAS", "uf": "PE", "area_hecta": "515.5546", "num_famili": 22}, "geometry": {"type": "Polygon", "coordinates": [[[-36.92501, -8.96793], [-36.92401, -8.9705], [-36.92593, -8.97186], [-36.92599, -8.97215], [-36.92258, -8.97384], [-36.92284, -8.97427], [-36.91701, -8.97679], [-36.91318, -8.97895], [-36.90978, -8.97987], [-36.90401, -8.98103], [-36.90476, -8.9816], [-36.90262, -8.98422], [-36.90387, -8.98653], [-36.8999, -8.98998], [-36.90005, -8.9906], [-36.9008, -8.99211], [-36.90043, -8.99228], [-36.90143, -8.99656], [-36.90191, -8.99746], [-36.91117, -8.99251], [-36.90998, -8.99085], [-36.91218, -8.98988], [-36.91346, -8.98911], [-36.91225, -8.98824], [-36.91525, -8.98645], [-36.91673, -8.98901], [-36.91862, -8.988], [-36.92503, -8.98511], [-36.92573, -8.98699], [-36.93817, -8.97973], [-36.93406, -8.97696], [-36.93499, -8.97549], [-36.93292, -8.97285], [-36.93188, -8.9736], [-36.92833, -8.97112], [-36.93017, -8.96906], [-36.92939, -8.96819], [-36.92897, -8.96835], [-36.92813, -8.96831], [-36.92767, -8.96789], [-36.92664, -8.96891], [-36.92501, -8.96793]]]}}, {"type": "Feature", "properties": {"cd_sipra": "PE0338000", "nome_proje": "PA UMBURANA", "municipio": "ITAIBA", "uf": "PE", "area_hecta": "1248.3249", "num_famili": 24}, "geometry": {"type": "Polygon", "coordinates": [[[-37.13709, -8.97097], [-37.13211, -8.97064], [-37.10706, -8.97322], [-37.10728, -8.977], [-37.10359, -8.97916], [-37.10219, -8.98058], [-37.10142, -8.98098], [-37.09942, -8.97792], [-37.09869, -8.97836], [-37.08359, -8.98031], [-37.07881, -8.98142], [-37.07634, -8.98219], [-37.07389, -8.98389], [-37.07271, -8.98433], [-37.07287, -8.98489], [-37.07265, -8.98494], [-37.07128, -8.98939], [-37.07472, -8.99182], [-37.0759, -8.99173], [-37.07874, -8.99359], [-37.09392, -8.99461], [-37.09756, -8.99439], [-37.10164, -8.99439], [-37.10613, -8.994], [-37.10621, -8.99412], [-37.11561, -8.98985], [-37.14597, -8.97905], [-37.14457, -8.97591], [-37.14122, -8.97031], [-37.13804, -8.97059], [-37.13709, -8.97097]]]}}, {"type": "Feature", "properties": {"cd_sipra": "AL0224000", "nome_proje": "PA NAVIO", "municipio": "AGUA BRANCA", "uf": "AL", "area_hecta": "462.5889", "num_famili": 46}, "geometry": {"type": "Polygon", "coordinates": [[[-37.82514, -9.26513], [-37.82563, -9.26724], [-37.82704, -9.26935], [-37.82842, -9.26851], [-37.82914, -9.26968], [-37.82998, -9.26922], [-37.83047, -9.27267], [-37.8331, -9.27221], [-37.83296, -9.26772], [-37.83094, -9.26728], [-37.83088, -9.26646], [-37.83054, -9.2664], [-37.83056, -9.26594], [-37.83121, -9.26492], [-37.83288, -9.26512], [-37.83286, -9.26434], [-37.82514, -9.26513]]]}}, {"type": "Feature", "properties": {"cd_sipra": "AL0164000", "nome_proje": "PA TODOS OS SANTOS/CHUPETE", "municipio": "AGUA BRANCA", "uf": "AL", "area_hecta": "1707.9753", "num_famili": 106}, "geometry": {"type": "Polygon", "coordinates": [[[-37.84809, -9.25874], [-37.85044, -9.25988], [-37.85215, -9.26021], [-37.85315, -9.26061], [-37.85668, -9.26154], [-37.85908, -9.26264], [-37.85962, -9.26368], [-37.85968, -9.26622], [-37.86405, -9.2655], [-37.86594, -9.26547], [-37.86618, -9.26427], [-37.86712, -9.26306], [-37.86818, -9.26379], [-37.86885, -9.26469], [-37.86968, -9.26501], [-37.87153, -9.26785], [-37.8728, -9.27231], [-37.87845, -9.27185], [-37.8823, -9.27346], [-37.88577, -9.27458], [-37.8869, -9.27286], [-37.88637, -9.27233], [-37.88744, -9.26987], [-37.88898, -9.26816], [-37.88957, -9.26777], [-37.88906, -9.26611], [-37.88384, -9.26259], [-37.88397, -9.26177], [-37.88232, -9.25738], [-37.88281, -9.25637], [-37.88268, -9.25529], [-37.88155, -9.25452], [-37.88128, -9.25332], [-37.88094, -9.25272], [-37.87996, -9.25314], [-37.87975, -9.25287], [-37.87976, -9.2511], [-37.88019, -9.2504], [-37.88186, -9.25062], [-37.88191, -9.25038], [-37.88301, -9.25027], [-37.88268, -9.24995], [-37.8828, -9.24884], [-37.88256, -9.24841], [-37.88296, -9.24806], [-37.8832, -9.24747], [-37.8838, -9.24767], [-37.88434, -9.24678], [-37.88102, -9.24325], [-37.88047, -9.24302], [-37.88018, -9.24066], [-37.88073, -9.24011], [-37.87685, -9.23912], [-37.87548, -9.23898], [-37.86862, -9.2376], [-37.86855, -9.23715], [-37.86621, -9.23687], [-37.86373, -9.23763], [-37.86185, -9.23853], [-37.86058, -9.24031], [-37.85529, -9.24424], [-37.85128, -9.24106], [-37.85013, -9.23955], [-37.84808, -9.23607], [-37.84679, -9.23427], [-37.84368, -9.232], [-37.84257, -9.23057], [-37.84162, -9.22994], [-37.83984, -9.22935], [-37.83907, -9.22862], [-37.83736, -9.22588], [-37.83633, -9.22476], [-37.83652, -9.22247], [-37.83761, -9.2161], [-37.83819, -9.21376], [-37.83868, -9.20899], [-37.83661, -9.20837], [-37.83474, -9.20808], [-37.83043, -9.21795], [-37.83221, -9.21948], [-37.8334, -9.2214], [-37.83572, -9.22384], [-37.83633, -9.22487], [-37.83728, -9.226], [-37.83614, -9.22819], [-37.83603, -9.22895], [-37.83636, -9.22988], [-37.83591, -9.23207], [-37.83593, -9.23265], [-37.83616, -9.23396], [-37.83648, -9.23479], [-37.83604, -9.23608], [-37.8355, -9.2386], [-37.83658, -9.23863], [-37.84108, -9.24036], [-37.84448, -9.24059], [-37.84668, -9.24165], [-37.84764, -9.24546], [-37.84697, -9.24776], [-37.84618, -9.24836], [-37.84518, -9.25032], [-37.8449, -9.25365], [-37.84431, -9.25702], [-37.84428, -9.25827], [-37.84616, -9.25869], [-37.84809, -9.25874]]]}}, {"type": "Feature", "properties": {"cd_sipra": "AL0149000", "nome_proje": "PA SALGADINHO", "municipio": "INHAPI", "uf": "AL", "area_hecta": "424.3377", "num_famili": 23}, "geometry": {"type": "MultiPolygon", "coordinates": [[[[-37.82583, -9.2081], [-37.82334, -9.20744], [-37.82088, -9.20706], [-37.8193, -9.20721], [-37.81357, -9.2083], [-37.81272, -9.21088], [-37.82314, -9.21862], [-37.82964, -9.21706], [-37.83043, -9.21795], [-37.83474, -9.20808], [-37.83196, -9.20788], [-37.82688, -9.20794], [-37.82583, -9.2081]]], [[[-37.82476, -9.23023], [-37.82288, -9.2322], [-37.82319, -9.23231], [-37.82476, -9.23023]]]]}}, {"type": "Feature", "properties": {"cd_sipra": "AL0137000", "nome_proje": "PCA MALHADA VERMELHA", "municipio": "AGUA BRANCA", "uf": "AL", "area_hecta": "102.1390", "num_famili": 17}, "geometry": {"type": "Polygon", "coordinates": [[[-37.96279, -9.21359], [-37.96369, -9.21196], [-37.96154, -9.211], [-37.96089, -9.21042], [-37.95953, -9.212], [-37.95902, -9.21221], [-37.95707, -9.21115], [-37.95662, -9.212], [-37.95569, -9.21198], [-37.95557, -9.2131], [-37.95603, -9.21328], [-37.95621, -9.21286], [-37.95779, -9.21378], [-37.9588, -9.21468], [-37.9586, -9.21548], [-37.96034, -9.21666], [-37.96208, -9.21811], [-37.96013, -9.22017], [-37.96242, -9.22293], [-37.96283, -9.22013], [-37.96373, -9.22036], [-37.96395, -9.21974], [-37.9654, -9.21946], [-37.96555, -9.21917], [-37.96543, -9.21819], [-37.96577, -9.21793], [-37.96663, -9.21819], [-37.96877, -9.21816], [-37.96894, -9.21852], [-37.96966, -9.21913], [-37.97111, -9.21651], [-37.96947, -9.21544], [-37.96987, -9.21433], [-37.96869, -9.21389], [-37.96785, -9.21323], [-37.96777, -9.21314], [-37.96828, -9.21249], [-37.96817, -9.21205], [-37.96616, -9.21007], [-37.9636, -9.21406], [-37.96279, -9.21359]]]}}, {"type": "Feature", "properties": {"cd_sipra": "AL0005000", "nome_proje": "PA VALE DO SURUBIM", "municipio": "MATA GRANDE", "uf": "AL", "area_hecta": "614.0585", "num_famili": 26}, "geometry": {"type": "Polygon", "coordinates": [[[-37.89186, -9.04937], [-37.8903, -9.04499], [-37.88809, -9.04154], [-37.84455, -9.08415], [-37.84848, -9.08949], [-37.86637, -9.0758], [-37.89186, -9.04937]]]}}, {"type": "Feature", "properties": {"cd_sipra": "PE0235000", "nome_proje": "PA CACIMBA DA FURNA", "municipio": "ITAIBA", "uf": "PE", "area_hecta": "860.2739", "num_famili": 28}, "geometry": {"type": "Polygon", "coordinates": [[[-37.25624, -9.10704], [-37.25075, -9.11293], [-37.25048, -9.11331], [-37.25088, -9.11523], [-37.23945, -9.1221], [-37.24248, -9.1336], [-37.2448, -9.13279], [-37.24571, -9.13304], [-37.24708, -9.13283], [-37.25114, -9.13132], [-37.25283, -9.13058], [-37.25527, -9.12857], [-37.25655, -9.12808], [-37.25845, -9.12789], [-37.26114, -9.12701], [-37.26213, -9.12718], [-37.27231, -9.12086], [-37.27831, -9.11689], [-37.27819, -9.11673], [-37.27851, -9.11656], [-37.27474, -9.1159], [-37.28156, -9.11094], [-37.27427, -9.10716], [-37.2675, -9.0967], [-37.25624, -9.10704]]]}}, {"type": "Feature", "properties": {"cd_sipra": "PE0239000", "nome_proje": "PA SANTA LUZIA", "municipio": "ITAIBA", "uf": "PE", "area_hecta": "883.2822", "num_famili": 25}, "geometry": {"type": "Polygon", "coordinates": [[[-37.28545, -9.01892], [-37.28636, -9.01753], [-37.28753, -9.01629], [-37.287, -9.016], [-37.28692, -9.01563], [-37.28518, -9.01428], [-37.28347, -9.01068], [-37.28246, -9.01093], [-37.28009, -9.01197], [-37.27148, -9.0145], [-37.26674, -9.01473], [-37.26655, -9.01687], [-37.26516, -9.01946], [-37.26278, -9.02184], [-37.26708, -9.0255], [-37.26852, -9.02615], [-37.27183, -9.02877], [-37.27244, -9.0305], [-37.27288, -9.0334], [-37.2738, -9.03421], [-37.28249, -9.036], [-37.29016, -9.03079], [-37.29414, -9.03926], [-37.30383, -9.04218], [-37.30724, -9.04274], [-37.31079, -9.04258], [-37.31209, -9.04325], [-37.31383, -9.04354], [-37.31515, -9.03786], [-37.30647, -9.03081], [-37.3037, -9.02891], [-37.29814, -9.02579], [-37.29251, -9.02309], [-37.28545, -9.01892]]]}}, {"type": "Feature", "properties": {"cd_sipra": "PE0206000", "nome_proje": "PA SERRA DOS CAVALOS", "municipio": "ITAIBA", "uf": "PE", "area_hecta": "1267.9000", "num_famili": 51}, "geometry": {"type": "Polygon", "coordinates": [[[-37.25705, -8.97856], [-37.25333, -8.98394], [-37.25068, -8.98033], [-37.24679, -8.97907], [-37.24043, -8.9862], [-37.22905, -8.99794], [-37.23617, -9.00732], [-37.24254, -9.01268], [-37.2456, -9.01285], [-37.24631, -9.01325], [-37.24721, -9.01434], [-37.24906, -9.01725], [-37.25031, -9.01854], [-37.25128, -9.01606], [-37.25179, -9.0134], [-37.25349, -9.01174], [-37.2563, -9.00302], [-37.25781, -9.00179], [-37.25979, -9.00065], [-37.26543, -8.99843], [-37.26968, -8.99092], [-37.2607, -8.97647], [-37.25875, -8.97728], [-37.25705, -8.97856]]]}}, {"type": "Feature", "properties": {"cd_sipra": "PE0087000", "nome_proje": "PA FAZENDA BARRA VERDE", "municipio": "ITAIBA", "uf": "PE", "area_hecta": "3475.7400", "num_famili": 95}, "geometry": {"type": "Polygon", "coordinates": [[[-37.29715, -8.91555], [-37.29178, -8.92035], [-37.28112, -8.92868], [-37.27754, -8.93117], [-37.27367, -8.92994], [-37.27027, -8.93433], [-37.26896, -8.93507], [-37.26432, -8.93676], [-37.26376, -8.93713], [-37.26331, -8.93763], [-37.26172, -8.94348], [-37.23269, -8.94843], [-37.21494, -8.95086], [-37.22039, -8.96319], [-37.22317, -8.96881], [-37.24141, -8.97046], [-37.25288, -8.97184], [-37.26076, -8.97199], [-37.26188, -8.9678], [-37.26313, -8.95993], [-37.26492, -8.96014], [-37.26614, -8.96092], [-37.26923, -8.96146], [-37.27007, -8.96136], [-37.27202, -8.96212], [-37.27312, -8.96198], [-37.27426, -8.96285], [-37.27466, -8.96297], [-37.27649, -8.96295], [-37.27748, -8.96269], [-37.27886, -8.96265], [-37.28038, -8.96335], [-37.28118, -8.9633], [-37.2817, -8.96572], [-37.28095, -8.96638], [-37.27983, -8.96662], [-37.27901, -8.96719], [-37.27748, -8.96963], [-37.27528, -8.97144], [-37.27292, -8.97238], [-37.27207, -8.97257], [-37.26591, -8.97509], [-37.2607, -8.97647], [-37.26968, -8.99092], [-37.27041, -8.99048], [-37.27194, -8.98991], [-37.2746, -8.9878], [-37.27707, -8.98622], [-37.28114, -8.9821], [-37.28941, -8.98248], [-37.29426, -8.98364], [-37.29678, -8.98192], [-37.30006, -8.97931], [-37.30228, -8.97743], [-37.30339, -8.97606], [-37.30548, -8.97425], [-37.307, -8.97592], [-37.30768, -8.97692], [-37.3079, -8.97677], [-37.31241, -8.97314], [-37.31134, -8.97133], [-37.30923, -8.97085], [-37.30273, -8.96655], [-37.29969, -8.96298], [-37.29934, -8.96121], [-37.29945, -8.96056], [-37.29983, -8.9599], [-37.29979, -8.95878], [-37.3004, -8.95731], [-37.30094, -8.95653], [-37.30138, -8.95597], [-37.3046, -8.9537], [-37.30482, -8.95273], [-37.30476, -8.95184], [-37.30491, -8.95081], [-37.29963, -8.94784], [-37.29929, -8.94671], [-37.29722, -8.94304], [-37.29671, -8.94147], [-37.29527, -8.94031], [-37.29411, -8.93894], [-37.29366, -8.93889], [-37.29248, -8.93791], [-37.29196, -8.93766], [-37.29078, -8.93765], [-37.28821, -8.93821], [-37.2857, -8.93832], [-37.28335, -8.93748], [-37.28226, -8.93673], [-37.28485, -8.93419], [-37.28786, -8.93205], [-37.29136, -8.92882], [-37.29243, -8.92814], [-37.296, -8.92512], [-37.29714, -8.92283], [-37.29996, -8.91794], [-37.30103, -8.91746], [-37.30609, -8.91649], [-37.30667, -8.91603], [-37.30774, -8.91468], [-37.31069, -8.91277], [-37.30912, -8.91102], [-37.30673, -8.90974], [-37.30464, -8.90796], [-37.29715, -8.91555]]]}}, {"type": "Feature", "properties": {"cd_sipra": "PE0121000", "nome_proje": "PA ANGICO TORTO", "municipio": "ITAIBA", "uf": "PE", "area_hecta": "3000.0000", "num_famili": 75}, "geometry": {"type": "Polygon", "coordinates": [[[-37.30774, -8.91468], [-37.30667, -8.91603], [-37.30609, -8.91649], [-37.30103, -8.91746], [-37.29996, -8.91794], [-37.29714, -8.92283], [-37.296, -8.92512], [-37.29243, -8.92814], [-37.29136, -8.92882], [-37.28786, -8.93205], [-37.28485, -8.93419], [-37.28226, -8.93673], [-37.28335, -8.93748], [-37.2857, -8.93832], [-37.28821, -8.93821], [-37.29078, -8.93765], [-37.29196, -8.93766], [-37.29248, -8.93791], [-37.29366, -8.93889], [-37.29411, -8.93894], [-37.29527, -8.94031], [-37.29671, -8.94147], [-37.29722, -8.94304], [-37.29929, -8.94671], [-37.29963, -8.94784], [-37.30491, -8.95081], [-37.30476, -8.95184], [-37.30482, -8.95273], [-37.3046, -8.9537], [-37.30138, -8.95597], [-37.3004, -8.95731], [-37.29979, -8.95878], [-37.29983, -8.9599], [-37.29936, -8.96091], [-37.2996, -8.96277], [-37.30273, -8.96655], [-37.30626, -8.969], [-37.30917, -8.97071], [-37.31087, -8.9702], [-37.31213, -8.96903], [-37.31383, -8.96697], [-37.31831, -8.963], [-37.32051, -8.96171], [-37.32253, -8.96027], [-37.32468, -8.95738], [-37.32651, -8.95572], [-37.32715, -8.95554], [-37.32891, -8.95549], [-37.33068, -8.95455], [-37.33365, -8.95182], [-37.33548, -8.95089], [-37.33774, -8.94908], [-37.33939, -8.94763], [-37.3399, -8.94682], [-37.33736, -8.94112], [-37.33651, -8.93881], [-37.33647, -8.93712], [-37.33724, -8.93379], [-37.33697, -8.932], [-37.3349, -8.92594], [-37.33107, -8.92591], [-37.33001, -8.92466], [-37.32946, -8.92428], [-37.33016, -8.92232], [-37.32961, -8.91892], [-37.33371, -8.91966], [-37.33397, -8.91495], [-37.33169, -8.91503], [-37.32782, -8.91356], [-37.32743, -8.91527], [-37.32326, -8.91475], [-37.32255, -8.91634], [-37.31839, -8.9151], [-37.31349, -8.91336], [-37.31069, -8.91277], [-37.30774, -8.91468]]]}}, {"type": "Feature", "properties": {"cd_sipra": "PE0336000", "nome_proje": "PA SÃO GERALDO", "municipio": "ITAIBA", "uf": "PE", "area_hecta": "461.6962", "num_famili": 23}, "geometry": {"type": "Polygon", "coordinates": [[[-37.22036, -8.94295], [-37.22198, -8.94992], [-37.23334, -8.9483], [-37.25789, -8.9441], [-37.25806, -8.94088], [-37.22061, -8.93301], [-37.22117, -8.93699], [-37.22036, -8.94295]]]}}, {"type": "Feature", "properties": {"cd_sipra": "PE0255000", "nome_proje": "PA LIBERTAÇÃO", "municipio": "ITAIBA", "uf": "PE", "area_hecta": "4373.9934", "num_famili": 228}, "geometry": {"type": "MultiPolygon", "coordinates": [[[[-37.41174, -8.88518], [-37.41117, -8.88514], [-37.41152, -8.88813], [-37.41108, -8.88851], [-37.41152, -8.89037], [-37.41171, -8.8936], [-37.40613, -8.89406], [-37.40613, -8.89257], [-37.40467, -8.8928], [-37.4043, -8.89269], [-37.40457, -8.89485], [-37.40448, -8.89553], [-37.40349, -8.89619], [-37.40323, -8.89579], [-37.40293, -8.8958], [-37.40305, -8.89639], [-37.40352, -8.89711], [-37.40351, -8.89818], [-37.40203, -8.89847], [-37.40191, -8.89822], [-37.39839, -8.89797], [-37.39736, -8.90255], [-37.39779, -8.90367], [-37.39901, -8.9032], [-37.39948, -8.90386], [-37.40045, -8.90406], [-37.40159, -8.90499], [-37.40304, -8.90364], [-37.40563, -8.90276], [-37.40676, -8.90345], [-37.40736, -8.90357], [-37.40802, -8.90281], [-37.40626, -8.89984], [-37.40586, -8.89869], [-37.40863, -8.89739], [-37.41168, -8.90048], [-37.41457, -8.90147], [-37.41503, -8.90128], [-37.41606, -8.90178], [-37.41686, -8.90152], [-37.41668, -8.90946], [-37.41779, -8.91133], [-37.41846, -8.91209], [-37.41887, -8.91387], [-37.41832, -8.91433], [-37.41777, -8.91827], [-37.41715, -8.92117], [-37.42052, -8.92066], [-37.41984, -8.92384], [-37.41996, -8.92366], [-37.42019, -8.92401], [-37.41995, -8.92472], [-37.41924, -8.93036], [-37.42048, -8.93058], [-37.42167, -8.9313], [-37.42462, -8.93045], [-37.42622, -8.92959], [-37.42627, -8.93123], [-37.42449, -8.93528], [-37.4215, -8.93465], [-37.42055, -8.93486], [-37.42285, -8.94216], [-37.42267, -8.94248], [-37.42272, -8.9427], [-37.42296, -8.94319], [-37.42385, -8.94327], [-37.42577, -8.94217], [-37.42839, -8.93977], [-37.43191, -8.93926], [-37.43291, -8.94493], [-37.4372, -8.94348], [-37.43927, -8.94142], [-37.43941, -8.93823], [-37.44011, -8.93081], [-37.44137, -8.9295], [-37.44152, -8.92876], [-37.44454, -8.92804], [-37.44544, -8.92938], [-37.44683, -8.9289], [-37.45168, -8.93062], [-37.45219, -8.92928], [-37.45163, -8.92889], [-37.45183, -8.92856], [-37.45077, -8.92821], [-37.45086, -8.92742], [-37.45073, -8.92669], [-37.45157, -8.92649], [-37.45152, -8.92709], [-37.45307, -8.92696], [-37.45235, -8.92487], [-37.45252, -8.92479], [-37.45232, -8.92403], [-37.45228, -8.92696], [-37.45214, -8.92688], [-37.45226, -8.92379], [-37.45193, -8.92256], [-37.44672, -8.9225], [-37.44669, -8.91993], [-37.44687, -8.91898], [-37.44702, -8.91898], [-37.4472, -8.91842], [-37.44709, -8.91737], [-37.4507, -8.91764], [-37.45067, -8.91664], [-37.44322, -8.91617], [-37.44325, -8.91445], [-37.43745, -8.91397], [-37.43745, -8.90675], [-37.43852, -8.90708], [-37.43836, -8.90753], [-37.43862, -8.90759], [-37.43866, -8.90875], [-37.4393, -8.90887], [-37.43958, -8.90924], [-37.44058, -8.90865], [-37.44097, -8.90882], [-37.44056, -8.90913], [-37.43995, -8.91044], [-37.44016, -8.91074], [-37.44038, -8.91183], [-37.44123, -8.9118], [-37.44051, -8.91263], [-37.44251, -8.91314], [-37.44411, -8.91318], [-37.44405, -8.9126], [-37.44493, -8.91285], [-37.44484, -8.91329], [-37.44559, -8.91335], [-37.44612, -8.91317], [-37.44641, -8.91354], [-37.44716, -8.91298], [-37.44617, -8.91148], [-37.44565, -8.91173], [-37.44491, -8.91083], [-37.4448, -8.9104], [-37.44532, -8.91028], [-37.44529, -8.91001], [-37.44781, -8.90946], [-37.4477, -8.90847], [-37.44728, -8.90845], [-37.44733, -8.90766], [-37.44548, -8.90749], [-37.44537, -8.90787], [-37.44562, -8.90842], [-37.44529, -8.90879], [-37.44507, -8.90941], [-37.44418, -8.90928], [-37.44358, -8.90948], [-37.44314, -8.90868], [-37.44237, -8.90859], [-37.44198, -8.90873], [-37.44065, -8.9085], [-37.44065, -8.90786], [-37.44095, -8.90786], [-37.44091, -8.90745], [-37.44209, -8.9076], [-37.44371, -8.90738], [-37.44482, -8.9074], [-37.44464, -8.9058], [-37.43764, -8.90534], [-37.4378, -8.90312], [-37.43911, -8.90317], [-37.44083, -8.90238], [-37.44128, -8.90188], [-37.4415, -8.8998], [-37.43971, -8.89907], [-37.43831, -8.89738], [-37.4389, -8.88841], [-37.43806, -8.88794], [-37.43697, -8.88775], [-37.43592, -8.88785], [-37.43584, -8.88769], [-37.43036, -8.8873], [-37.41921, -8.88617], [-37.41946, -8.88691], [-37.41679, -8.88734], [-37.41644, -8.88643], [-37.41444, -8.88657], [-37.41426, -8.88427], [-37.41176, -8.88466], [-37.41174, -8.88518]]], [[[-37.36931, -8.9495], [-37.36962, -8.95482], [-37.36605, -8.95497], [-37.36523, -8.95324], [-37.36393, -8.95412], [-37.3619, -8.95486], [-37.35995, -8.95585], [-37.36084, -8.9582], [-37.36388, -8.95823], [-37.36656, -8.95775], [-37.36713, -8.95966], [-37.36208, -8.96268], [-37.3626, -8.96362], [-37.36365, -8.96695], [-37.36422, -8.967], [-37.36432, -8.96797], [-37.3816, -8.96768], [-37.37754, -8.97339], [-37.3773, -8.97471], [-37.37789, -8.98044], [-37.3768, -8.98561], [-37.37679, -8.98752], [-37.37709, -8.99142], [-37.37226, -8.99152], [-37.37227, -8.99388], [-37.37732, -8.99395], [-37.37744, -8.99511], [-37.37953, -8.99456], [-37.38677, -8.99342], [-37.3958, -8.9917], [-37.39747, -8.99087], [-37.39809, -8.99002], [-37.3989, -8.98814], [-37.39951, -8.98789], [-37.40334, -8.98803], [-37.40544, -8.98726], [-37.40824, -8.98579], [-37.41587, -8.98074], [-37.4182, -8.98012], [-37.42373, -8.97917], [-37.42584, -8.97706], [-37.42753, -8.97113], [-37.42773, -8.96945], [-37.42557, -8.96775], [-37.42562, -8.96398], [-37.42615, -8.95869], [-37.42541, -8.95564], [-37.42102, -8.95618], [-37.41906, -8.95468], [-37.41834, -8.95177], [-37.41707, -8.95133], [-37.41521, -8.95173], [-37.41151, -8.95003], [-37.40951, -8.9514], [-37.40127, -8.95619], [-37.39924, -8.95719], [-37.39173, -8.96022], [-37.38927, -8.96224], [-37.38829, -8.95812], [-37.38704, -8.95859], [-37.38692, -8.95416], [-37.38616, -8.95187], [-37.38357, -8.95187], [-37.38161, -8.95063], [-37.37758, -8.95073], [-37.37715, -8.94842], [-37.37018, -8.94831], [-37.36931, -8.9495]]]]}}, {"type": "Feature", "properties": {"cd_sipra": "PE0422000", "nome_proje": "PA NOSSA SENHORA APARECIDA", "municipio": "MANARI", "uf": "PE", "area_hecta": "2342.0788", "num_famili": 0}, "geometry": {"type": "Polygon", "coordinates": [[[-37.6762, -8.92716], [-37.67187, -8.9317], [-37.66977, -8.93188], [-37.66989, -8.93377], [-37.67901, -8.95179], [-37.68217, -8.95621], [-37.68405, -8.95699], [-37.69081, -8.9546], [-37.69247, -8.95323], [-37.69221, -8.95237], [-37.70543, -8.94885], [-37.72305, -8.9446], [-37.73087, -8.93627], [-37.72086, -8.90614], [-37.71299, -8.9026], [-37.69777, -8.91376], [-37.6762, -8.92716]], [[-37.69914, -8.93574], [-37.69884, -8.94472], [-37.69908, -8.93591], [-37.69914, -8.93574]]]}}, {"type": "Feature", "properties": {"cd_sipra": "PE0340000", "nome_proje": "PA BRABINHO", "municipio": "ITAIBA", "uf": "PE", "area_hecta": "494.6963", "num_famili": 20}, "geometry": {"type": "Polygon", "coordinates": [[[-37.24805, -8.91892], [-37.24652, -8.92557], [-37.24616, -8.9255], [-37.24413, -8.93442], [-37.26312, -8.93833], [-37.26338, -8.93752], [-37.27371, -8.9299], [-37.26716, -8.92066], [-37.25405, -8.91842], [-37.25373, -8.91993], [-37.24805, -8.91892]]]}}, {"type": "Feature", "properties": {"cd_sipra": "PE0249000", "nome_proje": "PA CACHOEIRINHA", "municipio": "ITAIBA", "uf": "PE", "area_hecta": "2130.8000", "num_famili": 78}, "geometry": {"type": "Polygon", "coordinates": [[[-37.23938, -8.90848], [-37.24058, -8.90498], [-37.2316, -8.90355], [-37.23176, -8.90701], [-37.20415, -8.90253], [-37.19844, -8.90129], [-37.19747, -8.90948], [-37.19697, -8.9103], [-37.20538, -8.91213], [-37.20579, -8.9101], [-37.26714, -8.92067], [-37.26365, -8.91486], [-37.2626, -8.91269], [-37.25643, -8.91095], [-37.23938, -8.90848]]]}}, {"type": "Feature", "properties": {"cd_sipra": "MF0094000", "nome_proje": "PA VALE DO MOXOTÓ", "municipio": "INAJA", "uf": "PE", "area_hecta": "1924.1202", "num_famili": 110}, "geometry": {"type": "Polygon", "coordinates": [[[-37.85488, -8.86955], [-37.84971, -8.87584], [-37.8379, -8.89102], [-37.83707, -8.89189], [-37.83334, -8.8971], [-37.83242, -8.89947], [-37.83134, -8.9057], [-37.86643, -8.91371], [-37.89104, -8.87444], [-37.85721, -8.86642], [-37.85488, -8.86955]]]}}, {"type": "Feature", "properties": {"cd_sipra": "MF0120000", "nome_proje": "PA PROVINCIA DO UIGE", "municipio": "INAJA", "uf": "PE", "area_hecta": "2828.0556", "num_famili": 91}, "geometry": {"type": "Polygon", "coordinates": [[[-37.96675, -8.81563], [-37.96177, -8.81399], [-37.96141, -8.81359], [-37.96087, -8.81367], [-37.95872, -8.81289], [-37.94713, -8.80846], [-37.93848, -8.80486], [-37.93765, -8.80566], [-37.93245, -8.79898], [-37.92638, -8.81512], [-37.90664, -8.80539], [-37.90308, -8.82053], [-37.89967, -8.82643], [-37.89897, -8.82721], [-37.92225, -8.85472], [-37.92429, -8.85302], [-37.91927, -8.86503], [-37.91523, -8.86412], [-37.91262, -8.87012], [-37.92523, -8.87517], [-37.93417, -8.87837], [-37.93643, -8.87088], [-37.93875, -8.86205], [-37.93469, -8.86103], [-37.93895, -8.84815], [-37.93555, -8.84355], [-37.96517, -8.81847], [-37.96675, -8.81563]]]}}, {"type": "Feature", "properties": {"cd_sipra": "MF0228000", "nome_proje": "PA ABREU E LIMA", "municipio": "TACARATU", "uf": "PE", "area_hecta": "18984.9334", "num_famili": 302}, "geometry": {"type": "MultiPolygon", "coordinates": [[[[-37.98313, -8.79485], [-37.98579, -8.79721], [-37.99131, -8.79159], [-38.00615, -8.77401], [-38.00613, -8.76926], [-37.98313, -8.79485]]], [[[-37.99552, -8.79456], [-37.99355, -8.79624], [-37.98838, -8.79953], [-38.00601, -8.81527], [-38.00613, -8.78188], [-37.99552, -8.79456]]]]}}, {"type": "Feature", "properties": {"cd_sipra": "MF0158000", "nome_proje": "PA MARIA OTILIA", "municipio": "INAJA", "uf": "PE", "area_hecta": "1700.0000", "num_famili": 48}, "geometry": {"type": "Polygon", "coordinates": [[[-37.91664, -8.77662], [-37.92664, -8.78047], [-37.93146, -8.78843], [-37.93194, -8.78812], [-37.93728, -8.78878], [-37.95475, -8.77494], [-37.95358, -8.77347], [-37.95572, -8.77086], [-37.93173, -8.74958], [-37.91664, -8.77662]]]}}, {"type": "Feature", "properties": {"cd_sipra": "MF0171000", "nome_proje": "PA CURRALINHO DOS ANGICOS", "municipio": "FLORESTA", "uf": "PE", "area_hecta": "3489.0861", "num_famili": 48}, "geometry": {"type": "MultiPolygon", "coordinates": [[[[-38.30793, -8.75556], [-38.30262, -8.75258], [-38.30116, -8.75152], [-38.29969, -8.75075], [-38.29941, -8.755], [-38.29553, -8.75597], [-38.29443, -8.75578], [-38.29391, -8.75499], [-38.29281, -8.75542], [-38.29227, -8.75535], [-38.29067, -8.75558], [-38.29012, -8.75608], [-38.28942, -8.75569], [-38.28927, -8.75479], [-38.28811, -8.75436], [-38.28724, -8.75271], [-38.28638, -8.75207], [-38.2845, -8.7511], [-38.2834, -8.75353], [-38.28577, -8.75845], [-38.28889, -8.76011], [-38.29352, -8.75886], [-38.29556, -8.76012], [-38.29551, -8.75808], [-38.30531, -8.75442], [-38.30732, -8.75762], [-38.30793, -8.75556]]], [[[-38.28873, -8.75324], [-38.28723, -8.7524], [-38.28821, -8.75425], [-38.2894, -8.7547], [-38.28954, -8.75561], [-38.2901, -8.75591], [-38.2906, -8.75545], [-38.29227, -8.75521], [-38.29279, -8.75528], [-38.29396, -8.75483], [-38.29451, -8.75565], [-38.29553, -8.75583], [-38.29928, -8.7549], [-38.29949, -8.75049], [-38.30797, -8.75543], [-38.317, -8.72502], [-38.31109, -8.72409], [-38.30616, -8.71822], [-38.30324, -8.71728], [-38.28873, -8.75324]]], [[[-38.3086, -8.70404], [-38.30414, -8.71501], [-38.30498, -8.71594], [-38.30977, -8.71381], [-38.31211, -8.71446], [-38.31212, -8.7139], [-38.31628, -8.7137], [-38.31658, -8.71578], [-38.31817, -8.71714], [-38.31939, -8.71657], [-38.31961, -8.71593], [-38.32019, -8.71218], [-38.3209, -8.71197], [-38.32326, -8.70406], [-38.32649, -8.70338], [-38.32793, -8.69822], [-38.31955, -8.69804], [-38.32827, -8.6765], [-38.31345, -8.67808], [-38.30348, -8.70334], [-38.3086, -8.70404]]]]}}, {"type": "Feature", "properties": {"cd_sipra": "MF0279000", "nome_proje": "PA POÇO VERDE II", "municipio": "INAJA", "uf": "PE", "area_hecta": "248.4464", "num_famili": 16}, "geometry": {"type": "Polygon", "coordinates": [[[-37.68532, -8.81586], [-37.68671, -8.81665], [-37.70411, -8.79582], [-37.77039, -8.71637], [-37.76922, -8.71531], [-37.68532, -8.81586]]]}}, {"type": "Feature", "properties": {"cd_sipra": "MF0162000", "nome_proje": "PA POÇO VERDE", "municipio": "INAJA", "uf": "PE", "area_hecta": "827.5812", "num_famili": 50}, "geometry": {"type": "MultiPolygon", "coordinates": [[[[-37.7702, -8.7163], [-37.76541, -8.71187], [-37.71394, -8.77354], [-37.71311, -8.77474], [-37.71138, -8.77661], [-37.71512, -8.78262], [-37.7702, -8.7163]]], [[[-37.69874, -8.79174], [-37.70294, -8.79426], [-37.70417, -8.79573], [-37.71488, -8.78291], [-37.71109, -8.77695], [-37.69874, -8.79174]]], [[[-37.68079, -8.81328], [-37.68671, -8.81666], [-37.70405, -8.79587], [-37.70281, -8.79442], [-37.6986, -8.79191], [-37.68079, -8.81328]]]]}}, {"type": "Feature", "properties": {"cd_sipra": "MF0283000", "nome_proje": "PA TERRA NOVA I", "municipio": "FLORESTA", "uf": "PE", "area_hecta": "620.2331", "num_famili": 12}, "geometry": {"type": "MultiPolygon", "coordinates": [[[[-38.56299, -8.75029], [-38.56362, -8.74293], [-38.56402, -8.74164], [-38.56599, -8.72549], [-38.55955, -8.72201], [-38.55925, -8.72251], [-38.55784, -8.75495], [-38.55882, -8.75501], [-38.56058, -8.75552], [-38.56195, -8.75569], [-38.56258, -8.75321], [-38.56299, -8.75029]]], [[[-38.55291, -8.77424], [-38.55289, -8.77359], [-38.55249, -8.77304], [-38.55185, -8.77316], [-38.55126, -8.77365], [-38.5506, -8.77342], [-38.55041, -8.7731], [-38.55095, -8.77159], [-38.5521, -8.77037], [-38.55248, -8.76963], [-38.55231, -8.76874], [-38.55199, -8.76865], [-38.55144, -8.76882], [-38.55083, -8.76908], [-38.55021, -8.76965], [-38.54998, -8.76959], [-38.54975, -8.76923], [-38.54977, -8.76884], [-38.55003, -8.76823], [-38.55077, -8.76743], [-38.55072, -8.76709], [-38.5506, -8.76683], [-38.55014, -8.76654], [-38.54913, -8.76638], [-38.54918, -8.76599], [-38.54904, -8.7659], [-38.54855, -8.76606], [-38.54826, -8.7721], [-38.54924, -8.77305], [-38.54969, -8.77403], [-38.55091, -8.77405], [-38.55174, -8.77478], [-38.55223, -8.7749], [-38.55291, -8.77424]]], [[[-38.55822, -8.77521], [-38.55879, -8.77425], [-38.55924, -8.77391], [-38.55974, -8.77278], [-38.56041, -8.7727], [-38.5606, -8.77245], [-38.56032, -8.77172], [-38.56113, -8.77062], [-38.56121, -8.76958], [-38.56154, -8.76912], [-38.56244, -8.7665], [-38.56238, -8.76613], [-38.56187, -8.76534], [-38.56211, -8.76514], [-38.56239, -8.76543], [-38.56279, -8.76539], [-38.56339, -8.76505], [-38.56412, -8.76427], [-38.56153, -8.76262], [-38.56213, -8.75988], [-38.56225, -8.75591], [-38.56057, -8.75565], [-38.55846, -8.75507], [-38.55589, -8.7551], [-38.55346, -8.75371], [-38.55248, -8.75268], [-38.55187, -8.75162], [-38.54919, -8.75131], [-38.5488, -8.76076], [-38.54969, -8.76179], [-38.55059, -8.76189], [-38.55203, -8.76165], [-38.55213, -8.76182], [-38.55198, -8.76289], [-38.55234, -8.76342], [-38.55331, -8.7629], [-38.55416, -8.76207], [-38.5544, -8.76193], [-38.5546, -8.762], [-38.55387, -8.76371], [-38.55405, -8.76401], [-38.55441, -8.76417], [-38.55469, -8.76377], [-38.55531, -8.76366], [-38.55533, -8.76409], [-38.55482, -8.76466], [-38.55406, -8.76467], [-38.55383, -8.76483], [-38.55348, -8.7656], [-38.55348, -8.76651], [-38.55429, -8.76709], [-38.55508, -8.76687], [-38.55592, -8.76694], [-38.55675, -8.76656], [-38.55662, -8.7672], [-38.55631, -8.76758], [-38.55632, -8.76789], [-38.5567, -8.76823], [-38.55672, -8.76898], [-38.55774, -8.76871], [-38.55794, -8.76885], [-38.55729, -8.7697], [-38.55737, -8.76986], [-38.55774, -8.76993], [-38.55776, -8.77017], [-38.55708, -8.77072], [-38.55663, -8.77142], [-38.55696, -8.77236], [-38.55618, -8.77281], [-38.55657, -8.77309], [-38.55684, -8.77358], [-38.55638, -8.77396], [-38.55629, -8.77564], [-38.55674, -8.77596], [-38.55697, -8.776], [-38.55822, -8.77521]]], [[[-38.56701, -8.77638], [-38.56696, -8.77535], [-38.56707, -8.77516], [-38.5673, -8.77513], [-38.56789, -8.77546], [-38.56847, -8.77527], [-38.56879, -8.77441], [-38.56914, -8.77398], [-38.56874, -8.77351], [-38.56879, -8.77321], [-38.56977, -8.7724], [-38.5705, -8.77236], [-38.57065, -8.77212], [-38.57, -8.77148], [-38.56883, -8.77103], [-38.56899, -8.77084], [-38.56975, -8.77063], [-38.57008, -8.77022], [-38.57036, -8.76947], [-38.57027, -8.76875], [-38.56827, -8.76787], [-38.56987, -8.76064], [-38.56905, -8.76025], [-38.56916, -8.76088], [-38.5688, -8.7626], [-38.56599, -8.76261], [-38.56577, -8.763], [-38.5658, -8.76407], [-38.56524, -8.76453], [-38.56526, -8.76539], [-38.56442, -8.766], [-38.56412, -8.76646], [-38.5642, -8.76697], [-38.56398, -8.76754], [-38.56405, -8.76821], [-38.5636, -8.76897], [-38.56442, -8.76942], [-38.56509, -8.76924], [-38.56512, -8.76978], [-38.5641, -8.77001], [-38.56326, -8.77119], [-38.56329, -8.77163], [-38.56371, -8.77194], [-38.56342, -8.77288], [-38.56342, -8.77355], [-38.56395, -8.77349], [-38.56428, -8.77304], [-38.56467, -8.77286], [-38.56535, -8.77265], [-38.5655, -8.77274], [-38.56502, -8.77358], [-38.56508, -8.77401], [-38.56482, -8.77442], [-38.5648, -8.77477], [-38.56447, -8.77527], [-38.56335, -8.77597], [-38.5631, -8.77653], [-38.56429, -8.77658], [-38.56531, -8.77685], [-38.56533, -8.77733], [-38.566, -8.77744], [-38.56701, -8.77638]]]]}}, {"type": "Feature", "properties": {"cd_sipra": "MF0174000", "nome_proje": "PA PAULO FREIRE", "municipio": "ITACURUBA", "uf": "PE", "area_hecta": "1699.0000", "num_famili": 48}, "geometry": {"type": "Polygon", "coordinates": [[[-38.67855, -8.69893], [-38.6889, -8.72102], [-38.69517, -8.72103], [-38.69516, -8.73912], [-38.68925, -8.73911], [-38.70461, -8.77065], [-38.7219, -8.75008], [-38.70475, -8.7147], [-38.69646, -8.71877], [-38.69496, -8.71579], [-38.69612, -8.71517], [-38.69881, -8.71107], [-38.70136, -8.70762], [-38.69277, -8.68972], [-38.67855, -8.69893]]]}}, {"type": "Feature", "properties": {"cd_sipra": "MF0261000", "nome_proje": "PA MARIA BONITA I", "municipio": "FLORESTA", "uf": "PE", "area_hecta": "1185.5221", "num_famili": 23}, "geometry": {"type": "Polygon", "coordinates": [[[-38.58264, -8.72812], [-38.58125, -8.72269], [-38.57994, -8.72202], [-38.6239, -8.67629], [-38.62351, -8.67597], [-38.62237, -8.67696], [-38.62098, -8.67605], [-38.62131, -8.67552], [-38.62011, -8.67457], [-38.61722, -8.67327], [-38.56967, -8.72362], [-38.56894, -8.72373], [-38.56587, -8.72698], [-38.56402, -8.74164], [-38.56362, -8.74293], [-38.56299, -8.75029], [-38.56258, -8.75321], [-38.56195, -8.75569], [-38.56225, -8.75591], [-38.56213, -8.75988], [-38.56153, -8.76262], [-38.56412, -8.76427], [-38.56448, -8.76351], [-38.56437, -8.76283], [-38.56399, -8.76212], [-38.56379, -8.76195], [-38.56344, -8.76211], [-38.56322, -8.76169], [-38.56399, -8.76149], [-38.56445, -8.76058], [-38.56548, -8.75999], [-38.56589, -8.75917], [-38.56572, -8.75856], [-38.56608, -8.75833], [-38.56639, -8.75765], [-38.56657, -8.75762], [-38.56688, -8.75825], [-38.56669, -8.75868], [-38.56684, -8.75893], [-38.56577, -8.76127], [-38.56582, -8.76191], [-38.56554, -8.76202], [-38.56577, -8.763], [-38.56599, -8.76261], [-38.5688, -8.7626], [-38.56916, -8.76088], [-38.56905, -8.76025], [-38.56987, -8.76064], [-38.56827, -8.76787], [-38.57061, -8.76892], [-38.57117, -8.76868], [-38.57129, -8.76755], [-38.57111, -8.76699], [-38.57058, -8.76688], [-38.57069, -8.76655], [-38.57129, -8.76654], [-38.57262, -8.76576], [-38.57274, -8.76547], [-38.57237, -8.76488], [-38.57255, -8.76438], [-38.57323, -8.76345], [-38.57359, -8.76323], [-38.57368, -8.76365], [-38.57298, -8.76453], [-38.57345, -8.76563], [-38.57833, -8.74964], [-38.57653, -8.74747], [-38.58264, -8.72812]]]}}, {"type": "Feature", "properties": {"cd_sipra": "MF0175000", "nome_proje": "PA ANGICO II", "municipio": "ITACURUBA", "uf": "PE", "area_hecta": "749.0000", "num_famili": 52}, "geometry": {"type": "Polygon", "coordinates": [[[-38.67481, -8.68882], [-38.67377, -8.68991], [-38.67149, -8.69107], [-38.67683, -8.6973], [-38.67676, -8.69753], [-38.67197, -8.70182], [-38.67074, -8.70222], [-38.67047, -8.70214], [-38.6692, -8.69794], [-38.66459, -8.69824], [-38.66423, -8.69611], [-38.66363, -8.69626], [-38.66326, -8.69533], [-38.65974, -8.69791], [-38.65829, -8.69572], [-38.65692, -8.69664], [-38.6565, -8.69629], [-38.65473, -8.69723], [-38.65462, -8.69758], [-38.65486, -8.69786], [-38.64859, -8.69988], [-38.64874, -8.70351], [-38.65559, -8.71464], [-38.65559, -8.71653], [-38.65651, -8.71697], [-38.65828, -8.72177], [-38.6634, -8.72157], [-38.66406, -8.72047], [-38.66568, -8.71879], [-38.66602, -8.71803], [-38.6667, -8.71737], [-38.66694, -8.71735], [-38.66743, -8.7178], [-38.66747, -8.71842], [-38.66646, -8.72072], [-38.66669, -8.72087], [-38.67512, -8.72262], [-38.67739, -8.72123], [-38.67752, -8.72088], [-38.67921, -8.71987], [-38.67466, -8.71237], [-38.68129, -8.70925], [-38.67685, -8.70003], [-38.68032, -8.69778], [-38.67481, -8.68882]]]}}, {"type": "Feature", "properties": {"cd_sipra": "MF0160000", "nome_proje": "PA ANGICOS", "municipio": "ITACURUBA", "uf": "PE", "area_hecta": "1413.0000", "num_famili": 48}, "geometry": {"type": "Polygon", "coordinates": [[[-38.67643, -8.68027], [-38.6755, -8.67967], [-38.67425, -8.6825], [-38.67437, -8.6839], [-38.67465, -8.6848], [-38.67219, -8.68678], [-38.67188, -8.68618], [-38.66956, -8.68679], [-38.66885, -8.68483], [-38.66899, -8.68474], [-38.66979, -8.67935], [-38.66863, -8.67929], [-38.66353, -8.68268], [-38.66327, -8.68298], [-38.66299, -8.68303], [-38.6606, -8.68638], [-38.65966, -8.68667], [-38.6583, -8.68461], [-38.65253, -8.68649], [-38.65451, -8.68998], [-38.65222, -8.69096], [-38.64935, -8.6879], [-38.6461, -8.69111], [-38.64413, -8.68855], [-38.64352, -8.68955], [-38.64241, -8.69049], [-38.64145, -8.69163], [-38.64137, -8.69401], [-38.64338, -8.69444], [-38.64444, -8.69428], [-38.64546, -8.69392], [-38.64767, -8.69235], [-38.64895, -8.69177], [-38.64998, -8.69165], [-38.65144, -8.69204], [-38.65233, -8.69203], [-38.65347, -8.6917], [-38.6552, -8.69081], [-38.65631, -8.69054], [-38.65835, -8.69044], [-38.65964, -8.69064], [-38.66116, -8.69134], [-38.66164, -8.69171], [-38.66181, -8.6921], [-38.66179, -8.69259], [-38.66156, -8.69294], [-38.65994, -8.69315], [-38.65828, -8.69295], [-38.65433, -8.69447], [-38.65282, -8.69446], [-38.65207, -8.69472], [-38.651, -8.69592], [-38.65011, -8.69815], [-38.64933, -8.69928], [-38.64872, -8.69961], [-38.64759, -8.69959], [-38.64701, -8.70002], [-38.64685, -8.70066], [-38.64719, -8.70172], [-38.64691, -8.70236], [-38.64603, -8.70279], [-38.64481, -8.7026], [-38.64418, -8.70271], [-38.64358, -8.70314], [-38.64324, -8.70382], [-38.64325, -8.70455], [-38.64383, -8.70621], [-38.64572, -8.70991], [-38.64571, -8.71094], [-38.64508, -8.71278], [-38.64517, -8.71356], [-38.64548, -8.71425], [-38.64618, -8.71489], [-38.64704, -8.71486], [-38.64756, -8.71437], [-38.64792, -8.71318], [-38.64869, -8.71278], [-38.6495, -8.71304], [-38.64993, -8.71385], [-38.64994, -8.71469], [-38.64964, -8.71543], [-38.64914, -8.71596], [-38.64784, -8.71675], [-38.6473, -8.71785], [-38.64762, -8.71834], [-38.64851, -8.71901], [-38.64879, -8.71903], [-38.64925, -8.71877], [-38.64959, -8.71898], [-38.64954, -8.71947], [-38.64881, -8.7199], [-38.64867, -8.7204], [-38.64897, -8.72089], [-38.64979, -8.72122], [-38.65013, -8.72161], [-38.65021, -8.72237], [-38.64978, -8.72341], [-38.64976, -8.72407], [-38.65, -8.72454], [-38.6507, -8.72505], [-38.65091, -8.72556], [-38.6508, -8.72721], [-38.65181, -8.73085], [-38.65208, -8.73274], [-38.65186, -8.73579], [-38.65152, -8.73633], [-38.65065, -8.73702], [-38.65037, -8.73771], [-38.65054, -8.7386], [-38.65118, -8.7392], [-38.65203, -8.7394], [-38.65289, -8.73928], [-38.65483, -8.73848], [-38.65671, -8.73743], [-38.65733, -8.73685], [-38.65724, -8.73565], [-38.65769, -8.73507], [-38.6582, -8.7352], [-38.6583, -8.73581], [-38.65849, -8.73605], [-38.65882, -8.7361], [-38.65909, -8.73591], [-38.65929, -8.73483], [-38.6587, -8.73311], [-38.65934, -8.72913], [-38.659, -8.72718], [-38.6592, -8.72633], [-38.65964, -8.72567], [-38.66, -8.72575], [-38.66061, -8.72647], [-38.66127, -8.7285], [-38.66134, -8.73024], [-38.66091, -8.73313], [-38.66114, -8.73515], [-38.66152, -8.73584], [-38.66231, -8.73601], [-38.6631, -8.7358], [-38.66365, -8.73533], [-38.66384, -8.73481], [-38.66383, -8.73365], [-38.66491, -8.73204], [-38.66598, -8.73139], [-38.66737, -8.731], [-38.66783, -8.73127], [-38.66785, -8.73223], [-38.66751, -8.73288], [-38.6665, -8.73388], [-38.66631, -8.735], [-38.66653, -8.73536], [-38.66694, -8.73553], [-38.66768, -8.73553], [-38.66838, -8.73532], [-38.66852, -8.73492], [-38.66809, -8.73459], [-38.66801, -8.73433], [-38.66857, -8.73372], [-38.66976, -8.73288], [-38.67298, -8.73104], [-38.67342, -8.73058], [-38.67391, -8.72967], [-38.67442, -8.72922], [-38.67554, -8.72887], [-38.67614, -8.72913], [-38.67679, -8.72882], [-38.67904, -8.72636], [-38.68039, -8.72598], [-38.68094, -8.7245], [-38.68185, -8.72424], [-38.67921, -8.71987], [-38.67752, -8.72088], [-38.67739, -8.72123], [-38.67512, -8.72262], [-38.66669, -8.72087], [-38.66646, -8.72072], [-38.66747, -8.71842], [-38.66743, -8.7178], [-38.66694, -8.71735], [-38.6667, -8.71737], [-38.66602, -8.71803], [-38.66568, -8.71879], [-38.66406, -8.72047], [-38.6634, -8.72157], [-38.65828, -8.72177], [-38.65651, -8.71697], [-38.65559, -8.71653], [-38.65559, -8.71464], [-38.64874, -8.70351], [-38.64859, -8.69988], [-38.65486, -8.69786], [-38.65462, -8.69758], [-38.65473, -8.69723], [-38.6565, -8.69629], [-38.65692, -8.69664], [-38.65829, -8.69572], [-38.65974, -8.69791], [-38.66326, -8.69533], [-38.66363, -8.69626], [-38.66423, -8.69611], [-38.66459, -8.69824], [-38.6692, -8.69794], [-38.67047, -8.70214], [-38.67074, -8.70222], [-38.67197, -8.70182], [-38.67676, -8.69753], [-38.67683, -8.6973], [-38.67149, -8.69107], [-38.67377, -8.68991], [-38.67481, -8.68882], [-38.68032, -8.69778], [-38.69795, -8.68637], [-38.68665, -8.66894], [-38.68246, -8.67546], [-38.67643, -8.68027]]]}}, {"type": "Feature", "properties": {"cd_sipra": "MF0011000", "nome_proje": "PA VENEZUELA", "municipio": "BELEM DE SAO FRANCISCO", "uf": "PE", "area_hecta": "769.0000", "num_famili": 19}, "geometry": {"type": "Polygon", "coordinates": [[[-38.90181, -8.70278], [-38.9042, -8.7042], [-38.90425, -8.70441], [-38.9033, -8.71049], [-38.90429, -8.71137], [-38.90414, -8.71339], [-38.90562, -8.71504], [-38.90812, -8.71467], [-38.91161, -8.7167], [-38.91291, -8.71633], [-38.9139, -8.71541], [-38.91464, -8.71428], [-38.9155, -8.71059], [-38.91652, -8.71089], [-38.91769, -8.71154], [-38.91837, -8.71234], [-38.91961, -8.71258], [-38.91995, -8.71], [-38.91912, -8.70744], [-38.92107, -8.70563], [-38.92361, -8.70635], [-38.92391, -8.7058], [-38.92421, -8.70519], [-38.92484, -8.70256], [-38.92547, -8.70203], [-38.92582, -8.70077], [-38.9251, -8.69963], [-38.9249, -8.69881], [-38.92691, -8.69825], [-38.92757, -8.69697], [-38.92762, -8.69566], [-38.92369, -8.6852], [-38.91971, -8.68047], [-38.91642, -8.67252], [-38.9133, -8.67466], [-38.91368, -8.67683], [-38.91505, -8.67876], [-38.91548, -8.67991], [-38.91501, -8.68102], [-38.91319, -8.68376], [-38.91329, -8.68508], [-38.91245, -8.6857], [-38.91114, -8.68544], [-38.90863, -8.68641], [-38.90771, -8.68738], [-38.90617, -8.69252], [-38.90354, -8.69321], [-38.90181, -8.70278]]]}}, {"type": "Feature", "properties": {"cd_sipra": "MF0314000", "nome_proje": "PA CHE GUEVARA", "municipio": "ABARE", "uf": "BA", "area_hecta": "556.1806", "num_famili": 23}, "geometry": {"type": "MultiPolygon", "coordinates": [[[[-39.26095, -8.70408], [-39.26668, -8.70521], [-39.26607, -8.70723], [-39.26779, -8.70818], [-39.27614, -8.69907], [-39.26469, -8.69352], [-39.26068, -8.69641], [-39.26935, -8.6991], [-39.27022, -8.69722], [-39.27241, -8.6979], [-39.27116, -8.7006], [-39.2603, -8.69723], [-39.26097, -8.70536], [-39.26095, -8.70408]]], [[[-39.26025, -8.69671], [-39.2603, -8.69723], [-39.26068, -8.69641], [-39.26025, -8.69671]]], [[[-39.25977, -8.69853], [-39.25965, -8.69715], [-39.25893, -8.69766], [-39.25912, -8.70001], [-39.25985, -8.69948], [-39.25977, -8.69853]]], [[[-39.26002, -8.70147], [-39.25652, -8.70283], [-39.26034, -8.70543], [-39.26002, -8.70147]]], [[[-39.2552, -8.70442], [-39.25644, -8.70526], [-39.25621, -8.70295], [-39.25369, -8.70393], [-39.25283, -8.70206], [-39.25064, -8.70363], [-39.25495, -8.70537], [-39.2552, -8.70442]]], [[[-39.26022, -8.69629], [-39.26681, -8.6917], [-39.26018, -8.68842], [-39.25986, -8.69107], [-39.26022, -8.69629]]], [[[-39.2382, -8.69669], [-39.24417, -8.69889], [-39.24409, -8.69983], [-39.24484, -8.69807], [-39.25232, -8.70198], [-39.25962, -8.69672], [-39.25922, -8.69105], [-39.25958, -8.68813], [-39.25488, -8.68581], [-39.24538, -8.68054], [-39.24435, -8.68567], [-39.24328, -8.68806], [-39.24041, -8.69153], [-39.24036, -8.69187], [-39.23941, -8.69256], [-39.2388, -8.69394], [-39.23806, -8.69641], [-39.2382, -8.69669]]]]}}, {"type": "Feature", "properties": {"cd_sipra": "MF0307000", "nome_proje": "PA BARRA", "municipio": "BELEM DE SAO FRANCISCO", "uf": "PE", "area_hecta": "226.5043", "num_famili": 6}, "geometry": {"type": "MultiPolygon", "coordinates": [[[[-39.03987, -8.69031], [-39.03969, -8.69038], [-39.04098, -8.69406], [-39.04279, -8.69866], [-39.04516, -8.69833], [-39.04418, -8.69555], [-39.04433, -8.6945], [-39.04518, -8.69444], [-39.04496, -8.69254], [-39.04282, -8.69165], [-39.03225, -8.66222], [-39.03164, -8.66222], [-39.03159, -8.65617], [-39.02894, -8.65383], [-39.02725, -8.64943], [-39.02555, -8.65028], [-39.03987, -8.69031]]], [[[-39.04555, -8.706], [-39.04751, -8.70492], [-39.0452, -8.69844], [-39.04284, -8.69877], [-39.04555, -8.706]]], [[[-39.01671, -8.62816], [-39.01506, -8.62891], [-39.02528, -8.6496], [-39.02694, -8.64875], [-39.01671, -8.62816]]]]}}, {"type": "Feature", "properties": {"cd_sipra": "MF0176000", "nome_proje": "PA ANGICO III", "municipio": "ITACURUBA", "uf": "PE", "area_hecta": "1481.0000", "num_famili": 34}, "geometry": {"type": "Polygon", "coordinates": [[[-38.66651, -8.63959], [-38.66471, -8.6413], [-38.66524, -8.6428], [-38.66423, -8.64442], [-38.66414, -8.64543], [-38.66029, -8.64826], [-38.65285, -8.65031], [-38.6498, -8.65452], [-38.64937, -8.65668], [-38.64845, -8.65731], [-38.64818, -8.65983], [-38.64696, -8.6611], [-38.64656, -8.66213], [-38.64383, -8.66341], [-38.65216, -8.67984], [-38.65243, -8.67997], [-38.65256, -8.68024], [-38.65242, -8.68081], [-38.65189, -8.6813], [-38.65111, -8.68173], [-38.64972, -8.68219], [-38.64872, -8.68276], [-38.64682, -8.68402], [-38.64609, -8.68486], [-38.64533, -8.68718], [-38.64413, -8.68855], [-38.6461, -8.69111], [-38.64935, -8.6879], [-38.65222, -8.69096], [-38.65451, -8.68998], [-38.65253, -8.68649], [-38.6583, -8.68461], [-38.65966, -8.68667], [-38.6606, -8.68638], [-38.66299, -8.68303], [-38.66327, -8.68298], [-38.66353, -8.68268], [-38.66863, -8.67929], [-38.66979, -8.67935], [-38.66899, -8.68474], [-38.66885, -8.68483], [-38.66956, -8.68679], [-38.67188, -8.68618], [-38.67219, -8.68678], [-38.67465, -8.6848], [-38.67437, -8.6839], [-38.67425, -8.6825], [-38.6755, -8.67967], [-38.67643, -8.68027], [-38.68246, -8.67546], [-38.68665, -8.66894], [-38.66655, -8.63791], [-38.66622, -8.63873], [-38.66651, -8.63959]]]}}, {"type": "Feature", "properties": {"cd_sipra": "PE0359000", "nome_proje": "PA CACHOEIRA GRANDE", "municipio": "TUPANATINGA", "uf": "PE", "area_hecta": "603.4238", "num_famili": 25}, "geometry": {"type": "MultiPolygon", "coordinates": [[[[-37.22256, -8.87581], [-37.22216, -8.87559], [-37.22342, -8.87423], [-37.22354, -8.87357], [-37.22057, -8.87778], [-37.22071, -8.87779], [-37.22256, -8.87581]]], [[[-37.22467, -8.87218], [-37.22464, -8.87201], [-37.22363, -8.87344], [-37.22446, -8.87353], [-37.22467, -8.87218]]], [[[-37.22406, -8.87053], [-37.22459, -8.87167], [-37.2245, -8.87104], [-37.22406, -8.87053]]]]}}, {"type": "Feature", "properties": {"cd_sipra": "PE0285000", "nome_proje": "PA MANUINO", "municipio": "ITAIBA", "uf": "PE", "area_hecta": "1218.5755", "num_famili": 60}, "geometry": {"type": "MultiPolygon", "coordinates": [[[[-37.40715, -8.81409], [-37.40444, -8.81829], [-37.40446, -8.8186], [-37.40291, -8.81916], [-37.40202, -8.81884], [-37.40188, -8.82004], [-37.40119, -8.8201], [-37.40323, -8.82471], [-37.40202, -8.82742], [-37.40027, -8.83071], [-37.39616, -8.83585], [-37.39874, -8.83858], [-37.39914, -8.83937], [-37.39871, -8.84123], [-37.39814, -8.84281], [-37.39817, -8.84407], [-37.39799, -8.84492], [-37.39846, -8.84682], [-37.39826, -8.8481], [-37.40314, -8.84751], [-37.40556, -8.85197], [-37.40646, -8.85286], [-37.4051, -8.85419], [-37.40495, -8.8547], [-37.40467, -8.8578], [-37.40479, -8.86075], [-37.40725, -8.85971], [-37.40898, -8.85933], [-37.40958, -8.8597], [-37.41139, -8.8617], [-37.41408, -8.86017], [-37.41611, -8.86009], [-37.41776, -8.86035], [-37.4183, -8.86095], [-37.42033, -8.86184], [-37.42203, -8.86052], [-37.42248, -8.85978], [-37.42271, -8.85884], [-37.42447, -8.86008], [-37.42568, -8.85797], [-37.42539, -8.85759], [-37.42592, -8.85572], [-37.42364, -8.85523], [-37.42303, -8.85295], [-37.42541, -8.85245], [-37.42433, -8.84832], [-37.42362, -8.84638], [-37.42315, -8.84326], [-37.42416, -8.83965], [-37.42491, -8.8385], [-37.42443, -8.83757], [-37.4223, -8.83488], [-37.41852, -8.82969], [-37.41843, -8.82934], [-37.41539, -8.83075], [-37.41505, -8.83126], [-37.41398, -8.83208], [-37.41186, -8.83184], [-37.41156, -8.8316], [-37.41259, -8.82917], [-37.41537, -8.82425], [-37.41372, -8.81965], [-37.41307, -8.81708], [-37.41221, -8.81534], [-37.41166, -8.81583], [-37.41086, -8.81587], [-37.4088, -8.81448], [-37.40761, -8.81389], [-37.40715, -8.81409]]], [[[-37.42646, -8.83637], [-37.42547, -8.83808], [-37.42493, -8.83825], [-37.42501, -8.8386], [-37.42425, -8.83969], [-37.42325, -8.84306], [-37.42371, -8.84636], [-37.42441, -8.8483], [-37.42574, -8.85334], [-37.42849, -8.85025], [-37.43599, -8.84521], [-37.43968, -8.84416], [-37.44074, -8.8436], [-37.44128, -8.84361], [-37.44027, -8.84066], [-37.43914, -8.84042], [-37.43807, -8.84065], [-37.43771, -8.8402], [-37.43685, -8.83998], [-37.43557, -8.84117], [-37.43491, -8.84202], [-37.43487, -8.84251], [-37.4314, -8.84318], [-37.43058, -8.84057], [-37.4302, -8.83994], [-37.43082, -8.8388], [-37.43157, -8.83861], [-37.43175, -8.83832], [-37.43221, -8.83347], [-37.42986, -8.83276], [-37.42851, -8.83449], [-37.42646, -8.83637]]]]}}, {"type": "Feature", "properties": {"cd_sipra": "PE0304000", "nome_proje": "PA SANTA ANGELA", "municipio": "AGUAS BELAS", "uf": "PE", "area_hecta": "823.4300", "num_famili": 33}, "geometry": {"type": "Polygon", "coordinates": [[[-37.0715, -8.94459], [-37.0705, -8.94535], [-37.07014, -8.94517], [-37.06937, -8.94613], [-37.06479, -8.94695], [-37.0527, -8.95417], [-37.03512, -8.96022], [-37.03469, -8.96011], [-37.03369, -8.96039], [-37.03536, -8.96523], [-37.03781, -8.97137], [-37.04696, -8.96836], [-37.05695, -8.96482], [-37.07291, -8.95868], [-37.08069, -8.95529], [-37.07786, -8.95131], [-37.07827, -8.94823], [-37.0742, -8.94338], [-37.07186, -8.94326], [-37.0715, -8.94459]]]}}, {"type": "Feature", "properties": {"cd_sipra": "PE0305000", "nome_proje": "PA SÃO JOSÉ II", "municipio": "AGUAS BELAS", "uf": "PE", "area_hecta": "634.4500", "num_famili": 21}, "geometry": {"type": "Polygon", "coordinates": [[[-37.0476, -8.94594], [-37.03763, -8.95307], [-37.03929, -8.95879], [-37.0527, -8.95417], [-37.06479, -8.94695], [-37.06937, -8.94613], [-37.07014, -8.94517], [-37.0705, -8.94535], [-37.0715, -8.94459], [-37.07186, -8.94326], [-37.06927, -8.94312], [-37.06311, -8.93574], [-37.05842, -8.93662], [-37.0476, -8.94594]]]}}, {"type": "Feature", "properties": {"cd_sipra": "PE0363000", "nome_proje": "PA RIACHO DO CAROÁ", "municipio": "AGUAS BELAS", "uf": "PE", "area_hecta": "267.3818", "num_famili": 8}, "geometry": {"type": "Polygon", "coordinates": [[[-36.95883, -8.93215], [-36.96128, -8.93429], [-36.96085, -8.93469], [-36.95985, -8.93619], [-36.95939, -8.93712], [-36.96406, -8.94443], [-36.96398, -8.9468], [-36.96523, -8.94834], [-36.96611, -8.94702], [-36.96708, -8.94683], [-36.96748, -8.947], [-36.9687, -8.94689], [-36.97013, -8.94611], [-36.97033, -8.94546], [-36.97101, -8.94515], [-36.97178, -8.94503], [-36.97838, -8.94025], [-36.96599, -8.92686], [-36.95883, -8.93215]]]}}, {"type": "Feature", "properties": {"cd_sipra": "PE0342000", "nome_proje": "PA LAGEDO DO MOCOTÓ", "municipio": "AGUAS BELAS", "uf": "PE", "area_hecta": "1072.5319", "num_famili": 33}, "geometry": {"type": "Polygon", "coordinates": [[[-36.93602, -8.90004], [-36.94214, -8.9122], [-36.94452, -8.91523], [-36.94678, -8.9186], [-36.94235, -8.92031], [-36.93726, -8.92257], [-36.94109, -8.92651], [-36.92918, -8.93454], [-36.92535, -8.93618], [-36.92046, -8.93939], [-36.92356, -8.95108], [-36.92404, -8.95484], [-36.9256, -8.95655], [-36.9265, -8.95876], [-36.92593, -8.96097], [-36.92792, -8.96133], [-36.92768, -8.95995], [-36.92807, -8.95654], [-36.93268, -8.95487], [-36.93504, -8.95478], [-36.93811, -8.95631], [-36.94515, -8.95846], [-36.94626, -8.95797], [-36.94768, -8.95616], [-36.95533, -8.95171], [-36.95531, -8.95119], [-36.95492, -8.95038], [-36.95375, -8.94913], [-36.95239, -8.94888], [-36.95033, -8.94881], [-36.94786, -8.94743], [-36.94701, -8.94612], [-36.94604, -8.94405], [-36.94557, -8.94223], [-36.94346, -8.94013], [-36.9449, -8.93618], [-36.94652, -8.93451], [-36.9479, -8.93335], [-36.9487, -8.9313], [-36.94348, -8.92457], [-36.95256, -8.9198], [-36.95408, -8.91893], [-36.95682, -8.917], [-36.95034, -8.91009], [-36.94592, -8.90612], [-36.94517, -8.89975], [-36.93622, -8.89992], [-36.93602, -8.90004]]]}}, {"type": "Feature", "properties": {"cd_sipra": "PE0219000", "nome_proje": "PA BOI BRANCO", "municipio": "IATI", "uf": "PE", "area_hecta": "1201.4700", "num_famili": 50}, "geometry": {"type": "Polygon", "coordinates": [[[-36.8923, -8.90914], [-36.88186, -8.9182], [-36.88387, -8.92571], [-36.88612, -8.92861], [-36.8873, -8.92785], [-36.89597, -8.92565], [-36.89839, -8.92448], [-36.89963, -8.92349], [-36.90263, -8.92004], [-36.91026, -8.91923], [-36.91195, -8.9185], [-36.91508, -8.916], [-36.91097, -8.90951], [-36.91002, -8.90742], [-36.90952, -8.9077], [-36.90145, -8.90906], [-36.8988, -8.90298], [-36.8923, -8.90914]]]}}, {"type": "Feature", "properties": {"cd_sipra": "PE0396000", "nome_proje": "PA SAO JOSE", "municipio": "PEDRA", "uf": "PE", "area_hecta": "706.9315", "num_famili": 27}, "geometry": {"type": "MultiPolygon", "coordinates": [[[[-36.87809, -8.88286], [-36.87337, -8.88268], [-36.86974, -8.88677], [-36.87809, -8.88286]]], [[[-36.87386, -8.89004], [-36.87439, -8.89103], [-36.8745, -8.89277], [-36.87499, -8.89329], [-36.87629, -8.89115], [-36.87577, -8.89072], [-36.87391, -8.88576], [-36.86949, -8.88705], [-36.86903, -8.88757], [-36.87386, -8.89004]]], [[[-36.88451, -8.89608], [-36.88366, -8.89804], [-36.88083, -8.89998], [-36.87878, -8.90238], [-36.87867, -8.90401], [-36.87603, -8.90949], [-36.88045, -8.91296], [-36.88131, -8.91197], [-36.88601, -8.90836], [-36.88715, -8.90806], [-36.8898, -8.90517], [-36.89001, -8.90537], [-36.89173, -8.90532], [-36.89175, -8.90379], [-36.89135, -8.90302], [-36.89127, -8.90229], [-36.89201, -8.90201], [-36.89303, -8.90191], [-36.89341, -8.89809], [-36.89388, -8.89817], [-36.89511, -8.89703], [-36.88449, -8.89499], [-36.88451, -8.89608]]]]}}, {"type": "Feature", "properties": {"cd_sipra": "PE0316000", "nome_proje": "PA PITOMBEIRAS", "municipio": "CANHOTINHO", "uf": "PE", "area_hecta": "529.7254", "num_famili": 34}, "geometry": {"type": "Polygon", "coordinates": [[[-36.28615, -8.80261], [-36.28711, -8.80291], [-36.28641, -8.80486], [-36.28451, -8.80891], [-36.28634, -8.80924], [-36.28569, -8.81131], [-36.28489, -8.81128], [-36.28397, -8.81075], [-36.28375, -8.81083], [-36.28045, -8.81504], [-36.29538, -8.82859], [-36.29693, -8.82735], [-36.29672, -8.82684], [-36.29916, -8.82541], [-36.29759, -8.82315], [-36.29602, -8.82199], [-36.2956, -8.821], [-36.29891, -8.82034], [-36.29793, -8.81775], [-36.2976, -8.81764], [-36.29719, -8.81787], [-36.29673, -8.81549], [-36.2972, -8.81434], [-36.29811, -8.81351], [-36.29794, -8.81303], [-36.2987, -8.81239], [-36.29862, -8.81211], [-36.29826, -8.81218], [-36.29788, -8.80982], [-36.29676, -8.81127], [-36.29553, -8.81157], [-36.29507, -8.81226], [-36.29456, -8.81269], [-36.29451, -8.80524], [-36.29202, -8.80333], [-36.29101, -8.8022], [-36.28772, -8.80007], [-36.28615, -8.80261]]]}}, {"type": "Feature", "properties": {"cd_sipra": "PE0329000", "nome_proje": "PA PEREIROS", "municipio": "IBIRAJUBA", "uf": "PE", "area_hecta": "871.0685", "num_famili": 32}, "geometry": {"type": "Polygon", "coordinates": [[[-36.21133, -8.70948], [-36.20891, -8.69737], [-36.19481, -8.71241], [-36.21176, -8.71343], [-36.21279, -8.7097], [-36.21133, -8.70948]]]}}, {"type": "Feature", "properties": {"cd_sipra": "PE0391000", "nome_proje": "PA FAZENDA NOSSA SENHORA DAS GRACAS", "municipio": "LAJEDO", "uf": "PE", "area_hecta": "792.1751", "num_famili": 37}, "geometry": {"type": "MultiPolygon", "coordinates": [[[[-36.22357, -8.69061], [-36.21859, -8.69048], [-36.21798, -8.68949], [-36.21672, -8.69011], [-36.21584, -8.68997], [-36.21386, -8.69248], [-36.21383, -8.69369], [-36.21282, -8.69617], [-36.21159, -8.69747], [-36.20942, -8.69683], [-36.20889, -8.69739], [-36.2113, -8.70948], [-36.21277, -8.70971], [-36.21173, -8.71343], [-36.21503, -8.71363], [-36.23034, -8.70123], [-36.23042, -8.69912], [-36.23031, -8.69722], [-36.23104, -8.69616], [-36.23467, -8.69369], [-36.23213, -8.69094], [-36.22442, -8.68083], [-36.22022, -8.68538], [-36.22357, -8.69061]]], [[[-36.22923, -8.71536], [-36.22791, -8.71517], [-36.22806, -8.71308], [-36.21943, -8.71572], [-36.22355, -8.72548], [-36.22881, -8.72043], [-36.22923, -8.71536]]]]}}, {"type": "Feature", "properties": {"cd_sipra": "BA0037000", "nome_proje": "PA SERTÃO BONITO", "municipio": "ITAGUACU DA BAHIA", "uf": "BA", "area_hecta": "3273.0000", "num_famili": 21}, "geometry": {"type": "Polygon", "coordinates": [[[-42.12277, -10.71429], [-42.12352, -10.69353], [-42.06929, -10.68572], [-42.0602, -10.64886], [-42.03794, -10.65106], [-42.05324, -10.71431], [-42.12277, -10.71429]]]}}, {"type": "Feature", "properties": {"cd_sipra": "BA0919000", "nome_proje": "PA GUIMARÃES", "municipio": "SENTO SE", "uf": "BA", "area_hecta": "9534.5800", "num_famili": 129}, "geometry": {"type": "Polygon", "coordinates": [[[-41.8959, -10.64996], [-41.86952, -10.61137], [-41.7794, -10.61708], [-41.77882, -10.61725], [-41.77791, -10.61855], [-41.77702, -10.61911], [-41.77555, -10.61856], [-41.77268, -10.61884], [-41.77244, -10.619], [-41.77207, -10.61958], [-41.7717, -10.62102], [-41.77174, -10.62231], [-41.77209, -10.6241], [-41.77206, -10.62509], [-41.77131, -10.6265], [-41.77023, -10.62766], [-41.76997, -10.62651], [-41.76655, -10.6205], [-41.76485, -10.61791], [-41.76453, -10.6189], [-41.76303, -10.6214], [-41.76254, -10.62162], [-41.76145, -10.62153], [-41.76021, -10.62062], [-41.75951, -10.62036], [-41.75863, -10.61879], [-41.75818, -10.61873], [-41.75675, -10.61967], [-41.75645, -10.62006], [-41.75621, -10.6209], [-41.75672, -10.62171], [-41.75848, -10.62231], [-41.75864, -10.62267], [-41.75911, -10.62714], [-41.75904, -10.62779], [-41.7563, -10.62981], [-41.75353, -10.6313], [-41.75277, -10.63272], [-41.75111, -10.63498], [-41.75055, -10.63623], [-41.75045, -10.63684], [-41.75154, -10.63705], [-41.75236, -10.63638], [-41.75374, -10.63572], [-41.75496, -10.6361], [-41.75573, -10.63729], [-41.75715, -10.6387], [-41.75672, -10.64043], [-41.75655, -10.64243], [-41.75679, -10.64391], [-41.75731, -10.6446], [-41.75722, -10.6448], [-41.75556, -10.64535], [-41.7554, -10.64618], [-41.75582, -10.64718], [-41.75664, -10.64774], [-41.75984, -10.6487], [-41.76244, -10.64979], [-41.7626, -10.6502], [-41.76188, -10.65255], [-41.76241, -10.65635], [-41.76275, -10.65726], [-41.76427, -10.65911], [-41.81627, -10.66797], [-41.82146, -10.69345], [-41.82456, -10.72444], [-41.83447, -10.72188], [-41.83303, -10.71749], [-41.83269, -10.71348], [-41.83214, -10.71135], [-41.85088, -10.70913], [-41.84704, -10.68831], [-41.87039, -10.68363], [-41.86682, -10.65249], [-41.88364, -10.65181], [-41.8959, -10.64996]]]}}, {"type": "Feature", "properties": {"cd_sipra": "BA0864000", "nome_proje": "PA UNIÃO NOVA ESPERANÇA", "municipio": "SENTO SE", "uf": "BA", "area_hecta": "722.1485", "num_famili": 10}, "geometry": {"type": "Polygon", "coordinates": [[[-41.79233, -10.31657], [-41.79413, -10.32081], [-41.8004, -10.32867], [-41.80943, -10.33953], [-41.81377, -10.3446], [-41.81422, -10.34414], [-41.81464, -10.344], [-41.81511, -10.34407], [-41.81584, -10.34448], [-41.81691, -10.34438], [-41.81701, -10.34376], [-41.81666, -10.34312], [-41.81677, -10.34277], [-41.81708, -10.34249], [-41.81699, -10.34154], [-41.81822, -10.34099], [-41.81833, -10.33959], [-41.81937, -10.33874], [-41.81812, -10.33747], [-41.81886, -10.33634], [-41.81907, -10.33532], [-41.81883, -10.33439], [-41.81907, -10.33365], [-41.81927, -10.33351], [-41.81898, -10.33332], [-41.81836, -10.3333], [-41.81808, -10.33285], [-41.81858, -10.33223], [-41.79001, -10.29501], [-41.78176, -10.29543], [-41.79175, -10.3142], [-41.79233, -10.31657]]]}}, {"type": "Feature", "properties": {"cd_sipra": "BA0865000", "nome_proje": "PA FAZENDA BARRA", "municipio": "SENTO SE", "uf": "BA", "area_hecta": "1679.4261", "num_famili": 0}, "geometry": {"type": "Polygon", "coordinates": [[[-41.88877, -10.27273], [-41.87888, -10.27945], [-41.8843, -10.28129], [-41.89339, -10.28219], [-41.89408, -10.28249], [-41.89803, -10.28633], [-41.90062, -10.29027], [-41.90216, -10.2934], [-41.90504, -10.29718], [-41.90975, -10.30381], [-41.91023, -10.30421], [-41.91063, -10.30373], [-41.91058, -10.30322], [-41.91133, -10.30133], [-41.91157, -10.29993], [-41.91341, -10.29796], [-41.91354, -10.2967], [-41.91469, -10.29585], [-41.91569, -10.29536], [-41.91998, -10.29487], [-41.92207, -10.29392], [-41.93387, -10.29264], [-41.9538, -10.29544], [-41.96133, -10.29709], [-41.98417, -10.29135], [-41.98382, -10.28382], [-41.91383, -10.27826], [-41.91079, -10.2777], [-41.88877, -10.27273]]]}}, {"type": "Feature", "properties": {"cd_sipra": "BA0057000", "nome_proje": "PA POÇÃO", "municipio": "SENTO SE", "uf": "BA", "area_hecta": "25379.2725", "num_famili": 82}, "geometry": {"type": "Polygon", "coordinates": [[[-42.02129, -10.21617], [-42.01962, -10.22501], [-42.01912, -10.22841], [-42.01968, -10.23076], [-42.02048, -10.23323], [-42.03326, -10.24439], [-42.0366, -10.24092], [-42.04062, -10.24057], [-42.05037, -10.24598], [-42.06406, -10.25523], [-42.06918, -10.25595], [-42.0713, -10.2641], [-42.07078, -10.2912], [-42.07053, -10.32193], [-42.0706, -10.34101], [-42.07446, -10.33922], [-42.08968, -10.33122], [-42.09219, -10.32964], [-42.09744, -10.32576], [-42.10492, -10.34247], [-42.11131, -10.3559], [-42.12461, -10.34012], [-42.12402, -10.33962], [-42.11836, -10.33609], [-42.13374, -10.32124], [-42.15419, -10.30441], [-42.15929, -10.29701], [-42.16143, -10.292], [-42.16527, -10.28061], [-42.16905, -10.26551], [-42.16912, -10.26513], [-42.16896, -10.2646], [-42.16248, -10.25703], [-42.15835, -10.2518], [-42.14992, -10.24161], [-42.11122, -10.24199], [-42.10035, -10.20811], [-42.1002, -10.20802], [-42.05993, -10.21485], [-42.0548, -10.1987], [-42.05031, -10.17841], [-42.04863, -10.17369], [-42.0477, -10.17187], [-42.04304, -10.17289], [-42.03802, -10.17543], [-42.03218, -10.1768], [-42.0291, -10.1783], [-42.02145, -10.18119], [-42.02198, -10.19256], [-42.02236, -10.19654], [-42.02482, -10.21226], [-42.02485, -10.21421], [-42.02129, -10.21617]]]}}, {"type": "Feature", "properties": {"cd_sipra": "BA0863000", "nome_proje": "PA BEIRA RIO SENTO SÉ", "municipio": "SENTO SE", "uf": "BA", "area_hecta": "4671.4945", "num_famili": 48}, "geometry": {"type": "MultiPolygon", "coordinates": [[[[-41.92334, -10.21382], [-41.94219, -10.19341], [-41.92101, -10.16518], [-41.91801, -10.16722], [-41.88004, -10.11545], [-41.86686, -10.0943], [-41.84412, -10.12525], [-41.92334, -10.21382]]], [[[-41.92342, -10.2139], [-41.92512, -10.2158], [-41.92545, -10.21307], [-41.92623, -10.21149], [-41.93143, -10.20729], [-41.93589, -10.20549], [-41.93752, -10.20528], [-41.93837, -10.20533], [-41.93983, -10.20575], [-41.94194, -10.20547], [-41.94488, -10.20474], [-41.94834, -10.20159], [-41.94226, -10.1935], [-41.92342, -10.2139]]]]}}, {"type": "Feature", "properties": {"cd_sipra": "BA0866000", "nome_proje": "PA PONTA D ÁGUA", "municipio": "SENTO SE", "uf": "BA", "area_hecta": "7319.4246", "num_famili": 80}, "geometry": {"type": "Polygon", "coordinates": [[[-41.99453, -10.17656], [-41.99622, -10.1763], [-41.99883, -10.17636], [-42.00308, -10.17727], [-42.00509, -10.17786], [-42.00795, -10.17843], [-42.01135, -10.17948], [-42.01419, -10.18084], [-42.01558, -10.18125], [-42.01675, -10.16984], [-42.01809, -10.15376], [-42.01797, -10.15355], [-42.07106, -10.1346], [-42.05852, -10.10048], [-42.06177, -10.08819], [-42.06564, -10.08551], [-42.05482, -10.06014], [-42.05334, -10.05931], [-41.98792, -10.08317], [-41.99453, -10.17656]]]}}, {"type": "Feature", "properties": {"cd_sipra": "BA0660000", "nome_proje": "PA POTIGUAR", "municipio": "SENTO SE", "uf": "BA", "area_hecta": "1858.3506", "num_famili": 81}, "geometry": {"type": "Polygon", "coordinates": [[[-42.14954, -9.98234], [-42.14768, -9.98135], [-42.14742, -9.97994], [-42.14759, -9.9817], [-42.1464, -9.98389], [-42.14504, -9.98339], [-42.14491, -9.98369], [-42.1447, -9.98365], [-42.14414, -9.98312], [-42.14457, -9.9829], [-42.14479, -9.98297], [-42.14633, -9.98051], [-42.14328, -9.98133], [-42.14291, -9.98172], [-42.14236, -9.98109], [-42.14276, -9.98028], [-42.14368, -9.97928], [-42.14334, -9.97887], [-42.14518, -9.97815], [-42.14646, -9.97706], [-42.1497, -9.97553], [-42.14829, -9.97152], [-42.14608, -9.96916], [-42.1451, -9.96997], [-42.14316, -9.96887], [-42.14256, -9.9717], [-42.14199, -9.97275], [-42.1401, -9.97492], [-42.13791, -9.97564], [-42.13576, -9.97769], [-42.13513, -9.97716], [-42.13591, -9.97679], [-42.13645, -9.97599], [-42.1377, -9.97295], [-42.13825, -9.97232], [-42.13866, -9.97142], [-42.13842, -9.97129], [-42.13803, -9.97146], [-42.13747, -9.97143], [-42.13634, -9.97082], [-42.13627, -9.97098], [-42.13488, -9.96958], [-42.13499, -9.96759], [-42.13622, -9.96645], [-42.13704, -9.9652], [-42.13711, -9.96422], [-42.13795, -9.9636], [-42.13926, -9.96295], [-42.14194, -9.96305], [-42.14256, -9.96267], [-42.14031, -9.96138], [-42.13926, -9.96186], [-42.13847, -9.96252], [-42.1384, -9.96232], [-42.13778, -9.96248], [-42.13713, -9.96275], [-42.1366, -9.96321], [-42.13568, -9.96348], [-42.13028, -9.9671], [-42.12291, -9.97356], [-42.11354, -9.98138], [-42.09488, -9.99661], [-42.08114, -10.00759], [-42.10626, -10.01929], [-42.14954, -9.98234]]]}}, {"type": "Feature", "properties": {"cd_sipra": "BA0454000", "nome_proje": "PA CANAÃ", "municipio": "REMANSO", "uf": "BA", "area_hecta": "5043.5218", "num_famili": 84}, "geometry": {"type": "Polygon", "coordinates": [[[-41.95572, -9.6194], [-41.95627, -9.61885], [-41.95708, -9.6188], [-41.95785, -9.619], [-41.95807, -9.61925], [-41.95858, -9.61895], [-41.95874, -9.61849], [-41.95946, -9.61815], [-41.95971, -9.61702], [-41.95992, -9.61681], [-41.96043, -9.61693], [-41.96098, -9.61658], [-41.96059, -9.61617], [-41.96059, -9.61571], [-41.95986, -9.61559], [-41.95923, -9.61577], [-41.95919, -9.61681], [-41.95856, -9.6177], [-41.95814, -9.61787], [-41.95771, -9.61775], [-41.95736, -9.61721], [-41.95782, -9.61607], [-41.95824, -9.61553], [-41.95964, -9.61492], [-41.96083, -9.6147], [-41.96144, -9.61511], [-41.9623, -9.61536], [-41.96291, -9.61571], [-41.96345, -9.61724], [-41.96374, -9.61875], [-41.96356, -9.61918], [-41.96368, -9.61941], [-41.96468, -9.61939], [-41.96585, -9.61967], [-41.9662, -9.61962], [-41.96665, -9.61928], [-41.96886, -9.61892], [-41.96942, -9.61918], [-41.97029, -9.61904], [-41.97131, -9.61955], [-41.97183, -9.61911], [-41.97189, -9.618], [-41.97214, -9.61762], [-41.97183, -9.61722], [-41.97081, -9.61653], [-41.97085, -9.61589], [-41.9714, -9.61548], [-41.97227, -9.61547], [-41.9731, -9.61501], [-41.97395, -9.61642], [-41.97416, -9.61552], [-41.97462, -9.61558], [-41.97516, -9.61609], [-41.97529, -9.61799], [-41.97557, -9.61806], [-41.97573, -9.61783], [-41.97591, -9.61719], [-41.97588, -9.61643], [-41.97601, -9.61623], [-41.97623, -9.61634], [-41.97658, -9.61794], [-41.97646, -9.61871], [-41.97657, -9.61937], [-41.97704, -9.62052], [-41.97757, -9.621], [-41.97789, -9.62204], [-41.97844, -9.62215], [-41.97996, -9.62391], [-41.98125, -9.62399], [-41.98157, -9.62451], [-41.98285, -9.62508], [-41.98322, -9.62554], [-41.9837, -9.62577], [-41.98402, -9.62559], [-41.98426, -9.62478], [-41.98449, -9.62462], [-41.98481, -9.62478], [-41.98534, -9.62551], [-41.98605, -9.62565], [-41.98654, -9.62505], [-41.98661, -9.62473], [-41.98873, -9.62432], [-41.9891, -9.62394], [-41.98922, -9.62338], [-41.98969, -9.6225], [-41.99069, -9.62113], [-41.99081, -9.62066], [-41.99041, -9.61957], [-41.99092, -9.61821], [-41.99039, -9.61602], [-41.98919, -9.61441], [-41.98867, -9.61289], [-41.98861, -9.61225], [-41.98892, -9.6105], [-41.98872, -9.61009], [-41.98765, -9.60933], [-41.9865, -9.60896], [-41.9841, -9.60765], [-41.9835, -9.60778], [-41.98221, -9.6074], [-41.98032, -9.60824], [-41.97949, -9.60822], [-41.9794, -9.60774], [-41.97892, -9.60714], [-41.97839, -9.60481], [-41.97789, -9.60379], [-41.97753, -9.60352], [-41.97687, -9.60229], [-41.9769, -9.60188], [-41.97733, -9.6015], [-41.97807, -9.60162], [-41.97901, -9.60222], [-41.97993, -9.60218], [-41.98021, -9.602], [-41.98035, -9.60164], [-41.9801, -9.60058], [-41.98015, -9.60035], [-41.98036, -9.60027], [-41.98103, -9.60043], [-41.98139, -9.60082], [-41.98295, -9.60171], [-41.98322, -9.6021], [-41.98368, -9.60226], [-41.98511, -9.60162], [-41.98596, -9.60167], [-41.98673, -9.60098], [-41.98719, -9.60098], [-41.98756, -9.60076], [-41.9877, -9.60014], [-41.98805, -9.60012], [-41.9883, -9.59992], [-41.98934, -9.59993], [-41.98948, -9.59979], [-41.98952, -9.59961], [-41.98909, -9.59907], [-41.9887, -9.59886], [-41.98825, -9.59831], [-41.98852, -9.59603], [-41.98889, -9.5959], [-41.98908, -9.59559], [-41.98878, -9.59516], [-41.98731, -9.59503], [-41.98683, -9.59405], [-41.98696, -9.59308], [-41.98749, -9.59277], [-41.98756, -9.5925], [-41.98734, -9.59211], [-41.9871, -9.59211], [-41.98668, -9.59086], [-41.98602, -9.59018], [-41.98611, -9.58989], [-41.98673, -9.58935], [-41.9499, -9.58246], [-41.93606, -9.57436], [-41.9357, -9.5744], [-41.92962, -9.57639], [-41.90237, -9.59747], [-41.90166, -9.59708], [-41.90152, -9.59733], [-41.90063, -9.59689], [-41.8857, -9.6062], [-41.88608, -9.63206], [-41.88806, -9.6316], [-41.89257, -9.63223], [-41.89272, -9.63238], [-41.89297, -9.63355], [-41.897, -9.6373], [-41.8995, -9.63753], [-41.90199, -9.63705], [-41.90326, -9.63708], [-41.90676, -9.63852], [-41.90797, -9.63883], [-41.90893, -9.63943], [-41.90965, -9.63962], [-41.91038, -9.63961], [-41.91095, -9.63933], [-41.91317, -9.63779], [-41.9156, -9.63822], [-41.91592, -9.63775], [-41.91606, -9.63719], [-41.91581, -9.63389], [-41.91528, -9.63299], [-41.9148, -9.63133], [-41.91411, -9.63001], [-41.9144, -9.62995], [-41.91495, -9.63049], [-41.91595, -9.63291], [-41.9164, -9.63337], [-41.9171, -9.63375], [-41.91737, -9.63411], [-41.91726, -9.63693], [-41.91831, -9.63793], [-41.91946, -9.63818], [-41.92027, -9.63729], [-41.92082, -9.63729], [-41.92207, -9.63596], [-41.92224, -9.6356], [-41.92207, -9.63464], [-41.92221, -9.63431], [-41.92288, -9.63453], [-41.92426, -9.6359], [-41.92567, -9.63586], [-41.92667, -9.63449], [-41.92726, -9.63181], [-41.92797, -9.63122], [-41.92851, -9.63101], [-41.92903, -9.63011], [-41.92952, -9.62995], [-41.92996, -9.6295], [-41.93189, -9.62923], [-41.93222, -9.62899], [-41.93271, -9.62815], [-41.93432, -9.6282], [-41.93583, -9.62727], [-41.93673, -9.62711], [-41.93714, -9.62654], [-41.93822, -9.62597], [-41.93825, -9.62505], [-41.93893, -9.62478], [-41.93945, -9.62541], [-41.94017, -9.62501], [-41.94162, -9.62523], [-41.94209, -9.62584], [-41.94331, -9.62585], [-41.94427, -9.62543], [-41.94452, -9.6255], [-41.94543, -9.62523], [-41.94577, -9.6251], [-41.94605, -9.62468], [-41.94788, -9.62396], [-41.94817, -9.62353], [-41.94902, -9.62329], [-41.95002, -9.62278], [-41.95093, -9.62258], [-41.9515, -9.62224], [-41.9515, -9.62189], [-41.95218, -9.6218], [-41.95243, -9.62128], [-41.95301, -9.62122], [-41.95411, -9.62009], [-41.95572, -9.6194]]]}}, {"type": "Feature", "properties": {"cd_sipra": "PI0109000", "nome_proje": "PA FAZENDA EUGÊNIO", "municipio": "SAO JOAO DO PIAUI", "uf": "PI", "area_hecta": "1133.2600", "num_famili": 34}, "geometry": {"type": "Polygon", "coordinates": [[[-42.00372, -8.38486], [-42.00436, -8.38866], [-42.00454, -8.39376], [-42.00344, -8.39836], [-42.00429, -8.40203], [-42.01666, -8.41909], [-42.01838, -8.41885], [-42.00587, -8.38428], [-42.00372, -8.38486]]]}}, {"type": "Feature", "properties": {"cd_sipra": "PI0356000", "nome_proje": "PE CHAPADA DO PAPAGAIO", "municipio": "CAMPO ALEGRE DO FIDALGO", "uf": "PI", "area_hecta": "8804.0000", "num_famili": 154}, "geometry": {"type": "MultiPolygon", "coordinates": [[[[-41.77969, -8.18921], [-41.78653, -8.18648], [-41.78693, -8.19066], [-41.78946, -8.18821], [-41.78792, -8.18492], [-41.78818, -8.18187], [-41.77807, -8.18399], [-41.77824, -8.18749], [-41.77969, -8.18921]]], [[[-41.77841, -8.1675], [-41.7766, -8.16748], [-41.7761, -8.16261], [-41.78275, -8.16508], [-41.78251, -8.16643], [-41.78386, -8.16713], [-41.78927, -8.1689], [-41.78961, -8.16879], [-41.78886, -8.16595], [-41.79386, -8.16535], [-41.79288, -8.16194], [-41.8013, -8.16014], [-41.80121, -8.15856], [-41.79919, -8.1565], [-41.7911, -8.16], [-41.79088, -8.15954], [-41.78653, -8.16265], [-41.78574, -8.16184], [-41.78338, -8.16034], [-41.78444, -8.15799], [-41.79093, -8.15548], [-41.78791, -8.15261], [-41.79371, -8.15179], [-41.7923, -8.14714], [-41.7871, -8.14594], [-41.78726, -8.14266], [-41.79427, -8.14367], [-41.79466, -8.1483], [-41.79668, -8.14991], [-41.80338, -8.14899], [-41.80171, -8.13869], [-41.8124, -8.13578], [-41.81412, -8.13468], [-41.81159, -8.12934], [-41.81181, -8.12938], [-41.81786, -8.12671], [-41.81952, -8.12933], [-41.82194, -8.12688], [-41.82661, -8.13067], [-41.82778, -8.12876], [-41.8293, -8.12562], [-41.83176, -8.12154], [-41.83177, -8.1205], [-41.83618, -8.1212], [-41.83263, -8.1323], [-41.82743, -8.13125], [-41.82377, -8.13391], [-41.8252, -8.13641], [-41.83059, -8.13208], [-41.83255, -8.13776], [-41.83611, -8.13464], [-41.83969, -8.13763], [-41.83729, -8.13918], [-41.83874, -8.14078], [-41.83543, -8.14254], [-41.84573, -8.14302], [-41.84648, -8.1471], [-41.84492, -8.15306], [-41.8449, -8.16277], [-41.84531, -8.16605], [-41.84342, -8.17947], [-41.84841, -8.17926], [-41.85092, -8.18635], [-41.83851, -8.19058], [-41.8259, -8.19244], [-41.82471, -8.18802], [-41.81838, -8.18737], [-41.81691, -8.18645], [-41.81542, -8.18778], [-41.81819, -8.19234], [-41.81603, -8.1931], [-41.81289, -8.19034], [-41.81198, -8.19078], [-41.80896, -8.1878], [-41.8101, -8.18714], [-41.80932, -8.18657], [-41.80897, -8.18679], [-41.80896, -8.18758], [-41.8077, -8.18892], [-41.80187, -8.19256], [-41.79472, -8.19258], [-41.79473, -8.19235], [-41.78743, -8.19519], [-41.78744, -8.19451], [-41.77425, -8.20562], [-41.77315, -8.20346], [-41.76813, -8.20576], [-41.76742, -8.2058], [-41.77282, -8.21127], [-41.78944, -8.20561], [-41.79213, -8.21637], [-41.80965, -8.21142], [-41.80596, -8.19996], [-41.81006, -8.19855], [-41.81091, -8.20263], [-41.83051, -8.19533], [-41.85343, -8.19339], [-41.86003, -8.19167], [-41.85614, -8.18597], [-41.85363, -8.17919], [-41.85601, -8.17919], [-41.85649, -8.1775], [-41.85842, -8.17674], [-41.85863, -8.1703], [-41.85555, -8.17105], [-41.85472, -8.16596], [-41.85256, -8.16638], [-41.85018, -8.16657], [-41.84928, -8.16566], [-41.84784, -8.16304], [-41.84653, -8.15997], [-41.85223, -8.15768], [-41.85281, -8.1482], [-41.85089, -8.14795], [-41.84999, -8.14726], [-41.85021, -8.13981], [-41.85213, -8.13983], [-41.85136, -8.13813], [-41.85043, -8.13179], [-41.86079, -8.12809], [-41.86193, -8.12543], [-41.83996, -8.11877], [-41.83221, -8.12054], [-41.81328, -8.11691], [-41.79562, -8.11682], [-41.78599, -8.11851], [-41.77729, -8.11691], [-41.77419, -8.11411], [-41.77163, -8.11651], [-41.77663, -8.12094], [-41.77189, -8.13509], [-41.76394, -8.14344], [-41.75683, -8.15781], [-41.76036, -8.1616], [-41.75645, -8.16539], [-41.75357, -8.16851], [-41.7587, -8.17434], [-41.76985, -8.16354], [-41.77003, -8.17529], [-41.76999, -8.18602], [-41.77807, -8.18399], [-41.77841, -8.1675]]]]}}, {"type": "Feature", "properties": {"cd_sipra": "PI0958000", "nome_proje": "PA SADIO", "municipio": "PICOS", "uf": "PI", "area_hecta": "1508.8775", "num_famili": 0}, "geometry": {"type": "Polygon", "coordinates": [[[-41.6161, -6.93403], [-41.61343, -6.92498], [-41.61348, -6.92314], [-41.61023, -6.92372], [-41.61106, -6.92779], [-41.59889, -6.93118], [-41.59729, -6.93227], [-41.59461, -6.93856], [-41.59428, -6.95059], [-41.58939, -6.95548], [-41.58924, -6.9554], [-41.58865, -6.95741], [-41.58252, -6.95654], [-41.58171, -6.96156], [-41.58864, -6.96382], [-41.58937, -6.96583], [-41.5932, -6.97047], [-41.59575, -6.97385], [-41.59667, -6.97378], [-41.59706, -6.97403], [-41.59765, -6.9748], [-41.60279, -6.97395], [-41.60288, -6.97343], [-41.6074, -6.97234], [-41.6091, -6.97603], [-41.61184, -6.97634], [-41.61505, -6.97633], [-41.62182, -6.95403], [-41.62127, -6.95159], [-41.6183, -6.94152], [-41.61623, -6.94139], [-41.6161, -6.93403]]]}}, {"type": "Feature", "properties": {"cd_sipra": "PI0079000", "nome_proje": "PA LAGOA DO CAJUEIRO", "municipio": "BOCAINA", "uf": "PI", "area_hecta": "4993.9290", "num_famili": 150}, "geometry": {"type": "MultiPolygon", "coordinates": [[[[-41.19249, -6.8985], [-41.19741, -6.89758], [-41.19751, -6.89608], [-41.20448, -6.89315], [-41.20071, -6.88987], [-41.20423, -6.86723], [-41.2058, -6.84397], [-41.1854, -6.87617], [-41.19249, -6.8985]]], [[[-41.2063, -6.89473], [-41.20621, -6.89465], [-41.20627, -6.89474], [-41.2063, -6.89473]]], [[[-41.21477, -6.90209], [-41.21416, -6.90156], [-41.21426, -6.90232], [-41.21477, -6.90209]]]]}}, {"type": "Feature", "properties": {"cd_sipra": "PI0601000", "nome_proje": "PE PONTA DA SERRA", "municipio": "PIO IX", "uf": "PI", "area_hecta": "17862.8853", "num_famili": 275}, "geometry": {"type": "Polygon", "coordinates": [[[-41.13358, -6.66653], [-41.15274, -6.6584], [-41.13035, -6.65519], [-41.13162, -6.66464], [-41.13358, -6.66653]]]}}, {"type": "Feature", "properties": {"cd_sipra": "MF0139000", "nome_proje": "PA PEDRO PAULO", "municipio": "PETROLINA", "uf": "PE", "area_hecta": "590.5621", "num_famili": 10}, "geometry": {"type": "Polygon", "coordinates": [[[-40.5904, -8.64847], [-40.58981, -8.65034], [-40.591, -8.6509], [-40.59134, -8.65258], [-40.59231, -8.65404], [-40.59233, -8.65431], [-40.61283, -8.65905], [-40.63863, -8.65273], [-40.6306, -8.65089], [-40.62634, -8.65045], [-40.61346, -8.65027], [-40.59999, -8.65083], [-40.5918, -8.64722], [-40.59158, -8.64855], [-40.5904, -8.64847]]]}}, {"type": "Feature", "properties": {"cd_sipra": "MF0072000", "nome_proje": "PA SANTA TEREZA", "municipio": "DORMENTES", "uf": "PE", "area_hecta": "2280.8100", "num_famili": 40}, "geometry": {"type": "Polygon", "coordinates": [[[-40.61201, -8.57633], [-40.61059, -8.57921], [-40.60984, -8.57972], [-40.60611, -8.58012], [-40.60217, -8.58117], [-40.58216, -8.57822], [-40.56846, -8.58118], [-40.56439, -8.57654], [-40.56398, -8.57496], [-40.56282, -8.57475], [-40.55085, -8.57471], [-40.54936, -8.58101], [-40.55242, -8.5989], [-40.58839, -8.5957], [-40.59078, -8.59472], [-40.60035, -8.59337], [-40.60109, -8.59497], [-40.61285, -8.59953], [-40.62037, -8.60216], [-40.62488, -8.61694], [-40.63033, -8.61519], [-40.63978, -8.61987], [-40.64114, -8.61904], [-40.64095, -8.60699], [-40.6443, -8.60518], [-40.61759, -8.57693], [-40.61406, -8.57356], [-40.61393, -8.57423], [-40.61201, -8.57633]]]}}, {"type": "Feature", "properties": {"cd_sipra": "MF0008000", "nome_proje": "PA VÁRZEA COMPRIDA", "municipio": "FLORESTA", "uf": "PE", "area_hecta": "729.3000", "num_famili": 14}, "geometry": {"type": "Polygon", "coordinates": [[[-38.3945, -8.62142], [-38.39197, -8.62153], [-38.37529, -8.69261], [-38.37327, -8.70053], [-38.37865, -8.70154], [-38.39599, -8.62163], [-38.3945, -8.62142]]]}}, {"type": "Feature", "properties": {"cd_sipra": "MF0021000", "nome_proje": "PA VARZEA DO EXU", "municipio": "FLORESTA", "uf": "PE", "area_hecta": "451.2547", "num_famili": 15}, "geometry": {"type": "Polygon", "coordinates": [[[-38.46349, -8.63723], [-38.45012, -8.69767], [-38.45485, -8.69796], [-38.47118, -8.62398], [-38.47016, -8.62408], [-38.46672, -8.62275], [-38.46349, -8.63723]]]}}, {"type": "Feature", "properties": {"cd_sipra": "MF0143000", "nome_proje": "PA NOVA ESPERANÇA", "municipio": "BELEM DE SAO FRANCISCO", "uf": "PE", "area_hecta": "278.9809", "num_famili": 24}, "geometry": {"type": "Polygon", "coordinates": [[[-39.10765, -8.69645], [-39.11267, -8.68007], [-39.09802, -8.61354], [-39.09665, -8.61422], [-39.10921, -8.68453], [-39.10565, -8.6962], [-39.10765, -8.69645]]]}}, {"type": "Feature", "properties": {"cd_sipra": "MF0057000", "nome_proje": "PA RIACHO DO NAVIO", "municipio": "FLORESTA", "uf": "PE", "area_hecta": "214.9185", "num_famili": 6}, "geometry": {"type": "Polygon", "coordinates": [[[-38.41686, -8.70296], [-38.4185, -8.70326], [-38.44239, -8.59577], [-38.44076, -8.59562], [-38.41686, -8.70296]]]}}, {"type": "Feature", "properties": {"cd_sipra": "MF0029000", "nome_proje": "PA NEWTON  HOLANDA", "municipio": "FLORESTA", "uf": "PE", "area_hecta": "396.0100", "num_famili": 12}, "geometry": {"type": "MultiPolygon", "coordinates": [[[[-38.47392, -8.65985], [-38.47267, -8.65958], [-38.4715, -8.66539], [-38.46436, -8.69752], [-38.46566, -8.69781], [-38.47392, -8.65985]]], [[[-38.46604, -8.65752], [-38.47379, -8.62127], [-38.47163, -8.62085], [-38.47227, -8.61806], [-38.4708, -8.61823], [-38.47082, -8.61845], [-38.47029, -8.61851], [-38.47026, -8.6183], [-38.46852, -8.61849], [-38.47289, -8.59881], [-38.47199, -8.59871], [-38.46672, -8.62275], [-38.47016, -8.62408], [-38.47118, -8.62398], [-38.45485, -8.69796], [-38.45531, -8.69823], [-38.457, -8.6983], [-38.46604, -8.65752]]]]}}, {"type": "Feature", "properties": {"cd_sipra": "MF0020000", "nome_proje": "PA VITORINO", "municipio": "FLORESTA", "uf": "PE", "area_hecta": "180.0000", "num_famili": 6}, "geometry": {"type": "MultiPolygon", "coordinates": [[[[-38.61413, -8.62091], [-38.61058, -8.61716], [-38.59526, -8.62024], [-38.59759, -8.62478], [-38.61413, -8.62091]]], [[[-38.59729, -8.62485], [-38.59586, -8.62175], [-38.59493, -8.62031], [-38.58457, -8.62237], [-38.5856, -8.6258], [-38.58627, -8.62741], [-38.59729, -8.62485]]]]}}, {"type": "Feature", "properties": {"cd_sipra": "MF0179000", "nome_proje": "PA SANTA RITA", "municipio": "BELEM DE SAO FRANCISCO", "uf": "PE", "area_hecta": "159.9827", "num_famili": 4}, "geometry": {"type": "Polygon", "coordinates": [[[-39.22719, -8.60149], [-39.22623, -8.60199], [-39.22728, -8.60315], [-39.2284, -8.60253], [-39.23035, -8.60616], [-39.22317, -8.60873], [-39.23043, -8.61595], [-39.23546, -8.61406], [-39.23577, -8.61504], [-39.24014, -8.61868], [-39.23966, -8.61127], [-39.22663, -8.59862], [-39.22641, -8.60028], [-39.22719, -8.60149]]]}}, {"type": "Feature", "properties": {"cd_sipra": "MF0274000", "nome_proje": "PA CUSTODIA", "municipio": "BELEM DE SAO FRANCISCO", "uf": "PE", "area_hecta": "1245.4897", "num_famili": 30}, "geometry": {"type": "MultiPolygon", "coordinates": [[[[-39.02768, -8.6198], [-39.02666, -8.61786], [-39.02366, -8.61516], [-39.02338, -8.61369], [-39.01977, -8.61036], [-39.02186, -8.60896], [-39.02347, -8.60588], [-39.02173, -8.60548], [-39.01945, -8.60461], [-39.01766, -8.60322], [-39.01656, -8.6019], [-39.01585, -8.60156], [-39.015, -8.60072], [-39.01345, -8.59996], [-39.00744, -8.59887], [-39.00524, -8.59936], [-39.00402, -8.59997], [-39.00336, -8.59988], [-39.0026, -8.59941], [-39.0016, -8.59923], [-39.00049, -8.5986], [-38.99947, -8.59736], [-38.99803, -8.59704], [-38.9972, -8.5979], [-39.00479, -8.61609], [-39.01146, -8.63053], [-39.02596, -8.6239], [-39.02859, -8.62252], [-39.02768, -8.6198]]], [[[-39.02319, -8.59643], [-39.0233, -8.59216], [-39.02307, -8.59025], [-39.02393, -8.58859], [-39.02515, -8.58801], [-39.02564, -8.58337], [-39.01372, -8.57719], [-39.00827, -8.57461], [-39.00747, -8.58577], [-39.00277, -8.58396], [-38.99982, -8.59498], [-38.99809, -8.59694], [-38.99959, -8.59716], [-39.00062, -8.59842], [-39.00168, -8.59902], [-39.00268, -8.59921], [-39.00344, -8.59967], [-39.00398, -8.59975], [-39.00516, -8.59915], [-39.00743, -8.59866], [-39.01352, -8.59975], [-39.01513, -8.60054], [-39.01597, -8.60138], [-39.0167, -8.60172], [-39.01782, -8.60307], [-39.01956, -8.60442], [-39.02179, -8.60527], [-39.02346, -8.60565], [-39.02448, -8.60224], [-39.02319, -8.59643]]]]}}, {"type": "Feature", "properties": {"cd_sipra": "MF0136000", "nome_proje": "PA RIACHO DA SERRA", "municipio": "BELEM DE SAO FRANCISCO", "uf": "PE", "area_hecta": "160.1126", "num_famili": 4}, "geometry": {"type": "Polygon", "coordinates": [[[-38.92921, -8.57289], [-38.9285, -8.5735], [-38.92724, -8.57387], [-38.92713, -8.57499], [-38.92509, -8.57454], [-38.92443, -8.57568], [-38.92225, -8.57648], [-38.92351, -8.57812], [-38.92399, -8.57947], [-38.93238, -8.58864], [-38.93916, -8.58837], [-38.93846, -8.58689], [-38.93794, -8.58644], [-38.9371, -8.58668], [-38.93535, -8.58624], [-38.93433, -8.58649], [-38.93334, -8.58585], [-38.93354, -8.58529], [-38.93306, -8.58505], [-38.93362, -8.58394], [-38.93513, -8.58246], [-38.93061, -8.57746], [-38.93305, -8.57446], [-38.93426, -8.57465], [-38.93402, -8.57326], [-38.93547, -8.57183], [-38.94299, -8.56847], [-38.94227, -8.56732], [-38.93623, -8.56998], [-38.933, -8.57101], [-38.92994, -8.57146], [-38.92921, -8.57289]]]}}, {"type": "Feature", "properties": {"cd_sipra": "MF0178000", "nome_proje": "PA POÇO DA VOLTA", "municipio": "BELEM DE SAO FRANCISCO", "uf": "PE", "area_hecta": "538.5240", "num_famili": 12}, "geometry": {"type": "Polygon", "coordinates": [[[-39.06685, -8.53533], [-39.03541, -8.54413], [-39.03223, -8.54533], [-39.02879, -8.54712], [-39.01154, -8.55077], [-39.00836, -8.56276], [-39.0354, -8.55394], [-39.03872, -8.55135], [-39.04162, -8.54812], [-39.06552, -8.54141], [-39.06685, -8.53533]]]}}, {"type": "Feature", "properties": {"cd_sipra": "MF0045000", "nome_proje": "PA VOLTA", "municipio": "BELEM DE SAO FRANCISCO", "uf": "PE", "area_hecta": "632.2852", "num_famili": 4}, "geometry": {"type": "Polygon", "coordinates": [[[-38.84766, -8.52182], [-38.84732, -8.52125], [-38.84743, -8.52096], [-38.8484, -8.52055], [-38.84885, -8.51969], [-38.8314, -8.49689], [-38.8318, -8.49802], [-38.83188, -8.49891], [-38.83184, -8.49931], [-38.83123, -8.50028], [-38.83135, -8.50178], [-38.83204, -8.50279], [-38.83358, -8.50396], [-38.83427, -8.50517], [-38.83482, -8.50575], [-38.83508, -8.50785], [-38.83602, -8.51043], [-38.89612, -8.59168], [-38.89931, -8.59029], [-38.90011, -8.59056], [-38.90084, -8.59055], [-38.9011, -8.59024], [-38.87802, -8.56078], [-38.87778, -8.55911], [-38.87774, -8.55721], [-38.85081, -8.52222], [-38.84766, -8.52182]]]}}, {"type": "Feature", "properties": {"cd_sipra": "MF0297000", "nome_proje": "PA XIQUE XIQUE", "municipio": "BELEM DE SAO FRANCISCO", "uf": "PE", "area_hecta": "431.8287", "num_famili": 3}, "geometry": {"type": "MultiPolygon", "coordinates": [[[[-38.87895, -8.55922], [-38.87989, -8.55938], [-38.8825, -8.5605], [-38.88568, -8.5587], [-38.88645, -8.5592], [-38.88681, -8.55888], [-38.88552, -8.55795], [-38.88694, -8.55737], [-38.88474, -8.55469], [-38.85318, -8.5194], [-38.85054, -8.52221], [-38.87777, -8.55717], [-38.87916, -8.55742], [-38.87895, -8.55922]]], [[[-38.85057, -8.5165], [-38.83144, -8.49499], [-38.83142, -8.4948], [-38.83038, -8.49452], [-38.82951, -8.49457], [-38.82964, -8.49491], [-38.82947, -8.49619], [-38.82982, -8.49655], [-38.8309, -8.49695], [-38.84854, -8.5197], [-38.84952, -8.5178], [-38.85057, -8.5165]]]]}}, {"type": "Feature", "properties": {"cd_sipra": "MF0177000", "nome_proje": "PA ALIANÇA", "municipio": "BELEM DE SAO FRANCISCO", "uf": "PE", "area_hecta": "202.9109", "num_famili": 3}, "geometry": {"type": "Polygon", "coordinates": [[[-39.12522, -8.53195], [-39.12852, -8.53723], [-39.13754, -8.51426], [-39.13934, -8.50862], [-39.13687, -8.50783], [-39.13614, -8.50781], [-39.13486, -8.5084], [-39.13218, -8.51068], [-39.12412, -8.53195], [-39.12522, -8.53195]]]}}, {"type": "Feature", "properties": {"cd_sipra": "MF0017000", "nome_proje": "PA BARRA DA FORQUILHA", "municipio": "FLORESTA", "uf": "PE", "area_hecta": "750.0000", "num_famili": 30}, "geometry": {"type": "Polygon", "coordinates": [[[-38.50962, -8.49111], [-38.50999, -8.49016], [-38.50899, -8.48946], [-38.50809, -8.48909], [-38.52491, -8.48575], [-38.52413, -8.48324], [-38.52375, -8.48092], [-38.52283, -8.4771], [-38.48631, -8.485], [-38.48615, -8.48418], [-38.47317, -8.48698], [-38.47549, -8.49884], [-38.47852, -8.49815], [-38.47866, -8.49725], [-38.48276, -8.4963], [-38.50962, -8.49111]]]}}, {"type": "Feature", "properties": {"cd_sipra": "MF0320000", "nome_proje": "PA SERROTE BRANCO", "municipio": "BELEM DE SAO FRANCISCO", "uf": "PE", "area_hecta": "408.7054", "num_famili": 0}, "geometry": {"type": "Polygon", "coordinates": [[[-38.96781, -8.49185], [-38.96633, -8.48957], [-38.96306, -8.48586], [-38.96231, -8.48306], [-38.96317, -8.47997], [-38.96417, -8.47898], [-38.96445, -8.47788], [-38.96309, -8.47708], [-38.96388, -8.47015], [-38.96167, -8.46726], [-38.96068, -8.46635], [-38.96038, -8.46674], [-38.95904, -8.46711], [-38.9579, -8.46703], [-38.95783, -8.46652], [-38.95714, -8.46672], [-38.95694, -8.46613], [-38.95645, -8.4661], [-38.95488, -8.46652], [-38.95355, -8.46363], [-38.95355, -8.47035], [-38.95324, -8.47072], [-38.95206, -8.47326], [-38.94951, -8.47339], [-38.94733, -8.48723], [-38.96903, -8.49428], [-38.96781, -8.49185]]]}}, {"type": "Feature", "properties": {"cd_sipra": "MF0019000", "nome_proje": "PA LULAÇO", "municipio": "CARNAUBEIRA DA PENHA", "uf": "PE", "area_hecta": "412.0000", "num_famili": 11}, "geometry": {"type": "MultiPolygon", "coordinates": [[[[-38.86598, -8.40713], [-38.86567, -8.40579], [-38.86781, -8.40567], [-38.86787, -8.40718], [-38.87477, -8.40584], [-38.87563, -8.40767], [-38.87948, -8.40661], [-38.88274, -8.40642], [-38.88245, -8.40211], [-38.89087, -8.39896], [-38.89205, -8.39801], [-38.89202, -8.39532], [-38.88948, -8.39572], [-38.87677, -8.39944], [-38.87269, -8.40124], [-38.86915, -8.39603], [-38.86655, -8.39686], [-38.865, -8.40216], [-38.86498, -8.4036], [-38.86469, -8.40433], [-38.8627, -8.40463], [-38.86129, -8.40506], [-38.8601, -8.40501], [-38.85936, -8.40639], [-38.85901, -8.40735], [-38.85893, -8.4081], [-38.86372, -8.40734], [-38.86598, -8.40713]]], [[[-38.84869, -8.41781], [-38.84641, -8.41846], [-38.84758, -8.42129], [-38.85038, -8.42032], [-38.84869, -8.41781]]], [[[-38.84156, -8.41872], [-38.8459, -8.41633], [-38.8504, -8.41316], [-38.85222, -8.4138], [-38.85185, -8.41252], [-38.84903, -8.41314], [-38.84806, -8.41171], [-38.83549, -8.41404], [-38.83531, -8.41481], [-38.8304, -8.4134], [-38.83131, -8.42091], [-38.83444, -8.42661], [-38.83814, -8.42879], [-38.83947, -8.42097], [-38.84156, -8.41872]]]]}}, {"type": "Feature", "properties": {"cd_sipra": "MF0180000", "nome_proje": "PA NOVA CONQUISTA", "municipio": "BELEM DE SAO FRANCISCO", "uf": "PE", "area_hecta": "1233.0190", "num_famili": 16}, "geometry": {"type": "Polygon", "coordinates": [[[-38.96893, -8.38901], [-38.96328, -8.38658], [-38.9593, -8.38506], [-38.94863, -8.37801], [-38.93314, -8.37578], [-38.93307, -8.38932], [-38.93278, -8.39659], [-38.93757, -8.40264], [-38.94585, -8.40817], [-38.95407, -8.41541], [-38.95989, -8.41643], [-38.97347, -8.39137], [-38.96893, -8.38901]]]}}, {"type": "Feature", "properties": {"cd_sipra": "MF0047000", "nome_proje": "PA CACHOEIRA", "municipio": "FLORESTA", "uf": "PE", "area_hecta": "121.0000", "num_famili": 5}, "geometry": {"type": "Polygon", "coordinates": [[[-38.57221, -8.37105], [-38.57787, -8.39698], [-38.59509, -8.39946], [-38.59515, -8.39788], [-38.57852, -8.39189], [-38.5739, -8.37071], [-38.57221, -8.37105]]]}}, {"type": "Feature", "properties": {"cd_sipra": "MF0282000", "nome_proje": "PA UMBURANA BRAVA", "municipio": "DORMENTES", "uf": "PE", "area_hecta": "99.9575", "num_famili": 3}, "geometry": {"type": "Polygon", "coordinates": [[[-40.5262, -8.47501], [-40.5226, -8.47977], [-40.51854, -8.48477], [-40.52191, -8.48864], [-40.53013, -8.47454], [-40.53508, -8.46869], [-40.53122, -8.46799], [-40.5262, -8.47501]]]}}, {"type": "Feature", "properties": {"cd_sipra": "MF0306000", "nome_proje": "PA BAIXA DA FAVARIA", "municipio": "DORMENTES", "uf": "PE", "area_hecta": "109.3099", "num_famili": 3}, "geometry": {"type": "Polygon", "coordinates": [[[-40.38385, -8.47423], [-40.38374, -8.47773], [-40.38997, -8.47847], [-40.39078, -8.47324], [-40.39072, -8.47158], [-40.39214, -8.46895], [-40.39192, -8.46583], [-40.39041, -8.46611], [-40.38474, -8.46489], [-40.38422, -8.46636], [-40.38359, -8.46978], [-40.3841, -8.4711], [-40.38409, -8.47345], [-40.38385, -8.47423]]]}}, {"type": "Feature", "properties": {"cd_sipra": "MF0284000", "nome_proje": "PA SITIO FORTALEZA", "municipio": "DORMENTES", "uf": "PE", "area_hecta": "59.1185", "num_famili": 2}, "geometry": {"type": "Polygon", "coordinates": [[[-40.4959, -8.46559], [-40.49499, -8.47172], [-40.49453, -8.47391], [-40.49678, -8.4742], [-40.4979, -8.47583], [-40.49948, -8.47622], [-40.50222, -8.46874], [-40.4959, -8.46559]]]}}, {"type": "Feature", "properties": {"cd_sipra": "MF0184000", "nome_proje": "PA BOA VISTA", "municipio": "SANTA CRUZ", "uf": "PE", "area_hecta": "1233.7971", "num_famili": 30}, "geometry": {"type": "Polygon", "coordinates": [[[-40.11651, -8.32708], [-40.11793, -8.32124], [-40.12789, -8.32321], [-40.1284, -8.32067], [-40.11903, -8.3169], [-40.11971, -8.31439], [-40.11939, -8.31423], [-40.10378, -8.32542], [-40.11569, -8.32815], [-40.11651, -8.32708]]]}}, {"type": "Feature", "properties": {"cd_sipra": "MF0159000", "nome_proje": "PA PAULISTA", "municipio": "SERRA TALHADA", "uf": "PE", "area_hecta": "925.0033", "num_famili": 25}, "geometry": {"type": "MultiPolygon", "coordinates": [[[[-38.5115, -8.3809], [-38.51153, -8.38169], [-38.51195, -8.383], [-38.52227, -8.38468], [-38.52051, -8.37666], [-38.5092, -8.37505], [-38.51075, -8.37952], [-38.51096, -8.37956], [-38.5115, -8.3809]]], [[[-38.50902, -8.37387], [-38.50861, -8.37333], [-38.5091, -8.37475], [-38.50902, -8.37387]]], [[[-38.51855, -8.36605], [-38.51803, -8.36591], [-38.5182, -8.36516], [-38.50505, -8.36308], [-38.50858, -8.37327], [-38.52018, -8.37491], [-38.51855, -8.36605]]]]}}, {"type": "Feature", "properties": {"cd_sipra": "MF0013000", "nome_proje": "PA LAGEDO", "municipio": "FLORESTA", "uf": "PE", "area_hecta": "1101.0000", "num_famili": 12}, "geometry": {"type": "Polygon", "coordinates": [[[-38.2672, -8.62435], [-38.27401, -8.59406], [-38.26995, -8.59315], [-38.25677, -8.65214], [-38.25316, -8.66907], [-38.25379, -8.6697], [-38.25496, -8.67023], [-38.25528, -8.67064], [-38.2566, -8.67161], [-38.25775, -8.67232], [-38.26047, -8.67359], [-38.26702, -8.6788], [-38.27843, -8.6268], [-38.2672, -8.62435]]]}}, {"type": "Feature", "properties": {"cd_sipra": "MF0015000", "nome_proje": "PA PEDRO JORGE DE ALBUQUERQUE", "municipio": "FLORESTA", "uf": "PE", "area_hecta": "1108.7191", "num_famili": 12}, "geometry": {"type": "Polygon", "coordinates": [[[-38.24488, -8.63009], [-38.24593, -8.62396], [-38.24769, -8.6167], [-38.24258, -8.61472], [-38.24618, -8.59823], [-38.24411, -8.59921], [-38.24257, -8.59915], [-38.24041, -8.60089], [-38.23831, -8.602], [-38.23727, -8.60211], [-38.23241, -8.62402], [-38.22815, -8.62319], [-38.22082, -8.65564], [-38.22506, -8.65647], [-38.22391, -8.66238], [-38.22612, -8.66157], [-38.228, -8.66202], [-38.22867, -8.66245], [-38.23147, -8.66332], [-38.23368, -8.6621], [-38.23551, -8.66229], [-38.2365, -8.66191], [-38.2377, -8.66178], [-38.24169, -8.64359], [-38.24488, -8.63009]]]}}, {"type": "Feature", "properties": {"cd_sipra": "MF0014000", "nome_proje": "PA SERRA NEGRA", "municipio": "FLORESTA", "uf": "PE", "area_hecta": "2427.0000", "num_famili": 64}, "geometry": {"type": "Polygon", "coordinates": [[[-38.04683, -8.53352], [-38.04533, -8.53295], [-38.04088, -8.53011], [-38.04009, -8.52946], [-38.03758, -8.52829], [-38.03675, -8.52774], [-38.03192, -8.52631], [-38.02534, -8.55471], [-38.02766, -8.55463], [-38.01004, -8.63145], [-38.01051, -8.63151], [-38.01007, -8.63339], [-38.01021, -8.63429], [-38.0102, -8.63699], [-38.00995, -8.63756], [-38.01518, -8.64016], [-38.01766, -8.63952], [-38.01971, -8.63992], [-38.02698, -8.64041], [-38.0463, -8.55432], [-38.04215, -8.55447], [-38.04683, -8.53352]]]}}, {"type": "Feature", "properties": {"cd_sipra": "MF0012000", "nome_proje": "PA CALDEIRÃO DO PERIQUITO", "municipio": "FLORESTA", "uf": "PE", "area_hecta": "687.0000", "num_famili": 2}, "geometry": {"type": "Polygon", "coordinates": [[[-37.90513, -8.56944], [-37.90452, -8.57421], [-37.91369, -8.57428], [-37.91404, -8.57161], [-37.92722, -8.5145], [-37.91819, -8.51281], [-37.90513, -8.56944]]]}}, {"type": "Feature", "properties": {"cd_sipra": "MF0016000", "nome_proje": "PA LAJES", "municipio": "FLORESTA", "uf": "PE", "area_hecta": "391.0000", "num_famili": 20}, "geometry": {"type": "MultiPolygon", "coordinates": [[[[-38.13951, -8.52692], [-38.14111, -8.52687], [-38.14378, -8.51486], [-38.14066, -8.51204], [-38.13918, -8.51175], [-38.13867, -8.50876], [-38.1338, -8.50894], [-38.13012, -8.52537], [-38.12886, -8.53014], [-38.13951, -8.52692]]], [[[-38.12529, -8.54616], [-38.13637, -8.54857], [-38.14102, -8.52723], [-38.1394, -8.52727], [-38.12878, -8.53048], [-38.12529, -8.54616]]]]}}, {"type": "Feature", "properties": {"cd_sipra": "MF0018000", "nome_proje": "PA JACARÉ", "municipio": "FLORESTA", "uf": "PE", "area_hecta": "333.0000", "num_famili": 10}, "geometry": {"type": "Polygon", "coordinates": [[[-37.88575, -8.50666], [-37.89206, -8.50781], [-37.89921, -8.45881], [-37.89342, -8.45774], [-37.88575, -8.50666]]]}}, {"type": "Feature", "properties": {"cd_sipra": "MF0048000", "nome_proje": "PA SERRA DO CAPIM", "municipio": "FLORESTA", "uf": "PE", "area_hecta": "471.0000", "num_famili": 8}, "geometry": {"type": "MultiPolygon", "coordinates": [[[[-38.24592, -8.4214], [-38.23452, -8.47259], [-38.23843, -8.47344], [-38.24982, -8.42229], [-38.24592, -8.4214]]], [[[-38.26545, -8.41525], [-38.26354, -8.41481], [-38.24805, -8.48174], [-38.2497, -8.48281], [-38.26545, -8.41525]]]]}}, {"type": "Feature", "properties": {"cd_sipra": "MF0141000", "nome_proje": "PA BARRA DO JUÁ", "municipio": "FLORESTA", "uf": "PE", "area_hecta": "1481.1375", "num_famili": 99}, "geometry": {"type": "MultiPolygon", "coordinates": [[[[-38.11394, -8.40851], [-38.1086, -8.41153], [-38.10838, -8.41219], [-38.10793, -8.4128], [-38.10628, -8.41369], [-38.10472, -8.41503], [-38.10341, -8.41539], [-38.10216, -8.41523], [-38.10165, -8.41535], [-38.10145, -8.41585], [-38.10171, -8.41687], [-38.1015, -8.41819], [-38.10648, -8.41642], [-38.12058, -8.40802], [-38.12029, -8.40683], [-38.11394, -8.40851]]], [[[-38.10029, -8.41745], [-38.09959, -8.41695], [-38.09919, -8.41518], [-38.09902, -8.41477], [-38.0985, -8.41431], [-38.09668, -8.41475], [-38.0953, -8.41472], [-38.09475, -8.41489], [-38.09441, -8.41519], [-38.09437, -8.41549], [-38.09513, -8.41634], [-38.09536, -8.41744], [-38.09527, -8.41774], [-38.09439, -8.41887], [-38.09324, -8.41993], [-38.09262, -8.42125], [-38.09242, -8.42131], [-38.09208, -8.42106], [-38.09137, -8.42017], [-38.09093, -8.4199], [-38.08987, -8.41976], [-38.08943, -8.42046], [-38.08931, -8.42124], [-38.08909, -8.42154], [-38.08777, -8.4224], [-38.08744, -8.42318], [-38.10102, -8.41836], [-38.10029, -8.41745]]], [[[-38.0055, -8.46114], [-38.01185, -8.45589], [-38.02026, -8.45544], [-38.0214, -8.45946], [-38.01709, -8.46955], [-38.02091, -8.47098], [-38.02392, -8.46699], [-38.04226, -8.46371], [-38.05358, -8.45549], [-38.04768, -8.46436], [-38.05205, -8.46591], [-38.06304, -8.45536], [-38.06625, -8.45398], [-38.07335, -8.45179], [-38.08279, -8.43682], [-38.09203, -8.43062], [-38.09296, -8.42528], [-38.08742, -8.42372], [-38.08843, -8.42497], [-38.09004, -8.42535], [-38.09122, -8.42535], [-38.09207, -8.42577], [-38.09163, -8.42632], [-38.09133, -8.42711], [-38.08983, -8.42924], [-38.08852, -8.43035], [-38.08792, -8.43116], [-38.08798, -8.43188], [-38.08716, -8.43244], [-38.08672, -8.43207], [-38.08635, -8.43199], [-38.08478, -8.43258], [-38.08056, -8.43541], [-38.07725, -8.43833], [-38.07548, -8.43938], [-38.07531, -8.43972], [-38.07574, -8.44072], [-38.07586, -8.44316], [-38.07503, -8.445], [-38.07486, -8.44632], [-38.07312, -8.44986], [-38.07254, -8.4496], [-38.07157, -8.44956], [-38.07038, -8.45001], [-38.06921, -8.45088], [-38.06814, -8.45229], [-38.06735, -8.45273], [-38.06684, -8.45274], [-38.06638, -8.4527], [-38.066, -8.45244], [-38.06529, -8.45118], [-38.06497, -8.45], [-38.06449, -8.44987], [-38.06428, -8.44998], [-38.06397, -8.45068], [-38.06396, -8.4516], [-38.06378, -8.45226], [-38.06261, -8.45308], [-38.06223, -8.4542], [-38.06186, -8.4546], [-38.06149, -8.45486], [-38.06008, -8.45519], [-38.05784, -8.45645], [-38.05746, -8.45697], [-38.05731, -8.45848], [-38.05714, -8.45878], [-38.05451, -8.46059], [-38.05407, -8.46147], [-38.05299, -8.46192], [-38.05292, -8.46244], [-38.0533, -8.46293], [-38.05359, -8.46402], [-38.05249, -8.46514], [-38.05205, -8.46498], [-38.05139, -8.46174], [-38.05199, -8.46047], [-38.05338, -8.45975], [-38.05326, -8.45857], [-38.05402, -8.45767], [-38.0548, -8.45743], [-38.05494, -8.45725], [-38.05553, -8.45361], [-38.05628, -8.45266], [-38.05616, -8.45239], [-38.05538, -8.45187], [-38.0542, -8.45161], [-38.05362, -8.45177], [-38.05314, -8.45245], [-38.0518, -8.45356], [-38.05136, -8.45355], [-38.05091, -8.45303], [-38.05073, -8.45203], [-38.05012, -8.4521], [-38.04979, -8.45259], [-38.04968, -8.4532], [-38.04844, -8.45455], [-38.04849, -8.45499], [-38.04904, -8.45594], [-38.04891, -8.45652], [-38.04857, -8.45659], [-38.04746, -8.4563], [-38.04726, -8.45715], [-38.0463, -8.45799], [-38.04592, -8.45822], [-38.04451, -8.45832], [-38.04376, -8.45855], [-38.04344, -8.45883], [-38.04309, -8.46016], [-38.04129, -8.46], [-38.04091, -8.46041], [-38.04097, -8.46106], [-38.0408, -8.46174], [-38.04069, -8.46204], [-38.04045, -8.46215], [-38.03963, -8.46204], [-38.03854, -8.46258], [-38.03805, -8.46252], [-38.03435, -8.46302], [-38.03173, -8.46439], [-38.03138, -8.46481], [-38.03048, -8.46499], [-38.02911, -8.46376], [-38.02816, -8.46346], [-38.02698, -8.46374], [-38.02631, -8.46466], [-38.02509, -8.46503], [-38.02454, -8.46484], [-38.02331, -8.46396], [-38.02304, -8.46468], [-38.02256, -8.46506], [-38.02143, -8.46516], [-38.02035, -8.46615], [-38.01902, -8.46682], [-38.02014, -8.46262], [-38.02236, -8.4605], [-38.02246, -8.46015], [-38.02255, -8.45776], [-38.02151, -8.45597], [-38.02116, -8.45404], [-38.0214, -8.45241], [-38.02115, -8.45212], [-38.02017, -8.4522], [-38.01899, -8.45321], [-38.01766, -8.45331], [-38.01633, -8.45289], [-38.01439, -8.45312], [-38.01205, -8.45429], [-38.01067, -8.45437], [-38.00838, -8.45586], [-38.00783, -8.45605], [-38.00715, -8.45746], [-38.00645, -8.45688], [-38.00532, -8.45704], [-38.00541, -8.45602], [-38.00466, -8.45539], [-38.00277, -8.45959], [-38.0055, -8.46114]]]]}}, {"type": "Feature", "properties": {"cd_sipra": "MF0165000", "nome_proje": "PA PIRAMBEBA", "municipio": "BETANIA", "uf": "PE", "area_hecta": "1424.9216", "num_famili": 29}, "geometry": {"type": "MultiPolygon", "coordinates": [[[[-37.90109, -8.43658], [-37.90086, -8.43579], [-37.9008, -8.43418], [-37.90364, -8.42535], [-37.90361, -8.42412], [-37.90335, -8.42322], [-37.90294, -8.42242], [-37.90144, -8.42079], [-37.89074, -8.43351], [-37.87502, -8.45331], [-37.87761, -8.45303], [-37.88075, -8.45365], [-37.88613, -8.4568], [-37.90176, -8.43767], [-37.90109, -8.43658]]], [[[-37.91526, -8.40937], [-37.91292, -8.40696], [-37.90253, -8.4194], [-37.90381, -8.42059], [-37.90448, -8.42144], [-37.90505, -8.42256], [-37.90542, -8.42384], [-37.90547, -8.42555], [-37.90268, -8.43403], [-37.90259, -8.43488], [-37.90291, -8.43623], [-37.91936, -8.41611], [-37.91526, -8.40937]]]]}}, {"type": "Feature", "properties": {"cd_sipra": "MF0022000", "nome_proje": "PA QUEBRA UNHAS", "municipio": "FLORESTA", "uf": "PE", "area_hecta": "119.0000", "num_famili": 8}, "geometry": {"type": "Polygon", "coordinates": [[[-38.2428, -8.40062], [-38.23756, -8.42521], [-38.24086, -8.42601], [-38.24688, -8.39882], [-38.24592, -8.39859], [-38.24404, -8.4011], [-38.2428, -8.40062]]]}}, {"type": "Feature", "properties": {"cd_sipra": "MF0186000", "nome_proje": "PA SERRA BRANCA", "municipio": "BETANIA", "uf": "PE", "area_hecta": "1364.0033", "num_famili": 33}, "geometry": {"type": "MultiPolygon", "coordinates": [[[[-37.89559, -8.40977], [-37.89906, -8.41578], [-37.90253, -8.4194], [-37.91011, -8.41038], [-37.90904, -8.4088], [-37.91165, -8.40565], [-37.90907, -8.40298], [-37.90405, -8.39958], [-37.89559, -8.40977]]], [[[-37.89766, -8.41679], [-37.89443, -8.41119], [-37.86106, -8.45117], [-37.86951, -8.45432], [-37.8721, -8.45415], [-37.87502, -8.45331], [-37.89074, -8.43351], [-37.90144, -8.42079], [-37.89766, -8.41679]]]]}}, {"type": "Feature", "properties": {"cd_sipra": "MF0065000", "nome_proje": "PA CACIMBA NOVA", "municipio": "FLORESTA", "uf": "PE", "area_hecta": "3340.9959", "num_famili": 54}, "geometry": {"type": "Polygon", "coordinates": [[[-38.24459, -8.33503], [-38.24202, -8.34797], [-38.24178, -8.35014], [-38.22963, -8.36625], [-38.22324, -8.38245], [-38.21992, -8.39174], [-38.24404, -8.4011], [-38.27331, -8.36204], [-38.26611, -8.35774], [-38.29767, -8.31794], [-38.29799, -8.31782], [-38.30062, -8.30803], [-38.29276, -8.31089], [-38.24459, -8.33503]]]}}, {"type": "Feature", "properties": {"cd_sipra": "MF0252000", "nome_proje": "PA TIMBURANA", "municipio": "SERRA TALHADA", "uf": "PE", "area_hecta": "2230.5086", "num_famili": 43}, "geometry": {"type": "MultiPolygon", "coordinates": [[[[-38.17921, -8.27973], [-38.18117, -8.28006], [-38.18345, -8.28005], [-38.18741, -8.27854], [-38.18839, -8.27867], [-38.18688, -8.27797], [-38.17881, -8.27669], [-38.17857, -8.27892], [-38.17921, -8.27973]]], [[[-38.20991, -8.28734], [-38.212, -8.28439], [-38.21311, -8.28326], [-38.21366, -8.28184], [-38.21671, -8.27928], [-38.22002, -8.27746], [-38.21993, -8.27713], [-38.20669, -8.28545], [-38.19779, -8.27909], [-38.19375, -8.28007], [-38.20564, -8.28941], [-38.20991, -8.28734]]]]}}, {"type": "Feature", "properties": {"cd_sipra": "PB0160000", "nome_proje": "PA DOS 10", "municipio": "MONTEIRO", "uf": "PB", "area_hecta": "2154.0431", "num_famili": 74}, "geometry": {"type": "Polygon", "coordinates": [[[-36.98643, -7.98058], [-36.9859, -7.98232], [-36.98967, -7.98385], [-36.98549, -7.98878], [-36.98439, -7.98994], [-36.98369, -7.99032], [-36.98192, -7.99251], [-36.98042, -7.99563], [-36.9819, -7.99732], [-36.98299, -7.9998], [-36.98538, -8.00015], [-36.98408, -8.00183], [-36.98711, -8.00409], [-36.9875, -8.00476], [-36.98658, -8.00613], [-36.98863, -8.00791], [-36.98725, -8.01061], [-36.98646, -8.01178], [-36.98625, -8.01314], [-36.98156, -8.01969], [-36.97989, -8.02375], [-36.9792, -8.0261], [-36.9742, -8.03375], [-36.97297, -8.03516], [-36.97161, -8.03571], [-36.97146, -8.03753], [-36.96969, -8.03937], [-36.96844, -8.03985], [-36.97265, -8.0413], [-36.97577, -8.04098], [-36.97729, -8.04062], [-36.97815, -8.04011], [-36.97909, -8.03983], [-36.98061, -8.03985], [-36.98169, -8.03966], [-36.98335, -8.03888], [-36.98414, -8.03881], [-36.98377, -8.04099], [-36.98425, -8.04274], [-36.98521, -8.05095], [-36.98371, -8.05142], [-36.98404, -8.05275], [-36.98441, -8.05256], [-36.98706, -8.05384], [-36.99235, -8.05317], [-36.99611, -8.04981], [-37.00179, -8.05], [-37.0065, -8.04707], [-37.00902, -8.0471], [-37.00847, -8.04527], [-37.00934, -8.04368], [-37.00908, -8.04222], [-37.00891, -8.03876], [-37.00858, -8.03662], [-37.00955, -8.03538], [-37.00913, -8.03158], [-37.00901, -8.02773], [-37.00675, -8.01926], [-37.007, -8.01586], [-37.00594, -8.00878], [-37.00141, -8.00867], [-37.00311, -7.99991], [-37.00336, -7.99905], [-37.00398, -7.99811], [-37.00088, -7.99554], [-36.99888, -7.99354], [-36.99782, -7.9922], [-36.99704, -7.99153], [-36.99708, -7.99059], [-36.99758, -7.98888], [-36.99612, -7.98349], [-36.99474, -7.98366], [-36.99512, -7.98103], [-36.99508, -7.97977], [-36.99493, -7.97948], [-36.98647, -7.97879], [-36.98643, -7.98058]]]}}, {"type": "Feature", "properties": {"cd_sipra": "PB0199000", "nome_proje": "PA ELDORADO DOS CARAJÁS", "municipio": "CAMALAU", "uf": "PB", "area_hecta": "624.4859", "num_famili": 15}, "geometry": {"type": "Polygon", "coordinates": [[[-36.88088, -7.91897], [-36.87957, -7.91955], [-36.87938, -7.91995], [-36.87908, -7.92012], [-36.87791, -7.92341], [-36.87658, -7.92179], [-36.87733, -7.92122], [-36.87725, -7.9201], [-36.87657, -7.91981], [-36.87639, -7.91999], [-36.87627, -7.91992], [-36.87585, -7.91921], [-36.87558, -7.91916], [-36.87542, -7.91927], [-36.87547, -7.91958], [-36.87464, -7.92019], [-36.87447, -7.92014], [-36.87343, -7.91959], [-36.87239, -7.91795], [-36.8708, -7.9193], [-36.87254, -7.93149], [-36.87255, -7.93497], [-36.87269, -7.93582], [-36.87523, -7.94563], [-36.8752, -7.94613], [-36.87471, -7.94757], [-36.87494, -7.94971], [-36.87437, -7.95029], [-36.87466, -7.95216], [-36.87393, -7.95273], [-36.87084, -7.95305], [-36.86989, -7.95299], [-36.86995, -7.95794], [-36.87448, -7.96073], [-36.87704, -7.96006], [-36.87758, -7.95856], [-36.87982, -7.95686], [-36.88148, -7.95538], [-36.88365, -7.95306], [-36.88468, -7.95123], [-36.88556, -7.95087], [-36.88555, -7.94904], [-36.88538, -7.94843], [-36.88572, -7.94794], [-36.88491, -7.94728], [-36.88381, -7.94702], [-36.88306, -7.94638], [-36.88152, -7.9462], [-36.88401, -7.93751], [-36.88436, -7.93353], [-36.88489, -7.93291], [-36.8879, -7.9323], [-36.88806, -7.93146], [-36.88795, -7.93043], [-36.88778, -7.93015], [-36.88786, -7.92983], [-36.88881, -7.9294], [-36.89038, -7.92933], [-36.89145, -7.92906], [-36.89098, -7.92326], [-36.8897, -7.92306], [-36.88892, -7.92208], [-36.88767, -7.9197], [-36.88624, -7.91917], [-36.88601, -7.91928], [-36.88327, -7.91696], [-36.88104, -7.91671], [-36.88129, -7.91731], [-36.88088, -7.91897]]]}}, {"type": "Feature", "properties": {"cd_sipra": "PE0418000", "nome_proje": "PA ORLANDO ANDRE", "municipio": "JATAUBA", "uf": "PE", "area_hecta": "940.2790", "num_famili": 0}, "geometry": {"type": "Polygon", "coordinates": [[[-36.57752, -7.91343], [-36.5782, -7.91525], [-36.57762, -7.92127], [-36.57253, -7.93057], [-36.57259, -7.93597], [-36.57415, -7.93612], [-36.57369, -7.93502], [-36.57878, -7.93155], [-36.5851, -7.92649], [-36.59405, -7.91751], [-36.59307, -7.91585], [-36.59235, -7.91564], [-36.58901, -7.91629], [-36.5886, -7.9144], [-36.58873, -7.9137], [-36.58743, -7.91092], [-36.58702, -7.91056], [-36.58614, -7.90803], [-36.58532, -7.90774], [-36.58182, -7.91266], [-36.58034, -7.91314], [-36.57752, -7.91343]]]}}, {"type": "Feature", "properties": {"cd_sipra": "PB0110000", "nome_proje": "PA NOVO MUNDO", "municipio": "CAMALAU", "uf": "PB", "area_hecta": "1727.5419", "num_famili": 72}, "geometry": {"type": "Polygon", "coordinates": [[[-36.85262, -7.89465], [-36.85271, -7.895], [-36.85897, -7.8992], [-36.86187, -7.89905], [-36.86203, -7.90012], [-36.86045, -7.90081], [-36.85911, -7.90234], [-36.86034, -7.90388], [-36.86346, -7.90379], [-36.86395, -7.90446], [-36.86639, -7.90671], [-36.86685, -7.90772], [-36.86825, -7.90918], [-36.8655, -7.9101], [-36.8631, -7.90922], [-36.8619, -7.90677], [-36.86091, -7.90681], [-36.86136, -7.90947], [-36.86175, -7.9108], [-36.85863, -7.91019], [-36.85655, -7.90686], [-36.85405, -7.90496], [-36.85362, -7.90582], [-36.85298, -7.9055], [-36.85222, -7.90215], [-36.85041, -7.90148], [-36.85083, -7.89969], [-36.85069, -7.89911], [-36.8501, -7.89867], [-36.84952, -7.89849], [-36.84901, -7.89881], [-36.84875, -7.90048], [-36.84792, -7.90008], [-36.84784, -7.9021], [-36.84363, -7.90265], [-36.84334, -7.90296], [-36.84455, -7.90627], [-36.84487, -7.90933], [-36.84317, -7.90803], [-36.84144, -7.90624], [-36.84162, -7.90691], [-36.84112, -7.90704], [-36.84035, -7.90694], [-36.83337, -7.90763], [-36.83317, -7.90847], [-36.83277, -7.91503], [-36.83319, -7.91512], [-36.83534, -7.91648], [-36.83689, -7.91647], [-36.83856, -7.91718], [-36.83833, -7.9205], [-36.83921, -7.92464], [-36.83999, -7.93023], [-36.84322, -7.93857], [-36.84388, -7.93828], [-36.84476, -7.93903], [-36.85027, -7.94217], [-36.85306, -7.94451], [-36.85626, -7.94677], [-36.85738, -7.9471], [-36.85877, -7.94805], [-36.86086, -7.94917], [-36.86519, -7.95053], [-36.8674, -7.95157], [-36.86874, -7.95272], [-36.87084, -7.95305], [-36.87393, -7.95273], [-36.87466, -7.95216], [-36.87437, -7.95029], [-36.87495, -7.94971], [-36.87471, -7.94757], [-36.8752, -7.94613], [-36.87523, -7.94563], [-36.87395, -7.94102], [-36.87255, -7.93497], [-36.87254, -7.93149], [-36.8716, -7.92544], [-36.87024, -7.915], [-36.86883, -7.91202], [-36.86908, -7.91102], [-36.86902, -7.91049], [-36.87155, -7.90913], [-36.87192, -7.90808], [-36.87178, -7.90772], [-36.87206, -7.90618], [-36.87136, -7.90458], [-36.87102, -7.9042], [-36.8711, -7.90403], [-36.87047, -7.90178], [-36.86977, -7.90146], [-36.86841, -7.90276], [-36.86619, -7.9014], [-36.86548, -7.90125], [-36.86242, -7.90145], [-36.86219, -7.90128], [-36.86205, -7.90033], [-36.86221, -7.90008], [-36.86207, -7.8989], [-36.85967, -7.8976], [-36.85657, -7.89652], [-36.8559, -7.89552], [-36.85562, -7.89535], [-36.85252, -7.89461], [-36.85251, -7.89399], [-36.85317, -7.89352], [-36.85071, -7.89263], [-36.84873, -7.89223], [-36.84805, -7.8922], [-36.84805, -7.89302], [-36.85262, -7.89465]]]}}, {"type": "Feature", "properties": {"cd_sipra": "PB0317000", "nome_proje": "PA XIQUE XIQUE", "municipio": "MONTEIRO", "uf": "PB", "area_hecta": "1872.9602", "num_famili": 40}, "geometry": {"type": "Polygon", "coordinates": [[[-36.95035, -7.86941], [-36.95029, -7.87076], [-36.94958, -7.87403], [-36.94579, -7.89668], [-36.94555, -7.89697], [-36.94562, -7.8978], [-36.94453, -7.9039], [-36.941, -7.92144], [-36.93842, -7.93298], [-36.93977, -7.93534], [-36.94142, -7.93764], [-36.93837, -7.94068], [-36.93877, -7.94339], [-36.93843, -7.9445], [-36.93798, -7.94475], [-36.93775, -7.94548], [-36.93824, -7.94992], [-36.93894, -7.95258], [-36.93934, -7.9554], [-36.94134, -7.9589], [-36.94067, -7.95966], [-36.93993, -7.96131], [-36.9399, -7.96241], [-36.94033, -7.9638], [-36.93996, -7.96711], [-36.94038, -7.96804], [-36.9413, -7.96969], [-36.94277, -7.97135], [-36.94315, -7.97036], [-36.9436, -7.96707], [-36.94414, -7.96633], [-36.9443, -7.96385], [-36.94555, -7.96261], [-36.94582, -7.9618], [-36.94751, -7.96093], [-36.95017, -7.96949], [-36.95048, -7.97187], [-36.95264, -7.97121], [-36.95391, -7.97112], [-36.95378, -7.97022], [-36.95323, -7.96971], [-36.95292, -7.96912], [-36.95302, -7.96671], [-36.95017, -7.96214], [-36.95325, -7.96192], [-36.95448, -7.96435], [-36.95517, -7.96407], [-36.95612, -7.96443], [-36.95727, -7.9664], [-36.9619, -7.96573], [-36.96194, -7.96404], [-36.96247, -7.96273], [-36.96283, -7.96226], [-36.96137, -7.96148], [-36.95841, -7.96072], [-36.95833, -7.95737], [-36.95895, -7.9541], [-36.95998, -7.95101], [-36.95998, -7.95043], [-36.95877, -7.95026], [-36.95852, -7.94783], [-36.96523, -7.9322], [-36.96307, -7.93147], [-36.96166, -7.93056], [-36.96371, -7.91878], [-36.95769, -7.91681], [-36.95756, -7.91526], [-36.95535, -7.90958], [-36.9538, -7.90709], [-36.95335, -7.90674], [-36.95907, -7.87632], [-36.95958, -7.87292], [-36.95888, -7.87287], [-36.95726, -7.87226], [-36.95708, -7.87199], [-36.95678, -7.87213], [-36.95644, -7.87282], [-36.95559, -7.87324], [-36.95234, -7.87248], [-36.95266, -7.87179], [-36.95142, -7.87079], [-36.95187, -7.86961], [-36.95149, -7.86898], [-36.95088, -7.86903], [-36.95035, -7.86941]]]}}, {"type": "Feature", "properties": {"cd_sipra": "PE0032000", "nome_proje": "PA CALDEIRÕES", "municipio": "IGUARACI", "uf": "PE", "area_hecta": "1153.2593", "num_famili": 20}, "geometry": {"type": "MultiPolygon", "coordinates": [[[[-37.31084, -7.91019], [-37.30908, -7.91083], [-37.30888, -7.9116], [-37.30876, -7.91391], [-37.30986, -7.9124], [-37.31326, -7.91139], [-37.31678, -7.91219], [-37.31114, -7.90897], [-37.31084, -7.91019]]], [[[-37.3083, -7.9178], [-37.30902, -7.91876], [-37.30912, -7.91973], [-37.3099, -7.92042], [-37.31029, -7.92148], [-37.30922, -7.9219], [-37.30917, -7.9228], [-37.30853, -7.92344], [-37.30843, -7.92646], [-37.3114, -7.92165], [-37.30831, -7.91562], [-37.30803, -7.91653], [-37.3083, -7.9178]]], [[[-37.33077, -7.94597], [-37.3312, -7.94727], [-37.33179, -7.94773], [-37.33284, -7.94825], [-37.33362, -7.9484], [-37.33503, -7.94683], [-37.33607, -7.94467], [-37.33929, -7.94513], [-37.33473, -7.94305], [-37.33031, -7.94474], [-37.32298, -7.94171], [-37.3221, -7.94188], [-37.32697, -7.94389], [-37.33077, -7.94597]]], [[[-37.34182, -7.94628], [-37.33982, -7.94537], [-37.3409, -7.94616], [-37.34182, -7.94628]]]]}}, {"type": "Feature", "properties": {"cd_sipra": "PE0031000", "nome_proje": "PA RAMADA DA QUIXABEIRA", "municipio": "IGUARACI", "uf": "PE", "area_hecta": "672.2394", "num_famili": 11}, "geometry": {"type": "Polygon", "coordinates": [[[-37.34648, -7.94732], [-37.34719, -7.94714], [-37.34798, -7.94676], [-37.34572, -7.94689], [-37.34648, -7.94732]]]}}, {"type": "Feature", "properties": {"cd_sipra": "PE0266000", "nome_proje": "PA MATA VERDE", "municipio": "IGUARACI", "uf": "PE", "area_hecta": "1706.7606", "num_famili": 39}, "geometry": {"type": "MultiPolygon", "coordinates": [[[[-37.15312, -7.78624], [-37.15436, -7.78749], [-37.15852, -7.79342], [-37.16076, -7.79385], [-37.15848, -7.79233], [-37.15195, -7.77984], [-37.14948, -7.78004], [-37.14955, -7.7808], [-37.15312, -7.78624]]], [[[-37.16461, -7.79687], [-37.16691, -7.79887], [-37.16863, -7.80095], [-37.16893, -7.80319], [-37.17124, -7.80332], [-37.17329, -7.80026], [-37.17402, -7.79977], [-37.17067, -7.80023], [-37.16945, -7.7988], [-37.17137, -7.79517], [-37.16376, -7.79584], [-37.16328, -7.79552], [-37.16317, -7.7963], [-37.16461, -7.79687]]], [[[-37.17695, -7.79846], [-37.17849, -7.79712], [-37.18074, -7.79583], [-37.18053, -7.79333], [-37.1747, -7.79939], [-37.17695, -7.79846]]], [[[-37.18529, -7.79216], [-37.18783, -7.79153], [-37.18838, -7.791], [-37.18304, -7.79072], [-37.18204, -7.79175], [-37.18297, -7.79176], [-37.18529, -7.79216]]], [[[-37.20047, -7.80007], [-37.20106, -7.80015], [-37.19961, -7.79957], [-37.19962, -7.79977], [-37.20047, -7.80007]]], [[[-37.22007, -7.8063], [-37.22399, -7.80441], [-37.223, -7.80406], [-37.2188, -7.80604], [-37.22007, -7.8063]]], [[[-37.22919, -7.80626], [-37.22832, -7.80594], [-37.22848, -7.8061], [-37.22919, -7.80626]]]]}}, {"type": "Feature", "properties": {"cd_sipra": "PE0400000", "nome_proje": "PA JOSUE DE CASTRO", "municipio": "RIACHO DAS ALMAS", "uf": "PE", "area_hecta": "140.7753", "num_famili": 13}, "geometry": {"type": "Polygon", "coordinates": [[[-35.95785, -8.13929], [-35.9581, -8.14099], [-35.95674, -8.14129], [-35.95924, -8.14482], [-35.96011, -8.14825], [-35.96157, -8.15252], [-35.9688, -8.15237], [-35.969, -8.14862], [-35.96981, -8.14238], [-35.96627, -8.14117], [-35.96527, -8.14105], [-35.96211, -8.14137], [-35.96103, -8.13984], [-35.96028, -8.13828], [-35.95785, -8.13929]]]}}, {"type": "Feature", "properties": {"cd_sipra": "PB0336000", "nome_proje": "PA NOVO HORIZONTE", "municipio": "JUAREZ TAVORA", "uf": "PB", "area_hecta": "900.5923", "num_famili": 30}, "geometry": {"type": "MultiPolygon", "coordinates": [[[[-35.54248, -7.20004], [-35.54241, -7.19974], [-35.54178, -7.19986], [-35.54205, -7.20012], [-35.54248, -7.20004]]], [[[-35.54287, -7.2017], [-35.5427, -7.20099], [-35.54274, -7.20174], [-35.54287, -7.2017]]], [[[-35.54283, -7.20135], [-35.54291, -7.20168], [-35.54348, -7.20148], [-35.54283, -7.20135]]], [[[-35.54975, -7.1974], [-35.54974, -7.1968], [-35.5503, -7.19709], [-35.55052, -7.19687], [-35.55038, -7.19521], [-35.55101, -7.19513], [-35.55123, -7.19553], [-35.55146, -7.19555], [-35.55256, -7.19513], [-35.55334, -7.19524], [-35.55364, -7.19836], [-35.55442, -7.19828], [-35.55426, -7.20202], [-35.55479, -7.20198], [-35.5548, -7.20182], [-35.55501, -7.2018], [-35.55501, -7.20198], [-35.55659, -7.20222], [-35.56334, -7.20468], [-35.56251, -7.19201], [-35.56192, -7.19207], [-35.56116, -7.19171], [-35.56115, -7.19119], [-35.5596, -7.19183], [-35.55888, -7.1947], [-35.55547, -7.19493], [-35.55424, -7.19324], [-35.55304, -7.19492], [-35.55011, -7.19487], [-35.54994, -7.19665], [-35.54859, -7.19598], [-35.54694, -7.19859], [-35.54788, -7.19919], [-35.54975, -7.1974]]]]}}, {"type": "Feature", "properties": {"cd_sipra": "PB0203000", "nome_proje": "PA SERROTE AGUDO", "municipio": "PRATA", "uf": "PB", "area_hecta": "2356.7200", "num_famili": 84}, "geometry": {"type": "Polygon", "coordinates": [[[-37.02425, -7.61716], [-37.02481, -7.61729], [-37.02481, -7.61746], [-37.02313, -7.62701], [-37.02321, -7.62754], [-37.02301, -7.6277], [-37.02254, -7.63053], [-37.02052, -7.63194], [-37.02044, -7.63217], [-37.02033, -7.63377], [-37.02052, -7.63395], [-37.0203, -7.63447], [-37.01981, -7.63907], [-37.0199, -7.63966], [-37.01964, -7.64345], [-37.02987, -7.63567], [-37.03753, -7.63497], [-37.03715, -7.62977], [-37.03933, -7.62756], [-37.04371, -7.62762], [-37.04798, -7.62504], [-37.04834, -7.61959], [-37.05515, -7.62069], [-37.06275, -7.61608], [-37.06694, -7.61633], [-37.06933, -7.61426], [-37.06913, -7.61318], [-37.06773, -7.6098], [-37.06103, -7.61103], [-37.05613, -7.60868], [-37.0544, -7.61025], [-37.0444, -7.60994], [-37.02321, -7.61698], [-37.02317, -7.61716], [-37.02425, -7.61716]]]}}, {"type": "Feature", "properties": {"cd_sipra": "PB0179000", "nome_proje": "PA BOA VISTA I", "municipio": "COXIXOLA", "uf": "PB", "area_hecta": "851.5014", "num_famili": 27}, "geometry": {"type": "Polygon", "coordinates": [[[-36.65578, -7.58306], [-36.65769, -7.57856], [-36.6575, -7.57577], [-36.66021, -7.57252], [-36.66047, -7.57111], [-36.66071, -7.57098], [-36.6602, -7.57074], [-36.65755, -7.57032], [-36.65575, -7.56927], [-36.65615, -7.57155], [-36.65582, -7.57147], [-36.65408, -7.5729], [-36.6505, -7.57439], [-36.64973, -7.58318], [-36.64923, -7.58299], [-36.64891, -7.58258], [-36.64731, -7.58232], [-36.64159, -7.58047], [-36.64026, -7.58279], [-36.63937, -7.58345], [-36.63832, -7.58474], [-36.63805, -7.58628], [-36.65702, -7.58749], [-36.65578, -7.58306]]]}}, {"type": "Feature", "properties": {"cd_sipra": "PB0013000", "nome_proje": "PA URNA", "municipio": "ITABAIANA", "uf": "PB", "area_hecta": "162.1214", "num_famili": 19}, "geometry": {"type": "Polygon", "coordinates": [[[-35.35835, -7.42249], [-35.3594, -7.43211], [-35.36062, -7.4322], [-35.362, -7.43254], [-35.36647, -7.43217], [-35.37267, -7.43138], [-35.37381, -7.4249], [-35.37395, -7.42491], [-35.37405, -7.42446], [-35.36926, -7.42367], [-35.36431, -7.42162], [-35.36205, -7.42225], [-35.36155, -7.42146], [-35.36109, -7.4215], [-35.35835, -7.42249]]]}}, {"type": "Feature", "properties": {"cd_sipra": "PE0376000", "nome_proje": "PA JOSIAS BARROS", "municipio": "CAMUTANGA", "uf": "PE", "area_hecta": "714.1120", "num_famili": 74}, "geometry": {"type": "MultiPolygon", "coordinates": [[[[-35.34546, -7.42183], [-35.34538, -7.42184], [-35.34612, -7.4219], [-35.34591, -7.42151], [-35.34546, -7.42183]]], [[[-35.33204, -7.41843], [-35.33191, -7.41915], [-35.33352, -7.42276], [-35.33445, -7.42249], [-35.33264, -7.4184], [-35.33204, -7.41843]]]]}}, {"type": "Feature", "properties": {"cd_sipra": "PB0117000", "nome_proje": "PA SITIO SALOMÃO", "municipio": "ITABAIANA", "uf": "PB", "area_hecta": "106.0000", "num_famili": 8}, "geometry": {"type": "Polygon", "coordinates": [[[-35.37067, -7.41658], [-35.36885, -7.41639], [-35.36846, -7.41831], [-35.36651, -7.41857], [-35.36564, -7.41754], [-35.36651, -7.41524], [-35.36606, -7.4154], [-35.36229, -7.41556], [-35.36204, -7.41566], [-35.36201, -7.41603], [-35.36172, -7.41595], [-35.3616, -7.41571], [-35.36113, -7.41728], [-35.36275, -7.41765], [-35.36279, -7.41842], [-35.36387, -7.41855], [-35.36467, -7.42204], [-35.36943, -7.42395], [-35.37399, -7.42476], [-35.37502, -7.42111], [-35.37595, -7.41685], [-35.37215, -7.41643], [-35.37067, -7.41658]]]}}, {"type": "Feature", "properties": {"cd_sipra": "PE0085000", "nome_proje": "PA ENGENHO SANTO ANTONIO", "municipio": "CAMUTANGA", "uf": "PE", "area_hecta": "577.1900", "num_famili": 62}, "geometry": {"type": "MultiPolygon", "coordinates": [[[[-35.31353, -7.39837], [-35.31308, -7.39927], [-35.31153, -7.40062], [-35.31056, -7.40057], [-35.30999, -7.40076], [-35.30755, -7.40019], [-35.30544, -7.40002], [-35.30446, -7.40012], [-35.30432, -7.40048], [-35.30398, -7.40063], [-35.30449, -7.40458], [-35.30433, -7.40607], [-35.30905, -7.40904], [-35.31616, -7.40569], [-35.31932, -7.41005], [-35.3241, -7.41132], [-35.33083, -7.4066], [-35.33502, -7.4068], [-35.33504, -7.41031], [-35.33671, -7.40648], [-35.33672, -7.40584], [-35.33623, -7.40327], [-35.33594, -7.40282], [-35.33437, -7.40132], [-35.3323, -7.40089], [-35.33129, -7.40034], [-35.32969, -7.40015], [-35.32871, -7.40052], [-35.32659, -7.40058], [-35.32614, -7.401], [-35.32449, -7.40154], [-35.32404, -7.40154], [-35.32285, -7.40059], [-35.32208, -7.40081], [-35.32187, -7.40139], [-35.32156, -7.40172], [-35.32068, -7.40192], [-35.3198, -7.40199], [-35.31722, -7.40177], [-35.31619, -7.40133], [-35.31522, -7.40118], [-35.31448, -7.39949], [-35.31415, -7.3979], [-35.31353, -7.39837]]], [[[-35.33264, -7.4184], [-35.33273, -7.41772], [-35.33347, -7.4158], [-35.33348, -7.41453], [-35.33405, -7.41205], [-35.33299, -7.4133], [-35.33204, -7.41843], [-35.33264, -7.4184]]]]}}, {"type": "Feature", "properties": {"cd_sipra": "PB0319000", "nome_proje": "PA NOSSA SENHORA APARECIDA I", "municipio": "ITABAIANA", "uf": "PB", "area_hecta": "672.5389", "num_famili": 26}, "geometry": {"type": "Polygon", "coordinates": [[[-35.35353, -7.41107], [-35.35393, -7.41052], [-35.35461, -7.41019], [-35.3557, -7.4102], [-35.35641, -7.40995], [-35.35687, -7.40924], [-35.35698, -7.40816], [-35.35727, -7.40747], [-35.35784, -7.40709], [-35.35851, -7.40699], [-35.35915, -7.40665], [-35.35944, -7.406], [-35.35948, -7.40479], [-35.35968, -7.4042], [-35.36037, -7.40314], [-35.36041, -7.40269], [-35.35949, -7.39993], [-35.35788, -7.3985], [-35.35661, -7.39644], [-35.35625, -7.39464], [-35.35656, -7.39389], [-35.35743, -7.39306], [-35.35761, -7.39206], [-35.35685, -7.38978], [-35.35681, -7.38864], [-35.35818, -7.38488], [-35.35884, -7.38407], [-35.3591, -7.38347], [-35.3586, -7.37803], [-35.35877, -7.37728], [-35.35933, -7.37613], [-35.35942, -7.37556], [-35.35929, -7.37439], [-35.35993, -7.37248], [-35.35976, -7.37193], [-35.3594, -7.37154], [-35.35837, -7.371], [-35.35773, -7.37027], [-35.35719, -7.36674], [-35.35691, -7.36626], [-35.3565, -7.36591], [-35.35569, -7.36569], [-35.35472, -7.36568], [-35.35375, -7.36935], [-35.35197, -7.37496], [-35.34407, -7.39644], [-35.34398, -7.40067], [-35.34418, -7.4022], [-35.34654, -7.40334], [-35.34718, -7.40502], [-35.34678, -7.40649], [-35.34672, -7.40826], [-35.34301, -7.40853], [-35.34167, -7.40805], [-35.34125, -7.40937], [-35.34195, -7.41191], [-35.34284, -7.41429], [-35.34329, -7.415], [-35.34466, -7.41503], [-35.34454, -7.42178], [-35.34527, -7.42183], [-35.34614, -7.42155], [-35.347, -7.42081], [-35.34922, -7.42209], [-35.35039, -7.41938], [-35.35144, -7.41824], [-35.35193, -7.41696], [-35.35172, -7.41625], [-35.35094, -7.41541], [-35.35081, -7.41488], [-35.35097, -7.41436], [-35.35158, -7.41378], [-35.35309, -7.41314], [-35.35334, -7.41274], [-35.35353, -7.41107]]]}}, {"type": "Feature", "properties": {"cd_sipra": "PB0140000", "nome_proje": "PA JOÃO PEDRO TEIXEIRA", "municipio": "MOGEIRO", "uf": "PB", "area_hecta": "700.0000", "num_famili": 30}, "geometry": {"type": "MultiPolygon", "coordinates": [[[[-35.47504, -7.33392], [-35.47366, -7.33417], [-35.47228, -7.3342], [-35.46143, -7.33224], [-35.46527, -7.33391], [-35.47134, -7.33599], [-35.47361, -7.33634], [-35.47421, -7.33664], [-35.47742, -7.33756], [-35.47356, -7.36288], [-35.47567, -7.36377], [-35.47962, -7.33812], [-35.48121, -7.33841], [-35.48105, -7.33178], [-35.47504, -7.33392]]], [[[-35.43785, -7.31896], [-35.44482, -7.32527], [-35.45441, -7.32843], [-35.46038, -7.33158], [-35.47227, -7.33378], [-35.47359, -7.33377], [-35.47492, -7.3335], [-35.48034, -7.33154], [-35.47909, -7.32832], [-35.47863, -7.32782], [-35.47848, -7.32704], [-35.47813, -7.32643], [-35.47568, -7.32366], [-35.47522, -7.32336], [-35.45743, -7.32295], [-35.45652, -7.32268], [-35.45257, -7.32092], [-35.44822, -7.32035], [-35.44788, -7.31997], [-35.44767, -7.31891], [-35.43695, -7.31847], [-35.43785, -7.31896]]], [[[-35.45118, -7.31961], [-35.45172, -7.31968], [-35.4488, -7.31898], [-35.44878, -7.31942], [-35.45118, -7.31961]]], [[[-35.465, -7.31838], [-35.46213, -7.31957], [-35.45766, -7.32094], [-35.45684, -7.32114], [-35.45629, -7.32104], [-35.45327, -7.32011], [-35.45662, -7.32156], [-35.45672, -7.32172], [-35.45771, -7.32185], [-35.4666, -7.32208], [-35.46847, -7.32227], [-35.46915, -7.32214], [-35.47462, -7.32226], [-35.47577, -7.32241], [-35.47555, -7.32152], [-35.47484, -7.32134], [-35.47404, -7.32054], [-35.47323, -7.31918], [-35.47053, -7.31555], [-35.47036, -7.3155], [-35.46989, -7.31603], [-35.465, -7.31838]]], [[[-35.45712, -7.33068], [-35.45866, -7.33123], [-35.45528, -7.32932], [-35.45483, -7.33042], [-35.45712, -7.33068]]]]}}, {"type": "Feature", "properties": {"cd_sipra": "PB0308000", "nome_proje": "PA PAU BRASIL", "municipio": "ITABAIANA", "uf": "PB", "area_hecta": "226.1831", "num_famili": 12}, "geometry": {"type": "Polygon", "coordinates": [[[-35.36604, -7.30873], [-35.35829, -7.30724], [-35.35782, -7.31105], [-35.35752, -7.31553], [-35.35701, -7.31723], [-35.35691, -7.32034], [-35.35638, -7.32483], [-35.35664, -7.32567], [-35.35629, -7.32586], [-35.3557, -7.33072], [-35.35572, -7.33168], [-35.35905, -7.33202], [-35.3591, -7.33084], [-35.35939, -7.33078], [-35.35927, -7.33205], [-35.36078, -7.33208], [-35.36251, -7.33246], [-35.36333, -7.33237], [-35.36361, -7.32961], [-35.36281, -7.32953], [-35.36285, -7.32934], [-35.36362, -7.32945], [-35.36367, -7.32888], [-35.3629, -7.32879], [-35.36294, -7.32803], [-35.36382, -7.32805], [-35.36604, -7.30873]]]}}, {"type": "Feature", "properties": {"cd_sipra": "PB0324000", "nome_proje": "PA PRATO CHEIO", "municipio": "PILAR", "uf": "PB", "area_hecta": "39.4787", "num_famili": 5}, "geometry": {"type": "Polygon", "coordinates": [[[-35.24501, -7.30015], [-35.24592, -7.30212], [-35.24636, -7.30516], [-35.24717, -7.30473], [-35.24728, -7.30363], [-35.25321, -7.30377], [-35.25318, -7.29928], [-35.25264, -7.29909], [-35.24501, -7.30015]]]}}, {"type": "Feature", "properties": {"cd_sipra": "PB0324000", "nome_proje": "PA PRATO CHEIO", "municipio": "PILAR", "uf": "PB", "area_hecta": "39.4787", "num_famili": 5}, "geometry": {"type": "Polygon", "coordinates": [[[-35.25318, -7.29923], [-35.25268, -7.29908], [-35.245, -7.30012], [-35.24586, -7.30195], [-35.24634, -7.30513], [-35.24717, -7.3047], [-35.24726, -7.30363], [-35.2532, -7.30374], [-35.25318, -7.29923]]]}}, {"type": "Feature", "properties": {"cd_sipra": "PB0337000", "nome_proje": "PA PADRE JOÃO MARIA CALCHI", "municipio": "MOGEIRO", "uf": "PB", "area_hecta": "867.5275", "num_famili": 37}, "geometry": {"type": "MultiPolygon", "coordinates": [[[[-35.41616, -7.27726], [-35.4159, -7.27833], [-35.4145, -7.28158], [-35.41374, -7.28406], [-35.4135, -7.29365], [-35.41443, -7.29432], [-35.41656, -7.29442], [-35.41797, -7.2949], [-35.4193, -7.29563], [-35.42202, -7.29551], [-35.42259, -7.2951], [-35.42345, -7.29483], [-35.42542, -7.29524], [-35.42619, -7.29595], [-35.42656, -7.29604], [-35.42699, -7.29724], [-35.42761, -7.29826], [-35.42804, -7.29859], [-35.42774, -7.29861], [-35.42832, -7.30007], [-35.43008, -7.30069], [-35.43059, -7.30168], [-35.44051, -7.29995], [-35.43955, -7.31062], [-35.44151, -7.31158], [-35.44287, -7.31178], [-35.44354, -7.3121], [-35.44403, -7.31268], [-35.44411, -7.31362], [-35.44647, -7.29008], [-35.43953, -7.28388], [-35.43857, -7.28374], [-35.43698, -7.28302], [-35.43552, -7.283], [-35.43319, -7.28269], [-35.43121, -7.28189], [-35.42872, -7.28027], [-35.42751, -7.2797], [-35.42725, -7.27934], [-35.4264, -7.2788], [-35.42595, -7.27889], [-35.42365, -7.27868], [-35.42351, -7.27815], [-35.42234, -7.2782], [-35.4203, -7.27728], [-35.41865, -7.27606], [-35.41616, -7.27726]]], [[[-35.43877, -7.3182], [-35.4436, -7.31844], [-35.44398, -7.31482], [-35.44345, -7.31427], [-35.44325, -7.31281], [-35.44282, -7.31254], [-35.44127, -7.31229], [-35.43947, -7.31139], [-35.43877, -7.3182]]], [[[-35.41327, -7.29878], [-35.42551, -7.30254], [-35.42987, -7.3018], [-35.42959, -7.30125], [-35.42821, -7.30088], [-35.4278, -7.30057], [-35.42678, -7.29821], [-35.42516, -7.29592], [-35.42412, -7.29579], [-35.42342, -7.29542], [-35.42217, -7.29622], [-35.41931, -7.29636], [-35.41684, -7.29527], [-35.41632, -7.29511], [-35.41429, -7.29503], [-35.4134, -7.29448], [-35.41327, -7.29878]]]]}}, {"type": "Feature", "properties": {"cd_sipra": "PB0268000", "nome_proje": "PA NOVA CONQUISTA", "municipio": "PILAR", "uf": "PB", "area_hecta": "1360.1497", "num_famili": 107}, "geometry": {"type": "Polygon", "coordinates": [[[-35.30985, -7.28325], [-35.31214, -7.28329], [-35.31275, -7.28341], [-35.31301, -7.28373], [-35.31473, -7.28428], [-35.3175, -7.27651], [-35.32654, -7.25267], [-35.32146, -7.25212], [-35.30014, -7.252], [-35.29888, -7.25396], [-35.28667, -7.26766], [-35.28638, -7.26827], [-35.28671, -7.26923], [-35.28678, -7.27152], [-35.28744, -7.2727], [-35.2882, -7.27337], [-35.28847, -7.27443], [-35.28406, -7.27686], [-35.28269, -7.27387], [-35.28142, -7.27374], [-35.28116, -7.27447], [-35.28134, -7.27519], [-35.2812, -7.27708], [-35.28133, -7.27763], [-35.27905, -7.28101], [-35.27681, -7.28292], [-35.2774, -7.28384], [-35.27708, -7.28404], [-35.27729, -7.28449], [-35.27651, -7.28502], [-35.27643, -7.28615], [-35.27911, -7.29001], [-35.27802, -7.29093], [-35.27787, -7.29314], [-35.28712, -7.29729], [-35.29258, -7.28574], [-35.2921, -7.28521], [-35.29173, -7.28507], [-35.29093, -7.28372], [-35.29093, -7.28309], [-35.29047, -7.28161], [-35.29377, -7.27986], [-35.29735, -7.27722], [-35.29903, -7.27544], [-35.29923, -7.27574], [-35.2941, -7.28124], [-35.29142, -7.2838], [-35.292, -7.28494], [-35.29237, -7.28509], [-35.29353, -7.28628], [-35.30096, -7.2767], [-35.3014, -7.27549], [-35.3017, -7.27338], [-35.29986, -7.27437], [-35.29711, -7.27622], [-35.29471, -7.27757], [-35.29385, -7.27825], [-35.28969, -7.28016], [-35.28936, -7.27983], [-35.28895, -7.27828], [-35.29543, -7.27581], [-35.29829, -7.27392], [-35.30023, -7.27336], [-35.29717, -7.26992], [-35.30271, -7.26699], [-35.30611, -7.26605], [-35.30573, -7.2709], [-35.30215, -7.27265], [-35.30176, -7.27658], [-35.29424, -7.28768], [-35.29493, -7.28828], [-35.29603, -7.28866], [-35.29775, -7.28965], [-35.30013, -7.28968], [-35.30022, -7.2859], [-35.30048, -7.28429], [-35.3004, -7.28298], [-35.30099, -7.28261], [-35.30245, -7.27862], [-35.3031, -7.27754], [-35.30323, -7.27505], [-35.30413, -7.27533], [-35.30407, -7.27607], [-35.30383, -7.27603], [-35.30367, -7.27825], [-35.30404, -7.28052], [-35.3039, -7.28474], [-35.30443, -7.2869], [-35.3047, -7.28648], [-35.3052, -7.28648], [-35.30543, -7.2863], [-35.30593, -7.28548], [-35.30728, -7.28449], [-35.30635, -7.28239], [-35.30586, -7.27682], [-35.30714, -7.27687], [-35.30702, -7.27975], [-35.3081, -7.28388], [-35.30859, -7.28353], [-35.30985, -7.28325]]]}}, {"type": "Feature", "properties": {"cd_sipra": "PB0108000", "nome_proje": "PA NOVO TAIPU", "municipio": "SAO MIGUEL DE TAIPU", "uf": "PB", "area_hecta": "800.0000", "num_famili": 52}, "geometry": {"type": "Polygon", "coordinates": [[[-35.22996, -7.27786], [-35.22972, -7.27281], [-35.22601, -7.28275], [-35.23088, -7.28047], [-35.22996, -7.27786]]]}}, {"type": "Feature", "properties": {"cd_sipra": "PB0248000", "nome_proje": "PA DOM MARCELO CARVALHEIRA", "municipio": "MOGEIRO", "uf": "PB", "area_hecta": "1367.1240", "num_famili": 68}, "geometry": {"type": "Polygon", "coordinates": [[[-35.42097, -7.24438], [-35.42105, -7.24656], [-35.42381, -7.24677], [-35.42427, -7.24667], [-35.42451, -7.24717], [-35.42383, -7.2474], [-35.42378, -7.25088], [-35.42095, -7.25017], [-35.42111, -7.25236], [-35.42034, -7.25304], [-35.41969, -7.25293], [-35.41904, -7.25383], [-35.41824, -7.25396], [-35.41732, -7.25573], [-35.41743, -7.25784], [-35.41339, -7.25813], [-35.41255, -7.26068], [-35.42243, -7.26401], [-35.41841, -7.27618], [-35.41864, -7.27606], [-35.42029, -7.27727], [-35.42357, -7.27867], [-35.42619, -7.27896], [-35.42872, -7.28027], [-35.43121, -7.28189], [-35.43319, -7.28269], [-35.43552, -7.283], [-35.43698, -7.28302], [-35.43857, -7.28374], [-35.43953, -7.28388], [-35.44067, -7.28477], [-35.44211, -7.28627], [-35.44556, -7.28937], [-35.44886, -7.29191], [-35.45341, -7.29348], [-35.46001, -7.29487], [-35.4615, -7.2961], [-35.46254, -7.29669], [-35.46325, -7.29672], [-35.46399, -7.29627], [-35.46313, -7.29535], [-35.46385, -7.29369], [-35.46424, -7.29215], [-35.46528, -7.29026], [-35.46544, -7.28875], [-35.46591, -7.28822], [-35.46547, -7.28781], [-35.46435, -7.28513], [-35.46507, -7.28334], [-35.44575, -7.26602], [-35.44256, -7.26337], [-35.43105, -7.2598], [-35.43368, -7.25036], [-35.42612, -7.24697], [-35.42446, -7.24398], [-35.42097, -7.24438]], [[-35.42206, -7.27427], [-35.42241, -7.27272], [-35.42433, -7.26963], [-35.42206, -7.27427]]]}}, {"type": "Feature", "properties": {"cd_sipra": "PB0243000", "nome_proje": "PA  ALMIR MUNIZ DA SILVA", "municipio": "ITABAIANA", "uf": "PB", "area_hecta": "459.5737", "num_famili": 24}, "geometry": {"type": "Polygon", "coordinates": [[[-35.37979, -7.28217], [-35.3865, -7.28278], [-35.39013, -7.28238], [-35.39282, -7.28251], [-35.39477, -7.2828], [-35.39448, -7.27979], [-35.39464, -7.27067], [-35.39451, -7.25795], [-35.38902, -7.25786], [-35.38874, -7.25722], [-35.38221, -7.25635], [-35.38178, -7.25777], [-35.37946, -7.25776], [-35.37979, -7.28217]]]}}, {"type": "Feature", "properties": {"cd_sipra": "PB0144000", "nome_proje": "PA CANUDOS", "municipio": "CRUZ DO ESPIRITO SANTO", "uf": "PB", "area_hecta": "1179.0000", "num_famili": 109}, "geometry": {"type": "Polygon", "coordinates": [[[-35.19852, -7.18452], [-35.19838, -7.18481], [-35.20062, -7.1863], [-35.20164, -7.18658], [-35.20203, -7.1861], [-35.20198, -7.18323], [-35.2022, -7.18195], [-35.20102, -7.17958], [-35.20075, -7.17509], [-35.20018, -7.17521], [-35.19982, -7.17486], [-35.19981, -7.17514], [-35.19693, -7.17493], [-35.19097, -7.17065], [-35.18949, -7.17306], [-35.19044, -7.1757], [-35.18718, -7.17647], [-35.1981, -7.1846], [-35.19826, -7.18433], [-35.19852, -7.18452]]]}}, {"type": "Feature", "properties": {"cd_sipra": "PB0125000", "nome_proje": "PA NOVA VIVÊNCIA", "municipio": "SAPE", "uf": "PB", "area_hecta": "670.9714", "num_famili": 47}, "geometry": {"type": "Polygon", "coordinates": [[[-35.23444, -7.14507], [-35.23433, -7.14583], [-35.23561, -7.14676], [-35.2369, -7.1408], [-35.23695, -7.14031], [-35.23676, -7.13962], [-35.23685, -7.13818], [-35.23192, -7.1423], [-35.23346, -7.14432], [-35.23329, -7.14491], [-35.23444, -7.14507]]]}}, {"type": "Feature", "properties": {"cd_sipra": "PB0163000", "nome_proje": "PA CHICO MENDES", "municipio": "RIACHAO DO POCO", "uf": "PB", "area_hecta": "1053.4837", "num_famili": 108}, "geometry": {"type": "MultiPolygon", "coordinates": [[[[-35.28878, -7.14989], [-35.28893, -7.15133], [-35.29015, -7.15554], [-35.29035, -7.1561], [-35.29158, -7.15631], [-35.2893, -7.14908], [-35.28897, -7.14909], [-35.28878, -7.14989]]], [[[-35.28104, -7.13053], [-35.27931, -7.13054], [-35.27858, -7.12915], [-35.27781, -7.12978], [-35.27682, -7.12835], [-35.2757, -7.12918], [-35.27379, -7.12624], [-35.27339, -7.1259], [-35.27269, -7.12697], [-35.27062, -7.13207], [-35.26658, -7.13341], [-35.26798, -7.13512], [-35.2685, -7.13652], [-35.27133, -7.13689], [-35.27192, -7.13894], [-35.27106, -7.13977], [-35.27154, -7.14087], [-35.27341, -7.14035], [-35.27546, -7.1403], [-35.27539, -7.13994], [-35.27565, -7.13958], [-35.27646, -7.13892], [-35.27836, -7.14008], [-35.27941, -7.14044], [-35.28055, -7.13973], [-35.28296, -7.13879], [-35.28383, -7.14135], [-35.28569, -7.14423], [-35.28613, -7.14532], [-35.28639, -7.14527], [-35.28841, -7.14623], [-35.28286, -7.1287], [-35.28094, -7.12579], [-35.28008, -7.12609], [-35.28104, -7.13053]]], [[[-35.2956, -7.1205], [-35.2949, -7.12091], [-35.29365, -7.12108], [-35.29294, -7.12102], [-35.29264, -7.12148], [-35.29169, -7.12198], [-35.29065, -7.1221], [-35.29062, -7.12242], [-35.28919, -7.12395], [-35.2889, -7.12412], [-35.28828, -7.12416], [-35.28665, -7.12492], [-35.28523, -7.12633], [-35.28415, -7.12642], [-35.28244, -7.12576], [-35.28135, -7.12575], [-35.28322, -7.12861], [-35.28894, -7.14672], [-35.28966, -7.14707], [-35.29012, -7.14894], [-35.28967, -7.14906], [-35.29204, -7.15657], [-35.29238, -7.15646], [-35.29314, -7.15861], [-35.29662, -7.15745], [-35.29795, -7.15664], [-35.29862, -7.15569], [-35.30022, -7.15508], [-35.30051, -7.1566], [-35.30136, -7.15743], [-35.30158, -7.1571], [-35.30556, -7.15919], [-35.30706, -7.16203], [-35.30739, -7.16329], [-35.30894, -7.16614], [-35.31201, -7.16599], [-35.31283, -7.1594], [-35.31392, -7.15248], [-35.31313, -7.15125], [-35.31082, -7.15014], [-35.30603, -7.14343], [-35.30497, -7.14103], [-35.30314, -7.14051], [-35.30176, -7.13984], [-35.30131, -7.13865], [-35.30055, -7.13879], [-35.29996, -7.13869], [-35.29954, -7.13764], [-35.29935, -7.13779], [-35.29913, -7.13768], [-35.29876, -7.13781], [-35.29836, -7.13826], [-35.29776, -7.13804], [-35.29727, -7.13345], [-35.29764, -7.1203], [-35.2956, -7.1205]]]]}}, {"type": "Feature", "properties": {"cd_sipra": "PB0079000", "nome_proje": "PA 21 DE ABRIL", "municipio": "SAPE", "uf": "PB", "area_hecta": "415.1820", "num_famili": 59}, "geometry": {"type": "MultiPolygon", "coordinates": [[[[-35.25921, -7.1281], [-35.26032, -7.12846], [-35.25654, -7.12553], [-35.25921, -7.1281]]], [[[-35.27319, -7.12573], [-35.27269, -7.12697], [-35.27339, -7.1259], [-35.27319, -7.12573]]], [[[-35.27843, -7.12203], [-35.27828, -7.12289], [-35.28023, -7.12386], [-35.28047, -7.1207], [-35.27944, -7.1207], [-35.27912, -7.12056], [-35.27861, -7.11956], [-35.27757, -7.11837], [-35.27717, -7.11755], [-35.2762, -7.11845], [-35.27284, -7.11579], [-35.27414, -7.11991], [-35.27499, -7.12127], [-35.27843, -7.12203]]]]}}, {"type": "Feature", "properties": {"cd_sipra": "PB0277000", "nome_proje": "PA CICERO ROMANA/LAGES", "municipio": "AREIAL", "uf": "PB", "area_hecta": "284.3694", "num_famili": 33}, "geometry": {"type": "Polygon", "coordinates": [[[-35.90535, -7.05162], [-35.90449, -7.05057], [-35.90323, -7.05176], [-35.90327, -7.05277], [-35.89837, -7.05438], [-35.89864, -7.05588], [-35.89827, -7.05442], [-35.89678, -7.05525], [-35.89242, -7.0558], [-35.8923, -7.05602], [-35.89075, -7.05623], [-35.88891, -7.05633], [-35.88829, -7.05657], [-35.88893, -7.05733], [-35.88918, -7.05721], [-35.88983, -7.05814], [-35.89029, -7.05777], [-35.8906, -7.0572], [-35.8925, -7.05723], [-35.89227, -7.05918], [-35.89208, -7.05921], [-35.89154, -7.05981], [-35.89141, -7.05962], [-35.88912, -7.05905], [-35.88906, -7.05936], [-35.88778, -7.05881], [-35.88746, -7.05939], [-35.887, -7.05907], [-35.88808, -7.0612], [-35.88876, -7.06008], [-35.89103, -7.06103], [-35.89052, -7.06208], [-35.88978, -7.06289], [-35.8902, -7.06362], [-35.88944, -7.06392], [-35.89006, -7.06515], [-35.89091, -7.06455], [-35.89085, -7.06358], [-35.89495, -7.06353], [-35.89555, -7.06751], [-35.8959, -7.06746], [-35.89725, -7.0712], [-35.8991, -7.06996], [-35.89801, -7.06777], [-35.89877, -7.06728], [-35.89769, -7.06293], [-35.8988, -7.06275], [-35.89952, -7.06371], [-35.899, -7.06399], [-35.89896, -7.06418], [-35.89961, -7.06671], [-35.90015, -7.06625], [-35.90107, -7.06832], [-35.90377, -7.06378], [-35.90173, -7.06061], [-35.90262, -7.05989], [-35.90364, -7.06074], [-35.90458, -7.06083], [-35.90487, -7.06028], [-35.905, -7.05942], [-35.90671, -7.05936], [-35.90633, -7.06023], [-35.90658, -7.06091], [-35.90657, -7.06168], [-35.90705, -7.06232], [-35.90604, -7.0628], [-35.90521, -7.06361], [-35.90609, -7.06446], [-35.90709, -7.06489], [-35.90717, -7.06424], [-35.90764, -7.06295], [-35.90893, -7.06339], [-35.90899, -7.06305], [-35.90964, -7.06224], [-35.90934, -7.06111], [-35.91121, -7.061], [-35.91179, -7.06114], [-35.9118, -7.0606], [-35.91071, -7.06029], [-35.91075, -7.05963], [-35.91017, -7.05931], [-35.91006, -7.05902], [-35.91042, -7.05867], [-35.90972, -7.05763], [-35.91076, -7.05665], [-35.91065, -7.0562], [-35.91106, -7.05632], [-35.91203, -7.05607], [-35.91128, -7.05338], [-35.9111, -7.05314], [-35.90952, -7.05432], [-35.90888, -7.05334], [-35.91062, -7.05226], [-35.91053, -7.05202], [-35.91064, -7.0517], [-35.91038, -7.05157], [-35.91046, -7.05124], [-35.90952, -7.05122], [-35.90807, -7.05163], [-35.90756, -7.04951], [-35.90535, -7.05162]]]}}, {"type": "Feature", "properties": {"cd_sipra": "PB0323000", "nome_proje": "PA JOSÉ MOREIRA DA SILVA", "municipio": "TAPEROA", "uf": "PB", "area_hecta": "1363.8557", "num_famili": 23}, "geometry": {"type": "Polygon", "coordinates": [[[-36.84135, -7.16976], [-36.84114, -7.1707], [-36.8493, -7.17502], [-36.85113, -7.17336], [-36.85311, -7.17044], [-36.85973, -7.17195], [-36.86181, -7.16237], [-36.85989, -7.16179], [-36.86178, -7.1538], [-36.86007, -7.15203], [-36.85994, -7.1515], [-36.8572, -7.1481], [-36.85716, -7.14787], [-36.85556, -7.14671], [-36.85298, -7.14578], [-36.85162, -7.14929], [-36.85074, -7.15214], [-36.84523, -7.15106], [-36.8388, -7.14892], [-36.83858, -7.14951], [-36.83436, -7.14819], [-36.83057, -7.1473], [-36.82848, -7.14636], [-36.8267, -7.14639], [-36.82458, -7.14575], [-36.82008, -7.15878], [-36.82016, -7.16009], [-36.81635, -7.17303], [-36.82402, -7.18729], [-36.84032, -7.16927], [-36.84135, -7.16976]]]}}, {"type": "Feature", "properties": {"cd_sipra": "PB0327000", "nome_proje": "PA JOSÉ JORDIVAN DA COSTA LUCENA", "municipio": "SALGADINHO", "uf": "PB", "area_hecta": "1357.5100", "num_famili": 32}, "geometry": {"type": "Polygon", "coordinates": [[[-36.78546, -7.08616], [-36.78299, -7.0859], [-36.77911, -7.08738], [-36.77537, -7.09101], [-36.75876, -7.08908], [-36.75704, -7.08874], [-36.75565, -7.09359], [-36.75477, -7.09309], [-36.75324, -7.0948], [-36.74476, -7.09387], [-36.75894, -7.12215], [-36.75824, -7.11135], [-36.76393, -7.11184], [-36.76782, -7.11297], [-36.76762, -7.11016], [-36.76822, -7.11], [-36.77011, -7.11004], [-36.78768, -7.11582], [-36.79009, -7.11576], [-36.79086, -7.11555], [-36.79323, -7.10672], [-36.79434, -7.10588], [-36.79691, -7.10087], [-36.79784, -7.09769], [-36.7998, -7.08866], [-36.78546, -7.08616]]]}}, {"type": "Feature", "properties": {"cd_sipra": "PB0204000", "nome_proje": "PA DORCELINA FOLADOR", "municipio": "CUBATI", "uf": "PB", "area_hecta": "602.6219", "num_famili": 27}, "geometry": {"type": "Polygon", "coordinates": [[[-36.34654, -6.84196], [-36.34181, -6.84555], [-36.3419, -6.84622], [-36.32944, -6.84716], [-36.3293, -6.84744], [-36.34055, -6.85534], [-36.34238, -6.8527], [-36.3507, -6.86188], [-36.35221, -6.86256], [-36.35466, -6.86094], [-36.35498, -6.86141], [-36.3552, -6.86126], [-36.35596, -6.8623], [-36.35824, -6.86156], [-36.359, -6.86083], [-36.36164, -6.86017], [-36.36376, -6.85798], [-36.36389, -6.85725], [-36.36386, -6.85602], [-36.36361, -6.85489], [-36.3638, -6.85466], [-36.36371, -6.85262], [-36.36296, -6.85063], [-36.36246, -6.84867], [-36.36241, -6.84722], [-36.36196, -6.84554], [-36.3608, -6.84302], [-36.3608, -6.84154], [-36.36116, -6.83868], [-36.36112, -6.83777], [-36.36057, -6.83634], [-36.35707, -6.83682], [-36.35694, -6.83663], [-36.35651, -6.8368], [-36.34647, -6.83781], [-36.34654, -6.84196]]]}}, {"type": "Feature", "properties": {"cd_sipra": "PB0271000", "nome_proje": "PA CICERO ROMANA II", "municipio": "AREIAL", "uf": "PB", "area_hecta": "27.6996", "num_famili": 2}, "geometry": {"type": "Polygon", "coordinates": [[[-35.88259, -7.04114], [-35.88302, -7.03871], [-35.88164, -7.03801], [-35.88237, -7.03655], [-35.8826, -7.03526], [-35.88256, -7.03422], [-35.88318, -7.03323], [-35.88128, -7.03132], [-35.88075, -7.03183], [-35.87969, -7.03387], [-35.87919, -7.03609], [-35.87996, -7.03598], [-35.88062, -7.03608], [-35.88037, -7.03733], [-35.88049, -7.03807], [-35.88021, -7.04115], [-35.88259, -7.04114]]]}}, {"type": "Feature", "properties": {"cd_sipra": "PB0263000", "nome_proje": "PA CICERO ROMANO", "municipio": "ESPERANCA", "uf": "PB", "area_hecta": "143.7362", "num_famili": 11}, "geometry": {"type": "Polygon", "coordinates": [[[-35.90967, -7.03941], [-35.91239, -7.03433], [-35.9101, -7.03317], [-35.91075, -7.03155], [-35.91123, -7.03089], [-35.90924, -7.02998], [-35.90852, -7.02923], [-35.90824, -7.02785], [-35.90929, -7.02723], [-35.90838, -7.02548], [-35.9057, -7.02443], [-35.90522, -7.02384], [-35.90333, -7.02356], [-35.90298, -7.02427], [-35.90321, -7.02582], [-35.9028, -7.02621], [-35.90375, -7.0273], [-35.90242, -7.02856], [-35.90209, -7.03029], [-35.90289, -7.03128], [-35.9021, -7.033], [-35.90295, -7.03414], [-35.90379, -7.0346], [-35.90354, -7.03503], [-35.9039, -7.03535], [-35.9035, -7.03652], [-35.90264, -7.03714], [-35.90481, -7.0388], [-35.90823, -7.03657], [-35.90493, -7.03892], [-35.90622, -7.04013], [-35.90867, -7.04299], [-35.90972, -7.0424], [-35.91138, -7.04206], [-35.91219, -7.04105], [-35.90967, -7.03941]]]}}, {"type": "Feature", "properties": {"cd_sipra": "PB0256000", "nome_proje": "PA CICERO ROMANA I", "municipio": "ESPERANCA", "uf": "PB", "area_hecta": "296.7272", "num_famili": 53}, "geometry": {"type": "Polygon", "coordinates": [[[-35.87058, -7.0121], [-35.86974, -7.01186], [-35.86852, -7.012], [-35.86793, -7.0119], [-35.86689, -7.0114], [-35.86703, -7.0124], [-35.86694, -7.01291], [-35.86546, -7.01604], [-35.86495, -7.01675], [-35.86423, -7.01736], [-35.86518, -7.01781], [-35.86498, -7.01867], [-35.8646, -7.01851], [-35.86442, -7.01952], [-35.86525, -7.01973], [-35.86484, -7.02098], [-35.86576, -7.02171], [-35.86589, -7.02206], [-35.86513, -7.02277], [-35.86554, -7.02384], [-35.86669, -7.0256], [-35.86688, -7.02694], [-35.86751, -7.02711], [-35.86845, -7.02668], [-35.86911, -7.02919], [-35.86913, -7.03025], [-35.87211, -7.03197], [-35.87262, -7.03206], [-35.87283, -7.03175], [-35.8744, -7.03105], [-35.87189, -7.02734], [-35.87421, -7.02483], [-35.87523, -7.02653], [-35.87611, -7.02705], [-35.87702, -7.02706], [-35.87792, -7.02625], [-35.87893, -7.02485], [-35.87904, -7.02374], [-35.87921, -7.02345], [-35.87733, -7.02227], [-35.87676, -7.02291], [-35.87619, -7.023], [-35.87508, -7.02205], [-35.87217, -7.02175], [-35.87002, -7.02115], [-35.86797, -7.02093], [-35.86753, -7.02073], [-35.86698, -7.01994], [-35.86749, -7.01982], [-35.86665, -7.01931], [-35.86725, -7.01829], [-35.86876, -7.01756], [-35.87119, -7.01703], [-35.87193, -7.01916], [-35.87519, -7.0184], [-35.87417, -7.01636], [-35.87237, -7.01452], [-35.87288, -7.01346], [-35.87476, -7.01462], [-35.87448, -7.01594], [-35.87662, -7.01688], [-35.87642, -7.01589], [-35.87544, -7.0153], [-35.8763, -7.01363], [-35.87736, -7.01098], [-35.87834, -7.0108], [-35.87919, -7.01112], [-35.88187, -7.01308], [-35.88316, -7.01218], [-35.88364, -7.01153], [-35.88525, -7.01051], [-35.88544, -7.00988], [-35.88668, -7.00885], [-35.88658, -7.00809], [-35.88725, -7.0077], [-35.88896, -7.00584], [-35.88641, -7.00223], [-35.88575, -7.00099], [-35.88505, -7.00162], [-35.88261, -7.00302], [-35.88077, -7.0028], [-35.8807, -7.00321], [-35.88003, -7.0043], [-35.87978, -7.00527], [-35.87898, -7.00631], [-35.87838, -7.00656], [-35.8777, -7.00659], [-35.8775, -7.00751], [-35.8772, -7.00787], [-35.87727, -7.00802], [-35.87459, -7.00876], [-35.87334, -7.00961], [-35.87279, -7.00895], [-35.87188, -7.00976], [-35.87123, -7.00993], [-35.87127, -7.01094], [-35.87058, -7.0121]]]}}, {"type": "Feature", "properties": {"cd_sipra": "PB0083000", "nome_proje": "PA PADRE GINO", "municipio": "SAPE", "uf": "PB", "area_hecta": "527.8071", "num_famili": 53}, "geometry": {"type": "Polygon", "coordinates": [[[-35.28209, -7.10377], [-35.28251, -7.10309], [-35.28285, -7.10137], [-35.28353, -7.09949], [-35.28257, -7.09965], [-35.28175, -7.09756], [-35.28201, -7.09581], [-35.28232, -7.09583], [-35.28222, -7.09526], [-35.28174, -7.09434], [-35.27965, -7.09497], [-35.27941, -7.09451], [-35.27856, -7.09383], [-35.27778, -7.09269], [-35.27694, -7.09085], [-35.27636, -7.08881], [-35.27626, -7.0878], [-35.27428, -7.08857], [-35.27382, -7.08747], [-35.27352, -7.0852], [-35.27442, -7.08487], [-35.27328, -7.08281], [-35.27273, -7.08245], [-35.27163, -7.08307], [-35.27058, -7.08312], [-35.27008, -7.08358], [-35.26948, -7.08384], [-35.26751, -7.08399], [-35.26746, -7.08372], [-35.26594, -7.0836], [-35.26591, -7.08344], [-35.26584, -7.084], [-35.27101, -7.0883], [-35.27892, -7.10321], [-35.28118, -7.10463], [-35.28209, -7.10377]]]}}, {"type": "Feature", "properties": {"cd_sipra": "PB0183000", "nome_proje": "PA TIRADENTES", "municipio": "MARI", "uf": "PB", "area_hecta": "1719.7000", "num_famili": 158}, "geometry": {"type": "Polygon", "coordinates": [[[-35.29211, -7.00403], [-35.28818, -7.00613], [-35.2844, -7.00841], [-35.28214, -7.01031], [-35.27777, -7.01329], [-35.27302, -7.01732], [-35.27058, -7.01798], [-35.26966, -7.01805], [-35.26907, -7.01832], [-35.26734, -7.01939], [-35.26183, -7.02363], [-35.26083, -7.02422], [-35.26131, -7.02712], [-35.26187, -7.02801], [-35.26339, -7.02963], [-35.26358, -7.03164], [-35.26455, -7.03305], [-35.26463, -7.03423], [-35.2752, -7.03661], [-35.28166, -7.0377], [-35.28317, -7.03839], [-35.28827, -7.04026], [-35.29076, -7.04101], [-35.29925, -7.0424], [-35.29935, -7.04227], [-35.30141, -7.04187], [-35.3077, -7.01276], [-35.29349, -7.00365], [-35.29211, -7.00403]]]}}, {"type": "Feature", "properties": {"cd_sipra": "PB0247000", "nome_proje": "PA ZUMBI DOS PALMARES", "municipio": "MARI", "uf": "PB", "area_hecta": "1176.5300", "num_famili": 85}, "geometry": {"type": "Polygon", "coordinates": [[[-35.31285, -7.01505], [-35.31328, -7.01686], [-35.3126, -7.02155], [-35.31337, -7.02261], [-35.31356, -7.02384], [-35.31224, -7.0264], [-35.31229, -7.02721], [-35.31292, -7.03012], [-35.31429, -7.03135], [-35.31464, -7.03278], [-35.3154, -7.03416], [-35.31636, -7.03525], [-35.31765, -7.03589], [-35.31782, -7.03663], [-35.31762, -7.03883], [-35.3347, -7.03561], [-35.34729, -7.02134], [-35.34046, -7.01493], [-35.33845, -7.01362], [-35.33708, -7.00608], [-35.33487, -7.00609], [-35.3281, -7.00523], [-35.32801, -7.00549], [-35.31584, -7.00464], [-35.31236, -7.00458], [-35.31131, -7.01129], [-35.31285, -7.01505]]]}}, {"type": "Feature", "properties": {"cd_sipra": "PB0251000", "nome_proje": "PA PAULO FREIRE", "municipio": "ARACAGI", "uf": "PB", "area_hecta": "245.0000", "num_famili": 15}, "geometry": {"type": "MultiPolygon", "coordinates": [[[[-35.34543, -6.94217], [-35.3452, -6.94202], [-35.34504, -6.94228], [-35.34659, -6.94237], [-35.34648, -6.94211], [-35.34543, -6.94217]]], [[[-35.34275, -6.94316], [-35.34283, -6.94212], [-35.34049, -6.94476], [-35.33783, -6.94721], [-35.33258, -6.95255], [-35.3368, -6.95558], [-35.33883, -6.95768], [-35.34173, -6.95392], [-35.34277, -6.94355], [-35.34257, -6.9436], [-35.34275, -6.94316]]]]}}, {"type": "Feature", "properties": {"cd_sipra": "PB0128000", "nome_proje": "PA MARIA PRETA", "municipio": "ARACAGI", "uf": "PB", "area_hecta": "1499.3130", "num_famili": 101}, "geometry": {"type": "MultiPolygon", "coordinates": [[[[-35.26866, -6.95114], [-35.27051, -6.94989], [-35.26707, -6.95183], [-35.26866, -6.95114]]], [[[-35.27293, -6.94854], [-35.27299, -6.94848], [-35.27257, -6.94872], [-35.27293, -6.94854]]], [[[-35.27355, -6.94801], [-35.27478, -6.95456], [-35.28019, -6.96218], [-35.28158, -6.96129], [-35.28666, -6.95944], [-35.28717, -6.96055], [-35.28723, -6.96143], [-35.28601, -6.96221], [-35.28467, -6.96459], [-35.28642, -6.96772], [-35.28788, -6.96851], [-35.28979, -6.96794], [-35.28989, -6.9704], [-35.29228, -6.97038], [-35.29275, -6.96994], [-35.29371, -6.96993], [-35.2955, -6.97029], [-35.30132, -6.96978], [-35.30005, -6.96837], [-35.29946, -6.9685], [-35.29936, -6.96679], [-35.30946, -6.9561], [-35.30685, -6.94557], [-35.30645, -6.94566], [-35.30368, -6.93847], [-35.30551, -6.93911], [-35.30367, -6.93418], [-35.30302, -6.93142], [-35.28926, -6.93332], [-35.28879, -6.94091], [-35.28552, -6.94537], [-35.27536, -6.94435], [-35.27323, -6.94823], [-35.27355, -6.94801]]]]}}, {"type": "Feature", "properties": {"cd_sipra": "BA0247000", "nome_proje": "PA LUIZ NUNES", "municipio": "CASA NOVA", "uf": "BA", "area_hecta": "561.9389", "num_famili": 49}, "geometry": {"type": "Polygon", "coordinates": [[[-40.92076, -9.18765], [-40.92252, -9.19374], [-40.92667, -9.19504], [-40.92506, -9.18634], [-40.92395, -9.1768], [-40.93568, -9.17541], [-40.93379, -9.15935], [-40.91764, -9.16124], [-40.91718, -9.16204], [-40.91346, -9.16909], [-40.9131, -9.17113], [-40.91247, -9.17208], [-40.91174, -9.17253], [-40.91093, -9.17338], [-40.91761, -9.18842], [-40.92076, -9.18765]]]}}, {"type": "Feature", "properties": {"cd_sipra": "MF0076000", "nome_proje": "PA NOSSA SENHORA DE FÁTIMA", "municipio": "PETROLINA", "uf": "PE", "area_hecta": "3786.3277", "num_famili": 74}, "geometry": {"type": "MultiPolygon", "coordinates": [[[[-40.70357, -9.14176], [-40.70032, -9.14221], [-40.70042, -9.14227], [-40.70357, -9.14176]]], [[[-40.75672, -9.1326], [-40.75682, -9.13013], [-40.75627, -9.12561], [-40.7564, -9.12222], [-40.75682, -9.11977], [-40.75039, -9.11789], [-40.74314, -9.1224], [-40.73254, -9.12401], [-40.72227, -9.13382], [-40.71023, -9.14069], [-40.71826, -9.13939], [-40.75672, -9.1326]]], [[[-40.7574, -9.11647], [-40.75696, -9.11429], [-40.75704, -9.11853], [-40.7574, -9.11647]]], [[[-40.75738, -9.10547], [-40.75678, -9.10498], [-40.75685, -9.10846], [-40.75738, -9.10547]]]]}}, {"type": "Feature", "properties": {"cd_sipra": "PI0150000", "nome_proje": "PA CACHOEIRA", "municipio": "PAULISTANA", "uf": "PI", "area_hecta": "3387.3000", "num_famili": 78}, "geometry": {"type": "MultiPolygon", "coordinates": [[[[-41.26671, -8.06689], [-41.30448, -8.07932], [-41.30554, -8.07802], [-41.30743, -8.07491], [-41.30615, -8.06426], [-41.3044, -8.0637], [-41.30066, -8.06316], [-41.29345, -8.06496], [-41.28949, -8.06841], [-41.28557, -8.06918], [-41.27866, -8.06482], [-41.27685, -8.06429], [-41.27327, -8.06215], [-41.26671, -8.06689]]], [[[-41.25451, -8.07512], [-41.25491, -8.08003], [-41.25486, -8.08093], [-41.25512, -8.08181], [-41.25399, -8.08444], [-41.25558, -8.08433], [-41.25925, -8.08675], [-41.25963, -8.08776], [-41.26193, -8.08805], [-41.26249, -8.0884], [-41.26239, -8.0896], [-41.26414, -8.09388], [-41.2599, -8.09449], [-41.25988, -8.10316], [-41.24137, -8.11292], [-41.24477, -8.11755], [-41.24815, -8.13418], [-41.24447, -8.13844], [-41.24483, -8.13884], [-41.25757, -8.13469], [-41.27506, -8.13829], [-41.27627, -8.1433], [-41.27872, -8.14001], [-41.2843, -8.13617], [-41.27722, -8.13251], [-41.27619, -8.12796], [-41.26743, -8.12144], [-41.28942, -8.10749], [-41.28996, -8.10732], [-41.28905, -8.10153], [-41.29057, -8.09907], [-41.29182, -8.09576], [-41.29278, -8.09403], [-41.29368, -8.09152], [-41.30388, -8.07995], [-41.26622, -8.06725], [-41.25883, -8.07259], [-41.25451, -8.07512]]]]}}, {"type": "Feature", "properties": {"cd_sipra": "PI0151000", "nome_proje": "PA MALHETE", "municipio": "PAULISTANA", "uf": "PI", "area_hecta": "1079.8535", "num_famili": 29}, "geometry": {"type": "Polygon", "coordinates": [[[-41.24285, -8.07052], [-41.22984, -8.08306], [-41.22675, -8.08515], [-41.23203, -8.09514], [-41.23277, -8.10123], [-41.23315, -8.10214], [-41.24137, -8.11292], [-41.25988, -8.10316], [-41.2599, -8.09449], [-41.26414, -8.09388], [-41.26239, -8.0896], [-41.26249, -8.0884], [-41.26193, -8.08805], [-41.25963, -8.08776], [-41.25925, -8.08675], [-41.25558, -8.08433], [-41.25399, -8.08444], [-41.25512, -8.08181], [-41.25486, -8.08093], [-41.25491, -8.08003], [-41.25451, -8.07512], [-41.25115, -8.07274], [-41.24956, -8.07184], [-41.24739, -8.06987], [-41.24457, -8.07053], [-41.24285, -8.07052]]]}}, {"type": "Feature", "properties": {"cd_sipra": "PI0034000", "nome_proje": "PA CASA NOVA", "municipio": "CURRAL NOVO DO PIAUI", "uf": "PI", "area_hecta": "204.9379", "num_famili": 10}, "geometry": {"type": "MultiPolygon", "coordinates": [[[[-40.75694, -7.87946], [-40.75601, -7.88034], [-40.75587, -7.88138], [-40.75551, -7.882], [-40.75586, -7.88353], [-40.75994, -7.88044], [-40.75928, -7.87699], [-40.75851, -7.87681], [-40.75694, -7.87946]]], [[[-40.74536, -7.87685], [-40.74431, -7.88007], [-40.74438, -7.88025], [-40.74537, -7.88062], [-40.74651, -7.88134], [-40.75124, -7.88315], [-40.75287, -7.88292], [-40.75286, -7.8819], [-40.75318, -7.8815], [-40.75388, -7.88104], [-40.75528, -7.88159], [-40.75569, -7.88155], [-40.75592, -7.88031], [-40.75693, -7.8792], [-40.75838, -7.87672], [-40.74794, -7.87348], [-40.74536, -7.87685]]], [[[-40.7443, -7.88058], [-40.74334, -7.8887], [-40.74238, -7.89], [-40.7463, -7.89036], [-40.75576, -7.8836], [-40.75526, -7.88173], [-40.7542, -7.88123], [-40.75372, -7.88127], [-40.75306, -7.88176], [-40.75289, -7.88206], [-40.75295, -7.88297], [-40.75124, -7.88324], [-40.74647, -7.88143], [-40.74533, -7.8807], [-40.74449, -7.88047], [-40.7443, -7.88058]]]]}}, {"type": "Feature", "properties": {"cd_sipra": "PI0040000", "nome_proje": "PA BARREIROS", "municipio": "GEMINIANO", "uf": "PI", "area_hecta": "7432.7507", "num_famili": 197}, "geometry": {"type": "Polygon", "coordinates": [[[-41.29059, -7.27833], [-41.30998, -7.29557], [-41.30988, -7.28725], [-41.284, -7.26741], [-41.29059, -7.27833]]]}}, {"type": "Feature", "properties": {"cd_sipra": "MF0172000", "nome_proje": "PA MÃE MARIANA", "municipio": "SANTA CRUZ", "uf": "PE", "area_hecta": "1218.0918", "num_famili": 27}, "geometry": {"type": "Polygon", "coordinates": [[[-40.40051, -8.13964], [-40.40115, -8.1442], [-40.40206, -8.14729], [-40.40694, -8.15993], [-40.40807, -8.16068], [-40.40958, -8.16129], [-40.41234, -8.16526], [-40.42099, -8.16535], [-40.41965, -8.14815], [-40.41835, -8.13698], [-40.41854, -8.13305], [-40.42686, -8.13234], [-40.42728, -8.12272], [-40.41907, -8.12377], [-40.41984, -8.114], [-40.41467, -8.11316], [-40.41477, -8.10979], [-40.41541, -8.10484], [-40.41164, -8.10463], [-40.40466, -8.10492], [-40.40347, -8.11496], [-40.40321, -8.1204], [-40.40364, -8.12111], [-40.4037, -8.12171], [-40.40307, -8.12287], [-40.40265, -8.12652], [-40.40098, -8.13441], [-40.40051, -8.13964]]]}}, {"type": "Feature", "properties": {"cd_sipra": "MF0219000", "nome_proje": "PA MILAGRE", "municipio": "OURICURI", "uf": "PE", "area_hecta": "373.9368", "num_famili": 14}, "geometry": {"type": "Polygon", "coordinates": [[[-40.23711, -7.81829], [-40.25167, -7.81415], [-40.25129, -7.81049], [-40.2603, -7.80913], [-40.25936, -7.79973], [-40.23719, -7.80303], [-40.23711, -7.81829]]]}}, {"type": "Feature", "properties": {"cd_sipra": "CE0190000", "nome_proje": "PA ACOCI", "municipio": "CAMPOS SALES", "uf": "CE", "area_hecta": "10991.5445", "num_famili": 285}, "geometry": {"type": "Polygon", "coordinates": [[[-40.17785, -6.91424], [-40.17477, -6.91519], [-40.16565, -6.9152], [-40.16557, -6.91659], [-40.16524, -6.91777], [-40.16232, -6.91887], [-40.15494, -6.94377], [-40.13829, -6.93449], [-40.12781, -6.94352], [-40.12758, -6.94446], [-40.12792, -6.94475], [-40.12088, -6.94961], [-40.13314, -6.95435], [-40.13023, -6.96197], [-40.11685, -6.95645], [-40.11404, -6.96], [-40.11303, -6.9623], [-40.111, -6.96243], [-40.11019, -6.96371], [-40.11017, -6.96561], [-40.11166, -6.96813], [-40.11236, -6.97047], [-40.11044, -6.97543], [-40.10965, -6.97827], [-40.117, -6.99272], [-40.12339, -6.99689], [-40.12622, -6.99805], [-40.13432, -7.00049], [-40.14686, -7.00699], [-40.15137, -7.01232], [-40.15642, -7.01561], [-40.16774, -7.01495], [-40.17287, -7.01816], [-40.17843, -7.01954], [-40.18043, -7.01749], [-40.20375, -7.0116], [-40.22216, -7.01941], [-40.22988, -7.01805], [-40.23313, -7.00956], [-40.23338, -7.00831], [-40.23534, -7.00319], [-40.24454, -7.00616], [-40.2395, -6.99082], [-40.23787, -6.98059], [-40.22518, -6.97255], [-40.22491, -6.96261], [-40.22499, -6.96173], [-40.2243, -6.96099], [-40.22253, -6.95963], [-40.22195, -6.9598], [-40.21503, -6.95592], [-40.21396, -6.95495], [-40.21339, -6.95513], [-40.20838, -6.9539], [-40.20729, -6.95238], [-40.20986, -6.95105], [-40.20983, -6.95033], [-40.21132, -6.94902], [-40.21147, -6.93999], [-40.21266, -6.93907], [-40.2072, -6.9267], [-40.18686, -6.91748], [-40.17785, -6.91424]]]}}, {"type": "Feature", "properties": {"cd_sipra": "PI0333000", "nome_proje": "PA QUATRO IRMÃOS/JUREMA", "municipio": "PIO IX", "uf": "PI", "area_hecta": "3058.0000", "num_famili": 64}, "geometry": {"type": "Polygon", "coordinates": [[[-40.60043, -6.69243], [-40.57745, -6.70635], [-40.56132, -6.72055], [-40.6025, -6.7159], [-40.60248, -6.71501], [-40.60313, -6.71267], [-40.60321, -6.7111], [-40.60365, -6.70905], [-40.60365, -6.7076], [-40.60204, -6.70406], [-40.60174, -6.69524], [-40.60213, -6.6929], [-40.60043, -6.69243]]]}}, {"type": "Feature", "properties": {"cd_sipra": "CE0295000", "nome_proje": "PA SÃO JOÃO", "municipio": "ANTONINA DO NORTE", "uf": "CE", "area_hecta": "1021.0206", "num_famili": 18}, "geometry": {"type": "Polygon", "coordinates": [[[-39.89577, -6.71002], [-39.91201, -6.72004], [-39.91604, -6.72221], [-39.90899, -6.73789], [-39.91295, -6.74136], [-39.94088, -6.7166], [-39.93398, -6.71278], [-39.92978, -6.70711], [-39.91288, -6.70145], [-39.90385, -6.69824], [-39.89577, -6.71002]]]}}, {"type": "Feature", "properties": {"cd_sipra": "CE0194000", "nome_proje": "PA COCOCI BONIFÁCIO", "municipio": "TAUA", "uf": "CE", "area_hecta": "4309.1722", "num_famili": 114}, "geometry": {"type": "Polygon", "coordinates": [[[-40.51487, -6.37614], [-40.52252, -6.34653], [-40.51788, -6.34718], [-40.51748, -6.34586], [-40.51536, -6.34591], [-40.51424, -6.34455], [-40.50559, -6.34317], [-40.50403, -6.34319], [-40.50108, -6.34245], [-40.49265, -6.3411], [-40.48719, -6.33948], [-40.48238, -6.33761], [-40.47937, -6.33303], [-40.47207, -6.33084], [-40.46915, -6.33392], [-40.46234, -6.33368], [-40.45832, -6.33656], [-40.45321, -6.33655], [-40.45181, -6.33383], [-40.44514, -6.33189], [-40.44263, -6.33201], [-40.44952, -6.3592], [-40.51487, -6.37614]]]}}, {"type": "Feature", "properties": {"cd_sipra": "CE0367000", "nome_proje": "PA SÃO PAULO I", "municipio": "ANTONINA DO NORTE", "uf": "CE", "area_hecta": "816.8236", "num_famili": 10}, "geometry": {"type": "Polygon", "coordinates": [[[-39.85805, -6.69892], [-39.85563, -6.69527], [-39.8496, -6.69081], [-39.8487, -6.69074], [-39.84804, -6.6904], [-39.84623, -6.69078], [-39.84558, -6.69112], [-39.84526, -6.69211], [-39.8454, -6.69289], [-39.84443, -6.69285], [-39.84385, -6.69251], [-39.84294, -6.69338], [-39.84261, -6.69406], [-39.84164, -6.69481], [-39.83959, -6.696], [-39.83697, -6.69698], [-39.83535, -6.6969], [-39.83592, -6.70407], [-39.83632, -6.70511], [-39.83633, -6.70641], [-39.83727, -6.70823], [-39.83883, -6.70924], [-39.84181, -6.71045], [-39.85204, -6.71557], [-39.85336, -6.71567], [-39.85585, -6.71747], [-39.85729, -6.71827], [-39.85945, -6.71899], [-39.86031, -6.7198], [-39.86026, -6.72034], [-39.86122, -6.72137], [-39.86213, -6.72209], [-39.86335, -6.72258], [-39.86362, -6.72322], [-39.86562, -6.72455], [-39.86569, -6.72488], [-39.8664, -6.72544], [-39.86676, -6.72421], [-39.86723, -6.72351], [-39.86756, -6.72329], [-39.86778, -6.72244], [-39.86768, -6.72219], [-39.8678, -6.72195], [-39.8676, -6.72179], [-39.86743, -6.72064], [-39.86847, -6.71934], [-39.86908, -6.71897], [-39.86995, -6.71907], [-39.87078, -6.71837], [-39.87165, -6.7188], [-39.87217, -6.71886], [-39.87266, -6.71842], [-39.8728, -6.71789], [-39.87306, -6.71783], [-39.87324, -6.71758], [-39.87284, -6.71558], [-39.8717, -6.71449], [-39.87089, -6.71304], [-39.87115, -6.71173], [-39.87202, -6.71062], [-39.8722, -6.70983], [-39.86402, -6.7027], [-39.85805, -6.69892]]]}}, {"type": "Feature", "properties": {"cd_sipra": "CE0005000", "nome_proje": "PA INGÁ FACUNDO", "municipio": "PARAMBU", "uf": "CE", "area_hecta": "3729.0000", "num_famili": 102}, "geometry": {"type": "MultiPolygon", "coordinates": [[[[-40.66445, -6.29143], [-40.66275, -6.29655], [-40.66218, -6.29881], [-40.66225, -6.30151], [-40.66278, -6.30566], [-40.66378, -6.31086], [-40.66345, -6.31342], [-40.66376, -6.31481], [-40.66676, -6.32177], [-40.66896, -6.32814], [-40.66931, -6.32818], [-40.67101, -6.32737], [-40.6749, -6.32981], [-40.6765, -6.3293], [-40.6795, -6.32971], [-40.6799, -6.33032], [-40.68019, -6.33151], [-40.68134, -6.33353], [-40.6825, -6.33392], [-40.68428, -6.33337], [-40.68513, -6.33285], [-40.68623, -6.33363], [-40.68922, -6.33304], [-40.69148, -6.33097], [-40.69228, -6.33141], [-40.69621, -6.33462], [-40.69769, -6.33495], [-40.71336, -6.30498], [-40.70712, -6.2966], [-40.70165, -6.2956], [-40.69791, -6.29003], [-40.69738, -6.29131], [-40.69168, -6.29167], [-40.68956, -6.29163], [-40.68979, -6.29057], [-40.68509, -6.28953], [-40.68749, -6.28233], [-40.67098, -6.27961], [-40.66681, -6.27804], [-40.6647, -6.28667], [-40.66435, -6.29038], [-40.66445, -6.29143]]], [[[-40.6777, -6.23645], [-40.67578, -6.23761], [-40.67443, -6.23995], [-40.67374, -6.24014], [-40.67215, -6.23937], [-40.67196, -6.23986], [-40.66682, -6.23945], [-40.65848, -6.25172], [-40.66011, -6.25256], [-40.66056, -6.25428], [-40.66189, -6.25424], [-40.6617, -6.2526], [-40.66264, -6.25207], [-40.66469, -6.2514], [-40.66596, -6.25211], [-40.66623, -6.25356], [-40.66738, -6.25362], [-40.66847, -6.25406], [-40.66955, -6.25095], [-40.67033, -6.24973], [-40.67259, -6.25075], [-40.67261, -6.25238], [-40.67201, -6.25402], [-40.67187, -6.25521], [-40.67278, -6.25628], [-40.67362, -6.25692], [-40.67567, -6.25715], [-40.67544, -6.25782], [-40.67585, -6.25787], [-40.67621, -6.25753], [-40.67642, -6.25767], [-40.67671, -6.25732], [-40.67758, -6.25704], [-40.67831, -6.25784], [-40.68157, -6.25868], [-40.68288, -6.25947], [-40.68372, -6.2604], [-40.68465, -6.26039], [-40.68564, -6.26072], [-40.68655, -6.26029], [-40.68842, -6.26087], [-40.68978, -6.26168], [-40.69168, -6.26152], [-40.69265, -6.26104], [-40.69519, -6.26038], [-40.69726, -6.26143], [-40.69765, -6.26239], [-40.70067, -6.26243], [-40.70188, -6.26322], [-40.70223, -6.26432], [-40.70182, -6.26523], [-40.70195, -6.26717], [-40.70067, -6.26899], [-40.70105, -6.26959], [-40.70143, -6.27078], [-40.7025, -6.27105], [-40.70371, -6.27113], [-40.70533, -6.27175], [-40.706, -6.27305], [-40.70565, -6.27503], [-40.72044, -6.2585], [-40.72157, -6.25691], [-40.72168, -6.25635], [-40.72091, -6.25466], [-40.72036, -6.25408], [-40.71989, -6.25167], [-40.71915, -6.24977], [-40.71824, -6.24907], [-40.71616, -6.24681], [-40.71497, -6.2447], [-40.71412, -6.24352], [-40.7123, -6.2441], [-40.71191, -6.24401], [-40.70878, -6.2426], [-40.70803, -6.24162], [-40.70499, -6.24126], [-40.70292, -6.2422], [-40.70152, -6.24238], [-40.6987, -6.24088], [-40.69694, -6.23965], [-40.69563, -6.23911], [-40.69498, -6.23757], [-40.69133, -6.23659], [-40.68479, -6.23598], [-40.6777, -6.23645]]]]}}, {"type": "Feature", "properties": {"cd_sipra": "CE0171000", "nome_proje": "PA SERRA DO MEIO", "municipio": "PARAMBU", "uf": "CE", "area_hecta": "1593.1718", "num_famili": 43}, "geometry": {"type": "Polygon", "coordinates": [[[-40.80747, -6.26241], [-40.80914, -6.25164], [-40.79899, -6.24999], [-40.78414, -6.274], [-40.7674, -6.27952], [-40.76824, -6.28002], [-40.7715, -6.28104], [-40.77365, -6.28284], [-40.78226, -6.28634], [-40.78389, -6.28735], [-40.78575, -6.28796], [-40.78802, -6.28904], [-40.79355, -6.29099], [-40.80277, -6.29298], [-40.8105, -6.28706], [-40.81567, -6.27568], [-40.81745, -6.27107], [-40.81772, -6.27117], [-40.8207, -6.2646], [-40.80747, -6.26241]]]}}, {"type": "Feature", "properties": {"cd_sipra": "CE0093000", "nome_proje": "PA SERRA DAS MOÇAS E DOS CABOCLOS", "municipio": "PARAMBU", "uf": "CE", "area_hecta": "3768.7952", "num_famili": 93}, "geometry": {"type": "Polygon", "coordinates": [[[-40.80299, -6.202], [-40.8147, -6.21975], [-40.80159, -6.2332], [-40.82851, -6.24379], [-40.83326, -6.24509], [-40.85222, -6.22422], [-40.84723, -6.20301], [-40.85194, -6.18578], [-40.85212, -6.18338], [-40.80831, -6.16853], [-40.81578, -6.18956], [-40.80299, -6.202]]]}}, {"type": "Feature", "properties": {"cd_sipra": "CE0060000", "nome_proje": "PA BARGADO", "municipio": "MONSENHOR TABOSA", "uf": "CE", "area_hecta": "1924.1418", "num_famili": 39}, "geometry": {"type": "Polygon", "coordinates": [[[-40.1232, -5.09791], [-40.12163, -5.09754], [-40.12034, -5.09789], [-40.11894, -5.09734], [-40.11809, -5.09755], [-40.1166, -5.09731], [-40.11599, -5.09691], [-40.11504, -5.09671], [-40.11356, -5.09576], [-40.11276, -5.0973], [-40.11259, -5.09945], [-40.11106, -5.10398], [-40.11062, -5.1048], [-40.11024, -5.10814], [-40.10852, -5.11448], [-40.10981, -5.11751], [-40.11009, -5.11762], [-40.11038, -5.11846], [-40.11002, -5.11899], [-40.11063, -5.11959], [-40.11103, -5.12085], [-40.11072, -5.12107], [-40.10943, -5.12329], [-40.10949, -5.12516], [-40.11052, -5.1259], [-40.11088, -5.12599], [-40.11171, -5.12686], [-40.11197, -5.12757], [-40.11159, -5.12881], [-40.11139, -5.13055], [-40.11162, -5.13222], [-40.11493, -5.14249], [-40.13206, -5.15096], [-40.13926, -5.14427], [-40.13987, -5.14433], [-40.14072, -5.14408], [-40.14289, -5.14194], [-40.14282, -5.14124], [-40.13934, -5.13978], [-40.13714, -5.13336], [-40.13505, -5.13201], [-40.13891, -5.12135], [-40.13756, -5.11829], [-40.13712, -5.11802], [-40.13495, -5.1175], [-40.13453, -5.11578], [-40.13376, -5.11497], [-40.13339, -5.11238], [-40.13492, -5.11175], [-40.13719, -5.10721], [-40.13552, -5.10632], [-40.13487, -5.10437], [-40.13487, -5.10353], [-40.13529, -5.10193], [-40.1336, -5.10075], [-40.13356, -5.09848], [-40.12778, -5.09789], [-40.12646, -5.09747], [-40.1232, -5.09791]]]}}, {"type": "Feature", "properties": {"cd_sipra": "CE0287000", "nome_proje": "PA CACHOEIRINHA", "municipio": "MONSENHOR TABOSA", "uf": "CE", "area_hecta": "800.4310", "num_famili": 21}, "geometry": {"type": "Polygon", "coordinates": [[[-40.06647, -5.11091], [-40.06668, -5.10867], [-40.06717, -5.10885], [-40.06721, -5.10391], [-40.06159, -5.09173], [-40.05367, -5.0954], [-40.05335, -5.09471], [-40.05042, -5.09704], [-40.049, -5.09748], [-40.04877, -5.09771], [-40.04843, -5.09771], [-40.04726, -5.09866], [-40.05006, -5.1047], [-40.04748, -5.10522], [-40.03709, -5.08442], [-40.03615, -5.08627], [-40.03654, -5.08806], [-40.0363, -5.0882], [-40.04552, -5.10818], [-40.06685, -5.11873], [-40.0671, -5.11088], [-40.06647, -5.11091]]]}}, {"type": "Feature", "properties": {"cd_sipra": "CE0286000", "nome_proje": "PA ORANGE", "municipio": "TAMBORIL", "uf": "CE", "area_hecta": "903.5476", "num_famili": 13}, "geometry": {"type": "MultiPolygon", "coordinates": [[[[-40.14904, -5.08232], [-40.1488, -5.0829], [-40.148, -5.08361], [-40.14648, -5.08369], [-40.14473, -5.084], [-40.14387, -5.08476], [-40.14257, -5.08538], [-40.13891, -5.08884], [-40.13884, -5.08935], [-40.13842, -5.0897], [-40.13849, -5.09018], [-40.13871, -5.0905], [-40.13863, -5.09082], [-40.13759, -5.09086], [-40.13553, -5.09031], [-40.13506, -5.09037], [-40.13422, -5.09082], [-40.13484, -5.09268], [-40.13414, -5.09311], [-40.13358, -5.09438], [-40.13296, -5.09456], [-40.13248, -5.09432], [-40.13167, -5.09495], [-40.12975, -5.09521], [-40.12866, -5.09591], [-40.12724, -5.09772], [-40.12778, -5.09789], [-40.13356, -5.09848], [-40.13355, -5.09793], [-40.13534, -5.09571], [-40.14579, -5.0916], [-40.14943, -5.0861], [-40.15487, -5.08298], [-40.1555, -5.08093], [-40.1541, -5.0796], [-40.15363, -5.07997], [-40.15232, -5.08163], [-40.14904, -5.08232]]], [[[-40.13487, -5.10353], [-40.13487, -5.10437], [-40.13552, -5.10632], [-40.13719, -5.10721], [-40.13873, -5.10413], [-40.13517, -5.10178], [-40.13529, -5.10193], [-40.13487, -5.10353]]], [[[-40.13339, -5.11238], [-40.13376, -5.11497], [-40.13453, -5.11578], [-40.13495, -5.1175], [-40.13712, -5.11802], [-40.13756, -5.11829], [-40.1348, -5.112], [-40.13492, -5.11175], [-40.13339, -5.11238]]]]}}, {"type": "Feature", "properties": {"cd_sipra": "CE0017000", "nome_proje": "PA SANTANA/SERRA DAS BESTAS", "municipio": "MONSENHOR TABOSA", "uf": "CE", "area_hecta": "3224.7272", "num_famili": 71}, "geometry": {"type": "Polygon", "coordinates": [[[-40.14034, -5.03471], [-40.13777, -5.03285], [-40.135, -5.03145], [-40.13392, -5.03025], [-40.1327, -5.02945], [-40.13234, -5.02987], [-40.13172, -5.03182], [-40.13157, -5.03288], [-40.13177, -5.03485], [-40.13029, -5.03583], [-40.1296, -5.03747], [-40.1292, -5.03788], [-40.129, -5.03885], [-40.12837, -5.03945], [-40.12792, -5.0397], [-40.12658, -5.03968], [-40.12568, -5.03985], [-40.1246, -5.04033], [-40.12422, -5.04033], [-40.12345, -5.03993], [-40.12102, -5.04076], [-40.11971, -5.04231], [-40.11873, -5.04534], [-40.11482, -5.04785], [-40.11311, -5.04922], [-40.11128, -5.05041], [-40.1105, -5.05022], [-40.11017, -5.05054], [-40.10942, -5.05065], [-40.10869, -5.05104], [-40.10824, -5.05143], [-40.10732, -5.05285], [-40.10676, -5.05316], [-40.10526, -5.05278], [-40.1047, -5.05329], [-40.10384, -5.05344], [-40.10242, -5.0528], [-40.10173, -5.05296], [-40.10068, -5.05272], [-40.10045, -5.05076], [-40.09859, -5.04334], [-40.09592, -5.04563], [-40.09356, -5.04709], [-40.09247, -5.0474], [-40.09205, -5.04801], [-40.08737, -5.04878], [-40.08422, -5.04861], [-40.08285, -5.0489], [-40.08126, -5.04766], [-40.08009, -5.04741], [-40.07922, -5.04678], [-40.07852, -5.04692], [-40.07771, -5.04675], [-40.07736, -5.04707], [-40.07622, -5.04699], [-40.07463, -5.04625], [-40.07276, -5.04596], [-40.09279, -5.0894], [-40.09309, -5.08926], [-40.0939, -5.08988], [-40.09446, -5.09005], [-40.09652, -5.09168], [-40.09787, -5.09131], [-40.09855, -5.0914], [-40.09939, -5.09128], [-40.10172, -5.09233], [-40.10221, -5.09213], [-40.10251, -5.09286], [-40.10788, -5.09317], [-40.10918, -5.09288], [-40.10954, -5.09305], [-40.11017, -5.09298], [-40.11356, -5.09576], [-40.11504, -5.09671], [-40.11599, -5.09691], [-40.1166, -5.09731], [-40.11809, -5.09755], [-40.11894, -5.09734], [-40.12034, -5.09789], [-40.12163, -5.09754], [-40.1232, -5.09791], [-40.12646, -5.09747], [-40.12724, -5.09772], [-40.12866, -5.09591], [-40.12975, -5.09521], [-40.13167, -5.09495], [-40.13248, -5.09432], [-40.13296, -5.09456], [-40.13358, -5.09438], [-40.13414, -5.09311], [-40.13484, -5.09268], [-40.13422, -5.09082], [-40.13102, -5.08303], [-40.13038, -5.07932], [-40.12922, -5.07456], [-40.12845, -5.0695], [-40.12951, -5.06936], [-40.12924, -5.06796], [-40.1311, -5.06731], [-40.14044, -5.06219], [-40.14235, -5.06157], [-40.14412, -5.06136], [-40.14221, -5.0572], [-40.14222, -5.05687], [-40.14173, -5.05615], [-40.14179, -5.05341], [-40.142, -5.05309], [-40.14329, -5.05302], [-40.14235, -5.04998], [-40.14282, -5.04888], [-40.14177, -5.04421], [-40.14184, -5.044], [-40.1432, -5.04303], [-40.1442, -5.04064], [-40.14495, -5.04032], [-40.14612, -5.03749], [-40.14329, -5.03587], [-40.14034, -5.03471]]]}}, {"type": "Feature", "properties": {"cd_sipra": "CE0128000", "nome_proje": "PA POÇOS", "municipio": "TAMBORIL", "uf": "CE", "area_hecta": "1388.2652", "num_famili": 38}, "geometry": {"type": "Polygon", "coordinates": [[[-40.14062, -4.95618], [-40.15013, -4.96694], [-40.15295, -4.96681], [-40.15419, -4.96917], [-40.15747, -4.96467], [-40.16636, -4.96395], [-40.16535, -4.96114], [-40.16681, -4.9574], [-40.16514, -4.95419], [-40.16607, -4.94762], [-40.161, -4.94466], [-40.16099, -4.94451], [-40.14062, -4.95618]]]}}, {"type": "Feature", "properties": {"cd_sipra": "PB0161000", "nome_proje": "PA BEIRA RIO", "municipio": "CAMALAU", "uf": "PB", "area_hecta": "763.9858", "num_famili": 29}, "geometry": {"type": "MultiPolygon", "coordinates": [[[[-36.84942, -7.88531], [-36.85423, -7.88473], [-36.85621, -7.88319], [-36.85884, -7.88251], [-36.86051, -7.88055], [-36.86007, -7.8773], [-36.86223, -7.87618], [-36.86319, -7.87832], [-36.8644, -7.87808], [-36.86803, -7.88368], [-36.86799, -7.88321], [-36.86735, -7.88193], [-36.86733, -7.87938], [-36.86747, -7.87915], [-36.86573, -7.87369], [-36.86512, -7.8735], [-36.86384, -7.87457], [-36.86291, -7.87409], [-36.86197, -7.87291], [-36.85965, -7.87206], [-36.8583, -7.86934], [-36.85743, -7.86621], [-36.85809, -7.8644], [-36.8585, -7.86377], [-36.85823, -7.86194], [-36.8584, -7.86034], [-36.85432, -7.86178], [-36.84942, -7.88531]]], [[[-36.87935, -7.92001], [-36.87957, -7.91955], [-36.88088, -7.91897], [-36.88131, -7.91761], [-36.88105, -7.9167], [-36.87993, -7.91565], [-36.87943, -7.9143], [-36.88041, -7.91092], [-36.88085, -7.90853], [-36.87986, -7.90269], [-36.88005, -7.89823], [-36.87903, -7.8968], [-36.87919, -7.8964], [-36.87661, -7.89439], [-36.87324, -7.89652], [-36.87287, -7.89668], [-36.87229, -7.89653], [-36.87114, -7.89719], [-36.87023, -7.8973], [-36.86971, -7.89504], [-36.8687, -7.89318], [-36.8682, -7.89038], [-36.86921, -7.8867], [-36.86879, -7.88682], [-36.86847, -7.88724], [-36.86826, -7.88685], [-36.8661, -7.88645], [-36.86496, -7.88658], [-36.86446, -7.88744], [-36.86107, -7.88725], [-36.85857, -7.88667], [-36.85786, -7.88738], [-36.85551, -7.89129], [-36.85071, -7.88919], [-36.84905, -7.88975], [-36.84789, -7.89034], [-36.84805, -7.8922], [-36.84994, -7.89243], [-36.85317, -7.89352], [-36.85207, -7.89441], [-36.85562, -7.89535], [-36.8559, -7.89552], [-36.85657, -7.89652], [-36.85967, -7.8976], [-36.86207, -7.8989], [-36.86221, -7.90008], [-36.86205, -7.90033], [-36.86219, -7.90128], [-36.86242, -7.90145], [-36.86548, -7.90125], [-36.86619, -7.9014], [-36.86841, -7.90276], [-36.86977, -7.90146], [-36.87047, -7.90178], [-36.8711, -7.90403], [-36.87102, -7.9042], [-36.87136, -7.90458], [-36.87206, -7.90618], [-36.87178, -7.90772], [-36.87192, -7.90808], [-36.87155, -7.90913], [-36.86902, -7.9105], [-36.86908, -7.91102], [-36.86883, -7.91202], [-36.8694, -7.91343], [-36.87028, -7.9149], [-36.8708, -7.9193], [-36.87239, -7.91795], [-36.87343, -7.91959], [-36.87447, -7.92014], [-36.87464, -7.92019], [-36.87547, -7.91958], [-36.87542, -7.91927], [-36.87558, -7.91916], [-36.87585, -7.91921], [-36.87627, -7.91992], [-36.87639, -7.91999], [-36.87657, -7.91981], [-36.87725, -7.9201], [-36.87733, -7.92122], [-36.87656, -7.92179], [-36.87791, -7.92341], [-36.87908, -7.92012], [-36.87935, -7.92001]]]]}}, {"type": "Feature", "properties": {"cd_sipra": "PB0156000", "nome_proje": "PA MANDACARU", "municipio": "SUME", "uf": "PB", "area_hecta": "4392.0000", "num_famili": 114}, "geometry": {"type": "Polygon", "coordinates": [[[-36.81871, -7.75032], [-36.81841, -7.75017], [-36.81227, -7.79067], [-36.81178, -7.79358], [-36.81161, -7.79386], [-36.8117, -7.79412], [-36.81051, -7.80095], [-36.81012, -7.80386], [-36.81065, -7.80491], [-36.80983, -7.80595], [-36.81187, -7.80782], [-36.8118, -7.81053], [-36.81279, -7.81584], [-36.81398, -7.81946], [-36.81435, -7.82158], [-36.81417, -7.8223], [-36.81449, -7.82258], [-36.8155, -7.82183], [-36.81586, -7.82247], [-36.81584, -7.82408], [-36.81752, -7.82306], [-36.82115, -7.82703], [-36.82428, -7.82779], [-36.82704, -7.82938], [-36.83081, -7.83101], [-36.83307, -7.8323], [-36.83493, -7.83212], [-36.83909, -7.8335], [-36.8495, -7.83311], [-36.85595, -7.83201], [-36.85691, -7.83261], [-36.85742, -7.83274], [-36.8585, -7.83236], [-36.85905, -7.83155], [-36.86186, -7.83114], [-36.86216, -7.83084], [-36.86424, -7.83136], [-36.86472, -7.83078], [-36.8651, -7.8307], [-36.87448, -7.82962], [-36.87763, -7.82796], [-36.88111, -7.82657], [-36.88158, -7.82583], [-36.88115, -7.82566], [-36.88067, -7.82516], [-36.87977, -7.82462], [-36.87916, -7.82337], [-36.87792, -7.82233], [-36.87647, -7.82205], [-36.87363, -7.82185], [-36.87335, -7.82021], [-36.87357, -7.81896], [-36.87536, -7.81403], [-36.87582, -7.81367], [-36.87565, -7.81317], [-36.87653, -7.81085], [-36.87434, -7.80991], [-36.86731, -7.80376], [-36.86448, -7.79976], [-36.86402, -7.79883], [-36.86444, -7.79651], [-36.865, -7.79496], [-36.86544, -7.7945], [-36.8658, -7.79309], [-36.86396, -7.79207], [-36.86117, -7.7895], [-36.86047, -7.78938], [-36.85884, -7.78948], [-36.85755, -7.78922], [-36.85645, -7.78824], [-36.85555, -7.78705], [-36.8507, -7.78176], [-36.85013, -7.78148], [-36.84909, -7.78191], [-36.84675, -7.78216], [-36.84553, -7.78153], [-36.84475, -7.78079], [-36.84426, -7.78058], [-36.84602, -7.77854], [-36.84722, -7.77752], [-36.84807, -7.77625], [-36.84931, -7.77481], [-36.84732, -7.77378], [-36.84697, -7.77276], [-36.8459, -7.77188], [-36.84741, -7.76889], [-36.84609, -7.76745], [-36.84034, -7.75924], [-36.84042, -7.75911], [-36.83955, -7.75791], [-36.83901, -7.75657], [-36.83857, -7.7567], [-36.83623, -7.75521], [-36.83631, -7.75507], [-36.82852, -7.75021], [-36.82739, -7.74929], [-36.82469, -7.74903], [-36.82469, -7.74892], [-36.82451, -7.7489], [-36.8245, -7.74909], [-36.81968, -7.7486], [-36.81871, -7.75032]]]}}, {"type": "Feature", "properties": {"cd_sipra": "PB0046000", "nome_proje": "PA SANTA CATARINA", "municipio": "MONTEIRO", "uf": "PB", "area_hecta": "2700.0000", "num_famili": 262}, "geometry": {"type": "MultiPolygon", "coordinates": [[[[-37.13238, -7.78179], [-37.13196, -7.78143], [-37.1318, -7.78101], [-37.13265, -7.7796], [-37.13258, -7.77929], [-37.13207, -7.77883], [-37.13165, -7.77876], [-37.13122, -7.77847], [-37.1303, -7.77744], [-37.12913, -7.77673], [-37.1277, -7.77672], [-37.12689, -7.77791], [-37.12654, -7.7781], [-37.12587, -7.77753], [-37.12536, -7.77748], [-37.12467, -7.77677], [-37.12422, -7.77674], [-37.12296, -7.7788], [-37.12148, -7.77747], [-37.12092, -7.77817], [-37.12074, -7.77953], [-37.12102, -7.78005], [-37.12142, -7.78164], [-37.1206, -7.7838], [-37.12059, -7.78459], [-37.12176, -7.78494], [-37.12209, -7.78425], [-37.12235, -7.78373], [-37.12319, -7.78311], [-37.12247, -7.78365], [-37.12184, -7.78491], [-37.12214, -7.78534], [-37.12212, -7.7858], [-37.12296, -7.78616], [-37.12367, -7.78613], [-37.12524, -7.7877], [-37.12628, -7.78659], [-37.12835, -7.78534], [-37.12841, -7.78511], [-37.12856, -7.785], [-37.12904, -7.78508], [-37.12961, -7.78555], [-37.12927, -7.78546], [-37.12901, -7.78514], [-37.12857, -7.78506], [-37.12838, -7.78539], [-37.12628, -7.78666], [-37.12531, -7.78772], [-37.12639, -7.78812], [-37.12715, -7.78899], [-37.13049, -7.78718], [-37.13411, -7.78584], [-37.13531, -7.78517], [-37.13446, -7.78278], [-37.13394, -7.78189], [-37.13403, -7.78089], [-37.13274, -7.77947], [-37.13187, -7.78102], [-37.13203, -7.7814], [-37.1325, -7.78186], [-37.13267, -7.78245], [-37.13238, -7.78179]]], [[[-37.13069, -7.77768], [-37.13127, -7.77841], [-37.13211, -7.77877], [-37.12999, -7.77644], [-37.1297, -7.77697], [-37.13069, -7.77768]]], [[[-37.12205, -7.78536], [-37.12188, -7.78514], [-37.12084, -7.7847], [-37.11979, -7.78503], [-37.11861, -7.78447], [-37.11695, -7.78446], [-37.11507, -7.78396], [-37.11198, -7.78359], [-37.11123, -7.78365], [-37.11042, -7.78346], [-37.10985, -7.7845], [-37.10971, -7.78551], [-37.10971, -7.78597], [-37.11151, -7.78813], [-37.11165, -7.78907], [-37.1137, -7.78991], [-37.11565, -7.7911], [-37.1163, -7.79079], [-37.11691, -7.79092], [-37.11626, -7.79085], [-37.11568, -7.79119], [-37.1159, -7.79174], [-37.11713, -7.79272], [-37.12, -7.79333], [-37.12008, -7.79271], [-37.12109, -7.79187], [-37.12183, -7.79072], [-37.12165, -7.79022], [-37.12189, -7.78978], [-37.12178, -7.78912], [-37.12275, -7.78816], [-37.12329, -7.78677], [-37.12311, -7.78632], [-37.12218, -7.786], [-37.12203, -7.78569], [-37.12205, -7.78536]], [[-37.1125, -7.78518], [-37.11235, -7.78436], [-37.11263, -7.78521], [-37.11366, -7.78556], [-37.11402, -7.78593], [-37.11491, -7.7864], [-37.11514, -7.78681], [-37.11597, -7.78739], [-37.11622, -7.78776], [-37.11679, -7.78808], [-37.11785, -7.78882], [-37.11896, -7.78753], [-37.11786, -7.78888], [-37.11621, -7.78779], [-37.11594, -7.78741], [-37.11531, -7.78703], [-37.11484, -7.78646], [-37.11397, -7.78599], [-37.11367, -7.78565], [-37.1125, -7.78518]]], [[[-37.12081, -7.79492], [-37.12036, -7.79495], [-37.11933, -7.79618], [-37.11925, -7.79712], [-37.11956, -7.79762], [-37.11906, -7.79911], [-37.11943, -7.79903], [-37.11977, -7.79911], [-37.11913, -7.79912], [-37.11865, -7.7995], [-37.11782, -7.79986], [-37.11708, -7.80161], [-37.1162, -7.8019], [-37.11657, -7.80228], [-37.11699, -7.80303], [-37.11704, -7.80345], [-37.11681, -7.80415], [-37.1168, -7.8048], [-37.11636, -7.80584], [-37.1159, -7.80626], [-37.11531, -7.80735], [-37.11489, -7.80866], [-37.11483, -7.8094], [-37.11539, -7.81003], [-37.11578, -7.81127], [-37.11626, -7.81145], [-37.1166, -7.81202], [-37.1237, -7.79717], [-37.12651, -7.79096], [-37.12711, -7.78903], [-37.12634, -7.78819], [-37.12521, -7.7878], [-37.12348, -7.78616], [-37.12317, -7.78626], [-37.12336, -7.78678], [-37.12284, -7.78814], [-37.12185, -7.78914], [-37.12196, -7.78979], [-37.12172, -7.79023], [-37.1219, -7.79074], [-37.12111, -7.79196], [-37.12066, -7.79225], [-37.12008, -7.79294], [-37.12038, -7.79396], [-37.12038, -7.79491], [-37.12082, -7.79489], [-37.12257, -7.7958], [-37.12081, -7.79492]]], [[[-37.11476, -7.78384], [-37.11539, -7.78196], [-37.1148, -7.78384], [-37.11696, -7.78437], [-37.11881, -7.78441], [-37.11981, -7.78494], [-37.12012, -7.78486], [-37.12052, -7.78461], [-37.12057, -7.78365], [-37.12134, -7.78164], [-37.12094, -7.78006], [-37.12067, -7.77956], [-37.12083, -7.77838], [-37.11994, -7.77836], [-37.11949, -7.77856], [-37.11863, -7.77926], [-37.11797, -7.77954], [-37.11704, -7.78031], [-37.11582, -7.78113], [-37.11455, -7.78171], [-37.11585, -7.78107], [-37.1179, -7.77954], [-37.11861, -7.77923], [-37.11954, -7.77848], [-37.11809, -7.77831], [-37.11791, -7.77854], [-37.11765, -7.77854], [-37.11647, -7.77842], [-37.11386, -7.77794], [-37.11083, -7.77845], [-37.10903, -7.77803], [-37.10881, -7.77817], [-37.10881, -7.7784], [-37.108, -7.77966], [-37.10757, -7.78003], [-37.10661, -7.78032], [-37.10653, -7.78086], [-37.10622, -7.78113], [-37.10645, -7.78293], [-37.10689, -7.78338], [-37.10891, -7.7829], [-37.10971, -7.78297], [-37.11121, -7.78357], [-37.11255, -7.78355], [-37.11476, -7.78384]]], [[[-37.11504, -7.79615], [-37.11449, -7.79612], [-37.11362, -7.79663], [-37.11296, -7.79662], [-37.11271, -7.79653], [-37.11314, -7.79688], [-37.11351, -7.79856], [-37.11423, -7.80017], [-37.11564, -7.80158], [-37.11621, -7.80183], [-37.11702, -7.80154], [-37.11766, -7.79994], [-37.11791, -7.7997], [-37.11761, -7.79934], [-37.11794, -7.79968], [-37.11894, -7.79918], [-37.11949, -7.79761], [-37.11918, -7.79712], [-37.11926, -7.79616], [-37.12029, -7.79493], [-37.12023, -7.79365], [-37.12005, -7.79339], [-37.11823, -7.79314], [-37.11704, -7.79277], [-37.11584, -7.7918], [-37.11555, -7.79114], [-37.11519, -7.79084], [-37.11355, -7.78994], [-37.11165, -7.78918], [-37.11146, -7.78892], [-37.11143, -7.78817], [-37.11105, -7.78765], [-37.10967, -7.78605], [-37.10894, -7.78597], [-37.10922, -7.78686], [-37.11044, -7.78852], [-37.10917, -7.78689], [-37.10896, -7.78612], [-37.10846, -7.78558], [-37.10823, -7.78487], [-37.10774, -7.78534], [-37.10737, -7.78524], [-37.10722, -7.78864], [-37.10965, -7.79343], [-37.10997, -7.79503], [-37.11067, -7.79587], [-37.11084, -7.79637], [-37.11179, -7.79624], [-37.11267, -7.79652], [-37.1131, -7.79614], [-37.11343, -7.79609], [-37.1135, -7.79554], [-37.11323, -7.7948], [-37.11342, -7.79508], [-37.11352, -7.79477], [-37.11351, -7.796], [-37.11341, -7.79615], [-37.11298, -7.79629], [-37.11277, -7.79649], [-37.11287, -7.79654], [-37.11361, -7.79659], [-37.11447, -7.79608], [-37.11502, -7.79611], [-37.11555, -7.79577], [-37.11504, -7.79615]]], [[[-37.10217, -7.79541], [-37.10171, -7.79597], [-37.10201, -7.79844], [-37.10182, -7.79857], [-37.10103, -7.79865], [-37.10059, -7.79918], [-37.10016, -7.7993], [-37.09971, -7.7993], [-37.0992, -7.79966], [-37.0975, -7.80204], [-37.09731, -7.80267], [-37.09689, -7.80275], [-37.09581, -7.80377], [-37.09498, -7.80431], [-37.09472, -7.80421], [-37.09403, -7.80332], [-37.09334, -7.8031], [-37.09313, -7.80294], [-37.09258, -7.80327], [-37.09217, -7.80322], [-37.09208, -7.80351], [-37.09174, -7.80406], [-37.09215, -7.80318], [-37.09255, -7.80321], [-37.09313, -7.80289], [-37.09406, -7.80329], [-37.09495, -7.80428], [-37.09578, -7.80374], [-37.09686, -7.80272], [-37.09729, -7.80262], [-37.09741, -7.80206], [-37.09914, -7.79961], [-37.09968, -7.79926], [-37.10047, -7.79919], [-37.10101, -7.7986], [-37.10197, -7.79842], [-37.1017, -7.7972], [-37.10164, -7.79596], [-37.10216, -7.7953], [-37.10237, -7.79455], [-37.10298, -7.79328], [-37.1015, -7.79403], [-37.10119, -7.79432], [-37.10091, -7.79495], [-37.10095, -7.79467], [-37.10116, -7.79429], [-37.10156, -7.79393], [-37.10301, -7.79324], [-37.10416, -7.79197], [-37.10344, -7.79166], [-37.10257, -7.79045], [-37.10239, -7.78969], [-37.10197, -7.78951], [-37.10195, -7.78939], [-37.10243, -7.78967], [-37.10269, -7.79051], [-37.10349, -7.79161], [-37.10427, -7.79192], [-37.10557, -7.79118], [-37.10588, -7.79014], [-37.10682, -7.7889], [-37.10655, -7.78846], [-37.10618, -7.78716], [-37.10724, -7.78629], [-37.1073, -7.78514], [-37.10654, -7.78363], [-37.10612, -7.78117], [-37.10172, -7.78315], [-37.1023, -7.785], [-37.10362, -7.78448], [-37.10378, -7.78482], [-37.10363, -7.78454], [-37.10226, -7.78505], [-37.10165, -7.78319], [-37.09917, -7.78376], [-37.09757, -7.78491], [-37.09659, -7.78596], [-37.0934, -7.78849], [-37.09189, -7.79], [-37.09142, -7.7903], [-37.09189, -7.79071], [-37.09277, -7.79229], [-37.0942, -7.79347], [-37.09457, -7.79289], [-37.09485, -7.79264], [-37.09503, -7.79259], [-37.09526, -7.7927], [-37.09579, -7.7925], [-37.09527, -7.79275], [-37.09487, -7.79268], [-37.09424, -7.7935], [-37.09522, -7.79434], [-37.09273, -7.79233], [-37.09186, -7.79073], [-37.09138, -7.79033], [-37.08903, -7.79221], [-37.09088, -7.79393], [-37.09158, -7.79483], [-37.09247, -7.79428], [-37.09409, -7.79678], [-37.09426, -7.79722], [-37.09429, -7.79768], [-37.09463, -7.79817], [-37.09424, -7.7977], [-37.09404, -7.79681], [-37.09244, -7.79432], [-37.09158, -7.79491], [-37.09084, -7.79397], [-37.08897, -7.79223], [-37.0878, -7.79315], [-37.0881, -7.79347], [-37.08839, -7.79418], [-37.08907, -7.79473], [-37.08926, -7.79493], [-37.08947, -7.79528], [-37.08965, -7.79612], [-37.08963, -7.79639], [-37.09131, -7.79684], [-37.08961, -7.79641], [-37.08944, -7.7953], [-37.08833, -7.79415], [-37.08777, -7.79317], [-37.08624, -7.79421], [-37.08515, -7.79519], [-37.08596, -7.79633], [-37.08675, -7.79655], [-37.08707, -7.79693], [-37.08757, -7.79699], [-37.08925, -7.79792], [-37.08973, -7.79826], [-37.09054, -7.79923], [-37.08956, -7.79818], [-37.08755, -7.79703], [-37.08705, -7.79697], [-37.08672, -7.79659], [-37.08593, -7.79637], [-37.08511, -7.79522], [-37.08315, -7.79639], [-37.08336, -7.79799], [-37.08377, -7.79879], [-37.08427, -7.79896], [-37.0848, -7.79943], [-37.08555, -7.80065], [-37.08563, -7.8009], [-37.08561, -7.80118], [-37.08537, -7.8024], [-37.08555, -7.80076], [-37.08477, -7.79947], [-37.08425, -7.799], [-37.08378, -7.79885], [-37.0836, -7.79858], [-37.08331, -7.798], [-37.08311, -7.7964], [-37.08231, -7.79676], [-37.08093, -7.79785], [-37.08021, -7.79856], [-37.07961, -7.79954], [-37.07928, -7.80029], [-37.07904, -7.80156], [-37.07916, -7.80341], [-37.08246, -7.80314], [-37.09125, -7.80529], [-37.09248, -7.80601], [-37.09379, -7.80703], [-37.09401, -7.8073], [-37.09391, -7.80776], [-37.09446, -7.80803], [-37.10292, -7.80994], [-37.10338, -7.80815], [-37.10533, -7.80608], [-37.10493, -7.80603], [-37.10484, -7.8061], [-37.1041, -7.80617], [-37.10372, -7.80632], [-37.10149, -7.80541], [-37.10134, -7.80528], [-37.10373, -7.80628], [-37.10409, -7.80614], [-37.10491, -7.806], [-37.10535, -7.80605], [-37.10566, -7.80556], [-37.10553, -7.80543], [-37.10455, -7.80516], [-37.10417, -7.8049], [-37.10396, -7.80462], [-37.10337, -7.80444], [-37.10327, -7.80415], [-37.1035, -7.80366], [-37.10331, -7.80415], [-37.10345, -7.80445], [-37.104, -7.80458], [-37.10457, -7.80512], [-37.10538, -7.80531], [-37.1057, -7.80552], [-37.10598, -7.80526], [-37.10695, -7.80324], [-37.10806, -7.80231], [-37.10885, -7.80198], [-37.10978, -7.80134], [-37.11022, -7.80068], [-37.1106, -7.79967], [-37.111, -7.79765], [-37.11074, -7.79617], [-37.1099, -7.79505], [-37.10969, -7.79449], [-37.10965, -7.79361], [-37.10915, -7.7927], [-37.10802, -7.79384], [-37.10781, -7.79375], [-37.10713, -7.79317], [-37.10653, -7.79341], [-37.10484, -7.79515], [-37.10579, -7.79398], [-37.1065, -7.79338], [-37.1071, -7.7931], [-37.10801, -7.79379], [-37.1091, -7.79265], [-37.10729, -7.78894], [-37.10689, -7.78888], [-37.10594, -7.79018], [-37.10561, -7.79125], [-37.10423, -7.79199], [-37.10305, -7.79331], [-37.10217, -7.79541]], [[-37.09492, -7.79857], [-37.09488, -7.79884], [-37.09463, -7.79817], [-37.09492, -7.79857]], [[-37.0862, -7.80296], [-37.08622, -7.80314], [-37.0871, -7.803], [-37.08618, -7.8032], [-37.08616, -7.80299], [-37.08536, -7.80245], [-37.08537, -7.8024], [-37.0862, -7.80296]]], [[[-37.11034, -7.80059], [-37.10985, -7.80134], [-37.10985, -7.80196], [-37.11039, -7.80214], [-37.11127, -7.80204], [-37.11152, -7.80434], [-37.1127, -7.80547], [-37.11322, -7.80696], [-37.11383, -7.80738], [-37.11436, -7.80822], [-37.11484, -7.80858], [-37.11546, -7.80681], [-37.11584, -7.80622], [-37.11631, -7.80579], [-37.11673, -7.80478], [-37.11674, -7.80415], [-37.11697, -7.80345], [-37.11688, -7.80296], [-37.11632, -7.80208], [-37.11559, -7.80163], [-37.11417, -7.80021], [-37.11344, -7.79859], [-37.11313, -7.79705], [-37.11289, -7.7967], [-37.11179, -7.79631], [-37.11084, -7.79645], [-37.11107, -7.79781], [-37.1107, -7.79942], [-37.11034, -7.80059]]], [[[-37.10537, -7.77529], [-37.10489, -7.77563], [-37.10426, -7.77581], [-37.10371, -7.77524], [-37.10344, -7.77529], [-37.10311, -7.77523], [-37.10192, -7.77562], [-37.10142, -7.77551], [-37.10003, -7.7758], [-37.10124, -7.77548], [-37.10142, -7.77546], [-37.10191, -7.77557], [-37.10311, -7.77519], [-37.10374, -7.77521], [-37.10432, -7.77576], [-37.10536, -7.77525], [-37.10558, -7.77527], [-37.10547, -7.77481], [-37.10455, -7.7734], [-37.10253, -7.77382], [-37.09971, -7.77354], [-37.09909, -7.7734], [-37.09907, -7.77327], [-37.09848, -7.77341], [-37.09854, -7.77364], [-37.09789, -7.7739], [-37.09775, -7.77435], [-37.0972, -7.7744], [-37.09729, -7.77338], [-37.09761, -7.77328], [-37.0966, -7.77177], [-37.09514, -7.77121], [-37.09456, -7.7703], [-37.09417, -7.77039], [-37.0941, -7.77016], [-37.09355, -7.77029], [-37.09203, -7.76821], [-37.09188, -7.76688], [-37.09092, -7.76365], [-37.08949, -7.76409], [-37.08882, -7.76408], [-37.08792, -7.76374], [-37.08632, -7.76548], [-37.08429, -7.76484], [-37.08361, -7.76478], [-37.08325, -7.76468], [-37.08244, -7.76515], [-37.08036, -7.76538], [-37.08199, -7.76652], [-37.08223, -7.76681], [-37.08274, -7.76687], [-37.08334, -7.76708], [-37.08344, -7.7675], [-37.08328, -7.76851], [-37.08445, -7.7701], [-37.08518, -7.77039], [-37.08585, -7.77042], [-37.08711, -7.77093], [-37.08745, -7.77037], [-37.08715, -7.77093], [-37.0881, -7.7711], [-37.08799, -7.77114], [-37.08697, -7.77094], [-37.08575, -7.77043], [-37.085, -7.77039], [-37.08467, -7.77054], [-37.08496, -7.77038], [-37.08454, -7.7702], [-37.08428, -7.77], [-37.08324, -7.76852], [-37.08339, -7.7675], [-37.08325, -7.76706], [-37.0822, -7.76685], [-37.08039, -7.76545], [-37.0798, -7.76542], [-37.07841, -7.76423], [-37.07769, -7.76412], [-37.07664, -7.76435], [-37.07739, -7.76578], [-37.07799, -7.76624], [-37.07851, -7.76683], [-37.07915, -7.7683], [-37.07874, -7.76971], [-37.07952, -7.77101], [-37.07956, -7.77193], [-37.07919, -7.77225], [-37.07888, -7.77336], [-37.07795, -7.77439], [-37.07765, -7.77517], [-37.07779, -7.77591], [-37.0783, -7.77698], [-37.07936, -7.77641], [-37.07832, -7.77701], [-37.07877, -7.77802], [-37.07919, -7.77972], [-37.08016, -7.77982], [-37.08034, -7.78021], [-37.08063, -7.78038], [-37.08193, -7.78028], [-37.08278, -7.7806], [-37.08296, -7.78014], [-37.0839, -7.77985], [-37.08447, -7.77936], [-37.08414, -7.77911], [-37.08451, -7.77933], [-37.08519, -7.77911], [-37.08636, -7.7793], [-37.08643, -7.77866], [-37.08701, -7.77875], [-37.0875, -7.77844], [-37.08824, -7.77841], [-37.08856, -7.77798], [-37.08887, -7.77794], [-37.08857, -7.77807], [-37.08833, -7.77844], [-37.08752, -7.77851], [-37.08703, -7.77882], [-37.08645, -7.77874], [-37.08642, -7.77936], [-37.08486, -7.77925], [-37.0839, -7.77994], [-37.08299, -7.78021], [-37.08288, -7.7806], [-37.08867, -7.78432], [-37.08914, -7.7849], [-37.09026, -7.78505], [-37.09037, -7.78516], [-37.09026, -7.78575], [-37.09053, -7.78607], [-37.09069, -7.78698], [-37.09106, -7.78787], [-37.09296, -7.78874], [-37.09613, -7.78622], [-37.09578, -7.78568], [-37.09525, -7.78578], [-37.09429, -7.7856], [-37.09392, -7.78528], [-37.09382, -7.78506], [-37.09377, -7.78379], [-37.09332, -7.78309], [-37.09296, -7.78218], [-37.09246, -7.78205], [-37.09229, -7.78179], [-37.09212, -7.78115], [-37.09212, -7.7802], [-37.09196, -7.7798], [-37.09218, -7.77924], [-37.09248, -7.77898], [-37.09201, -7.7798], [-37.09216, -7.78018], [-37.09233, -7.78177], [-37.09249, -7.78202], [-37.093, -7.78215], [-37.09381, -7.78378], [-37.09397, -7.78527], [-37.0943, -7.78556], [-37.09525, -7.78574], [-37.0958, -7.78563], [-37.09617, -7.78619], [-37.0975, -7.78483], [-37.09889, -7.78375], [-37.09999, -7.78338], [-37.09927, -7.78219], [-37.09814, -7.78118], [-37.09748, -7.78036], [-37.09736, -7.78003], [-37.0975, -7.77941], [-37.09673, -7.77908], [-37.09648, -7.77884], [-37.09606, -7.77803], [-37.09642, -7.77841], [-37.09653, -7.77881], [-37.09758, -7.77944], [-37.09793, -7.77883], [-37.09917, -7.77787], [-37.09937, -7.77724], [-37.0992, -7.77595], [-37.09934, -7.776], [-37.09948, -7.77723], [-37.09925, -7.77792], [-37.09786, -7.77907], [-37.09741, -7.78009], [-37.09818, -7.78115], [-37.09931, -7.78215], [-37.10004, -7.78336], [-37.10118, -7.78326], [-37.10454, -7.78183], [-37.10646, -7.78082], [-37.10637, -7.77912], [-37.10561, -7.77538], [-37.10537, -7.77529]], [[-37.08888, -7.77073], [-37.0892, -7.77088], [-37.08939, -7.77109], [-37.08894, -7.77078], [-37.0881, -7.7711], [-37.08888, -7.77073]], [[-37.08964, -7.77102], [-37.08982, -7.77067], [-37.08985, -7.77033], [-37.08968, -7.7701], [-37.08975, -7.7701], [-37.08989, -7.77033], [-37.08985, -7.77075], [-37.08972, -7.771], [-37.08945, -7.77114], [-37.08939, -7.77109], [-37.08964, -7.77102]], [[-37.08874, -7.77657], [-37.08893, -7.77791], [-37.08887, -7.77794], [-37.08874, -7.77657]]], [[[-37.10885, -7.80198], [-37.1081, -7.80237], [-37.107, -7.80329], [-37.10632, -7.8047], [-37.10782, -7.80432], [-37.10977, -7.80421], [-37.11014, -7.80429], [-37.11062, -7.80462], [-37.11159, -7.80454], [-37.11152, -7.80434], [-37.11129, -7.80377], [-37.11121, -7.80215], [-37.11007, -7.80218], [-37.10978, -7.80199], [-37.10974, -7.80149], [-37.10956, -7.80162], [-37.10885, -7.80198]]], [[[-37.11483, -7.8094], [-37.11481, -7.80865], [-37.1143, -7.80826], [-37.11377, -7.80743], [-37.11317, -7.80702], [-37.11264, -7.80551], [-37.11184, -7.80469], [-37.1113, -7.8046], [-37.11061, -7.8047], [-37.10982, -7.80428], [-37.10794, -7.80438], [-37.10629, -7.80481], [-37.10604, -7.8053], [-37.10525, -7.80632], [-37.10419, -7.80741], [-37.10474, -7.8077], [-37.10618, -7.8082], [-37.10673, -7.80847], [-37.10701, -7.80884], [-37.1072, -7.80966], [-37.10697, -7.80886], [-37.10671, -7.8085], [-37.10473, -7.80774], [-37.10415, -7.80745], [-37.10336, -7.80832], [-37.10299, -7.80995], [-37.11296, -7.81203], [-37.11476, -7.81189], [-37.11605, -7.81148], [-37.11567, -7.81122], [-37.11531, -7.81002], [-37.11483, -7.80964], [-37.11483, -7.8094]]], [[[-37.09021, -7.78804], [-37.09048, -7.7885], [-37.09095, -7.78859], [-37.09108, -7.78806], [-37.09062, -7.78701], [-37.09046, -7.78611], [-37.09018, -7.78575], [-37.09022, -7.78512], [-37.08911, -7.78496], [-37.08862, -7.78437], [-37.08678, -7.78331], [-37.08317, -7.78082], [-37.08192, -7.78035], [-37.08062, -7.78045], [-37.08029, -7.78027], [-37.08012, -7.77988], [-37.0792, -7.77979], [-37.07904, -7.78045], [-37.07925, -7.78117], [-37.07812, -7.78212], [-37.07941, -7.78355], [-37.07944, -7.7863], [-37.08032, -7.78596], [-37.08114, -7.7862], [-37.08284, -7.78599], [-37.08155, -7.78624], [-37.08107, -7.78623], [-37.08032, -7.78601], [-37.07945, -7.78634], [-37.07907, -7.78757], [-37.07923, -7.78767], [-37.07942, -7.78843], [-37.07904, -7.78912], [-37.079, -7.78964], [-37.07936, -7.79068], [-37.08053, -7.79033], [-37.08174, -7.79042], [-37.08323, -7.79109], [-37.08398, -7.79154], [-37.08635, -7.79243], [-37.08752, -7.7932], [-37.09147, -7.79015], [-37.09134, -7.78931], [-37.09095, -7.78862], [-37.09045, -7.78853], [-37.09012, -7.78799], [-37.09021, -7.78804]]], [[[-37.06488, -7.80453], [-37.07905, -7.80342], [-37.07894, -7.80255], [-37.07885, -7.80256], [-37.07806, -7.80149], [-37.07758, -7.80154], [-37.07753, -7.80243], [-37.07745, -7.80255], [-37.0771, -7.80281], [-37.07689, -7.80283], [-37.07647, -7.80264], [-37.07603, -7.80225], [-37.07649, -7.80261], [-37.07709, -7.80277], [-37.07749, -7.80242], [-37.07755, -7.80151], [-37.07807, -7.80145], [-37.07894, -7.80252], [-37.07898, -7.80132], [-37.07929, -7.79999], [-37.08014, -7.79851], [-37.08082, -7.79783], [-37.08058, -7.79726], [-37.07984, -7.79739], [-37.08056, -7.79721], [-37.08034, -7.79657], [-37.07917, -7.79679], [-37.07882, -7.79672], [-37.07823, -7.79644], [-37.07796, -7.79648], [-37.07758, -7.79631], [-37.07707, -7.79634], [-37.07635, -7.79659], [-37.07595, -7.79655], [-37.0752, -7.79721], [-37.07594, -7.79651], [-37.07634, -7.79654], [-37.07706, -7.7963], [-37.07759, -7.79627], [-37.07824, -7.7964], [-37.07917, -7.79675], [-37.08033, -7.79652], [-37.08054, -7.79469], [-37.07985, -7.7919], [-37.07929, -7.79106], [-37.07823, -7.79051], [-37.078, -7.79], [-37.07763, -7.78988], [-37.07669, -7.79014], [-37.07629, -7.79044], [-37.07543, -7.79171], [-37.07497, -7.79165], [-37.07417, -7.79205], [-37.07348, -7.79205], [-37.07322, -7.7923], [-37.07251, -7.79252], [-37.07134, -7.79339], [-37.07047, -7.79363], [-37.06848, -7.79485], [-37.06734, -7.79762], [-37.06781, -7.80076], [-37.06841, -7.80137], [-37.06817, -7.80193], [-37.06823, -7.80249], [-37.06814, -7.80275], [-37.06827, -7.80327], [-37.06822, -7.80337], [-37.06809, -7.80275], [-37.06813, -7.80193], [-37.06837, -7.80138], [-37.06771, -7.80069], [-37.06727, -7.79762], [-37.06842, -7.79481], [-37.07044, -7.79357], [-37.07131, -7.79332], [-37.07248, -7.79245], [-37.07319, -7.79224], [-37.07345, -7.79199], [-37.07415, -7.79198], [-37.07497, -7.79158], [-37.07539, -7.79165], [-37.07574, -7.79095], [-37.0765, -7.79017], [-37.07728, -7.78987], [-37.07784, -7.78983], [-37.07719, -7.7889], [-37.0769, -7.78805], [-37.07641, -7.78813], [-37.07525, -7.78811], [-37.07457, -7.78825], [-37.07388, -7.78824], [-37.07334, -7.78747], [-37.07259, -7.78722], [-37.07201, -7.78684], [-37.0718, -7.78659], [-37.07172, -7.78642], [-37.07261, -7.78719], [-37.07336, -7.78744], [-37.07389, -7.7882], [-37.07457, -7.78822], [-37.07525, -7.78808], [-37.0769, -7.78801], [-37.07661, -7.78745], [-37.07604, -7.78701], [-37.07579, -7.78649], [-37.07508, -7.78613], [-37.07492, -7.7858], [-37.07342, -7.78431], [-37.07311, -7.78335], [-37.07311, -7.78218], [-37.07252, -7.78079], [-37.07241, -7.78006], [-37.07319, -7.78221], [-37.07319, -7.78333], [-37.07349, -7.78428], [-37.07498, -7.78575], [-37.07514, -7.78609], [-37.07584, -7.78643], [-37.07609, -7.78696], [-37.07677, -7.78754], [-37.07697, -7.78801], [-37.07733, -7.78785], [-37.07839, -7.78795], [-37.07852, -7.78756], [-37.07833, -7.78741], [-37.07831, -7.78709], [-37.07935, -7.78524], [-37.07934, -7.78357], [-37.07769, -7.78181], [-37.07805, -7.78212], [-37.07918, -7.78113], [-37.07897, -7.78045], [-37.07913, -7.77983], [-37.07902, -7.77909], [-37.07854, -7.77765], [-37.07812, -7.77815], [-37.07789, -7.77821], [-37.07764, -7.77799], [-37.07678, -7.77728], [-37.07636, -7.77681], [-37.07431, -7.77564], [-37.07311, -7.77547], [-37.07268, -7.77514], [-37.07254, -7.77478], [-37.07182, -7.77471], [-37.07163, -7.77441], [-37.07186, -7.77425], [-37.07236, -7.77305], [-37.0694, -7.77159], [-37.06488, -7.80453]]], [[[-37.08486, -7.79529], [-37.08618, -7.79414], [-37.08747, -7.79328], [-37.08646, -7.79254], [-37.08396, -7.79159], [-37.08173, -7.79048], [-37.08053, -7.79038], [-37.08042, -7.79042], [-37.08046, -7.7908], [-37.08038, -7.79044], [-37.07937, -7.79073], [-37.0802, -7.79265], [-37.08058, -7.79445], [-37.08117, -7.79451], [-37.08151, -7.79462], [-37.0818, -7.79428], [-37.08202, -7.79423], [-37.08222, -7.79426], [-37.08182, -7.79431], [-37.08151, -7.79465], [-37.0806, -7.79448], [-37.08041, -7.79654], [-37.08061, -7.79709], [-37.08099, -7.7977], [-37.08204, -7.79683], [-37.08486, -7.79529]]], [[[-37.0724, -7.77313], [-37.07191, -7.77428], [-37.07169, -7.77446], [-37.07186, -7.77466], [-37.07263, -7.77477], [-37.07272, -7.7751], [-37.07309, -7.77539], [-37.07427, -7.77557], [-37.0746, -7.77573], [-37.07644, -7.77677], [-37.07682, -7.77724], [-37.07748, -7.77768], [-37.07764, -7.77799], [-37.07809, -7.7781], [-37.07852, -7.7776], [-37.07772, -7.77594], [-37.07757, -7.77505], [-37.07801, -7.77418], [-37.07882, -7.77332], [-37.0791, -7.77228], [-37.07949, -7.77185], [-37.07941, -7.77106], [-37.07867, -7.76971], [-37.07906, -7.76825], [-37.07845, -7.76686], [-37.07788, -7.76623], [-37.07757, -7.76602], [-37.07696, -7.76646], [-37.07752, -7.76598], [-37.07725, -7.76571], [-37.07663, -7.76458], [-37.07595, -7.76118], [-37.07553, -7.76041], [-37.07544, -7.75996], [-37.07402, -7.75861], [-37.0736, -7.75885], [-37.07413, -7.75965], [-37.07067, -7.7625], [-37.06941, -7.77153], [-37.07239, -7.77301], [-37.07247, -7.77259], [-37.07295, -7.77171], [-37.0724, -7.77313]]], [[[-37.07698, -7.78806], [-37.07707, -7.78849], [-37.078, -7.79], [-37.07828, -7.79046], [-37.07932, -7.79099], [-37.07893, -7.78964], [-37.07897, -7.7891], [-37.07935, -7.78841], [-37.07919, -7.78779], [-37.07858, -7.78757], [-37.07853, -7.78783], [-37.07833, -7.78807], [-37.07728, -7.78791], [-37.07698, -7.78806]]], [[[-37.07831, -7.76415], [-37.0786, -7.76429], [-37.07984, -7.76536], [-37.08242, -7.7651], [-37.08325, -7.76463], [-37.084, -7.76475], [-37.07863, -7.76301], [-37.07853, -7.76313], [-37.07834, -7.76273], [-37.07552, -7.76004], [-37.07617, -7.76162], [-37.07663, -7.7643], [-37.07731, -7.76411], [-37.07788, -7.7641], [-37.07831, -7.76415]]], [[[-37.10841, -7.7772], [-37.10881, -7.77809], [-37.10903, -7.77797], [-37.10949, -7.77808], [-37.11017, -7.77788], [-37.11137, -7.7768], [-37.11196, -7.77639], [-37.11228, -7.77555], [-37.11288, -7.77455], [-37.11232, -7.7738], [-37.11338, -7.77335], [-37.11342, -7.77146], [-37.11203, -7.7714], [-37.11162, -7.77257], [-37.10876, -7.77321], [-37.10768, -7.77329], [-37.10523, -7.77426], [-37.10561, -7.7749], [-37.10668, -7.78023], [-37.10765, -7.77991], [-37.10876, -7.77836], [-37.10837, -7.77721], [-37.10837, -7.77646], [-37.10851, -7.77616], [-37.10841, -7.7772]]], [[[-37.11049, -7.77772], [-37.11018, -7.77791], [-37.10971, -7.77809], [-37.11084, -7.7784], [-37.11386, -7.77788], [-37.11552, -7.77815], [-37.11569, -7.77676], [-37.11556, -7.77815], [-37.11644, -7.77836], [-37.11784, -7.77849], [-37.11809, -7.77826], [-37.11959, -7.77843], [-37.11993, -7.77831], [-37.12084, -7.77832], [-37.12093, -7.77797], [-37.12142, -7.77742], [-37.12014, -7.77626], [-37.11974, -7.77527], [-37.11943, -7.77527], [-37.1193, -7.7756], [-37.11847, -7.77528], [-37.11779, -7.77616], [-37.11738, -7.7755], [-37.11675, -7.77505], [-37.11703, -7.77359], [-37.11497, -7.77282], [-37.11348, -7.77338], [-37.11343, -7.7738], [-37.1136, -7.77435], [-37.11288, -7.77455], [-37.11202, -7.77637], [-37.11049, -7.77772]]], [[[-37.10667, -7.78857], [-37.10689, -7.78879], [-37.10718, -7.78838], [-37.10723, -7.78639], [-37.1063, -7.78711], [-37.10667, -7.78857]]], [[[-37.09102, -7.78861], [-37.09141, -7.78929], [-37.09154, -7.7901], [-37.0929, -7.7888], [-37.09116, -7.78805], [-37.09102, -7.78861]]], [[[-37.07838, -7.78711], [-37.07839, -7.78738], [-37.07901, -7.78752], [-37.07941, -7.78627], [-37.07938, -7.7855], [-37.07838, -7.78711]]], [[[-37.12541, -7.77742], [-37.1259, -7.77746], [-37.12661, -7.77802], [-37.12512, -7.77657], [-37.12481, -7.77686], [-37.12541, -7.77742]]], [[[-37.107, -7.7835], [-37.10655, -7.78329], [-37.10661, -7.78361], [-37.10737, -7.78515], [-37.10772, -7.78527], [-37.10804, -7.78483], [-37.10827, -7.78481], [-37.1085, -7.78549], [-37.10881, -7.78587], [-37.10963, -7.78598], [-37.10974, -7.78453], [-37.11035, -7.78341], [-37.10969, -7.78305], [-37.10874, -7.78299], [-37.107, -7.7835]]], [[[-37.10697, -7.78882], [-37.10724, -7.78885], [-37.10714, -7.78863], [-37.10697, -7.78882]]]]}}, {"type": "Feature", "properties": {"cd_sipra": "PB0195000", "nome_proje": "PA RENASCER", "municipio": "PRATA", "uf": "PB", "area_hecta": "900.0000", "num_famili": 52}, "geometry": {"type": "MultiPolygon", "coordinates": [[[[-37.09601, -7.77092], [-37.10128, -7.77578], [-37.10533, -7.7753], [-37.10758, -7.77592], [-37.1097, -7.7723], [-37.11688, -7.77203], [-37.11983, -7.77551], [-37.11758, -7.76992], [-37.09941, -7.7709], [-37.09656, -7.76973], [-37.0944, -7.76331], [-37.09048, -7.76094], [-37.08902, -7.76254], [-37.09242, -7.76451], [-37.09601, -7.77092]]], [[[-37.12882, -7.77515], [-37.12814, -7.7744], [-37.12473, -7.77591], [-37.12443, -7.77639], [-37.12882, -7.77515]]], [[[-37.13817, -7.78363], [-37.13987, -7.78269], [-37.14296, -7.7815], [-37.14536, -7.78037], [-37.1354, -7.78117], [-37.13817, -7.78363]]], [[[-37.07881, -7.76311], [-37.0786, -7.76298], [-37.07851, -7.76309], [-37.07881, -7.76311]]]]}}, {"type": "Feature", "properties": {"cd_sipra": "PB0177000", "nome_proje": "PA PINHEIROS", "municipio": "COXIXOLA", "uf": "PB", "area_hecta": "586.4640", "num_famili": 17}, "geometry": {"type": "Polygon", "coordinates": [[[-36.70656, -7.67799], [-36.70716, -7.67809], [-36.7092, -7.67903], [-36.7095, -7.68029], [-36.70983, -7.6807], [-36.71038, -7.68067], [-36.71122, -7.68015], [-36.71274, -7.678], [-36.71452, -7.67728], [-36.71935, -7.67423], [-36.72115, -7.66316], [-36.72176, -7.65895], [-36.72169, -7.65861], [-36.72215, -7.65645], [-36.72241, -7.65384], [-36.7222, -7.65356], [-36.7222, -7.65307], [-36.72273, -7.65211], [-36.72226, -7.65083], [-36.72271, -7.65033], [-36.72331, -7.64894], [-36.72344, -7.6472], [-36.72333, -7.64709], [-36.72386, -7.64316], [-36.7222, -7.6423], [-36.72106, -7.64118], [-36.71951, -7.64011], [-36.71813, -7.63985], [-36.71651, -7.63867], [-36.71728, -7.63619], [-36.71767, -7.63379], [-36.71738, -7.62514], [-36.7148, -7.62522], [-36.7143, -7.6281], [-36.71442, -7.6291], [-36.71414, -7.63275], [-36.71299, -7.64172], [-36.71322, -7.64563], [-36.7121, -7.64981], [-36.71178, -7.6525], [-36.71117, -7.65331], [-36.7096, -7.6566], [-36.70899, -7.65994], [-36.70895, -7.66692], [-36.70656, -7.67799]]]}}, {"type": "Feature", "properties": {"cd_sipra": "PB0178000", "nome_proje": "PA ASA BRANCA", "municipio": "COXIXOLA", "uf": "PB", "area_hecta": "1240.6559", "num_famili": 22}, "geometry": {"type": "Polygon", "coordinates": [[[-36.7048, -7.66266], [-36.70472, -7.66339], [-36.70329, -7.6692], [-36.70319, -7.6708], [-36.70281, -7.6712], [-36.7028, -7.67187], [-36.70182, -7.67526], [-36.70095, -7.67691], [-36.70186, -7.67867], [-36.70237, -7.67899], [-36.7031, -7.67877], [-36.70337, -7.67853], [-36.70366, -7.67672], [-36.70551, -7.67723], [-36.70632, -7.67251], [-36.70668, -7.67166], [-36.70713, -7.66922], [-36.70735, -7.66527], [-36.7079, -7.66232], [-36.70811, -7.65995], [-36.70993, -7.65417], [-36.71129, -7.64734], [-36.71244, -7.63663], [-36.71261, -7.62946], [-36.71309, -7.62669], [-36.70937, -7.62675], [-36.70308, -7.66242], [-36.7048, -7.66266]]]}}, {"type": "Feature", "properties": {"cd_sipra": "CE0373000", "nome_proje": "PA BAIXA GRANDE", "municipio": "JATI", "uf": "CE", "area_hecta": "8489.9943", "num_famili": 137}, "geometry": {"type": "Polygon", "coordinates": [[[-38.84727, -7.65021], [-38.84109, -7.65304], [-38.86615, -7.67099], [-38.85543, -7.6923], [-38.85557, -7.69255], [-38.85549, -7.6928], [-38.8541, -7.69488], [-38.85438, -7.70527], [-38.85503, -7.70609], [-38.85535, -7.71281], [-38.85519, -7.71354], [-38.85464, -7.7145], [-38.85562, -7.71482], [-38.85997, -7.71345], [-38.86503, -7.71147], [-38.86996, -7.71089], [-38.87149, -7.71151], [-38.87265, -7.71444], [-38.87308, -7.71487], [-38.87407, -7.7185], [-38.87521, -7.71962], [-38.87586, -7.72057], [-38.88091, -7.72496], [-38.88084, -7.72535], [-38.88176, -7.72604], [-38.87994, -7.7304], [-38.8796, -7.73234], [-38.87977, -7.73256], [-38.88083, -7.73278], [-38.88087, -7.73299], [-38.88062, -7.73298], [-38.88112, -7.73348], [-38.88132, -7.73434], [-38.88078, -7.73534], [-38.88086, -7.73611], [-38.88049, -7.73686], [-38.88024, -7.73981], [-38.88104, -7.74094], [-38.88112, -7.74223], [-38.88069, -7.74279], [-38.8814, -7.74743], [-38.88415, -7.74805], [-38.88596, -7.74732], [-38.89022, -7.74752], [-38.89184, -7.74805], [-38.89359, -7.74982], [-38.89477, -7.74869], [-38.89277, -7.65224], [-38.88954, -7.65536], [-38.8879, -7.65241], [-38.88307, -7.65347], [-38.87797, -7.65563], [-38.87666, -7.65432], [-38.87607, -7.65527], [-38.87169, -7.65501], [-38.86675, -7.66007], [-38.85027, -7.64962], [-38.84838, -7.65031], [-38.84727, -7.65021]]]}}, {"type": "Feature", "properties": {"cd_sipra": "PB0122000", "nome_proje": "PA SÃO FRANCISCO II", "municipio": "CACHOEIRA DOS INDIOS", "uf": "PB", "area_hecta": "727.3000", "num_famili": 19}, "geometry": {"type": "Polygon", "coordinates": [[[-38.72635, -6.88635], [-38.72423, -6.88627], [-38.71907, -6.88668], [-38.71886, -6.88421], [-38.72346, -6.8839], [-38.72416, -6.8844], [-38.72491, -6.88401], [-38.72431, -6.88354], [-38.7242, -6.88241], [-38.72367, -6.88191], [-38.72259, -6.88187], [-38.72359, -6.88014], [-38.72344, -6.87908], [-38.72194, -6.88014], [-38.71923, -6.88059], [-38.71796, -6.87765], [-38.71462, -6.87746], [-38.71585, -6.87928], [-38.71391, -6.88254], [-38.71401, -6.88615], [-38.72426, -6.88869], [-38.72859, -6.88757], [-38.72833, -6.88605], [-38.72635, -6.88635]]]}}, {"type": "Feature", "properties": {"cd_sipra": "PB0314000", "nome_proje": "PA PADRE CLEIDES", "municipio": "SANTA HELENA", "uf": "PB", "area_hecta": "1168.0560", "num_famili": 16}, "geometry": {"type": "MultiPolygon", "coordinates": [[[[-38.61648, -6.78206], [-38.61494, -6.78259], [-38.61575, -6.78248], [-38.61648, -6.78206]]], [[[-38.62242, -6.78133], [-38.62414, -6.77989], [-38.62997, -6.77767], [-38.63144, -6.77793], [-38.63167, -6.77401], [-38.62902, -6.77771], [-38.61918, -6.78113], [-38.62242, -6.78133]]], [[[-38.63621, -6.7701], [-38.63803, -6.76912], [-38.63461, -6.76991], [-38.6337, -6.77118], [-38.63586, -6.77042], [-38.63621, -6.7701]]], [[[-38.6391, -6.76855], [-38.63898, -6.76827], [-38.63885, -6.76868], [-38.6391, -6.76855]]], [[[-38.64027, -6.76399], [-38.64015, -6.76438], [-38.64082, -6.76388], [-38.64027, -6.76399]]]]}}, {"type": "Feature", "properties": {"cd_sipra": "PB0250000", "nome_proje": "PA IRMA DOROTHY STANG", "municipio": "REMIGIO", "uf": "PB", "area_hecta": "1092.2314", "num_famili": 18}, "geometry": {"type": "Polygon", "coordinates": [[[-35.89795, -6.94816], [-35.89856, -6.94774], [-35.89884, -6.94725], [-35.89855, -6.94583], [-35.89958, -6.9455], [-35.90059, -6.94547], [-35.90171, -6.94583], [-35.90292, -6.94575], [-35.90809, -6.9446], [-35.90961, -6.94544], [-35.91077, -6.94577], [-35.91126, -6.94611], [-35.91132, -6.94598], [-35.91241, -6.94655], [-35.9139, -6.94428], [-35.91444, -6.94445], [-35.9174, -6.94202], [-35.91802, -6.94024], [-35.92036, -6.93952], [-35.91927, -6.93637], [-35.91272, -6.93797], [-35.90931, -6.93733], [-35.90765, -6.93514], [-35.89838, -6.945], [-35.89692, -6.94832], [-35.89736, -6.94891], [-35.89795, -6.94816]]]}}, {"type": "Feature", "properties": {"cd_sipra": "PB0101000", "nome_proje": "PA REDENÇÃO", "municipio": "PILOES", "uf": "PB", "area_hecta": "969.0000", "num_famili": 93}, "geometry": {"type": "Polygon", "coordinates": [[[-35.65013, -6.90762], [-35.65038, -6.90652], [-35.64965, -6.90529], [-35.64879, -6.9047], [-35.64803, -6.90165], [-35.64868, -6.90722], [-35.65013, -6.90762]]]}}, {"type": "Feature", "properties": {"cd_sipra": "PB0299000", "nome_proje": "PA CELSO FURTADO", "municipio": "AREIA", "uf": "PB", "area_hecta": "429.1400", "num_famili": 25}, "geometry": {"type": "Polygon", "coordinates": [[[-35.76267, -6.87652], [-35.76309, -6.87667], [-35.76275, -6.87627], [-35.76267, -6.87652]]]}}, {"type": "Feature", "properties": {"cd_sipra": "PB0329000", "nome_proje": "PA JOSUÉ DE CASTRO", "municipio": "PILOES", "uf": "PB", "area_hecta": "306.2952", "num_famili": 16}, "geometry": {"type": "Polygon", "coordinates": [[[-35.65257, -6.88355], [-35.65284, -6.88412], [-35.65474, -6.88343], [-35.65511, -6.88238], [-35.65489, -6.88158], [-35.65571, -6.87958], [-35.6566, -6.88082], [-35.65949, -6.88364], [-35.6604, -6.88521], [-35.66025, -6.88661], [-35.66156, -6.88856], [-35.65579, -6.89108], [-35.65922, -6.89729], [-35.66224, -6.89566], [-35.66198, -6.89438], [-35.66333, -6.89327], [-35.66412, -6.89156], [-35.66488, -6.89164], [-35.66699, -6.89126], [-35.66653, -6.88871], [-35.66672, -6.8878], [-35.66587, -6.88498], [-35.66272, -6.88343], [-35.6624, -6.88197], [-35.66215, -6.88163], [-35.66286, -6.88023], [-35.66194, -6.87993], [-35.66146, -6.87929], [-35.66082, -6.87947], [-35.65962, -6.87784], [-35.66002, -6.87705], [-35.661, -6.87677], [-35.66065, -6.87595], [-35.66194, -6.87545], [-35.66404, -6.87553], [-35.66544, -6.87645], [-35.66581, -6.87634], [-35.66659, -6.87438], [-35.66502, -6.87412], [-35.66181, -6.87085], [-35.65893, -6.86879], [-35.65731, -6.86871], [-35.65698, -6.8683], [-35.6568, -6.87397], [-35.65246, -6.87787], [-35.65286, -6.88175], [-35.65348, -6.88244], [-35.65257, -6.88355]]]}}, {"type": "Feature", "properties": {"cd_sipra": "PB0295000", "nome_proje": "PA PAULO FREIRE I", "municipio": "ALGODAO DE JANDAIRA", "uf": "PB", "area_hecta": "2047.9706", "num_famili": 48}, "geometry": {"type": "MultiPolygon", "coordinates": [[[[-35.83553, -6.85005], [-35.83445, -6.85074], [-35.83367, -6.85149], [-35.83295, -6.85259], [-35.83151, -6.85352], [-35.82961, -6.85663], [-35.83786, -6.84781], [-35.83553, -6.85005]]], [[[-35.82846, -6.85764], [-35.82828, -6.85805], [-35.8293, -6.85695], [-35.82846, -6.85764]]]]}}, {"type": "Feature", "properties": {"cd_sipra": "PB0104000", "nome_proje": "PA CAMPO VERDE II", "municipio": "SERRARIA", "uf": "PB", "area_hecta": "255.1606", "num_famili": 35}, "geometry": {"type": "Polygon", "coordinates": [[[-35.64179, -6.79988], [-35.64172, -6.80068], [-35.64943, -6.8036], [-35.64828, -6.80286], [-35.64818, -6.79984], [-35.64481, -6.79969], [-35.64423, -6.79983], [-35.64179, -6.79988]]]}}, {"type": "Feature", "properties": {"cd_sipra": "PB0344000", "nome_proje": "PA DOM JOSÉ MARIA PIRES", "municipio": "SOLANEA", "uf": "PB", "area_hecta": "216.3624", "num_famili": 15}, "geometry": {"type": "Polygon", "coordinates": [[[-35.74588, -6.78204], [-35.74409, -6.78282], [-35.73562, -6.78488], [-35.7356, -6.78566], [-35.73628, -6.78816], [-35.73632, -6.78886], [-35.7425, -6.80019], [-35.74414, -6.79922], [-35.7487, -6.79606], [-35.74955, -6.79579], [-35.74826, -6.79275], [-35.74764, -6.79172], [-35.74783, -6.791], [-35.74864, -6.7906], [-35.74875, -6.78928], [-35.74825, -6.78755], [-35.75206, -6.78531], [-35.74981, -6.78203], [-35.74675, -6.78092], [-35.74623, -6.78036], [-35.74615, -6.78141], [-35.74588, -6.78204]]]}}, {"type": "Feature", "properties": {"cd_sipra": "PB0309000", "nome_proje": "PA 25 DE JULHO", "municipio": "CASSERENGUE", "uf": "PB", "area_hecta": "360.0412", "num_famili": 12}, "geometry": {"type": "Polygon", "coordinates": [[[-35.85617, -6.78831], [-35.85609, -6.78882], [-35.85505, -6.78975], [-35.85108, -6.79063], [-35.85148, -6.79595], [-35.8528, -6.79599], [-35.85678, -6.7955], [-35.85799, -6.79516], [-35.86276, -6.79449], [-35.86757, -6.79239], [-35.8789, -6.78888], [-35.87758, -6.78758], [-35.87301, -6.77973], [-35.85646, -6.78043], [-35.85229, -6.78036], [-35.85412, -6.78515], [-35.85559, -6.78471], [-35.8564, -6.7848], [-35.85795, -6.78602], [-35.85617, -6.78831]]]}}, {"type": "Feature", "properties": {"cd_sipra": "PB0260000", "nome_proje": "PA PEDRO HENRIQUE", "municipio": "SOLANEA", "uf": "PB", "area_hecta": "776.6228", "num_famili": 25}, "geometry": {"type": "MultiPolygon", "coordinates": [[[[-35.75022, -6.78237], [-35.7524, -6.78565], [-35.7547, -6.7929], [-35.75659, -6.79441], [-35.75675, -6.79482], [-35.75753, -6.79368], [-35.7585, -6.79275], [-35.76454, -6.78845], [-35.76644, -6.78757], [-35.76801, -6.78737], [-35.76823, -6.78801], [-35.76749, -6.79066], [-35.76654, -6.79118], [-35.76779, -6.79352], [-35.76817, -6.79635], [-35.7714, -6.79511], [-35.77103, -6.79406], [-35.77233, -6.79336], [-35.77209, -6.79288], [-35.77283, -6.79047], [-35.77325, -6.79022], [-35.77396, -6.79017], [-35.7745, -6.78994], [-35.77623, -6.78888], [-35.7768, -6.78797], [-35.7771, -6.78654], [-35.77821, -6.78517], [-35.77854, -6.78419], [-35.7774, -6.7839], [-35.77397, -6.78451], [-35.77312, -6.78438], [-35.77113, -6.78337], [-35.77007, -6.78316], [-35.76889, -6.78235], [-35.76656, -6.78203], [-35.76565, -6.78141], [-35.76418, -6.77987], [-35.76061, -6.78128], [-35.75983, -6.77953], [-35.7585, -6.7785], [-35.75022, -6.78237]]], [[[-35.77775, -6.76195], [-35.77826, -6.76234], [-35.77817, -6.76276], [-35.77834, -6.76407], [-35.77805, -6.76465], [-35.77602, -6.76573], [-35.77464, -6.76572], [-35.77371, -6.76602], [-35.7725, -6.76468], [-35.76882, -6.7659], [-35.76923, -6.76673], [-35.76877, -6.76769], [-35.76844, -6.76793], [-35.76824, -6.76835], [-35.76644, -6.76972], [-35.76655, -6.77011], [-35.76621, -6.77071], [-35.76428, -6.7796], [-35.76583, -6.78121], [-35.76668, -6.78178], [-35.76854, -6.78199], [-35.77019, -6.78291], [-35.77121, -6.7831], [-35.77358, -6.78423], [-35.77739, -6.78362], [-35.77853, -6.78397], [-35.77883, -6.78372], [-35.77979, -6.78393], [-35.78286, -6.77842], [-35.78272, -6.7782], [-35.78321, -6.77795], [-35.78328, -6.77761], [-35.78406, -6.77672], [-35.7872, -6.77361], [-35.78747, -6.77294], [-35.78881, -6.77167], [-35.78892, -6.77066], [-35.78987, -6.7695], [-35.79076, -6.76733], [-35.7875, -6.76345], [-35.78592, -6.76243], [-35.78423, -6.7618], [-35.78133, -6.76169], [-35.77995, -6.76071], [-35.77794, -6.76158], [-35.77775, -6.76195]]]]}}, {"type": "Feature", "properties": {"cd_sipra": "PB0284000", "nome_proje": "PA ERNESTO CHE GUEVARA", "municipio": "CASSERENGUE", "uf": "PB", "area_hecta": "333.5557", "num_famili": 13}, "geometry": {"type": "Polygon", "coordinates": [[[-35.85202, -6.76285], [-35.85232, -6.76194], [-35.84938, -6.76068], [-35.84865, -6.76106], [-35.84753, -6.76008], [-35.8467, -6.76052], [-35.84588, -6.76126], [-35.84542, -6.76196], [-35.84282, -6.76356], [-35.84179, -6.76462], [-35.84056, -6.76527], [-35.83926, -6.76663], [-35.83857, -6.76697], [-35.838, -6.76704], [-35.83684, -6.76832], [-35.83647, -6.76909], [-35.83341, -6.77083], [-35.82802, -6.77442], [-35.8245, -6.77697], [-35.82738, -6.77996], [-35.82939, -6.77995], [-35.83237, -6.77947], [-35.83709, -6.77943], [-35.8426, -6.77838], [-35.84762, -6.77413], [-35.84745, -6.77329], [-35.84978, -6.76955], [-35.8507, -6.76862], [-35.85304, -6.76701], [-35.85386, -6.76609], [-35.85202, -6.76285]]]}}, {"type": "Feature", "properties": {"cd_sipra": "PB0201000", "nome_proje": "PA SÃO DOMINGOS I", "municipio": "CUBATI", "uf": "PB", "area_hecta": "924.4250", "num_famili": 30}, "geometry": {"type": "Polygon", "coordinates": [[[-36.34181, -6.84555], [-36.34654, -6.84196], [-36.34642, -6.83646], [-36.34592, -6.83562], [-36.34279, -6.83289], [-36.33582, -6.82424], [-36.33532, -6.82469], [-36.32599, -6.82381], [-36.32574, -6.82671], [-36.31991, -6.8302], [-36.30797, -6.8348], [-36.30667, -6.84078], [-36.30552, -6.84189], [-36.30559, -6.84378], [-36.30577, -6.84457], [-36.30763, -6.8474], [-36.32447, -6.84825], [-36.32861, -6.84695], [-36.32944, -6.84716], [-36.3419, -6.84622], [-36.34181, -6.84555]]]}}, {"type": "Feature", "properties": {"cd_sipra": "PB0092000", "nome_proje": "PA BELO MONTE", "municipio": "CUBATI", "uf": "PB", "area_hecta": "1715.3204", "num_famili": 47}, "geometry": {"type": "Polygon", "coordinates": [[[-36.31716, -6.80826], [-36.32066, -6.80644], [-36.32043, -6.80423], [-36.31437, -6.7945], [-36.31481, -6.79431], [-36.31501, -6.79381], [-36.31454, -6.79279], [-36.31434, -6.79301], [-36.30735, -6.79373], [-36.30336, -6.79905], [-36.2913, -6.80404], [-36.28745, -6.80756], [-36.29031, -6.80959], [-36.29084, -6.80981], [-36.29166, -6.81078], [-36.29498, -6.80955], [-36.29641, -6.80925], [-36.29732, -6.80927], [-36.29839, -6.80968], [-36.31716, -6.80826]]]}}, {"type": "Feature", "properties": {"cd_sipra": "PB0293000", "nome_proje": "PA POÇO VERDE", "municipio": "CASSERENGUE", "uf": "PB", "area_hecta": "299.8736", "num_famili": 10}, "geometry": {"type": "Polygon", "coordinates": [[[-35.90058, -6.74164], [-35.90295, -6.74131], [-35.90416, -6.74068], [-35.90681, -6.7406], [-35.90796, -6.73974], [-35.91097, -6.73661], [-35.91061, -6.73607], [-35.91028, -6.73588], [-35.9057, -6.74011], [-35.90486, -6.73984], [-35.9035, -6.73889], [-35.89085, -6.72657], [-35.88618, -6.73171], [-35.88837, -6.73694], [-35.88755, -6.73778], [-35.88703, -6.73798], [-35.88697, -6.7385], [-35.88624, -6.73918], [-35.88412, -6.74017], [-35.88257, -6.74062], [-35.88447, -6.74246], [-35.88848, -6.74407], [-35.89309, -6.74553], [-35.89306, -6.74678], [-35.89271, -6.74726], [-35.89255, -6.74802], [-35.89208, -6.74882], [-35.89211, -6.74931], [-35.89237, -6.75028], [-35.8945, -6.75085], [-35.89554, -6.75028], [-35.89552, -6.74941], [-35.89607, -6.74938], [-35.89627, -6.74901], [-35.89621, -6.74823], [-35.89812, -6.74536], [-35.89917, -6.74327], [-35.89968, -6.74301], [-35.90058, -6.74164]]]}}, {"type": "Feature", "properties": {"cd_sipra": "PB0165000", "nome_proje": "PA SÃO FRANCISCO III", "municipio": "SOLANEA", "uf": "PB", "area_hecta": "574.0000", "num_famili": 55}, "geometry": {"type": "Polygon", "coordinates": [[[-35.72101, -6.7305], [-35.71478, -6.73517], [-35.71411, -6.73581], [-35.71604, -6.7366], [-35.71695, -6.73757], [-35.71676, -6.73776], [-35.71519, -6.73852], [-35.71093, -6.7391], [-35.70807, -6.74176], [-35.70744, -6.74123], [-35.7056, -6.7431], [-35.70305, -6.74609], [-35.70358, -6.74716], [-35.70094, -6.74644], [-35.70002, -6.7463], [-35.69916, -6.74646], [-35.70035, -6.74799], [-35.70121, -6.7483], [-35.70172, -6.74912], [-35.70242, -6.74873], [-35.70359, -6.75061], [-35.7037, -6.75052], [-35.70468, -6.75287], [-35.70576, -6.75282], [-35.70577, -6.75306], [-35.70327, -6.75413], [-35.7025, -6.75576], [-35.70255, -6.75849], [-35.70297, -6.75912], [-35.70318, -6.75912], [-35.70306, -6.7592], [-35.70405, -6.7593], [-35.70594, -6.75908], [-35.70873, -6.7579], [-35.70949, -6.75505], [-35.71131, -6.75494], [-35.71224, -6.75414], [-35.71217, -6.75369], [-35.71258, -6.7538], [-35.71356, -6.75296], [-35.71407, -6.75425], [-35.71587, -6.75406], [-35.71753, -6.75313], [-35.71865, -6.75311], [-35.72004, -6.75337], [-35.72075, -6.75398], [-35.72126, -6.75519], [-35.72194, -6.75495], [-35.7227, -6.75501], [-35.723, -6.75467], [-35.72327, -6.75383], [-35.72278, -6.75344], [-35.72319, -6.75269], [-35.72383, -6.75231], [-35.72193, -6.75115], [-35.72123, -6.75044], [-35.72004, -6.74707], [-35.71986, -6.7453], [-35.72104, -6.74471], [-35.7221, -6.7439], [-35.72218, -6.74356], [-35.72279, -6.74297], [-35.7222, -6.74233], [-35.72204, -6.74182], [-35.7223, -6.74164], [-35.72086, -6.7399], [-35.72248, -6.73926], [-35.72302, -6.73834], [-35.72302, -6.73779], [-35.72346, -6.73761], [-35.72426, -6.73868], [-35.7249, -6.73839], [-35.7252, -6.73863], [-35.72533, -6.73901], [-35.7267, -6.73936], [-35.72788, -6.73871], [-35.72967, -6.7357], [-35.73089, -6.73657], [-35.73149, -6.73646], [-35.73277, -6.73319], [-35.73342, -6.73218], [-35.73407, -6.73167], [-35.73449, -6.73069], [-35.74076, -6.72192], [-35.74226, -6.72266], [-35.74462, -6.72428], [-35.74549, -6.72515], [-35.74661, -6.72544], [-35.74756, -6.72622], [-35.74785, -6.72626], [-35.74833, -6.72579], [-35.74886, -6.72468], [-35.74817, -6.72346], [-35.74763, -6.72295], [-35.7472, -6.72181], [-35.74593, -6.72076], [-35.74577, -6.72032], [-35.74608, -6.72012], [-35.74562, -6.71949], [-35.74459, -6.71988], [-35.74381, -6.72043], [-35.74128, -6.72169], [-35.739, -6.71914], [-35.7381, -6.71742], [-35.73761, -6.71577], [-35.7384, -6.71549], [-35.73725, -6.71487], [-35.73521, -6.71193], [-35.73416, -6.71204], [-35.73306, -6.71272], [-35.7324, -6.71291], [-35.73241, -6.71311], [-35.73181, -6.71293], [-35.73083, -6.71215], [-35.72959, -6.71145], [-35.72869, -6.71063], [-35.72588, -6.71531], [-35.72464, -6.71708], [-35.72271, -6.71805], [-35.72171, -6.71823], [-35.72015, -6.72016], [-35.71874, -6.72121], [-35.7226, -6.72623], [-35.72206, -6.72643], [-35.7208, -6.72755], [-35.72076, -6.72951], [-35.72101, -6.7305]]]}}, {"type": "Feature", "properties": {"cd_sipra": "PB0135000", "nome_proje": "PA NOSSA SENHORA DO PERPÉTUO SOCORRO", "municipio": "BANANEIRAS", "uf": "PB", "area_hecta": "1642.0320", "num_famili": 53}, "geometry": {"type": "Polygon", "coordinates": [[[-35.68737, -6.67182], [-35.69132, -6.65924], [-35.69047, -6.65759], [-35.69288, -6.65747], [-35.69142, -6.65717], [-35.68355, -6.65948], [-35.68354, -6.66226], [-35.68098, -6.66256], [-35.6774, -6.65951], [-35.67641, -6.6606], [-35.67725, -6.66771], [-35.67559, -6.67096], [-35.68233, -6.67347], [-35.68652, -6.67074], [-35.68737, -6.67182]]]}}, {"type": "Feature", "properties": {"cd_sipra": "PB0073000", "nome_proje": "PA SANTA LÚCIA", "municipio": "ARACAGI", "uf": "PB", "area_hecta": "1041.0000", "num_famili": 98}, "geometry": {"type": "MultiPolygon", "coordinates": [[[[-35.34549, -6.82212], [-35.34556, -6.82269], [-35.34513, -6.82276], [-35.34459, -6.82319], [-35.34243, -6.82291], [-35.34213, -6.82349], [-35.34243, -6.82431], [-35.34223, -6.82436], [-35.34115, -6.82439], [-35.34069, -6.82396], [-35.33973, -6.82362], [-35.33956, -6.82319], [-35.33792, -6.82265], [-35.33679, -6.82183], [-35.33645, -6.8224], [-35.33587, -6.82227], [-35.33301, -6.82304], [-35.33145, -6.82392], [-35.33122, -6.82415], [-35.33114, -6.82464], [-35.33073, -6.82448], [-35.32942, -6.82521], [-35.32888, -6.82536], [-35.32824, -6.82503], [-35.32791, -6.82503], [-35.32774, -6.82534], [-35.32728, -6.82546], [-35.32668, -6.82532], [-35.32656, -6.82587], [-35.32608, -6.82602], [-35.32537, -6.82527], [-35.32501, -6.82526], [-35.32486, -6.82547], [-35.32481, -6.82732], [-35.32496, -6.82788], [-35.32414, -6.82819], [-35.32378, -6.82861], [-35.32489, -6.83068], [-35.32577, -6.83172], [-35.32825, -6.83589], [-35.32834, -6.83707], [-35.33035, -6.83735], [-35.33195, -6.83738], [-35.33652, -6.83847], [-35.33703, -6.83874], [-35.338, -6.83886], [-35.34616, -6.8342], [-35.3494, -6.83257], [-35.3468, -6.82157], [-35.34549, -6.82212]]], [[[-35.34632, -6.83445], [-35.33806, -6.83917], [-35.33731, -6.83908], [-35.33289, -6.83785], [-35.32832, -6.83718], [-35.32862, -6.84096], [-35.32852, -6.84149], [-35.32721, -6.84452], [-35.3251, -6.84814], [-35.32381, -6.85144], [-35.32296, -6.85306], [-35.32142, -6.85438], [-35.32118, -6.85494], [-35.32021, -6.85531], [-35.31931, -6.85653], [-35.31979, -6.85716], [-35.31949, -6.85745], [-35.31841, -6.85751], [-35.31787, -6.85779], [-35.31769, -6.85828], [-35.31803, -6.85923], [-35.32002, -6.86045], [-35.32106, -6.86194], [-35.32299, -6.8628], [-35.32414, -6.86437], [-35.32439, -6.86581], [-35.325, -6.86643], [-35.32718, -6.86593], [-35.33034, -6.86281], [-35.33216, -6.85961], [-35.3339, -6.85787], [-35.33473, -6.85646], [-35.33636, -6.85433], [-35.33978, -6.85044], [-35.34043, -6.85173], [-35.34096, -6.85156], [-35.34181, -6.85155], [-35.34453, -6.8519], [-35.34723, -6.85088], [-35.34781, -6.84958], [-35.34763, -6.84763], [-35.34948, -6.8421], [-35.35297, -6.84181], [-35.35708, -6.83813], [-35.35712, -6.83586], [-35.35662, -6.83412], [-35.35623, -6.8336], [-35.3545, -6.83222], [-35.35267, -6.83156], [-35.35192, -6.83165], [-35.34632, -6.83445]]]]}}, {"type": "Feature", "properties": {"cd_sipra": "PB0297000", "nome_proje": "PA JARDIM", "municipio": "CURRAL DE CIMA", "uf": "PB", "area_hecta": "994.0428", "num_famili": 39}, "geometry": {"type": "Polygon", "coordinates": [[[-35.24459, -6.70009], [-35.24246, -6.69527], [-35.23723, -6.695], [-35.23764, -6.69364], [-35.23441, -6.6924], [-35.23234, -6.6876], [-35.23044, -6.68772], [-35.22917, -6.69076], [-35.22899, -6.69065], [-35.2291, -6.69093], [-35.22709, -6.69593], [-35.22211, -6.69868], [-35.22211, -6.70286], [-35.21528, -6.71276], [-35.21554, -6.71777], [-35.21746, -6.71779], [-35.219, -6.718], [-35.22208, -6.71901], [-35.22538, -6.71972], [-35.22555, -6.71965], [-35.22513, -6.71719], [-35.22542, -6.7162], [-35.22577, -6.71584], [-35.23043, -6.71291], [-35.23426, -6.71104], [-35.23974, -6.70775], [-35.23887, -6.70678], [-35.24718, -6.7025], [-35.24834, -6.70069], [-35.24459, -6.70009]]]}}, {"type": "Feature", "properties": {"cd_sipra": "RN0223000", "nome_proje": "PA JOSÉ RODRIGUES SOBRINHO", "municipio": "NOVA CRUZ", "uf": "RN", "area_hecta": "1931.8939", "num_famili": 60}, "geometry": {"type": "Polygon", "coordinates": [[[-35.33681, -6.43163], [-35.33273, -6.43165], [-35.3327, -6.44641], [-35.33287, -6.45033], [-35.32747, -6.45341], [-35.32814, -6.45784], [-35.33175, -6.45606], [-35.33263, -6.45805], [-35.33263, -6.46534], [-35.33779, -6.46422], [-35.34318, -6.46254], [-35.34356, -6.48836], [-35.34295, -6.49802], [-35.34679, -6.49906], [-35.34776, -6.50029], [-35.35322, -6.50336], [-35.35596, -6.50416], [-35.35687, -6.50417], [-35.35802, -6.50364], [-35.36013, -6.50217], [-35.36169, -6.50167], [-35.36605, -6.50216], [-35.36282, -6.47757], [-35.36109, -6.45616], [-35.36047, -6.44395], [-35.35695, -6.44292], [-35.35573, -6.44299], [-35.35465, -6.44285], [-35.34856, -6.44096], [-35.34863, -6.43227], [-35.34268, -6.43305], [-35.34262, -6.4304], [-35.33681, -6.43163]]]}}, {"type": "Feature", "properties": {"cd_sipra": "PB0181000", "nome_proje": "PA NOSSA SENHORA DAS DORES", "municipio": "CACIMBA DE DENTRO", "uf": "PB", "area_hecta": "133.3983", "num_famili": 16}, "geometry": {"type": "Polygon", "coordinates": [[[-35.7905, -6.61377], [-35.78556, -6.61545], [-35.78075, -6.61881], [-35.78406, -6.62449], [-35.78848, -6.62341], [-35.78852, -6.62321], [-35.79047, -6.6223], [-35.79063, -6.62281], [-35.79124, -6.62243], [-35.79119, -6.62438], [-35.79351, -6.62403], [-35.79608, -6.62195], [-35.79721, -6.62054], [-35.79241, -6.61384], [-35.7905, -6.61377]]]}}, {"type": "Feature", "properties": {"cd_sipra": "PB0180000", "nome_proje": "PA SANTA VERONICA", "municipio": "DAMIAO", "uf": "PB", "area_hecta": "1069.2114", "num_famili": 49}, "geometry": {"type": "Polygon", "coordinates": [[[-35.87478, -6.59225], [-35.87478, -6.59559], [-35.87445, -6.60086], [-35.87556, -6.59096], [-35.87499, -6.59119], [-35.87478, -6.59225]]]}}, {"type": "Feature", "properties": {"cd_sipra": "PB0043000", "nome_proje": "PA VAZANTE", "municipio": "TACIMA", "uf": "PB", "area_hecta": "533.1300", "num_famili": 35}, "geometry": {"type": "Polygon", "coordinates": [[[-35.52515, -6.57426], [-35.52662, -6.57351], [-35.52766, -6.57242], [-35.52784, -6.57117], [-35.53034, -6.56815], [-35.5314, -6.56564], [-35.53181, -6.56508], [-35.53187, -6.56455], [-35.53132, -6.56334], [-35.53168, -6.5614], [-35.53156, -6.5609], [-35.53429, -6.55926], [-35.53532, -6.55827], [-35.53514, -6.55773], [-35.53424, -6.55664], [-35.53214, -6.55152], [-35.53288, -6.55085], [-35.53178, -6.5479], [-35.53213, -6.54634], [-35.53051, -6.5443], [-35.52709, -6.53939], [-35.52546, -6.53738], [-35.52431, -6.53738], [-35.52249, -6.53831], [-35.52188, -6.53842], [-35.51989, -6.53797], [-35.5184, -6.53787], [-35.51802, -6.53801], [-35.51787, -6.5441], [-35.52022, -6.56454], [-35.5205, -6.56521], [-35.51882, -6.56615], [-35.51997, -6.56751], [-35.52077, -6.56914], [-35.52015, -6.56962], [-35.52063, -6.57194], [-35.52197, -6.5732], [-35.52209, -6.57456], [-35.52245, -6.57572], [-35.52341, -6.5755], [-35.52515, -6.57426]]]}}, {"type": "Feature", "properties": {"cd_sipra": "RN0082000", "nome_proje": "PA RONDA", "municipio": "TANGARA", "uf": "RN", "area_hecta": "3209.8606", "num_famili": 102}, "geometry": {"type": "MultiPolygon", "coordinates": [[[[-35.77992, -6.31168], [-35.77657, -6.31369], [-35.77702, -6.3152], [-35.79822, -6.3045], [-35.79794, -6.30397], [-35.77992, -6.31168]]], [[[-35.77949, -6.31701], [-35.78016, -6.31904], [-35.79918, -6.30634], [-35.79879, -6.3056], [-35.788, -6.31245], [-35.77949, -6.31701]]], [[[-35.80423, -6.31901], [-35.8053, -6.32011], [-35.81908, -6.33361], [-35.82537, -6.33808], [-35.82681, -6.3413], [-35.82778, -6.33862], [-35.82046, -6.33386], [-35.80367, -6.31766], [-35.80423, -6.31901]]], [[[-35.83204, -6.35257], [-35.81839, -6.37858], [-35.8189, -6.37951], [-35.83189, -6.35468], [-35.83164, -6.35774], [-35.8195, -6.38057], [-35.81994, -6.38129], [-35.83157, -6.35834], [-35.83154, -6.35892], [-35.84146, -6.35742], [-35.83323, -6.34936], [-35.83016, -6.34372], [-35.82739, -6.3426], [-35.83204, -6.35257]]]]}}, {"type": "Feature", "properties": {"cd_sipra": "PB0138000", "nome_proje": "PA PADRE ASSIS", "municipio": "SOSSEGO", "uf": "PB", "area_hecta": "1400.0000", "num_famili": 40}, "geometry": {"type": "MultiPolygon", "coordinates": [[[[-36.25515, -6.68707], [-36.2573, -6.68781], [-36.25734, -6.68663], [-36.25515, -6.68707]]], [[[-36.25023, -6.68114], [-36.25187, -6.68021], [-36.25301, -6.67983], [-36.25756, -6.67931], [-36.25779, -6.6723], [-36.25594, -6.67016], [-36.25201, -6.67008], [-36.24705, -6.67032], [-36.24988, -6.68397], [-36.2503, -6.68156], [-36.25023, -6.68114]]]]}}, {"type": "Feature", "properties": {"cd_sipra": "RN0019000", "nome_proje": "PA SERIDÓ", "municipio": "SAO JOSE DO SERIDO", "uf": "RN", "area_hecta": "1916.0000", "num_famili": 61}, "geometry": {"type": "Polygon", "coordinates": [[[-36.82506, -6.49024], [-36.82191, -6.48434], [-36.82384, -6.47641], [-36.82634, -6.46907], [-36.82695, -6.46216], [-36.82304, -6.46223], [-36.82268, -6.46358], [-36.82131, -6.46369], [-36.8196, -6.46446], [-36.81832, -6.46473], [-36.81607, -6.47971], [-36.81489, -6.4796], [-36.81135, -6.49975], [-36.81328, -6.50034], [-36.81871, -6.50302], [-36.81913, -6.50274], [-36.81695, -6.50843], [-36.82267, -6.50975], [-36.82264, -6.51297], [-36.82244, -6.51404], [-36.82511, -6.514], [-36.82519, -6.51797], [-36.82716, -6.51778], [-36.82789, -6.53774], [-36.82961, -6.53803], [-36.82963, -6.54172], [-36.83081, -6.54186], [-36.83084, -6.54496], [-36.8317, -6.54413], [-36.83169, -6.57478], [-36.83227, -6.57495], [-36.8324, -6.53788], [-36.83351, -6.53795], [-36.83267, -6.51363], [-36.83365, -6.51256], [-36.83423, -6.51265], [-36.83626, -6.51205], [-36.83562, -6.50853], [-36.83509, -6.50663], [-36.83525, -6.5058], [-36.83595, -6.50491], [-36.83676, -6.50292], [-36.83761, -6.49956], [-36.83633, -6.49748], [-36.8349, -6.49425], [-36.8348, -6.49299], [-36.83466, -6.49283], [-36.8349, -6.48997], [-36.8351, -6.48916], [-36.83775, -6.48921], [-36.84378, -6.4901], [-36.84283, -6.49196], [-36.84529, -6.49499], [-36.84585, -6.49626], [-36.84635, -6.49907], [-36.85118, -6.49999], [-36.85544, -6.50062], [-36.85722, -6.50118], [-36.85832, -6.50095], [-36.8596, -6.50096], [-36.85963, -6.49636], [-36.85861, -6.49443], [-36.85713, -6.49311], [-36.85727, -6.49103], [-36.85493, -6.48993], [-36.85449, -6.48958], [-36.85339, -6.48839], [-36.85284, -6.48726], [-36.85266, -6.48644], [-36.85347, -6.48148], [-36.85376, -6.48084], [-36.85569, -6.47827], [-36.85786, -6.47706], [-36.86074, -6.47696], [-36.86119, -6.47475], [-36.85905, -6.47348], [-36.85929, -6.47175], [-36.85806, -6.46925], [-36.85697, -6.46875], [-36.85338, -6.46916], [-36.8537, -6.46415], [-36.85598, -6.45623], [-36.85566, -6.45591], [-36.85107, -6.45736], [-36.84989, -6.45758], [-36.8495, -6.45818], [-36.84791, -6.45953], [-36.8475, -6.46071], [-36.84369, -6.46179], [-36.84288, -6.46139], [-36.84155, -6.46151], [-36.84189, -6.46716], [-36.82522, -6.49023], [-36.82506, -6.49024]]]}}, {"type": "Feature", "properties": {"cd_sipra": "RN0263000", "nome_proje": "PA ALAGOINHA", "municipio": "CURRAIS NOVOS", "uf": "RN", "area_hecta": "671.7672", "num_famili": 32}, "geometry": {"type": "Polygon", "coordinates": [[[-36.62034, -6.12962], [-36.61222, -6.14052], [-36.61093, -6.14008], [-36.60572, -6.1426], [-36.59621, -6.15112], [-36.58812, -6.15792], [-36.57893, -6.15899], [-36.57885, -6.1631], [-36.57804, -6.16617], [-36.5775, -6.16714], [-36.57756, -6.16736], [-36.57783, -6.16736], [-36.57782, -6.16765], [-36.57755, -6.16765], [-36.57751, -6.1678], [-36.58229, -6.16772], [-36.58251, -6.16736], [-36.58258, -6.16552], [-36.58386, -6.16515], [-36.58412, -6.1657], [-36.58343, -6.16687], [-36.58443, -6.16705], [-36.58482, -6.16679], [-36.58482, -6.16617], [-36.58497, -6.16586], [-36.58644, -6.16582], [-36.58726, -6.16605], [-36.5875, -6.16692], [-36.58718, -6.16787], [-36.592, -6.16466], [-36.60202, -6.15718], [-36.60254, -6.15787], [-36.60296, -6.1578], [-36.60366, -6.15734], [-36.60335, -6.15619], [-36.60648, -6.15391], [-36.61436, -6.14773], [-36.61572, -6.14637], [-36.61562, -6.14601], [-36.62283, -6.14025], [-36.62231, -6.13176], [-36.62268, -6.12796], [-36.62034, -6.12962]]]}}, {"type": "Feature", "properties": {"cd_sipra": "RN0172000", "nome_proje": "PA NOSSA SENHORA DAS VITÓRIAS", "municipio": "FLORANIA", "uf": "RN", "area_hecta": "1083.6310", "num_famili": 22}, "geometry": {"type": "MultiPolygon", "coordinates": [[[[-36.73749, -6.11134], [-36.73755, -6.11136], [-36.73752, -6.1113], [-36.73749, -6.11134]]], [[[-36.72748, -6.13277], [-36.72825, -6.13075], [-36.7271, -6.13055], [-36.72748, -6.13277]]]]}}, {"type": "Feature", "properties": {"cd_sipra": "RN0175000", "nome_proje": "PA JOSÉ MILANÊS", "municipio": "LAGOA NOVA", "uf": "RN", "area_hecta": "2525.0140", "num_famili": 129}, "geometry": {"type": "Polygon", "coordinates": [[[-36.59117, -6.10859], [-36.58698, -6.12579], [-36.58667, -6.12635], [-36.58507, -6.12721], [-36.5825, -6.12715], [-36.57859, -6.13319], [-36.57825, -6.13434], [-36.57835, -6.13639], [-36.57881, -6.13733], [-36.57906, -6.13736], [-36.57933, -6.13778], [-36.57947, -6.13997], [-36.57932, -6.14027], [-36.58005, -6.14514], [-36.57987, -6.15365], [-36.5789, -6.15897], [-36.58807, -6.15789], [-36.59624, -6.15104], [-36.6057, -6.14255], [-36.60838, -6.14104], [-36.60916, -6.14096], [-36.61041, -6.14018], [-36.6109, -6.14004], [-36.61219, -6.14047], [-36.61634, -6.13492], [-36.61498, -6.13336], [-36.61924, -6.11878], [-36.626, -6.08896], [-36.59741, -6.0818], [-36.59117, -6.10859]]]}}, {"type": "Feature", "properties": {"cd_sipra": "RN0109000", "nome_proje": "PA SANTANA", "municipio": "LAGOA NOVA", "uf": "RN", "area_hecta": "744.3500", "num_famili": 47}, "geometry": {"type": "Polygon", "coordinates": [[[-36.57068, -6.11613], [-36.56894, -6.12154], [-36.58779, -6.12588], [-36.58945, -6.11694], [-36.58449, -6.1171], [-36.58514, -6.11195], [-36.59528, -6.07328], [-36.58727, -6.07038], [-36.5779, -6.11535], [-36.57068, -6.11613]]]}}, {"type": "Feature", "properties": {"cd_sipra": "RN0220000", "nome_proje": "PA UIRAPURU", "municipio": "TANGARA", "uf": "RN", "area_hecta": "1640.7108", "num_famili": 52}, "geometry": {"type": "Polygon", "coordinates": [[[-35.76429, -6.23493], [-35.7629, -6.23599], [-35.75792, -6.23871], [-35.75312, -6.24237], [-35.75349, -6.2444], [-35.75453, -6.2469], [-35.76092, -6.25125], [-35.76108, -6.25113], [-35.76142, -6.25146], [-35.76133, -6.25157], [-35.76342, -6.25296], [-35.76359, -6.25276], [-35.76393, -6.25305], [-35.76374, -6.25319], [-35.76956, -6.25695], [-35.76053, -6.2669], [-35.76222, -6.26913], [-35.76849, -6.27066], [-35.77612, -6.26179], [-35.78475, -6.25247], [-35.78442, -6.25172], [-35.76697, -6.26898], [-35.76581, -6.26713], [-35.78361, -6.25133], [-35.78371, -6.25089], [-35.78227, -6.24763], [-35.78399, -6.24556], [-35.78514, -6.2447], [-35.78594, -6.24369], [-35.78744, -6.23742], [-35.79086, -6.2341], [-35.79052, -6.22981], [-35.7836, -6.22317], [-35.77757, -6.22324], [-35.77702, -6.22303], [-35.76429, -6.23493]]]}}, {"type": "Feature", "properties": {"cd_sipra": "RN0316000", "nome_proje": "PA DOM PEDRO II", "municipio": "JANUARIO CICCO", "uf": "RN", "area_hecta": "1396.8120", "num_famili": 38}, "geometry": {"type": "Polygon", "coordinates": [[[-35.63917, -6.15995], [-35.62891, -6.16052], [-35.62889, -6.16135], [-35.61584, -6.15986], [-35.61325, -6.1598], [-35.61133, -6.16014], [-35.61165, -6.16645], [-35.60915, -6.17188], [-35.607, -6.17815], [-35.60515, -6.18501], [-35.60543, -6.18584], [-35.6222, -6.18687], [-35.62362, -6.19894], [-35.62403, -6.19945], [-35.62683, -6.19949], [-35.6427, -6.19901], [-35.64027, -6.1869], [-35.64309, -6.18582], [-35.64367, -6.17465], [-35.64322, -6.16642], [-35.64221, -6.16019], [-35.63917, -6.15995]]]}}, {"type": "Feature", "properties": {"cd_sipra": "RN0122000", "nome_proje": "PA TRÊS CORAÇÕES", "municipio": "SERRA CAIADA", "uf": "RN", "area_hecta": "2956.4000", "num_famili": 117}, "geometry": {"type": "Polygon", "coordinates": [[[-35.7533, -6.08913], [-35.7391, -6.13464], [-35.76215, -6.14069], [-35.76627, -6.12784], [-35.77422, -6.12764], [-35.78237, -6.12575], [-35.78339, -6.12184], [-35.7837, -6.12181], [-35.81116, -6.12893], [-35.82187, -6.1182], [-35.82296, -6.10732], [-35.7533, -6.08913]]]}}, {"type": "Feature", "properties": {"cd_sipra": "RN0315000", "nome_proje": "PA RIACHO DO MEIO", "municipio": "SERRA CAIADA", "uf": "RN", "area_hecta": "1054.3226", "num_famili": 40}, "geometry": {"type": "Polygon", "coordinates": [[[-35.72722, -6.07271], [-35.72436, -6.08155], [-35.76562, -6.0924], [-35.76411, -6.05713], [-35.72722, -6.07271]]]}}, {"type": "Feature", "properties": {"cd_sipra": "RN0092000", "nome_proje": "PA POTENGI", "municipio": "LAGOA DE VELHOS", "uf": "RN", "area_hecta": "8541.5303", "num_famili": 240}, "geometry": {"type": "Polygon", "coordinates": [[[-35.76587, -6.05686], [-35.76638, -6.09224], [-35.82302, -6.10674], [-35.8258, -6.07887], [-35.80535, -6.04332], [-35.79869, -6.04258], [-35.77834, -6.01587], [-35.77344, -6.01479], [-35.76746, -6.04162], [-35.76587, -6.05686]]]}}, {"type": "Feature", "properties": {"cd_sipra": "RN0252000", "nome_proje": "PA MARGARIDA ALVES", "municipio": "MACAIBA", "uf": "RN", "area_hecta": "1109.3590", "num_famili": 76}, "geometry": {"type": "Polygon", "coordinates": [[[-35.48899, -6.00515], [-35.4887, -6.00468], [-35.48687, -6.00427], [-35.48258, -6.00478], [-35.48154, -6.00442], [-35.48004, -6.00473], [-35.47887, -6.00523], [-35.47643, -6.00803], [-35.47278, -6.01146], [-35.46721, -6.01187], [-35.46562, -6.01213], [-35.46149, -6.01184], [-35.461, -6.01772], [-35.48754, -6.02523], [-35.51474, -6.03429], [-35.51764, -6.02566], [-35.50938, -6.01985], [-35.50825, -6.01889], [-35.5064, -6.01611], [-35.50527, -6.01399], [-35.50216, -6.00761], [-35.50054, -6.0037], [-35.49659, -6.00334], [-35.4954, -6.003], [-35.49097, -6.00409], [-35.48899, -6.00515]]]}}, {"type": "Feature", "properties": {"cd_sipra": "RN0320000", "nome_proje": "PA CHICO MENDES III", "municipio": "MACAIBA", "uf": "RN", "area_hecta": "388.2991", "num_famili": 39}, "geometry": {"type": "MultiPolygon", "coordinates": [[[[-35.43798, -6.00489], [-35.44111, -6.01335], [-35.45921, -6.02031], [-35.46036, -6.0196], [-35.46166, -6.01822], [-35.46162, -6.01803], [-35.46093, -6.01774], [-35.46136, -6.01177], [-35.45376, -6.00414], [-35.44809, -6.0055], [-35.44544, -6.00629], [-35.44174, -6.00531], [-35.44015, -6.00436], [-35.43847, -6.00398], [-35.43798, -6.00489]]], [[[-35.44287, -6.01841], [-35.44484, -6.01855], [-35.44623, -6.01842], [-35.45215, -6.02758], [-35.45343, -6.02612], [-35.45413, -6.02462], [-35.45449, -6.02331], [-35.45712, -6.02147], [-35.45919, -6.02032], [-35.44112, -6.01338], [-35.44287, -6.01841]]]]}}, {"type": "Feature", "properties": {"cd_sipra": "RN0317000", "nome_proje": "PA LIBERTAÇÃO", "municipio": "MACAIBA", "uf": "RN", "area_hecta": "377.0528", "num_famili": 31}, "geometry": {"type": "MultiPolygon", "coordinates": [[[[-35.39361, -5.97437], [-35.39987, -5.97793], [-35.40135, -5.97732], [-35.40077, -5.97164], [-35.39361, -5.97437]]], [[[-35.40109, -5.97845], [-35.40186, -5.97871], [-35.40145, -5.97778], [-35.40109, -5.97845]]], [[[-35.40112, -5.97158], [-35.4017, -5.97721], [-35.40233, -5.97893], [-35.40308, -5.97855], [-35.40317, -5.97872], [-35.4052, -5.97806], [-35.40594, -5.97931], [-35.40615, -5.9806], [-35.40474, -5.9811], [-35.40487, -5.98144], [-35.40736, -5.98106], [-35.40786, -5.98067], [-35.40774, -5.98005], [-35.40982, -5.97893], [-35.41008, -5.97892], [-35.41154, -5.97934], [-35.41268, -5.98244], [-35.41705, -5.9828], [-35.41816, -5.98313], [-35.42094, -5.98331], [-35.42258, -5.98392], [-35.42385, -5.98404], [-35.42672, -5.98363], [-35.42855, -5.98313], [-35.42823, -5.98201], [-35.42397, -5.97282], [-35.42327, -5.96994], [-35.42283, -5.97215], [-35.41406, -5.97681], [-35.41215, -5.97442], [-35.41939, -5.97014], [-35.41942, -5.96556], [-35.41863, -5.96479], [-35.40112, -5.97158]]]]}}, {"type": "Feature", "properties": {"cd_sipra": "RN0284000", "nome_proje": "PA QUILOMBO DOS PALMARES II", "municipio": "MACAIBA", "uf": "RN", "area_hecta": "486.8836", "num_famili": 45}, "geometry": {"type": "Polygon", "coordinates": [[[-35.34613, -5.94334], [-35.35081, -5.95334], [-35.38095, -5.95483], [-35.37964, -5.95279], [-35.37758, -5.95032], [-35.37517, -5.94662], [-35.37469, -5.94495], [-35.3733, -5.94246], [-35.36911, -5.93819], [-35.36774, -5.93656], [-35.34613, -5.94334]]]}}, {"type": "Feature", "properties": {"cd_sipra": "RN0202000", "nome_proje": "PA ELDORADO DOS CARAJÁS", "municipio": "MACAIBA", "uf": "RN", "area_hecta": "880.6625", "num_famili": 80}, "geometry": {"type": "Polygon", "coordinates": [[[-35.35928, -5.92499], [-35.35977, -5.92822], [-35.34168, -5.93338], [-35.34377, -5.92954], [-35.34361, -5.9291], [-35.34293, -5.92855], [-35.34234, -5.92835], [-35.3316, -5.94791], [-35.33307, -5.94873], [-35.33744, -5.94094], [-35.34733, -5.94613], [-35.34609, -5.94332], [-35.3677, -5.93654], [-35.36976, -5.9389], [-35.37337, -5.94256], [-35.37454, -5.94466], [-35.37507, -5.94647], [-35.37751, -5.95024], [-35.38035, -5.9481], [-35.38363, -5.94225], [-35.38373, -5.9414], [-35.38321, -5.93972], [-35.38354, -5.93952], [-35.38328, -5.9387], [-35.38516, -5.93811], [-35.38496, -5.93705], [-35.38529, -5.93559], [-35.38563, -5.93535], [-35.38496, -5.93158], [-35.38402, -5.92801], [-35.38155, -5.92173], [-35.35928, -5.92499]]]}}, {"type": "Feature", "properties": {"cd_sipra": "RN0241000", "nome_proje": "PA PASSAGEM DO JUAZEIRO", "municipio": "SENADOR ELOI DE SOUZA", "uf": "RN", "area_hecta": "5121.1492", "num_famili": 178}, "geometry": {"type": "Polygon", "coordinates": [[[-35.73053, -6.00527], [-35.7282, -6.00928], [-35.71867, -6.00539], [-35.70602, -6.0059], [-35.70784, -6.0118], [-35.73278, -6.01102], [-35.73358, -6.01263], [-35.723, -6.01819], [-35.72074, -6.05743], [-35.75807, -6.04187], [-35.75801, -6.03765], [-35.76715, -6.03815], [-35.77014, -6.03813], [-35.77256, -6.03853], [-35.7738, -6.01487], [-35.73053, -6.00527]]]}}, {"type": "Feature", "properties": {"cd_sipra": "RN0313000", "nome_proje": "PA MARIA DAS GRAÇAS II", "municipio": "SENADOR ELOI DE SOUZA", "uf": "RN", "area_hecta": "563.8797", "num_famili": 23}, "geometry": {"type": "Polygon", "coordinates": [[[-35.68758, -5.99231], [-35.69289, -5.99904], [-35.67369, -6.0131], [-35.67389, -6.01372], [-35.67468, -6.01463], [-35.67755, -6.01638], [-35.67867, -6.01815], [-35.6794, -6.01882], [-35.67943, -6.01949], [-35.67923, -6.01964], [-35.68021, -6.02244], [-35.68122, -6.02916], [-35.68324, -6.0295], [-35.68474, -6.0303], [-35.68598, -6.02928], [-35.68635, -6.02939], [-35.68696, -6.02886], [-35.68647, -6.0286], [-35.68678, -6.02766], [-35.68668, -6.02713], [-35.68583, -6.02653], [-35.68429, -6.02591], [-35.68779, -6.02235], [-35.69373, -6.01718], [-35.69282, -6.01587], [-35.69915, -6.0103], [-35.69643, -6.00611], [-35.6989, -5.99633], [-35.68812, -5.99193], [-35.68758, -5.99231]]]}}, {"type": "Feature", "properties": {"cd_sipra": "RN0307000", "nome_proje": "PA PEQUENA VANESSA", "municipio": "SENADOR ELOI DE SOUZA", "uf": "RN", "area_hecta": "879.5826", "num_famili": 24}, "geometry": {"type": "Polygon", "coordinates": [[[-35.66217, -6.00493], [-35.6655, -6.00667], [-35.67181, -6.00729], [-35.67401, -6.00843], [-35.66799, -6.03005], [-35.67253, -6.02983], [-35.6769, -6.02943], [-35.67912, -6.02906], [-35.68123, -6.02917], [-35.68023, -6.02251], [-35.67923, -6.01965], [-35.67944, -6.01951], [-35.67941, -6.01884], [-35.67866, -6.01817], [-35.67755, -6.01639], [-35.67468, -6.01465], [-35.6739, -6.01375], [-35.67369, -6.01311], [-35.6929, -5.99905], [-35.6876, -5.99231], [-35.68814, -5.99193], [-35.67017, -5.9846], [-35.66217, -6.00493]]]}}, {"type": "Feature", "properties": {"cd_sipra": "RN0251000", "nome_proje": "PA ZUMBI DOS PALMARES", "municipio": "MACAIBA", "uf": "RN", "area_hecta": "289.0893", "num_famili": 8}, "geometry": {"type": "Polygon", "coordinates": [[[-35.50931, -5.97036], [-35.50328, -5.98378], [-35.50156, -5.99106], [-35.50023, -6.00133], [-35.50127, -6.00238], [-35.50215, -6.00155], [-35.5032, -6.00189], [-35.5044, -6.00259], [-35.50781, -6.00177], [-35.50864, -5.99438], [-35.51016, -5.98651], [-35.5156, -5.96563], [-35.50931, -5.97036]]]}}, {"type": "Feature", "properties": {"cd_sipra": "RN0177000", "nome_proje": "PA BELA VISTA", "municipio": "SAO PEDRO", "uf": "RN", "area_hecta": "691.3077", "num_famili": 20}, "geometry": {"type": "Polygon", "coordinates": [[[-35.68283, -5.90616], [-35.67542, -5.93898], [-35.67302, -5.94659], [-35.66724, -5.97122], [-35.67026, -5.97204], [-35.67152, -5.97274], [-35.67348, -5.97449], [-35.67461, -5.9697], [-35.67524, -5.96974], [-35.67762, -5.95989], [-35.6769, -5.95992], [-35.68737, -5.91747], [-35.6868, -5.90682], [-35.68538, -5.90637], [-35.68283, -5.90616]]]}}, {"type": "Feature", "properties": {"cd_sipra": "RN0224000", "nome_proje": "PA CARACAXÁ", "municipio": "MACAIBA", "uf": "RN", "area_hecta": "821.7185", "num_famili": 59}, "geometry": {"type": "Polygon", "coordinates": [[[-35.50323, -5.94525], [-35.50776, -5.94316], [-35.50703, -5.94226], [-35.50359, -5.9425], [-35.5013, -5.93974], [-35.50616, -5.93709], [-35.50892, -5.93794], [-35.50928, -5.93836], [-35.51046, -5.93798], [-35.50798, -5.93376], [-35.50677, -5.93443], [-35.50588, -5.93451], [-35.50492, -5.926], [-35.49279, -5.92647], [-35.48722, -5.92252], [-35.47902, -5.90171], [-35.4764, -5.90231], [-35.47698, -5.91075], [-35.47534, -5.91071], [-35.47524, -5.90933], [-35.47364, -5.90948], [-35.47381, -5.9124], [-35.47216, -5.91237], [-35.47195, -5.90893], [-35.46869, -5.90872], [-35.46977, -5.92846], [-35.4699, -5.92849], [-35.46863, -5.93197], [-35.47732, -5.93568], [-35.4806, -5.93046], [-35.49055, -5.93426], [-35.49767, -5.94192], [-35.50323, -5.94525]]]}}, {"type": "Feature", "properties": {"cd_sipra": "RN0162000", "nome_proje": "PA JOSÉ COELHO SILVA", "municipio": "MACAIBA", "uf": "RN", "area_hecta": "1220.9823", "num_famili": 69}, "geometry": {"type": "Polygon", "coordinates": [[[-35.47595, -5.88771], [-35.47526, -5.8875], [-35.47637, -5.9023], [-35.479, -5.9017], [-35.48719, -5.92252], [-35.49276, -5.92646], [-35.50489, -5.92599], [-35.50468, -5.92152], [-35.51473, -5.92547], [-35.51792, -5.9113], [-35.51492, -5.91018], [-35.51397, -5.90959], [-35.51029, -5.90599], [-35.50851, -5.90469], [-35.50594, -5.90222], [-35.50245, -5.8981], [-35.50161, -5.89745], [-35.49787, -5.8956], [-35.49374, -5.8913], [-35.49319, -5.89089], [-35.4913, -5.89031], [-35.49075, -5.89209], [-35.48816, -5.89131], [-35.48868, -5.88954], [-35.47647, -5.886], [-35.47595, -5.88771]]]}}, {"type": "Feature", "properties": {"cd_sipra": "RN0084000", "nome_proje": "PA PEDRA BRANCA", "municipio": "SAO PAULO DO POTENGI", "uf": "RN", "area_hecta": "1221.5362", "num_famili": 39}, "geometry": {"type": "Polygon", "coordinates": [[[-35.7949, -5.84906], [-35.78717, -5.83196], [-35.76881, -5.83401], [-35.76653, -5.84486], [-35.7622, -5.84723], [-35.75867, -5.86397], [-35.76321, -5.86188], [-35.76585, -5.86413], [-35.77379, -5.86297], [-35.77614, -5.86102], [-35.78625, -5.85898], [-35.79032, -5.85621], [-35.78811, -5.85046], [-35.7949, -5.84906]]]}}, {"type": "Feature", "properties": {"cd_sipra": "RN0120000", "nome_proje": "PA LAGOA NOVA I", "municipio": "RIACHUELO", "uf": "RN", "area_hecta": "7234.1934", "num_famili": 237}, "geometry": {"type": "Polygon", "coordinates": [[[-35.76396, -5.77213], [-35.77128, -5.78269], [-35.77859, -5.79113], [-35.77901, -5.79241], [-35.7771, -5.71639], [-35.76609, -5.72106], [-35.76026, -5.77083], [-35.76396, -5.77213]]]}}, {"type": "Feature", "properties": {"cd_sipra": "RN0206000", "nome_proje": "PA SANTA MARIA II", "municipio": "SAO PAULO DO POTENGI", "uf": "RN", "area_hecta": "368.4900", "num_famili": 14}, "geometry": {"type": "Polygon", "coordinates": [[[-35.747, -5.74299], [-35.74987, -5.7527], [-35.74951, -5.76171], [-35.75005, -5.76202], [-35.75045, -5.76255], [-35.75515, -5.76656], [-35.75705, -5.76425], [-35.75926, -5.76313], [-35.76132, -5.76341], [-35.7642, -5.73862], [-35.747, -5.74299]]]}}, {"type": "Feature", "properties": {"cd_sipra": "RN0121000", "nome_proje": "PA LAGOA NOVA II", "municipio": "IELMO MARINHO", "uf": "RN", "area_hecta": "1277.0000", "num_famili": 58}, "geometry": {"type": "MultiPolygon", "coordinates": [[[[-35.65154, -5.74338], [-35.65042, -5.74378], [-35.65027, -5.74337], [-35.64801, -5.75257], [-35.65369, -5.74979], [-35.65154, -5.74338]]], [[[-35.65964, -5.73559], [-35.65891, -5.7348], [-35.65159, -5.73803], [-35.65089, -5.74087], [-35.65964, -5.73626], [-35.65964, -5.73559]]], [[[-35.6557, -5.72859], [-35.65336, -5.73085], [-35.65207, -5.7361], [-35.65737, -5.7309], [-35.6557, -5.72859]]]]}}, {"type": "Feature", "properties": {"cd_sipra": "RN0285000", "nome_proje": "PA BERNARDO MARIM", "municipio": "PUREZA", "uf": "RN", "area_hecta": "1228.0458", "num_famili": 47}, "geometry": {"type": "MultiPolygon", "coordinates": [[[[-35.5833, -5.47673], [-35.58378, -5.47792], [-35.58555, -5.47764], [-35.58441, -5.47375], [-35.58677, -5.47271], [-35.58486, -5.46676], [-35.58117, -5.46775], [-35.58045, -5.46573], [-35.57855, -5.46641], [-35.58305, -5.47512], [-35.58271, -5.47526], [-35.58299, -5.47594], [-35.57924, -5.47784], [-35.57911, -5.47688], [-35.57658, -5.47682], [-35.57571, -5.47489], [-35.57479, -5.4753], [-35.57566, -5.47692], [-35.57514, -5.47762], [-35.57599, -5.47993], [-35.57469, -5.48045], [-35.57542, -5.48111], [-35.57503, -5.48136], [-35.5771, -5.484], [-35.57964, -5.48386], [-35.58333, -5.48399], [-35.58312, -5.47681], [-35.5833, -5.47673]]], [[[-35.58517, -5.49414], [-35.585, -5.49353], [-35.58245, -5.49402], [-35.58207, -5.48891], [-35.58354, -5.48838], [-35.58328, -5.4863], [-35.58284, -5.48508], [-35.5827, -5.48416], [-35.57975, -5.48411], [-35.57488, -5.48436], [-35.57547, -5.48759], [-35.57676, -5.49712], [-35.57403, -5.49715], [-35.57751, -5.49899], [-35.58156, -5.49588], [-35.58473, -5.49571], [-35.58626, -5.49365], [-35.58623, -5.49352], [-35.58517, -5.49414]]]]}}, {"type": "Feature", "properties": {"cd_sipra": "RN0091000", "nome_proje": "PA CANAFÍSTULA", "municipio": "PUREZA", "uf": "RN", "area_hecta": "2357.8130", "num_famili": 67}, "geometry": {"type": "MultiPolygon", "coordinates": [[[[-35.58517, -5.43598], [-35.58879, -5.44806], [-35.59573, -5.44677], [-35.62129, -5.4404], [-35.62213, -5.44031], [-35.62837, -5.4407], [-35.62748, -5.43767], [-35.61748, -5.44102], [-35.61536, -5.4252], [-35.58517, -5.43598]]], [[[-35.62214, -5.44042], [-35.62131, -5.44051], [-35.59599, -5.44684], [-35.58882, -5.44818], [-35.59156, -5.45718], [-35.6005, -5.45291], [-35.60787, -5.45833], [-35.60905, -5.46657], [-35.61099, -5.48968], [-35.61503, -5.49017], [-35.61954, -5.48924], [-35.6233, -5.49007], [-35.62773, -5.4898], [-35.62357, -5.46474], [-35.63622, -5.46001], [-35.6385, -5.45897], [-35.64197, -5.45482], [-35.64086, -5.45001], [-35.6356, -5.45168], [-35.63189, -5.45337], [-35.62836, -5.44085], [-35.62214, -5.44042]]], [[[-35.62328, -5.49043], [-35.61954, -5.4896], [-35.61504, -5.49053], [-35.61098, -5.49007], [-35.61108, -5.49122], [-35.61159, -5.49102], [-35.62564, -5.49226], [-35.628, -5.49145], [-35.62779, -5.49016], [-35.62328, -5.49043]]]]}}, {"type": "Feature", "properties": {"cd_sipra": "RN0205000", "nome_proje": "PA SÃO LUIS", "municipio": "PUREZA", "uf": "RN", "area_hecta": "729.1510", "num_famili": 22}, "geometry": {"type": "MultiPolygon", "coordinates": [[[[-35.7254, -5.43177], [-35.72637, -5.45867], [-35.73215, -5.45755], [-35.73603, -5.45626], [-35.73513, -5.42841], [-35.7254, -5.43177]]], [[[-35.73225, -5.4579], [-35.72634, -5.45904], [-35.72636, -5.45975], [-35.73508, -5.45759], [-35.73609, -5.45796], [-35.73605, -5.45662], [-35.73225, -5.4579]]]]}}, {"type": "Feature", "properties": {"cd_sipra": "RN0303000", "nome_proje": "PA CHICO SANTANA", "municipio": "JOAO CAMARA", "uf": "RN", "area_hecta": "1081.1669", "num_famili": 32}, "geometry": {"type": "MultiPolygon", "coordinates": [[[[-35.74768, -5.45177], [-35.75109, -5.45137], [-35.74997, -5.44549], [-35.7486, -5.44603], [-35.74252, -5.43184], [-35.74682, -5.43063], [-35.74324, -5.42564], [-35.73513, -5.42841], [-35.73603, -5.45626], [-35.74285, -5.45398], [-35.74768, -5.45177]]], [[[-35.75111, -5.45173], [-35.74776, -5.45212], [-35.74321, -5.45424], [-35.73605, -5.45662], [-35.73609, -5.45796], [-35.74024, -5.45947], [-35.74601, -5.458], [-35.75099, -5.45921], [-35.75144, -5.45884], [-35.75111, -5.45173]]]]}}, {"type": "Feature", "properties": {"cd_sipra": "RN0246000", "nome_proje": "PA MEU RANCHO", "municipio": "PUREZA", "uf": "RN", "area_hecta": "1918.2792", "num_famili": 53}, "geometry": {"type": "Polygon", "coordinates": [[[-35.65073, -5.43406], [-35.65601, -5.43161], [-35.65156, -5.42375], [-35.64882, -5.41604], [-35.64584, -5.41673], [-35.63704, -5.40949], [-35.609, -5.40574], [-35.58809, -5.42514], [-35.5953, -5.4322], [-35.61542, -5.42509], [-35.61753, -5.44093], [-35.62745, -5.43757], [-35.62834, -5.44059], [-35.63037, -5.44061], [-35.63401, -5.44203], [-35.63535, -5.44219], [-35.63731, -5.44824], [-35.65331, -5.44218], [-35.65073, -5.43406]]]}}, {"type": "Feature", "properties": {"cd_sipra": "RN0102000", "nome_proje": "PA QUILOMBO DOS PALMARES", "municipio": "TOUROS", "uf": "RN", "area_hecta": "7740.2101", "num_famili": 267}, "geometry": {"type": "Polygon", "coordinates": [[[-35.68125, -5.3638], [-35.68001, -5.36167], [-35.67247, -5.35635], [-35.65186, -5.37276], [-35.64483, -5.36839], [-35.62003, -5.38517], [-35.61749, -5.38916], [-35.64599, -5.41646], [-35.67268, -5.41188], [-35.67338, -5.41709], [-35.67858, -5.41487], [-35.68137, -5.41023], [-35.68407, -5.41136], [-35.69123, -5.4032], [-35.69233, -5.40376], [-35.69703, -5.41548], [-35.7103, -5.41363], [-35.72171, -5.4326], [-35.72607, -5.43048], [-35.7262, -5.43154], [-35.74359, -5.42543], [-35.74092, -5.42078], [-35.73814, -5.41713], [-35.73684, -5.41367], [-35.73527, -5.41093], [-35.73369, -5.40774], [-35.73409, -5.40765], [-35.71888, -5.38924], [-35.68407, -5.36455], [-35.68276, -5.36509], [-35.68125, -5.3638]]]}}, {"type": "Feature", "properties": {"cd_sipra": "RN0298000", "nome_proje": "PA PAULO FREIRE III", "municipio": "PUREZA", "uf": "RN", "area_hecta": "2962.5572", "num_famili": 55}, "geometry": {"type": "MultiPolygon", "coordinates": [[[[-35.55782, -5.31934], [-35.55345, -5.32297], [-35.55373, -5.32431], [-35.55927, -5.32138], [-35.55782, -5.31934]]], [[[-35.57676, -5.37039], [-35.59578, -5.36316], [-35.58283, -5.33946], [-35.57921, -5.33921], [-35.58012, -5.3277], [-35.57289, -5.32858], [-35.56666, -5.33149], [-35.55934, -5.32147], [-35.55377, -5.32442], [-35.55621, -5.33571], [-35.55326, -5.33583], [-35.55515, -5.3409], [-35.56185, -5.35668], [-35.54189, -5.36208], [-35.54479, -5.37094], [-35.54519, -5.37173], [-35.57676, -5.37039]]], [[[-35.51702, -5.37818], [-35.52905, -5.37079], [-35.53925, -5.37185], [-35.54491, -5.37174], [-35.54262, -5.36464], [-35.4758, -5.36061], [-35.49835, -5.3892], [-35.51702, -5.37818]]]]}}, {"type": "Feature", "properties": {"cd_sipra": "RN0108000", "nome_proje": "PA PAU D'ARCO", "municipio": "CARNAUBAIS", "uf": "RN", "area_hecta": "1171.3000", "num_famili": 28}, "geometry": {"type": "Polygon", "coordinates": [[[-37.07006, -5.29385], [-37.07016, -5.29349], [-37.06255, -5.29384], [-37.07006, -5.29385]]]}}, {"type": "Feature", "properties": {"cd_sipra": "RN0180000", "nome_proje": "PA CÍCERO ANSELMO", "municipio": "SANTANA DO MATOS", "uf": "RN", "area_hecta": "455.6194", "num_famili": 22}, "geometry": {"type": "Polygon", "coordinates": [[[-36.59744, -6.0818], [-36.62601, -6.08895], [-36.62693, -6.08474], [-36.59908, -6.07466], [-36.59744, -6.0818]]]}}, {"type": "Feature", "properties": {"cd_sipra": "RN0225000", "nome_proje": "PA SANTA CLARA II", "municipio": "CERRO CORA", "uf": "RN", "area_hecta": "3267.6880", "num_famili": 166}, "geometry": {"type": "Polygon", "coordinates": [[[-36.35339, -6.0251], [-36.35383, -6.02502], [-36.35336, -6.02751], [-36.35268, -6.02784], [-36.34911, -6.0305], [-36.34833, -6.03273], [-36.3485, -6.03331], [-36.34917, -6.03437], [-36.34862, -6.03474], [-36.34874, -6.03504], [-36.34797, -6.03553], [-36.348, -6.03567], [-36.34758, -6.03571], [-36.34801, -6.0364], [-36.34797, -6.03696], [-36.3477, -6.03694], [-36.34743, -6.03968], [-36.3497, -6.03863], [-36.35042, -6.03845], [-36.35031, -6.03728], [-36.349, -6.03545], [-36.35995, -6.03183], [-36.3584, -6.0344], [-36.35679, -6.04135], [-36.35656, -6.04327], [-36.35547, -6.04242], [-36.35471, -6.04295], [-36.35483, -6.04494], [-36.35602, -6.04489], [-36.35665, -6.04614], [-36.35732, -6.04794], [-36.35734, -6.0503], [-36.35748, -6.05024], [-36.36598, -6.0554], [-36.36503, -6.0557], [-36.36457, -6.05594], [-36.36457, -6.05611], [-36.37566, -6.06254], [-36.3744, -6.07113], [-36.37091, -6.07311], [-36.37004, -6.07327], [-36.36839, -6.07203], [-36.36187, -6.06227], [-36.36237, -6.062], [-36.36033, -6.05767], [-36.35862, -6.05662], [-36.35869, -6.05641], [-36.35778, -6.05585], [-36.35701, -6.05681], [-36.35461, -6.05489], [-36.35414, -6.05536], [-36.34902, -6.04975], [-36.349, -6.04938], [-36.34877, -6.04925], [-36.34327, -6.05414], [-36.34454, -6.05961], [-36.34732, -6.0747], [-36.32877, -6.08025], [-36.29974, -6.08863], [-36.30728, -6.10242], [-36.31261, -6.10176], [-36.32438, -6.10255], [-36.32744, -6.10488], [-36.32833, -6.10342], [-36.33195, -6.10341], [-36.33323, -6.10278], [-36.33325, -6.10262], [-36.33506, -6.10216], [-36.33505, -6.10185], [-36.34305, -6.09752], [-36.34438, -6.09661], [-36.34593, -6.09599], [-36.34765, -6.09571], [-36.34847, -6.09517], [-36.35455, -6.09594], [-36.35584, -6.0967], [-36.35719, -6.09668], [-36.36118, -6.08475], [-36.37548, -6.08697], [-36.38714, -6.07726], [-36.38903, -6.07777], [-36.38976, -6.07507], [-36.39173, -6.0613], [-36.39559, -6.0474], [-36.37822, -6.05202], [-36.37784, -6.05035], [-36.37548, -6.05045], [-36.3732, -6.04983], [-36.37022, -6.04797], [-36.36867, -6.04725], [-36.36689, -6.04475], [-36.36515, -6.04601], [-36.36442, -6.0455], [-36.36258, -6.04667], [-36.36109, -6.04318], [-36.36129, -6.04293], [-36.36157, -6.04174], [-36.36143, -6.03894], [-36.3616, -6.03658], [-36.36207, -6.03624], [-36.35977, -6.03224], [-36.36205, -6.02865], [-36.36187, -6.02871], [-36.36173, -6.02823], [-36.36485, -6.02439], [-36.36859, -6.02313], [-36.36745, -6.02098], [-36.36631, -6.02259], [-36.36358, -6.02375], [-36.36219, -6.01423], [-36.36132, -6.01408], [-36.35889, -6.01275], [-36.35548, -6.01186], [-36.35339, -6.0251]]]}}, {"type": "Feature", "properties": {"cd_sipra": "RN0176000", "nome_proje": "PA SERRANO", "municipio": "LAGOA NOVA", "uf": "RN", "area_hecta": "1000.0000", "num_famili": 68}, "geometry": {"type": "Polygon", "coordinates": [[[-36.51591, -6.04693], [-36.51301, -6.04681], [-36.51276, -6.04571], [-36.51471, -6.04456], [-36.52276, -6.04174], [-36.52361, -6.03602], [-36.52264, -6.03251], [-36.52056, -6.0277], [-36.52023, -6.02589], [-36.51868, -6.02327], [-36.51822, -6.02143], [-36.51791, -6.02122], [-36.51565, -6.02117], [-36.51423, -6.01926], [-36.5138, -6.01923], [-36.51058, -6.01989], [-36.50793, -6.01936], [-36.50794, -6.02242], [-36.50527, -6.02273], [-36.50569, -6.02404], [-36.51408, -6.02289], [-36.51677, -6.03474], [-36.51518, -6.03724], [-36.50837, -6.0388], [-36.50821, -6.03942], [-36.50721, -6.04089], [-36.50742, -6.04234], [-36.50864, -6.04484], [-36.509, -6.04663], [-36.50379, -6.04642], [-36.49672, -6.06963], [-36.49729, -6.06963], [-36.51992, -6.07673], [-36.52717, -6.05205], [-36.51916, -6.05423], [-36.51591, -6.04693]]]}}, {"type": "Feature", "properties": {"cd_sipra": "RN0133000", "nome_proje": "PA JATUARANA", "municipio": "BODO", "uf": "RN", "area_hecta": "1286.8268", "num_famili": 50}, "geometry": {"type": "Polygon", "coordinates": [[[-36.44908, -5.9811], [-36.44895, -5.98155], [-36.44799, -5.98214], [-36.4536, -5.98968], [-36.45394, -5.99669], [-36.45544, -5.99665], [-36.45659, -5.99567], [-36.46383, -6.00452], [-36.46161, -6.00372], [-36.46058, -6.00298], [-36.45874, -6.00589], [-36.45556, -6.00866], [-36.45763, -6.01697], [-36.48541, -6.00759], [-36.48619, -6.01003], [-36.48692, -6.0096], [-36.48927, -6.00912], [-36.48982, -6.00852], [-36.49045, -6.00818], [-36.4921, -6.00603], [-36.49333, -5.99825], [-36.49293, -5.99685], [-36.49424, -5.99214], [-36.49262, -5.98931], [-36.49105, -5.99005], [-36.48968, -5.98732], [-36.48786, -5.9851], [-36.48415, -5.98254], [-36.48293, -5.98377], [-36.48238, -5.98479], [-36.48109, -5.98601], [-36.48082, -5.98694], [-36.48034, -5.98782], [-36.47939, -5.98898], [-36.47801, -5.98927], [-36.47563, -5.99041], [-36.47539, -5.99129], [-36.47388, -5.99274], [-36.47342, -5.99298], [-36.47228, -5.99303], [-36.47171, -5.99324], [-36.47085, -5.99525], [-36.4708, -5.99605], [-36.46974, -5.99715], [-36.46852, -5.99739], [-36.46816, -5.99766], [-36.46706, -5.99747], [-36.46693, -5.99853], [-36.46718, -5.99897], [-36.46695, -5.99977], [-36.46687, -6.00134], [-36.45668, -5.99561], [-36.45853, -5.9942], [-36.45837, -5.99347], [-36.45895, -5.99178], [-36.46047, -5.99107], [-36.46071, -5.99036], [-36.46133, -5.98986], [-36.46363, -5.98686], [-36.46401, -5.98598], [-36.46548, -5.98515], [-36.46624, -5.98504], [-36.46667, -5.98464], [-36.46751, -5.98447], [-36.46873, -5.98387], [-36.47026, -5.98259], [-36.47137, -5.98111], [-36.47169, -5.98098], [-36.47218, -5.98011], [-36.47229, -5.97926], [-36.47118, -5.97801], [-36.47066, -5.97646], [-36.4696, -5.97664], [-36.46813, -5.97652], [-36.46696, -5.97313], [-36.45146, -5.96741], [-36.44966, -5.98068], [-36.44908, -5.9811]]]}}, {"type": "Feature", "properties": {"cd_sipra": "RN0187000", "nome_proje": "PA SÃO FRANCISCO", "municipio": "CERRO CORA", "uf": "RN", "area_hecta": "702.2589", "num_famili": 30}, "geometry": {"type": "Polygon", "coordinates": [[[-36.30259, -5.97711], [-36.30411, -5.97941], [-36.30678, -5.9882], [-36.30954, -5.98668], [-36.31286, -5.98518], [-36.31958, -5.99626], [-36.32485, -5.99477], [-36.32478, -5.99415], [-36.32547, -5.99203], [-36.32952, -5.99042], [-36.32983, -5.99079], [-36.33143, -5.99066], [-36.33262, -5.99087], [-36.33351, -5.99076], [-36.33197, -5.98832], [-36.33286, -5.98827], [-36.33482, -5.98862], [-36.33612, -5.98956], [-36.33785, -5.99014], [-36.33921, -5.98571], [-36.3396, -5.98268], [-36.33985, -5.98153], [-36.34006, -5.98143], [-36.33828, -5.97659], [-36.32956, -5.97573], [-36.3283, -5.97539], [-36.3226, -5.97523], [-36.30554, -5.97323], [-36.30259, -5.97711]]]}}, {"type": "Feature", "properties": {"cd_sipra": "CE0219000", "nome_proje": "PA BORGES", "municipio": "JAGUARETAMA", "uf": "CE", "area_hecta": "1472.8677", "num_famili": 29}, "geometry": {"type": "Polygon", "coordinates": [[[-38.76498, -5.67715], [-38.7631, -5.68409], [-38.76057, -5.6834], [-38.7574, -5.69494], [-38.7568, -5.69492], [-38.75665, -5.69758], [-38.75576, -5.69733], [-38.75512, -5.69774], [-38.7552, -5.71866], [-38.75779, -5.71855], [-38.75812, -5.7202], [-38.75893, -5.72284], [-38.76021, -5.72582], [-38.76329, -5.72732], [-38.76504, -5.72736], [-38.76562, -5.72719], [-38.7682, -5.72575], [-38.76859, -5.72574], [-38.77136, -5.72684], [-38.77334, -5.72713], [-38.77514, -5.72795], [-38.77558, -5.72797], [-38.77679, -5.72847], [-38.78024, -5.72776], [-38.78171, -5.72781], [-38.78338, -5.72911], [-38.78492, -5.72962], [-38.78541, -5.72958], [-38.78647, -5.7163], [-38.77827, -5.71286], [-38.78086, -5.70616], [-38.78398, -5.70011], [-38.78469, -5.69797], [-38.78562, -5.69683], [-38.78498, -5.69545], [-38.78474, -5.69429], [-38.78494, -5.69381], [-38.78466, -5.69309], [-38.78202, -5.69223], [-38.78158, -5.69178], [-38.78066, -5.69167], [-38.77792, -5.69073], [-38.77681, -5.69069], [-38.77635, -5.69037], [-38.77855, -5.68465], [-38.77856, -5.68249], [-38.7794, -5.68046], [-38.77623, -5.68038], [-38.77576, -5.67674], [-38.7708, -5.67671], [-38.76498, -5.67715]]]}}, {"type": "Feature", "properties": {"cd_sipra": "CE0252000", "nome_proje": "PA SANTA BÁRBARA II", "municipio": "JAGUARETAMA", "uf": "CE", "area_hecta": "4119.7431", "num_famili": 162}, "geometry": {"type": "Polygon", "coordinates": [[[-38.8647, -5.55269], [-38.86126, -5.55475], [-38.85781, -5.55625], [-38.85231, -5.55722], [-38.85189, -5.56034], [-38.85002, -5.55963], [-38.83772, -5.59146], [-38.84666, -5.58922], [-38.84655, -5.59025], [-38.8468, -5.59137], [-38.8467, -5.59259], [-38.84698, -5.59458], [-38.84762, -5.59537], [-38.84883, -5.59537], [-38.8488, -5.59625], [-38.84953, -5.59668], [-38.85038, -5.59659], [-38.85102, -5.5957], [-38.85127, -5.59442], [-38.85124, -5.59131], [-38.85428, -5.59125], [-38.85543, -5.59186], [-38.8554, -5.59222], [-38.85303, -5.59308], [-38.85297, -5.59454], [-38.85254, -5.59601], [-38.85132, -5.59782], [-38.8523, -5.59871], [-38.85229, -5.60045], [-38.85394, -5.60097], [-38.85391, -5.60148], [-38.84261, -5.59733], [-38.84009, -5.59927], [-38.84284, -5.6016], [-38.84253, -5.61178], [-38.85221, -5.61249], [-38.85222, -5.61453], [-38.86132, -5.61826], [-38.86528, -5.61316], [-38.86743, -5.61366], [-38.87215, -5.58983], [-38.87311, -5.59119], [-38.87331, -5.59194], [-38.8732, -5.59225], [-38.87423, -5.59439], [-38.87439, -5.59508], [-38.8744, -5.59652], [-38.87474, -5.59686], [-38.87538, -5.59715], [-38.8761, -5.597], [-38.87633, -5.59639], [-38.88055, -5.57261], [-38.87981, -5.5724], [-38.88092, -5.56682], [-38.89449, -5.56549], [-38.8945, -5.56471], [-38.87459, -5.55444], [-38.87242, -5.55386], [-38.86519, -5.5526], [-38.8647, -5.55269]]]}}, {"type": "Feature", "properties": {"cd_sipra": "CE0047000", "nome_proje": "PA GUANABARA", "municipio": "JAGUARETAMA", "uf": "CE", "area_hecta": "3789.8225", "num_famili": 81}, "geometry": {"type": "Polygon", "coordinates": [[[-38.79412, -5.49823], [-38.79393, -5.49857], [-38.7926, -5.49934], [-38.79086, -5.49977], [-38.79089, -5.50038], [-38.79122, -5.50065], [-38.79091, -5.5019], [-38.79109, -5.50207], [-38.79134, -5.50329], [-38.7913, -5.5042], [-38.79101, -5.50441], [-38.79084, -5.50498], [-38.79088, -5.50568], [-38.79109, -5.5075], [-38.79185, -5.50801], [-38.79159, -5.50849], [-38.79221, -5.50943], [-38.792, -5.50991], [-38.79011, -5.50946], [-38.78792, -5.50928], [-38.78596, -5.50951], [-38.786, -5.5084], [-38.78458, -5.50813], [-38.78411, -5.51057], [-38.78424, -5.51127], [-38.78557, -5.51407], [-38.78575, -5.51413], [-38.78654, -5.51665], [-38.78577, -5.51992], [-38.78574, -5.52333], [-38.7863, -5.52648], [-38.78612, -5.53116], [-38.78627, -5.53271], [-38.7871, -5.53442], [-38.78723, -5.53665], [-38.78877, -5.53749], [-38.79575, -5.53549], [-38.81246, -5.56718], [-38.80801, -5.58367], [-38.80574, -5.59148], [-38.80754, -5.59214], [-38.80883, -5.59189], [-38.80989, -5.59195], [-38.81084, -5.59143], [-38.812, -5.5915], [-38.81336, -5.59218], [-38.81406, -5.59204], [-38.81681, -5.59024], [-38.81952, -5.58978], [-38.82028, -5.58949], [-38.82059, -5.58981], [-38.82128, -5.58985], [-38.82219, -5.59121], [-38.82218, -5.59278], [-38.82195, -5.59444], [-38.82211, -5.59553], [-38.82418, -5.59811], [-38.82468, -5.59845], [-38.8258, -5.59851], [-38.82643, -5.59779], [-38.82881, -5.59761], [-38.8291, -5.59749], [-38.83118, -5.58751], [-38.83224, -5.58364], [-38.8348, -5.57619], [-38.84198, -5.55694], [-38.83944, -5.55477], [-38.83818, -5.55338], [-38.83879, -5.55279], [-38.83897, -5.54888], [-38.83842, -5.5463], [-38.83817, -5.54591], [-38.83873, -5.53951], [-38.83899, -5.53875], [-38.83811, -5.53046], [-38.80255, -5.49766], [-38.79519, -5.49758], [-38.79412, -5.49823]]]}}, {"type": "Feature", "properties": {"cd_sipra": "RN0159000", "nome_proje": "PA UMBURANAS", "municipio": "CERRO CORA", "uf": "RN", "area_hecta": "513.4252", "num_famili": 20}, "geometry": {"type": "Polygon", "coordinates": [[[-36.3099, -5.8725], [-36.31346, -5.88486], [-36.3224, -5.88202], [-36.31679, -5.8649], [-36.2984, -5.86168], [-36.3021, -5.87471], [-36.3099, -5.8725]]]}}, {"type": "Feature", "properties": {"cd_sipra": "RN0189000", "nome_proje": "PA SANTA ROSA", "municipio": "CERRO CORA", "uf": "RN", "area_hecta": "1351.9077", "num_famili": 19}, "geometry": {"type": "Polygon", "coordinates": [[[-36.28723, -5.85973], [-36.28475, -5.85929], [-36.28008, -5.85187], [-36.28129, -5.85807], [-36.28054, -5.86139], [-36.28069, -5.8615], [-36.28723, -5.85973]]]}}, {"type": "Feature", "properties": {"cd_sipra": "CE0104000", "nome_proje": "PA RIACHO SECO/BELA VISTA", "municipio": "ALTO SANTO", "uf": "CE", "area_hecta": "1913.3176", "num_famili": 55}, "geometry": {"type": "Polygon", "coordinates": [[[-38.18025, -5.61933], [-38.18276, -5.62361], [-38.1838, -5.62968], [-38.18637, -5.6385], [-38.18667, -5.64141], [-38.19257, -5.63637], [-38.19346, -5.63283], [-38.20397, -5.63317], [-38.20478, -5.63084], [-38.21362, -5.63225], [-38.2143, -5.63581], [-38.21572, -5.63181], [-38.21725, -5.63187], [-38.21767, -5.6283], [-38.21875, -5.6267], [-38.21915, -5.62491], [-38.21956, -5.61544], [-38.21953, -5.60838], [-38.21806, -5.60915], [-38.21082, -5.60797], [-38.20605, -5.60844], [-38.20052, -5.60947], [-38.19424, -5.60942], [-38.19149, -5.60893], [-38.19044, -5.60898], [-38.17933, -5.61518], [-38.18025, -5.61933]]]}}, {"type": "Feature", "properties": {"cd_sipra": "RN0239000", "nome_proje": "PA PORTAL DA CHAPADA", "municipio": "APODI", "uf": "RN", "area_hecta": "1168.5777", "num_famili": 45}, "geometry": {"type": "Polygon", "coordinates": [[[-37.97661, -5.5511], [-37.97806, -5.5516], [-37.97769, -5.55067], [-37.97661, -5.5511]]]}}, {"type": "Feature", "properties": {"cd_sipra": "CE0129000", "nome_proje": "PA BAIXA NOVA", "municipio": "ALTO SANTO", "uf": "CE", "area_hecta": "734.3690", "num_famili": 23}, "geometry": {"type": "Polygon", "coordinates": [[[-38.1199, -5.55943], [-38.16088, -5.56364], [-38.16512, -5.54925], [-38.15783, -5.54918], [-38.15777, -5.54822], [-38.11615, -5.54809], [-38.1199, -5.55943]]]}}, {"type": "Feature", "properties": {"cd_sipra": "CE0103000", "nome_proje": "PA IPANEMA", "municipio": "ALTO SANTO", "uf": "CE", "area_hecta": "2675.1112", "num_famili": 77}, "geometry": {"type": "Polygon", "coordinates": [[[-38.04672, -5.53779], [-38.08584, -5.53209], [-38.08554, -5.5291], [-38.10713, -5.52965], [-38.10818, -5.51112], [-38.16694, -5.51479], [-38.16722, -5.51713], [-38.17217, -5.51737], [-38.17364, -5.52265], [-38.1763, -5.52188], [-38.17673, -5.52488], [-38.20061, -5.52282], [-38.20064, -5.52184], [-38.23485, -5.52326], [-38.23485, -5.52276], [-38.25432, -5.52383], [-38.25497, -5.52062], [-38.26736, -5.52105], [-38.26636, -5.51782], [-38.24229, -5.51613], [-38.24179, -5.51295], [-38.14235, -5.50784], [-38.11579, -5.5068], [-38.11491, -5.50734], [-38.05079, -5.52129], [-38.04672, -5.53779]]]}}, {"type": "Feature", "properties": {"cd_sipra": "RN0099000", "nome_proje": "PA PARAÍSO", "municipio": "APODI", "uf": "RN", "area_hecta": "778.3352", "num_famili": 26}, "geometry": {"type": "Polygon", "coordinates": [[[-37.92585, -5.49529], [-37.91126, -5.50318], [-37.91749, -5.50536], [-37.92727, -5.50223], [-37.93263, -5.50311], [-37.93677, -5.51156], [-37.94329, -5.50843], [-37.92585, -5.49529]]]}}, {"type": "Feature", "properties": {"cd_sipra": "CE0228000", "nome_proje": "PA GROELÂNDIA", "municipio": "TABULEIRO DO NORTE", "uf": "CE", "area_hecta": "2569.1417", "num_famili": 61}, "geometry": {"type": "Polygon", "coordinates": [[[-37.92644, -5.47016], [-37.92092, -5.47302], [-37.92072, -5.47423], [-37.92046, -5.47473], [-37.91878, -5.47466], [-37.91854, -5.47481], [-37.91776, -5.4757], [-37.91669, -5.47645], [-37.9161, -5.47709], [-37.91564, -5.47952], [-37.91502, -5.48014], [-37.91432, -5.48037], [-37.9129, -5.48214], [-37.91121, -5.48309], [-37.90974, -5.48334], [-37.90888, -5.48303], [-37.90756, -5.48341], [-37.90637, -5.48485], [-37.90557, -5.48554], [-37.90459, -5.48589], [-37.90305, -5.48694], [-37.90242, -5.48778], [-37.9021, -5.48896], [-38.00876, -5.49196], [-38.00619, -5.48744], [-38.00604, -5.4858], [-38.00754, -5.48562], [-38.00645, -5.48043], [-38.02312, -5.47831], [-38.02279, -5.47527], [-38.0235, -5.47353], [-38.02225, -5.47445], [-38.01765, -5.47408], [-38.01544, -5.46178], [-38.00089, -5.46297], [-38.00311, -5.47123], [-37.92644, -5.47016]]]}}, {"type": "Feature", "properties": {"cd_sipra": "CE0131000", "nome_proje": "PA CAROBA", "municipio": "ALTO SANTO", "uf": "CE", "area_hecta": "2098.8617", "num_famili": 30}, "geometry": {"type": "Polygon", "coordinates": [[[-38.34947, -5.56144], [-38.35137, -5.56713], [-38.3569, -5.56705], [-38.36006, -5.57062], [-38.40415, -5.54115], [-38.40407, -5.54104], [-38.42211, -5.52896], [-38.42343, -5.53001], [-38.42523, -5.52982], [-38.41955, -5.51948], [-38.41838, -5.52013], [-38.40968, -5.5171], [-38.37954, -5.53575], [-38.37983, -5.53787], [-38.3342, -5.54371], [-38.34947, -5.56144]]]}}, {"type": "Feature", "properties": {"cd_sipra": "CE0040000", "nome_proje": "PA SERROTE BRANCO/LUIS FERREIRA", "municipio": "JAGUARETAMA", "uf": "CE", "area_hecta": "8203.7850", "num_famili": 178}, "geometry": {"type": "MultiPolygon", "coordinates": [[[[-38.87398, -5.55413], [-38.87459, -5.55444], [-38.87756, -5.55525], [-38.89463, -5.56459], [-38.90782, -5.5644], [-38.9059, -5.52094], [-38.89588, -5.52015], [-38.89616, -5.50307], [-38.90513, -5.50351], [-38.9037, -5.47124], [-38.90914, -5.46223], [-38.90786, -5.45815], [-38.91105, -5.45551], [-38.91814, -5.45792], [-38.92406, -5.45389], [-38.92365, -5.45212], [-38.9236, -5.44899], [-38.9238, -5.44815], [-38.92259, -5.43453], [-38.91969, -5.43416], [-38.91706, -5.43444], [-38.91467, -5.43534], [-38.9091, -5.43441], [-38.90624, -5.43339], [-38.90535, -5.43244], [-38.89743, -5.43131], [-38.89709, -5.44832], [-38.8962, -5.44822], [-38.89428, -5.44873], [-38.88501, -5.44865], [-38.88296, -5.44406], [-38.8822, -5.43953], [-38.88147, -5.43685], [-38.88315, -5.43649], [-38.88929, -5.43309], [-38.89185, -5.42638], [-38.88931, -5.42487], [-38.88967, -5.42462], [-38.87244, -5.41447], [-38.87033, -5.41066], [-38.86562, -5.41702], [-38.86247, -5.42265], [-38.86095, -5.42935], [-38.86005, -5.43497], [-38.87273, -5.43544], [-38.87574, -5.43791], [-38.87502, -5.43819], [-38.87523, -5.44004], [-38.87499, -5.4401], [-38.87596, -5.44502], [-38.87667, -5.44635], [-38.87571, -5.45007], [-38.87452, -5.44994], [-38.87356, -5.45289], [-38.85684, -5.45418], [-38.85075, -5.45195], [-38.84359, -5.4615], [-38.87927, -5.49386], [-38.87954, -5.50229], [-38.8788, -5.50833], [-38.8761, -5.51142], [-38.87531, -5.51938], [-38.87153, -5.52525], [-38.87341, -5.52518], [-38.87558, -5.53038], [-38.87012, -5.53759], [-38.86944, -5.5437], [-38.86472, -5.54807], [-38.86645, -5.5516], [-38.86519, -5.55243], [-38.86519, -5.5526], [-38.87398, -5.55413]]], [[[-38.92805, -5.47979], [-38.92849, -5.483], [-38.92826, -5.48101], [-38.92805, -5.47979]]], [[[-38.92561, -5.45887], [-38.92516, -5.45861], [-38.92541, -5.46043], [-38.92572, -5.46005], [-38.92561, -5.45887]]]]}}, {"type": "Feature", "properties": {"cd_sipra": "CE0183000", "nome_proje": "PA PEDRA E CAL", "municipio": "JAGUARETAMA", "uf": "CE", "area_hecta": "2189.4135", "num_famili": 62}, "geometry": {"type": "Polygon", "coordinates": [[[-38.77704, -5.44746], [-38.7757, -5.44813], [-38.77467, -5.44923], [-38.77195, -5.45146], [-38.76971, -5.45266], [-38.76463, -5.45699], [-38.76157, -5.45845], [-38.76162, -5.45937], [-38.75712, -5.45769], [-38.75533, -5.45819], [-38.75527, -5.45783], [-38.75572, -5.45615], [-38.75146, -5.45662], [-38.75083, -5.45978], [-38.75021, -5.4619], [-38.7501, -5.46476], [-38.7492, -5.46743], [-38.75646, -5.46415], [-38.7574, -5.46607], [-38.75174, -5.47107], [-38.75228, -5.47158], [-38.75297, -5.47275], [-38.75342, -5.47542], [-38.75316, -5.47558], [-38.74986, -5.47659], [-38.74777, -5.47765], [-38.74789, -5.47756], [-38.74733, -5.47519], [-38.74791, -5.47387], [-38.7466, -5.47274], [-38.74552, -5.4726], [-38.74477, -5.47277], [-38.74407, -5.47319], [-38.74199, -5.47374], [-38.73834, -5.47348], [-38.72865, -5.47432], [-38.72817, -5.47753], [-38.73756, -5.47779], [-38.74064, -5.47847], [-38.74278, -5.47905], [-38.74476, -5.47989], [-38.74848, -5.48053], [-38.74863, -5.48205], [-38.75162, -5.48278], [-38.75369, -5.48395], [-38.76208, -5.48101], [-38.76573, -5.48015], [-38.77699, -5.47822], [-38.78849, -5.476], [-38.78914, -5.47632], [-38.7927, -5.47729], [-38.79411, -5.47831], [-38.79462, -5.47828], [-38.79458, -5.47866], [-38.8002, -5.48264], [-38.80636, -5.48698], [-38.80686, -5.48693], [-38.80838, -5.48801], [-38.80796, -5.48586], [-38.80871, -5.48582], [-38.80881, -5.48608], [-38.81169, -5.48816], [-38.81483, -5.49013], [-38.81602, -5.4897], [-38.81801, -5.4886], [-38.82105, -5.48791], [-38.81886, -5.46683], [-38.81563, -5.46488], [-38.81323, -5.46319], [-38.803, -5.45966], [-38.80228, -5.45976], [-38.80073, -5.46049], [-38.79425, -5.46041], [-38.7908, -5.46149], [-38.78967, -5.45874], [-38.78563, -5.45793], [-38.7872, -5.45621], [-38.78735, -5.45517], [-38.78818, -5.45443], [-38.78844, -5.4534], [-38.78822, -5.45159], [-38.78796, -5.45119], [-38.78821, -5.44972], [-38.78694, -5.44943], [-38.78693, -5.44932], [-38.7857, -5.44923], [-38.78394, -5.44862], [-38.78276, -5.44862], [-38.78265, -5.44786], [-38.78111, -5.44752], [-38.78056, -5.44593], [-38.77941, -5.4457], [-38.77704, -5.44746]]]}}, {"type": "Feature", "properties": {"cd_sipra": "CE0270000", "nome_proje": "PA CAMPINA", "municipio": "JAGUARETAMA", "uf": "CE", "area_hecta": "1120.7689", "num_famili": 27}, "geometry": {"type": "Polygon", "coordinates": [[[-38.89481, -5.42812], [-38.89638, -5.43118], [-38.89743, -5.43131], [-38.89746, -5.43025], [-38.902, -5.42714], [-38.90338, -5.43207], [-38.91969, -5.43416], [-38.92162, -5.43396], [-38.92221, -5.43448], [-38.92258, -5.43442], [-38.92272, -5.43455], [-38.9392, -5.42756], [-38.93755, -5.41229], [-38.93716, -5.41221], [-38.93393, -5.40949], [-38.93318, -5.40694], [-38.92515, -5.41127], [-38.92327, -5.4108], [-38.92297, -5.41027], [-38.92238, -5.40985], [-38.92018, -5.41016], [-38.9194, -5.40941], [-38.91692, -5.40559], [-38.88967, -5.42462], [-38.892, -5.426], [-38.89185, -5.42638], [-38.89481, -5.42812]]]}}, {"type": "Feature", "properties": {"cd_sipra": "CE0167000", "nome_proje": "PA BRASIBEL", "municipio": "JAGUARETAMA", "uf": "CE", "area_hecta": "1153.2777", "num_famili": 25}, "geometry": {"type": "MultiPolygon", "coordinates": [[[[-38.88406, -5.31015], [-38.88357, -5.31262], [-38.87206, -5.35164], [-38.87771, -5.35291], [-38.88997, -5.36009], [-38.89528, -5.34279], [-38.89584, -5.34298], [-38.90463, -5.31484], [-38.90395, -5.3143], [-38.88829, -5.3102], [-38.88406, -5.31015]]], [[[-38.88407, -5.31013], [-38.88776, -5.31007], [-38.88426, -5.30915], [-38.88407, -5.31013]]]]}}, {"type": "Feature", "properties": {"cd_sipra": "CE0240000", "nome_proje": "PA BOA ÁGUA/TRAPIÁ", "municipio": "BANABUIU", "uf": "CE", "area_hecta": "7671.5635", "num_famili": 181}, "geometry": {"type": "MultiPolygon", "coordinates": [[[[-38.99043, -5.22567], [-38.99611, -5.24313], [-38.98653, -5.24612], [-38.99558, -5.25373], [-38.98836, -5.269], [-38.97852, -5.26366], [-38.97996, -5.25859], [-38.97525, -5.25636], [-38.97093, -5.25157], [-38.95715, -5.27824], [-38.95736, -5.2808], [-38.96149, -5.28014], [-38.96167, -5.28026], [-38.96103, -5.28104], [-38.96164, -5.28184], [-38.96265, -5.28248], [-38.98635, -5.27978], [-38.98549, -5.28782], [-38.99248, -5.31562], [-38.99622, -5.31441], [-38.99855, -5.3127], [-39.00289, -5.31059], [-39.00444, -5.30966], [-39.00677, -5.30795], [-39.00778, -5.30639], [-39.00925, -5.30468], [-39.01042, -5.30235], [-39.01357, -5.30076], [-39.01439, -5.30114], [-39.01617, -5.3013], [-39.02137, -5.30114], [-39.02311, -5.30059], [-39.02493, -5.2988], [-39.0254, -5.29787], [-39.02594, -5.29717], [-39.02641, -5.29685], [-39.02683, -5.29733], [-39.02707, -5.29826], [-39.02778, -5.29846], [-39.03166, -5.29687], [-39.03333, -5.29664], [-39.03682, -5.29695], [-39.04272, -5.2966], [-39.04357, -5.29675], [-39.04644, -5.29808], [-39.04993, -5.29893], [-39.05109, -5.29893], [-39.05195, -5.2987], [-39.05272, -5.29777], [-39.05288, -5.29646], [-39.04963, -5.28955], [-39.04465, -5.28533], [-39.04324, -5.27946], [-39.0343, -5.27171], [-39.03353, -5.26627], [-39.04104, -5.25139], [-39.03306, -5.23531], [-39.03153, -5.22571], [-39.02957, -5.22329], [-39.02746, -5.22315], [-39.0256, -5.22322], [-39.01373, -5.22579], [-39.0136, -5.22543], [-39.00484, -5.22329], [-39.00444, -5.21976], [-39.00365, -5.21962], [-39.00304, -5.21693], [-38.99096, -5.22006], [-38.99043, -5.22567]]], [[[-39.0344, -5.22219], [-39.03434, -5.22221], [-39.03707, -5.22224], [-39.04693, -5.2264], [-39.05323, -5.22428], [-39.05038, -5.21514], [-39.0344, -5.22219]]]]}}, {"type": "Feature", "properties": {"cd_sipra": "CE0288000", "nome_proje": "PA IRACEMA", "municipio": "QUIXADA", "uf": "CE", "area_hecta": "2617.0284", "num_famili": 59}, "geometry": {"type": "Polygon", "coordinates": [[[-39.0351, -5.21223], [-39.06508, -5.20369], [-39.05026, -5.17551], [-39.05459, -5.16997], [-39.04938, -5.15734], [-39.04262, -5.1582], [-39.03161, -5.16414], [-39.02858, -5.16372], [-39.0351, -5.21223]]]}}, {"type": "Feature", "properties": {"cd_sipra": "RN0005000", "nome_proje": "PA FAZENDA FAVELA", "municipio": "MOSSORO", "uf": "RN", "area_hecta": "2822.0000", "num_famili": 92}, "geometry": {"type": "Polygon", "coordinates": [[[-37.15612, -5.23936], [-37.1562, -5.22216], [-37.15482, -5.23105], [-37.15612, -5.23936]]]}}, {"type": "Feature", "properties": {"cd_sipra": "RN0138000", "nome_proje": "PA ALTO DAS GRAÇAS", "municipio": "PORTO DO MANGUE", "uf": "RN", "area_hecta": "641.4945", "num_famili": 12}, "geometry": {"type": "Polygon", "coordinates": [[[-36.94736, -5.13089], [-36.93343, -5.13099], [-36.93352, -5.13146], [-36.94749, -5.13148], [-36.94736, -5.13089]]]}}, {"type": "Feature", "properties": {"cd_sipra": "RN0048000", "nome_proje": "PA PLANALTO DO MEL", "municipio": "PORTO DO MANGUE", "uf": "RN", "area_hecta": "5156.8519", "num_famili": 179}, "geometry": {"type": "MultiPolygon", "coordinates": [[[[-36.93343, -5.13099], [-36.9301, -5.13101], [-36.93009, -5.13143], [-36.93352, -5.13146], [-36.93343, -5.13099]]], [[[-36.97353, -5.13148], [-36.97354, -5.13071], [-36.94736, -5.13089], [-36.94749, -5.13148], [-36.97353, -5.13148]]], [[[-36.91096, -5.0768], [-36.91096, -5.0713], [-36.90864, -5.07125], [-36.90869, -5.08095], [-36.95258, -5.08119], [-36.97363, -5.10242], [-36.97372, -5.07705], [-36.91096, -5.0768]]]]}}, {"type": "Feature", "properties": {"cd_sipra": "RN0304000", "nome_proje": "PA GARAVELO", "municipio": "AREIA BRANCA", "uf": "RN", "area_hecta": "3410.3944", "num_famili": 81}, "geometry": {"type": "Polygon", "coordinates": [[[-37.05068, -5.09528], [-37.05068, -5.09611], [-37.0508, -5.09611], [-37.05094, -5.05977], [-37.05082, -5.05977], [-37.05068, -5.09528]]]}}, {"type": "Feature", "properties": {"cd_sipra": "CE0226000", "nome_proje": "PA LAGOA GRANDE II", "municipio": "TABULEIRO DO NORTE", "uf": "CE", "area_hecta": "2998.9122", "num_famili": 76}, "geometry": {"type": "Polygon", "coordinates": [[[-38.00311, -5.47123], [-38.00089, -5.46297], [-37.99869, -5.45708], [-37.99879, -5.45601], [-38.00085, -5.45355], [-38.00001, -5.45097], [-38.00055, -5.45022], [-38.00136, -5.44121], [-38.00207, -5.44024], [-38.00231, -5.43917], [-38.00365, -5.43758], [-38.00501, -5.437], [-38.00635, -5.43673], [-38.00672, -5.4349], [-38.00322, -5.43071], [-38.00219, -5.42816], [-37.98066, -5.43192], [-37.95089, -5.43819], [-37.95026, -5.4384], [-37.94928, -5.43907], [-37.94863, -5.43918], [-37.9477, -5.43908], [-37.94457, -5.4397], [-37.94246, -5.44035], [-37.94198, -5.44057], [-37.94141, -5.44119], [-37.94091, -5.44142], [-37.93967, -5.44161], [-37.93904, -5.44187], [-37.93796, -5.44278], [-37.93727, -5.4445], [-37.93616, -5.44609], [-37.93564, -5.44765], [-37.93543, -5.44887], [-37.93479, -5.45025], [-37.93462, -5.45157], [-37.9337, -5.45356], [-37.93352, -5.4553], [-37.93316, -5.45602], [-37.93257, -5.45805], [-37.93261, -5.45836], [-37.93346, -5.45983], [-37.93344, -5.46189], [-37.93309, -5.46308], [-37.93218, -5.46357], [-37.93169, -5.4641], [-37.93094, -5.46569], [-37.92672, -5.46917], [-37.92637, -5.46983], [-37.92644, -5.47016], [-38.00311, -5.47123]]]}}, {"type": "Feature", "properties": {"cd_sipra": "CE0079000", "nome_proje": "PA BARRA DO FEIJÃO", "municipio": "TABULEIRO DO NORTE", "uf": "CE", "area_hecta": "3096.5675", "num_famili": 98}, "geometry": {"type": "Polygon", "coordinates": [[[-38.11204, -5.40322], [-38.11482, -5.3984], [-38.11664, -5.39629], [-38.121, -5.39016], [-38.11057, -5.39054], [-38.07911, -5.39092], [-38.07914, -5.39958], [-38.07902, -5.40042], [-38.07387, -5.41716], [-38.07222, -5.42333], [-38.07429, -5.42878], [-38.07603, -5.43488], [-38.07573, -5.43854], [-38.07505, -5.4401], [-38.07491, -5.44154], [-38.07507, -5.44206], [-38.07581, -5.44257], [-38.07543, -5.44312], [-38.07498, -5.44289], [-38.07505, -5.44436], [-38.07485, -5.44497], [-38.07556, -5.44567], [-38.07519, -5.45085], [-38.07537, -5.45225], [-38.08231, -5.4543], [-38.0872, -5.45657], [-38.09288, -5.4584], [-38.09625, -5.45887], [-38.11826, -5.45251], [-38.11565, -5.43187], [-38.1151, -5.4293], [-38.10695, -5.40683], [-38.11204, -5.40322]]]}}, {"type": "Feature", "properties": {"cd_sipra": "CE0080000", "nome_proje": "PA CHARNECA", "municipio": "TABULEIRO DO NORTE", "uf": "CE", "area_hecta": "2991.2965", "num_famili": 98}, "geometry": {"type": "Polygon", "coordinates": [[[-38.11482, -5.3984], [-38.11204, -5.40322], [-38.10695, -5.40683], [-38.1151, -5.4293], [-38.15183, -5.40279], [-38.14963, -5.39074], [-38.15829, -5.38936], [-38.15968, -5.37976], [-38.16694, -5.37777], [-38.18081, -5.37507], [-38.18111, -5.37663], [-38.18259, -5.37756], [-38.18237, -5.37812], [-38.18273, -5.37854], [-38.18187, -5.38036], [-38.18267, -5.38072], [-38.18274, -5.38134], [-38.18212, -5.38203], [-38.18167, -5.38514], [-38.19674, -5.38242], [-38.1989, -5.39419], [-38.21532, -5.39121], [-38.21573, -5.39055], [-38.22152, -5.38625], [-38.21584, -5.38048], [-38.20953, -5.37078], [-38.20585, -5.36743], [-38.20156, -5.36176], [-38.11883, -5.37824], [-38.12268, -5.38783], [-38.11664, -5.39629], [-38.11482, -5.3984]]]}}, {"type": "Feature", "properties": {"cd_sipra": "CE0310000", "nome_proje": "PA DIAMANTINA", "municipio": "TABULEIRO DO NORTE", "uf": "CE", "area_hecta": "1217.0089", "num_famili": 10}, "geometry": {"type": "Polygon", "coordinates": [[[-37.85769, -5.35711], [-37.85864, -5.3672], [-37.86367, -5.374], [-37.88908, -5.36865], [-37.89437, -5.35354], [-37.88629, -5.33921], [-37.85769, -5.35711]]]}}, {"type": "Feature", "properties": {"cd_sipra": "RN0198000", "nome_proje": "PA SUSSUARANA", "municipio": "MOSSORO", "uf": "RN", "area_hecta": "313.7500", "num_famili": 10}, "geometry": {"type": "Polygon", "coordinates": [[[-37.15577, -5.17982], [-37.15581, -5.18352], [-37.1564, -5.1833], [-37.15647, -5.17039], [-37.15567, -5.17097], [-37.15577, -5.17982]]]}}, {"type": "Feature", "properties": {"cd_sipra": "RN0278000", "nome_proje": "PA MAISA", "municipio": "MOSSORO", "uf": "RN", "area_hecta": "19701.0582", "num_famili": 1124}, "geometry": {"type": "Polygon", "coordinates": [[[-37.53654, -4.90175], [-37.53624, -4.90201], [-37.55763, -4.90702], [-37.55752, -4.90675], [-37.53654, -4.90175]]]}}, {"type": "Feature", "properties": {"cd_sipra": "RN0064000", "nome_proje": "PA SANTOS REIS", "municipio": "AREIA BRANCA", "uf": "RN", "area_hecta": "462.7894", "num_famili": 18}, "geometry": {"type": "Polygon", "coordinates": [[[-37.01085, -5.0226], [-37.01074, -5.04078], [-37.01133, -5.04078], [-37.01142, -5.02195], [-37.00816, -5.02194], [-37.00787, -5.02258], [-37.01085, -5.0226]]]}}, {"type": "Feature", "properties": {"cd_sipra": "RN0030000", "nome_proje": "PA ROSADO", "municipio": "PORTO DO MANGUE", "uf": "RN", "area_hecta": "1000.0000", "num_famili": 73}, "geometry": {"type": "Polygon", "coordinates": [[[-36.91091, -5.01023], [-36.90835, -5.00943], [-36.90842, -5.02463], [-36.91059, -5.02514], [-36.91091, -5.01023]]]}}, {"type": "Feature", "properties": {"cd_sipra": "CE0231000", "nome_proje": "PA SERRA DANTAS", "municipio": "JAGUARUANA", "uf": "CE", "area_hecta": "1451.7720", "num_famili": 34}, "geometry": {"type": "Polygon", "coordinates": [[[-37.63075, -4.91058], [-37.62884, -4.91398], [-37.62576, -4.92283], [-37.64034, -4.9264], [-37.64533, -4.94431], [-37.65896, -4.94067], [-37.681, -4.94199], [-37.68471, -4.94046], [-37.66369, -4.91483], [-37.63075, -4.91058]]]}}, {"type": "Feature", "properties": {"cd_sipra": "CE0393000", "nome_proje": "PA BOM JESUS II", "municipio": "JAGUARUANA", "uf": "CE", "area_hecta": "1714.9925", "num_famili": 27}, "geometry": {"type": "Polygon", "coordinates": [[[-37.59216, -4.91471], [-37.59248, -4.91504], [-37.62592, -4.92292], [-37.62921, -4.91355], [-37.6309, -4.91067], [-37.65305, -4.9131], [-37.6638, -4.91489], [-37.65356, -4.90242], [-37.64442, -4.89086], [-37.64386, -4.89621], [-37.64238, -4.89936], [-37.64022, -4.89972], [-37.64008, -4.89848], [-37.63944, -4.89705], [-37.63955, -4.89568], [-37.63833, -4.8942], [-37.63784, -4.89272], [-37.63219, -4.88912], [-37.62264, -4.87875], [-37.59216, -4.91471]]]}}, {"type": "Feature", "properties": {"cd_sipra": "CE0179000", "nome_proje": "PA BELA VISTA", "municipio": "JAGUARUANA", "uf": "CE", "area_hecta": "4454.0060", "num_famili": 167}, "geometry": {"type": "Polygon", "coordinates": [[[-37.66657, -4.86558], [-37.66497, -4.86315], [-37.6486, -4.87388], [-37.64922, -4.87558], [-37.64518, -4.87777], [-37.64044, -4.87948], [-37.63976, -4.87993], [-37.63964, -4.8814], [-37.63987, -4.88447], [-37.64405, -4.89042], [-37.65355, -4.90239], [-37.66813, -4.92009], [-37.73434, -4.88096], [-37.72885, -4.87811], [-37.71851, -4.86945], [-37.71566, -4.86415], [-37.70651, -4.84205], [-37.66657, -4.86558]]]}}, {"type": "Feature", "properties": {"cd_sipra": "CE0331000", "nome_proje": "PA BERNARDO MARIM", "municipio": "JAGUARUANA", "uf": "CE", "area_hecta": "3802.1742", "num_famili": 35}, "geometry": {"type": "Polygon", "coordinates": [[[-37.58773, -4.85841], [-37.53671, -4.90171], [-37.59187, -4.91483], [-37.62839, -4.87165], [-37.62066, -4.8616], [-37.60645, -4.84233], [-37.58773, -4.85841]]]}}, {"type": "Feature", "properties": {"cd_sipra": "CE0168000", "nome_proje": "PA CAMPOS VERDES", "municipio": "ARACATI", "uf": "CE", "area_hecta": "3392.9078", "num_famili": 89}, "geometry": {"type": "Polygon", "coordinates": [[[-37.5795, -4.82665], [-37.52963, -4.83522], [-37.53934, -4.89949], [-37.59734, -4.85014], [-37.5795, -4.82665]]]}}, {"type": "Feature", "properties": {"cd_sipra": "CE0364000", "nome_proje": "PA ROSA LUXEMBURGO", "municipio": "JAGUARUANA", "uf": "CE", "area_hecta": "1487.5955", "num_famili": 20}, "geometry": {"type": "Polygon", "coordinates": [[[-37.65549, -4.78725], [-37.65481, -4.78719], [-37.62968, -4.78998], [-37.63303, -4.80854], [-37.63565, -4.82203], [-37.64272, -4.81612], [-37.66749, -4.81271], [-37.66838, -4.81949], [-37.67928, -4.80382], [-37.67993, -4.79951], [-37.68038, -4.79013], [-37.67862, -4.79004], [-37.67795, -4.79076], [-37.67499, -4.79154], [-37.67324, -4.79174], [-37.67143, -4.79104], [-37.66621, -4.78968], [-37.65972, -4.78948], [-37.65549, -4.78725]]]}}, {"type": "Feature", "properties": {"cd_sipra": "CE0107000", "nome_proje": "PA LAGOA DO MATO/CAMARÁ", "municipio": "ARACATI", "uf": "CE", "area_hecta": "2686.5087", "num_famili": 71}, "geometry": {"type": "Polygon", "coordinates": [[[-37.5734, -4.79258], [-37.5693, -4.7884], [-37.55881, -4.77665], [-37.55729, -4.77273], [-37.54146, -4.74814], [-37.54027, -4.74573], [-37.53915, -4.74287], [-37.52803, -4.75509], [-37.49669, -4.80368], [-37.52346, -4.80064], [-37.57574, -4.79521], [-37.5734, -4.79258]]]}}, {"type": "Feature", "properties": {"cd_sipra": "CE0341000", "nome_proje": "PA SÃO FRANCISCO", "municipio": "ICAPUI", "uf": "CE", "area_hecta": "3188.1986", "num_famili": 59}, "geometry": {"type": "Polygon", "coordinates": [[[-37.43308, -4.71729], [-37.42055, -4.71718], [-37.38691, -4.74208], [-37.39292, -4.75731], [-37.3995, -4.77539], [-37.40165, -4.77217], [-37.40196, -4.77243], [-37.39952, -4.77545], [-37.40077, -4.77888], [-37.4097, -4.78093], [-37.41301, -4.77405], [-37.42986, -4.757], [-37.4392, -4.74594], [-37.4651, -4.716], [-37.4829, -4.70384], [-37.46979, -4.69957], [-37.45582, -4.71533], [-37.45183, -4.71736], [-37.44906, -4.71802], [-37.44095, -4.71918], [-37.43308, -4.71729]]]}}, {"type": "Feature", "properties": {"cd_sipra": "CE0160000", "nome_proje": "PA AROEIRA VILANY", "municipio": "ARACATI", "uf": "CE", "area_hecta": "7735.8200", "num_famili": 143}, "geometry": {"type": "MultiPolygon", "coordinates": [[[[-37.73354, -4.65058], [-37.73258, -4.65061], [-37.72866, -4.64846], [-37.72456, -4.64977], [-37.7216, -4.64976], [-37.71806, -4.65006], [-37.71717, -4.64984], [-37.72026, -4.6602], [-37.71743, -4.6617], [-37.7163, -4.6603], [-37.70848, -4.66102], [-37.70973, -4.66792], [-37.70137, -4.68651], [-37.69598, -4.68601], [-37.69693, -4.65757], [-37.69054, -4.65752], [-37.69274, -4.6727], [-37.69433, -4.6859], [-37.64375, -4.68337], [-37.65128, -4.66331], [-37.62264, -4.70686], [-37.61703, -4.71098], [-37.62291, -4.71752], [-37.65736, -4.71496], [-37.67765, -4.71842], [-37.68468, -4.71479], [-37.69327, -4.71582], [-37.69746, -4.71454], [-37.70705, -4.71842], [-37.72079, -4.71921], [-37.72577, -4.70771], [-37.71741, -4.70575], [-37.71999, -4.69845], [-37.72404, -4.68938], [-37.72939, -4.68013], [-37.73507, -4.67115], [-37.74066, -4.66044], [-37.74264, -4.64786], [-37.73997, -4.64924], [-37.73354, -4.65058]]], [[[-37.70792, -4.74872], [-37.71194, -4.73948], [-37.62496, -4.71996], [-37.64009, -4.73863], [-37.70792, -4.74872]]]]}}, {"type": "Feature", "properties": {"cd_sipra": "CE0007000", "nome_proje": "PA REDONDA", "municipio": "ICAPUI", "uf": "CE", "area_hecta": "3951.1827", "num_famili": 253}, "geometry": {"type": "Polygon", "coordinates": [[[-37.45582, -4.71533], [-37.47, -4.69934], [-37.47005, -4.69897], [-37.49125, -4.70565], [-37.49134, -4.67218], [-37.49166, -4.63254], [-37.48746, -4.63871], [-37.48387, -4.64244], [-37.47971, -4.64615], [-37.47553, -4.65067], [-37.47281, -4.65218], [-37.4669, -4.65345], [-37.46467, -4.65345], [-37.46337, -4.65294], [-37.46202, -4.6528], [-37.46009, -4.65427], [-37.45769, -4.65547], [-37.45697, -4.65557], [-37.45465, -4.6568], [-37.45238, -4.65766], [-37.45013, -4.65823], [-37.4471, -4.66005], [-37.44631, -4.66032], [-37.44403, -4.66195], [-37.44174, -4.66261], [-37.44074, -4.66318], [-37.43845, -4.66335], [-37.43827, -4.66357], [-37.43745, -4.66344], [-37.43546, -4.66383], [-37.435, -4.66413], [-37.43434, -4.66397], [-37.4293, -4.66646], [-37.4282, -4.6668], [-37.42606, -4.66781], [-37.42468, -4.66814], [-37.42391, -4.66813], [-37.43353, -4.68812], [-37.43633, -4.6936], [-37.44048, -4.70105], [-37.44906, -4.71802], [-37.45183, -4.71736], [-37.45582, -4.71533]]]}}, {"type": "Feature", "properties": {"cd_sipra": "CE0383000", "nome_proje": "PA SÃO MIGUEL", "municipio": "ITAICABA", "uf": "CE", "area_hecta": "1099.9110", "num_famili": 28}, "geometry": {"type": "MultiPolygon", "coordinates": [[[[-37.73932, -4.71879], [-37.73929, -4.71862], [-37.73525, -4.71816], [-37.73932, -4.71879]]], [[[-37.72088, -4.71921], [-37.72416, -4.7194], [-37.73225, -4.71782], [-37.72199, -4.71664], [-37.72088, -4.71921]]], [[[-37.78069, -4.76384], [-37.78203, -4.76288], [-37.74386, -4.75054], [-37.74335, -4.74653], [-37.71202, -4.7395], [-37.71119, -4.74139], [-37.78069, -4.76384]]], [[[-37.78814, -4.75906], [-37.76305, -4.75095], [-37.75985, -4.75023], [-37.78811, -4.75936], [-37.78814, -4.75906]]]]}}, {"type": "Feature", "properties": {"cd_sipra": "CE0370000", "nome_proje": "PA CHICO MENDES", "municipio": "RUSSAS", "uf": "CE", "area_hecta": "1689.8499", "num_famili": 12}, "geometry": {"type": "Polygon", "coordinates": [[[-38.0847, -4.69825], [-38.07891, -4.69502], [-38.06978, -4.74909], [-38.07726, -4.73759], [-38.0843, -4.73223], [-38.08711, -4.72009], [-38.09403, -4.70462], [-38.09802, -4.70156], [-38.0847, -4.69825]]]}}, {"type": "Feature", "properties": {"cd_sipra": "CE0371000", "nome_proje": "PA PATATIVA DO ASSARÉ", "municipio": "PALHANO", "uf": "CE", "area_hecta": "602.5509", "num_famili": 9}, "geometry": {"type": "MultiPolygon", "coordinates": [[[[-37.94123, -4.76192], [-37.94413, -4.75336], [-37.94708, -4.74282], [-37.93683, -4.75883], [-37.93666, -4.76151], [-37.94123, -4.76192]]], [[[-37.95419, -4.71096], [-37.95456, -4.71603], [-37.95583, -4.71151], [-37.95419, -4.71096]]]]}}, {"type": "Feature", "properties": {"cd_sipra": "CE0141000", "nome_proje": "PA TOMÉ AFONSO", "municipio": "ITAICABA", "uf": "CE", "area_hecta": "3552.7201", "num_famili": 99}, "geometry": {"type": "Polygon", "coordinates": [[[-37.93676, -4.75895], [-37.93522, -4.76135], [-37.93659, -4.76147], [-37.93676, -4.75895]]]}}, {"type": "Feature", "properties": {"cd_sipra": "CE0140000", "nome_proje": "PA UMARI", "municipio": "ARACATI", "uf": "CE", "area_hecta": "2266.9431", "num_famili": 25}, "geometry": {"type": "Polygon", "coordinates": [[[-37.86628, -4.67476], [-37.86401, -4.67575], [-37.86333, -4.67759], [-37.87487, -4.67411], [-37.87114, -4.67313], [-37.86628, -4.67476]]]}}, {"type": "Feature", "properties": {"cd_sipra": "CE0387000", "nome_proje": "PA QUILOMBO DOS PALMARES", "municipio": "PALHANO", "uf": "CE", "area_hecta": "1064.9752", "num_famili": 8}, "geometry": {"type": "Polygon", "coordinates": [[[-38.09802, -4.70156], [-38.13185, -4.67595], [-38.13526, -4.66369], [-38.12753, -4.6618], [-38.11841, -4.66653], [-38.10884, -4.67273], [-38.09953, -4.67329], [-38.09747, -4.68014], [-38.09531, -4.68862], [-38.07891, -4.69502], [-38.0847, -4.69825], [-38.09802, -4.70156]]]}}, {"type": "Feature", "properties": {"cd_sipra": "CE0069000", "nome_proje": "PA CAMPO ALEGRE", "municipio": "QUIXADA", "uf": "CE", "area_hecta": "682.5275", "num_famili": 18}, "geometry": {"type": "MultiPolygon", "coordinates": [[[[-38.69415, -5.09735], [-38.69422, -5.09695], [-38.69313, -5.09773], [-38.69339, -5.09801], [-38.69415, -5.09735]]], [[[-38.69817, -5.0947], [-38.69873, -5.09372], [-38.69702, -5.09495], [-38.69817, -5.0947]]], [[[-38.7014, -5.09348], [-38.70167, -5.0934], [-38.69983, -5.09347], [-38.7014, -5.09348]]]]}}, {"type": "Feature", "properties": {"cd_sipra": "CE0269000", "nome_proje": "PA FAVELA", "municipio": "MORADA NOVA", "uf": "CE", "area_hecta": "978.0620", "num_famili": 25}, "geometry": {"type": "Polygon", "coordinates": [[[-38.50857, -4.98254], [-38.51932, -4.95647], [-38.5049, -4.95591], [-38.50754, -4.95674], [-38.50846, -4.96197], [-38.49719, -4.96335], [-38.50276, -4.96826], [-38.49888, -4.97328], [-38.50481, -4.98242], [-38.50658, -4.98298], [-38.50857, -4.98254]]]}}, {"type": "Feature", "properties": {"cd_sipra": "CE0217000", "nome_proje": "PA RENASCER/LONGAR", "municipio": "IBICUITINGA", "uf": "CE", "area_hecta": "1235.4055", "num_famili": 35}, "geometry": {"type": "Polygon", "coordinates": [[[-38.55436, -4.93803], [-38.55294, -4.94192], [-38.55166, -4.9446], [-38.54943, -4.95039], [-38.547, -4.9571], [-38.54337, -4.96813], [-38.54943, -4.97015], [-38.54827, -4.97586], [-38.54847, -4.97753], [-38.55163, -4.97711], [-38.553, -4.97789], [-38.55487, -4.97196], [-38.56956, -4.97693], [-38.5713, -4.97153], [-38.57202, -4.97173], [-38.57317, -4.97174], [-38.57319, -4.96991], [-38.57426, -4.96752], [-38.57279, -4.96719], [-38.57427, -4.96282], [-38.57629, -4.96328], [-38.57711, -4.96093], [-38.57899, -4.95748], [-38.58185, -4.9499], [-38.58194, -4.94962], [-38.58012, -4.94857], [-38.58013, -4.94788], [-38.58074, -4.94541], [-38.58016, -4.9452], [-38.58024, -4.9449], [-38.57651, -4.94655], [-38.57219, -4.944], [-38.56934, -4.94172], [-38.56452, -4.93954], [-38.56131, -4.93635], [-38.56008, -4.934], [-38.55964, -4.93351], [-38.55741, -4.93332], [-38.55578, -4.9383], [-38.55436, -4.93803]]]}}, {"type": "Feature", "properties": {"cd_sipra": "CE0217000", "nome_proje": "PA RENASCER/LONGAR", "municipio": "IBICUITINGA", "uf": "CE", "area_hecta": "1235.4055", "num_famili": 35}, "geometry": {"type": "Polygon", "coordinates": [[[-38.55436, -4.93803], [-38.55294, -4.94192], [-38.55166, -4.9446], [-38.54943, -4.95039], [-38.547, -4.9571], [-38.54337, -4.96813], [-38.54823, -4.96974], [-38.56148, -4.93652], [-38.55971, -4.93354], [-38.55741, -4.93332], [-38.55578, -4.9383], [-38.55436, -4.93803]]]}}, {"type": "Feature", "properties": {"cd_sipra": "CE0119000", "nome_proje": "PA BARBADA", "municipio": "MORADA NOVA", "uf": "CE", "area_hecta": "2942.2642", "num_famili": 94}, "geometry": {"type": "Polygon", "coordinates": [[[-38.43181, -4.93294], [-38.47762, -4.94733], [-38.4874, -4.92442], [-38.4824, -4.92054], [-38.47935, -4.91776], [-38.47713, -4.91081], [-38.4749, -4.90609], [-38.44963, -4.90081], [-38.44963, -4.90054], [-38.44657, -4.90304], [-38.4449, -4.90276], [-38.43181, -4.93294]]]}}, {"type": "Feature", "properties": {"cd_sipra": "CE0242000", "nome_proje": "PA HORIZONTE/CONTENDAS", "municipio": "IBICUITINGA", "uf": "CE", "area_hecta": "1708.1278", "num_famili": 40}, "geometry": {"type": "Polygon", "coordinates": [[[-38.58862, -4.90553], [-38.5868, -4.90952], [-38.58522, -4.90818], [-38.58429, -4.90889], [-38.58312, -4.91018], [-38.58208, -4.91092], [-38.5816, -4.91159], [-38.57989, -4.91744], [-38.57954, -4.91981], [-38.57934, -4.9204], [-38.57888, -4.92096], [-38.57719, -4.92723], [-38.57832, -4.93203], [-38.58032, -4.935], [-38.58157, -4.93653], [-38.58251, -4.9394], [-38.58273, -4.93964], [-38.5833, -4.93963], [-38.58851, -4.93818], [-38.58983, -4.93799], [-38.59249, -4.93826], [-38.59362, -4.93884], [-38.59447, -4.939], [-38.59704, -4.94], [-38.59906, -4.94044], [-38.59906, -4.94056], [-38.6001, -4.941], [-38.61547, -4.89292], [-38.60891, -4.88629], [-38.60811, -4.88569], [-38.6063, -4.88502], [-38.59183, -4.87661], [-38.58862, -4.90553]]]}}, {"type": "Feature", "properties": {"cd_sipra": "CE0305000", "nome_proje": "PA PAULO FREIRE", "municipio": "MONSENHOR TABOSA", "uf": "CE", "area_hecta": "2903.2281", "num_famili": 69}, "geometry": {"type": "Polygon", "coordinates": [[[-40.04462, -4.89456], [-40.04417, -4.89459], [-40.02241, -4.90679], [-40.00433, -4.91029], [-39.99364, -4.91549], [-39.99364, -4.91566], [-40.00528, -4.91518], [-40.02214, -4.91556], [-40.02467, -4.9158], [-40.04755, -4.91149], [-40.07463, -4.90389], [-40.07158, -4.92104], [-40.07298, -4.92259], [-40.06941, -4.92566], [-40.06861, -4.92429], [-40.06779, -4.92401], [-40.06646, -4.92511], [-40.06476, -4.92499], [-40.06206, -4.92428], [-40.0594, -4.92465], [-40.06389, -4.93069], [-40.06224, -4.94957], [-40.0782, -4.96499], [-40.08759, -4.96318], [-40.09544, -4.96477], [-40.10254, -4.96645], [-40.10689, -4.96553], [-40.10639, -4.96266], [-40.11163, -4.96159], [-40.11307, -4.95636], [-40.10849, -4.95501], [-40.10806, -4.95376], [-40.10629, -4.9515], [-40.10426, -4.95127], [-40.10093, -4.94829], [-40.09907, -4.94793], [-40.09235, -4.94831], [-40.08896, -4.93217], [-40.09074, -4.93185], [-40.09292, -4.92988], [-40.09249, -4.92488], [-40.09176, -4.92481], [-40.08896, -4.9204], [-40.09139, -4.91411], [-40.07926, -4.91589], [-40.07661, -4.90913], [-40.07942, -4.9031], [-40.0796, -4.90187], [-40.0887, -4.89937], [-40.08191, -4.8972], [-40.07601, -4.90037], [-40.07775, -4.89437], [-40.07891, -4.89316], [-40.04651, -4.90149], [-40.04462, -4.89456]]]}}, {"type": "Feature", "properties": {"cd_sipra": "CE0307000", "nome_proje": "PA MARGARIDA ALVES", "municipio": "MONSENHOR TABOSA", "uf": "CE", "area_hecta": "1176.8895", "num_famili": 24}, "geometry": {"type": "Polygon", "coordinates": [[[-40.02467, -4.9158], [-40.02214, -4.91556], [-40.022, -4.91746], [-40.02229, -4.9186], [-40.04744, -4.91444], [-40.04728, -4.92002], [-40.02421, -4.91977], [-40.02484, -4.92013], [-40.02502, -4.9204], [-40.02482, -4.92123], [-40.03673, -4.92177], [-40.03701, -4.92284], [-40.04711, -4.92423], [-40.04694, -4.94232], [-40.04776, -4.95143], [-40.05181, -4.95101], [-40.06224, -4.94957], [-40.06389, -4.93069], [-40.0594, -4.92465], [-40.06206, -4.92428], [-40.06476, -4.92499], [-40.06646, -4.92511], [-40.06779, -4.92401], [-40.06861, -4.92429], [-40.06941, -4.92566], [-40.07298, -4.92259], [-40.07158, -4.92104], [-40.07463, -4.90389], [-40.04755, -4.91149], [-40.02467, -4.9158]]]}}, {"type": "Feature", "properties": {"cd_sipra": "CE0169000", "nome_proje": "PA XIQUE XIQUE", "municipio": "MONSENHOR TABOSA", "uf": "CE", "area_hecta": "1881.6327", "num_famili": 55}, "geometry": {"type": "Polygon", "coordinates": [[[-40.0914, -4.91407], [-40.08902, -4.92042], [-40.09181, -4.92481], [-40.09255, -4.92489], [-40.09298, -4.9299], [-40.0908, -4.93187], [-40.08902, -4.93219], [-40.09241, -4.94831], [-40.099, -4.94791], [-40.10097, -4.9483], [-40.10429, -4.95127], [-40.10633, -4.9515], [-40.10812, -4.95379], [-40.10855, -4.95502], [-40.11301, -4.95634], [-40.1138, -4.95574], [-40.11528, -4.9559], [-40.11824, -4.95444], [-40.1188, -4.95258], [-40.12243, -4.95097], [-40.12235, -4.95037], [-40.12669, -4.94825], [-40.11844, -4.91161], [-40.11826, -4.91173], [-40.1145, -4.90754], [-40.11052, -4.9071], [-40.09328, -4.89161], [-40.09306, -4.91147], [-40.09294, -4.91195], [-40.0914, -4.91407]]]}}, {"type": "Feature", "properties": {"cd_sipra": "CE0301000", "nome_proje": "PA BOA VISTA", "municipio": "BOA VIAGEM", "uf": "CE", "area_hecta": "725.3737", "num_famili": 10}, "geometry": {"type": "Polygon", "coordinates": [[[-39.93174, -4.80091], [-39.93084, -4.80061], [-39.93134, -4.80154], [-39.93212, -4.80184], [-39.93174, -4.80091]]]}}, {"type": "Feature", "properties": {"cd_sipra": "CE0289000", "nome_proje": "PA LAGOA DO SERROTE II", "municipio": "OCARA", "uf": "CE", "area_hecta": "839.0993", "num_famili": 30}, "geometry": {"type": "Polygon", "coordinates": [[[-38.55466, -4.59147], [-38.57735, -4.59757], [-38.5776, -4.59901], [-38.59615, -4.59152], [-38.59293, -4.58499], [-38.59302, -4.58493], [-38.59081, -4.58011], [-38.58203, -4.57789], [-38.58313, -4.57366], [-38.57946, -4.57476], [-38.57714, -4.57575], [-38.57692, -4.57661], [-38.5615, -4.57292], [-38.55925, -4.5783], [-38.55466, -4.59147]]]}}, {"type": "Feature", "properties": {"cd_sipra": "CE0274000", "nome_proje": "PA CACHOEIRA", "municipio": "OCARA", "uf": "CE", "area_hecta": "2200.4461", "num_famili": 37}, "geometry": {"type": "Polygon", "coordinates": [[[-38.40363, -4.53835], [-38.40653, -4.54746], [-38.40703, -4.55004], [-38.40727, -4.55005], [-38.40373, -4.56033], [-38.40399, -4.56078], [-38.40387, -4.56248], [-38.41211, -4.56088], [-38.41233, -4.56369], [-38.41694, -4.56364], [-38.41966, -4.56286], [-38.41881, -4.55132], [-38.43796, -4.54787], [-38.4374, -4.53596], [-38.43678, -4.53693], [-38.43517, -4.53849], [-38.43283, -4.53913], [-38.43104, -4.53862], [-38.43022, -4.53794], [-38.42966, -4.53712], [-38.42789, -4.51065], [-38.43148, -4.51118], [-38.42925, -4.49688], [-38.42203, -4.4974], [-38.42274, -4.50184], [-38.42062, -4.50629], [-38.41994, -4.50692], [-38.41986, -4.50736], [-38.41901, -4.50828], [-38.41935, -4.51168], [-38.4173, -4.51121], [-38.41596, -4.51176], [-38.41584, -4.5101], [-38.40446, -4.51116], [-38.4018, -4.50208], [-38.38178, -4.51791], [-38.38261, -4.51924], [-38.38277, -4.52062], [-38.38252, -4.52195], [-38.38252, -4.52411], [-38.3822, -4.52682], [-38.40232, -4.52318], [-38.40293, -4.52983], [-38.39111, -4.53201], [-38.39094, -4.53453], [-38.39158, -4.5377], [-38.39697, -4.53501], [-38.39933, -4.53978], [-38.40363, -4.53835]]]}}, {"type": "Feature", "properties": {"cd_sipra": "CE0006000", "nome_proje": "PA LAGOA DA CAPIVARA", "municipio": "ARACOIABA", "uf": "CE", "area_hecta": "729.5136", "num_famili": 66}, "geometry": {"type": "MultiPolygon", "coordinates": [[[[-38.62389, -4.47462], [-38.62742, -4.4722], [-38.6282, -4.47101], [-38.62961, -4.47046], [-38.63222, -4.46889], [-38.63253, -4.46627], [-38.63632, -4.46325], [-38.63585, -4.45931], [-38.62737, -4.46452], [-38.62389, -4.47462]]], [[[-38.62481, -4.47603], [-38.62337, -4.47622], [-38.62149, -4.48204], [-38.62426, -4.48548], [-38.62731, -4.48421], [-38.63418, -4.48003], [-38.63355, -4.47656], [-38.63557, -4.47578], [-38.63256, -4.47421], [-38.63223, -4.47032], [-38.62934, -4.47213], [-38.62481, -4.47603]]]]}}, {"type": "Feature", "properties": {"cd_sipra": "CE0381000", "nome_proje": "PA UIARA JUAZEIRO", "municipio": "OCARA", "uf": "CE", "area_hecta": "304.7579", "num_famili": 5}, "geometry": {"type": "Polygon", "coordinates": [[[-38.39861, -4.45376], [-38.38939, -4.47774], [-38.38991, -4.4779], [-38.39058, -4.47714], [-38.39095, -4.47739], [-38.39106, -4.47701], [-38.39195, -4.47665], [-38.392, -4.47627], [-38.39236, -4.47635], [-38.3939, -4.47616], [-38.39403, -4.47634], [-38.3944, -4.47611], [-38.39452, -4.47656], [-38.39525, -4.47628], [-38.39528, -4.47595], [-38.39569, -4.4759], [-38.39624, -4.47519], [-38.39644, -4.47522], [-38.39664, -4.47499], [-38.39694, -4.47516], [-38.39729, -4.47511], [-38.39719, -4.47451], [-38.39752, -4.47465], [-38.39784, -4.47441], [-38.39795, -4.47493], [-38.39819, -4.47454], [-38.39812, -4.47415], [-38.39851, -4.47392], [-38.39864, -4.47421], [-38.3988, -4.4742], [-38.39893, -4.47375], [-38.39915, -4.4737], [-38.39925, -4.47412], [-38.39953, -4.47388], [-38.39987, -4.47392], [-38.40028, -4.47425], [-38.4003, -4.47455], [-38.40079, -4.47437], [-38.40094, -4.47466], [-38.40069, -4.4751], [-38.40075, -4.47523], [-38.40114, -4.47524], [-38.40978, -4.45269], [-38.40021, -4.45376], [-38.39861, -4.45376]]]}}, {"type": "Feature", "properties": {"cd_sipra": "CE0267000", "nome_proje": "PA SÃO JOSÉ II", "municipio": "OCARA", "uf": "CE", "area_hecta": "1541.9714", "num_famili": 47}, "geometry": {"type": "Polygon", "coordinates": [[[-38.44629, -4.49309], [-38.46686, -4.49772], [-38.47858, -4.45899], [-38.46896, -4.45527], [-38.47923, -4.4212], [-38.46924, -4.41796], [-38.44629, -4.49309]]]}}, {"type": "Feature", "properties": {"cd_sipra": "CE0037000", "nome_proje": "PA RIACHO DAS LAGES", "municipio": "ARACOIABA", "uf": "CE", "area_hecta": "704.5958", "num_famili": 21}, "geometry": {"type": "Polygon", "coordinates": [[[-38.61611, -4.45069], [-38.61788, -4.45111], [-38.61171, -4.4763], [-38.62161, -4.47964], [-38.62704, -4.4633], [-38.63095, -4.45286], [-38.63066, -4.45282], [-38.63049, -4.45211], [-38.63003, -4.45208], [-38.63012, -4.4506], [-38.62964, -4.44884], [-38.62943, -4.44849], [-38.62826, -4.44801], [-38.62789, -4.44757], [-38.6286, -4.4466], [-38.62794, -4.44576], [-38.62877, -4.445], [-38.62861, -4.44434], [-38.62551, -4.44275], [-38.62728, -4.4379], [-38.62306, -4.43868], [-38.62191, -4.43731], [-38.61955, -4.43782], [-38.61941, -4.43758], [-38.61611, -4.45069]]]}}, {"type": "Feature", "properties": {"cd_sipra": "CE0384000", "nome_proje": "PA BOA ESPERANÇA II", "municipio": "OCARA", "uf": "CE", "area_hecta": "716.6051", "num_famili": 15}, "geometry": {"type": "Polygon", "coordinates": [[[-38.38641, -4.44209], [-38.3962, -4.44667], [-38.39352, -4.45367], [-38.40021, -4.45376], [-38.40978, -4.45269], [-38.41333, -4.44625], [-38.3958, -4.43075], [-38.38213, -4.44638], [-38.38267, -4.44645], [-38.38641, -4.44209]]]}}, {"type": "Feature", "properties": {"cd_sipra": "CE0028000", "nome_proje": "PA MORRO AGUDO/LAGOA", "municipio": "NOVA RUSSAS", "uf": "CE", "area_hecta": "2459.2729", "num_famili": 55}, "geometry": {"type": "MultiPolygon", "coordinates": [[[[-40.54494, -4.53018], [-40.55293, -4.52509], [-40.55146, -4.52394], [-40.54986, -4.5239], [-40.54812, -4.52303], [-40.5461, -4.52267], [-40.53994, -4.51968], [-40.53439, -4.51806], [-40.53443, -4.51788], [-40.53361, -4.51708], [-40.53278, -4.51678], [-40.53226, -4.51692], [-40.53087, -4.51582], [-40.52981, -4.51542], [-40.52551, -4.51778], [-40.54494, -4.53018]]], [[[-40.42114, -4.53591], [-40.41691, -4.53498], [-40.41412, -4.53642], [-40.41352, -4.53619], [-40.41258, -4.53648], [-40.41038, -4.53398], [-40.39435, -4.53127], [-40.39349, -4.53152], [-40.39155, -4.53267], [-40.3893, -4.54046], [-40.39276, -4.54589], [-40.4264, -4.53722], [-40.42104, -4.53616], [-40.42114, -4.53591]]]]}}, {"type": "Feature", "properties": {"cd_sipra": "CE0271000", "nome_proje": "PA AROEIRA", "municipio": "OCARA", "uf": "CE", "area_hecta": "950.0150", "num_famili": 29}, "geometry": {"type": "Polygon", "coordinates": [[[-38.59134, -4.65155], [-38.59287, -4.65209], [-38.58977, -4.66714], [-38.5936, -4.66884], [-38.59647, -4.66566], [-38.60679, -4.66177], [-38.61012, -4.6574], [-38.61255, -4.65256], [-38.61214, -4.65006], [-38.59298, -4.63664], [-38.59253, -4.63688], [-38.59278, -4.64134], [-38.59134, -4.65155]]]}}, {"type": "Feature", "properties": {"cd_sipra": "CE0117000", "nome_proje": "PA CÓRREGO DO QUIXINXÉ", "municipio": "OCARA", "uf": "CE", "area_hecta": "5652.0531", "num_famili": 192}, "geometry": {"type": "Polygon", "coordinates": [[[-38.61196, -4.58551], [-38.5927, -4.6307], [-38.59299, -4.63629], [-38.61206, -4.64957], [-38.61122, -4.64456], [-38.61732, -4.63635], [-38.61656, -4.63384], [-38.61861, -4.6279], [-38.62049, -4.62741], [-38.62016, -4.62587], [-38.62375, -4.62255], [-38.62402, -4.61683], [-38.63222, -4.60377], [-38.64328, -4.57299], [-38.61196, -4.58551]]]}}, {"type": "Feature", "properties": {"cd_sipra": "CE0086000", "nome_proje": "PA PORTO JOSÉ ALVES", "municipio": "ARACATI", "uf": "CE", "area_hecta": "1371.1137", "num_famili": 65}, "geometry": {"type": "Polygon", "coordinates": [[[-37.78973, -4.52837], [-37.78739, -4.54435], [-37.80476, -4.54139], [-37.8486, -4.53476], [-37.84784, -4.53275], [-37.85204, -4.53038], [-37.85232, -4.52786], [-37.84653, -4.5208], [-37.84577, -4.52046], [-37.78973, -4.52837]]]}}, {"type": "Feature", "properties": {"cd_sipra": "CE0085000", "nome_proje": "PA COQUEIRINHO", "municipio": "FORTIM", "uf": "CE", "area_hecta": "1479.7920", "num_famili": 58}, "geometry": {"type": "Polygon", "coordinates": [[[-37.84231, -4.51889], [-37.84132, -4.51843], [-37.84126, -4.51942], [-37.84231, -4.51889]]]}}, {"type": "Feature", "properties": {"cd_sipra": "CE0362000", "nome_proje": "PA MENINO JESUS", "municipio": "CASCAVEL", "uf": "CE", "area_hecta": "8556.0131", "num_famili": 232}, "geometry": {"type": "Polygon", "coordinates": [[[-38.38537, -4.33793], [-38.38356, -4.33764], [-38.37992, -4.34502], [-38.38043, -4.35097], [-38.38616, -4.34979], [-38.38682, -4.35175], [-38.3931, -4.35278], [-38.39733, -4.35107], [-38.40055, -4.35719], [-38.41039, -4.36006], [-38.41513, -4.36024], [-38.42372, -4.35619], [-38.42944, -4.35693], [-38.44724, -4.3713], [-38.45158, -4.36625], [-38.44787, -4.3612], [-38.44657, -4.3598], [-38.44012, -4.35828], [-38.43784, -4.3509], [-38.43715, -4.34658], [-38.43569, -4.34449], [-38.40419, -4.34902], [-38.39756, -4.34759], [-38.39727, -4.34007], [-38.38558, -4.33447], [-38.38537, -4.33793]]]}}, {"type": "Feature", "properties": {"cd_sipra": "CE0173000", "nome_proje": "PA ZÉ LOURENÇO/CHOROZINHO", "municipio": "CHOROZINHO", "uf": "CE", "area_hecta": "1910.7237", "num_famili": 69}, "geometry": {"type": "Polygon", "coordinates": [[[-38.43026, -4.33175], [-38.42491, -4.33132], [-38.41734, -4.32979], [-38.41397, -4.32972], [-38.39721, -4.33154], [-38.39727, -4.34007], [-38.39756, -4.34759], [-38.40419, -4.34902], [-38.43569, -4.34449], [-38.44024, -4.35081], [-38.46572, -4.32955], [-38.46714, -4.33127], [-38.45907, -4.33772], [-38.46131, -4.34048], [-38.47035, -4.33884], [-38.47284, -4.33941], [-38.47403, -4.34007], [-38.47419, -4.33988], [-38.47283, -4.33808], [-38.47421, -4.33628], [-38.47196, -4.33377], [-38.46897, -4.32978], [-38.47116, -4.32802], [-38.46204, -4.31958], [-38.44807, -4.30725], [-38.42902, -4.33071], [-38.43026, -4.33175]]]}}, {"type": "Feature", "properties": {"cd_sipra": "CE0302000", "nome_proje": "PA LAGOA DO CEDRO", "municipio": "CHOROZINHO", "uf": "CE", "area_hecta": "289.2384", "num_famili": 12}, "geometry": {"type": "Polygon", "coordinates": [[[-38.38557, -4.33467], [-38.39716, -4.34022], [-38.3971, -4.33151], [-38.39939, -4.33127], [-38.39563, -4.31567], [-38.38611, -4.32539], [-38.38557, -4.33467]]]}}, {"type": "Feature", "properties": {"cd_sipra": "CE0395000", "nome_proje": "PA CROATÁ VIDA NOVA", "municipio": "CHOROZINHO", "uf": "CE", "area_hecta": "746.4243", "num_famili": 21}, "geometry": {"type": "Polygon", "coordinates": [[[-38.38968, -4.26511], [-38.38879, -4.28019], [-38.3995, -4.28138], [-38.40154, -4.29436], [-38.4048, -4.29391], [-38.40513, -4.294], [-38.40709, -4.29749], [-38.41346, -4.29499], [-38.41266, -4.29308], [-38.41372, -4.29291], [-38.42395, -4.28849], [-38.42258, -4.28587], [-38.42505, -4.28405], [-38.42173, -4.28317], [-38.42089, -4.28304], [-38.41724, -4.28302], [-38.41503, -4.28239], [-38.40812, -4.2732], [-38.40776, -4.27315], [-38.40629, -4.27437], [-38.39455, -4.2619], [-38.39442, -4.26146], [-38.39368, -4.26151], [-38.39127, -4.26452], [-38.38968, -4.26511]]]}}, {"type": "Feature", "properties": {"cd_sipra": "CE0407000", "nome_proje": "PA AGROVERDE", "municipio": "CHOROZINHO", "uf": "CE", "area_hecta": "450.7053", "num_famili": 15}, "geometry": {"type": "Polygon", "coordinates": [[[-38.4582, -4.24891], [-38.45963, -4.24984], [-38.46032, -4.25113], [-38.45003, -4.26026], [-38.45049, -4.2608], [-38.45281, -4.26141], [-38.45633, -4.26075], [-38.46424, -4.2545], [-38.47269, -4.25702], [-38.47509, -4.25741], [-38.47577, -4.25786], [-38.47784, -4.25725], [-38.48551, -4.2536], [-38.48078, -4.23804], [-38.4582, -4.24891]]]}}]}