{
"type": "FeatureCollection",
"name": "municipios_c5",
"crs": { "type": "name", "properties": { "name": "urn:ogc:def:crs:OGC:1.3:CRS84" } },
"features": [
{ "type": "Feature", "properties": { "CD_MUN": "2200053", "NM_MUN": "Acauã", "NM_UF": "Piauí", "NM_REGIAO": "Nordeste", "class_electre": 5, "class_label": "C5 (muito alto)", "Priorizacao": "Grupo 5", "class_mc_prob": 5, "ranking_pos": 5.0, "area_deg45_ha": 27325.0 }, "geometry": { "type": "Polygon", "coordinates": [ [ [ -40.84606, -8.175449 ], [ -40.834978, -8.172521 ], [ -40.834611, -8.170196 ], [ -40.830443, -8.17106 ], [ -40.825009, -8.175385 ], [ -40.823583, -8.174428 ], [ -40.821879, -8.175596 ], [ -40.821273, -8.172294 ], [ -40.818247, -8.172861 ], [ -40.815418, -8.174434 ], [ -40.810137, -8.183237 ], [ -40.800857, -8.185924 ], [ -40.795885, -8.205285 ], [ -40.798599, -8.213963 ], [ -40.794798, -8.214305 ], [ -40.789771, -8.218685 ], [ -40.7835238, -8.2351617 ], [ -40.778235099999989, -8.2364421 ], [ -40.775228299999988, -8.239445 ], [ -40.7710915, -8.2394896 ], [ -40.7709781, -8.2410324 ], [ -40.7642927, -8.2439938 ], [ -40.7693186, -8.2494585 ], [ -40.7811266, -8.2525904 ], [ -40.7835651, -8.2554352 ], [ -40.7839827, -8.2618487 ], [ -40.7802582, -8.2758088 ], [ -40.7812569, -8.2800725 ], [ -40.7782354, -8.2861378 ], [ -40.7816784, -8.2931154 ], [ -40.77948, -8.2984412 ], [ -40.7798798, -8.3019327 ], [ -40.7864339, -8.3064406 ], [ -40.7911807, -8.3133215 ], [ -40.7918213, -8.3190726 ], [ -40.7982606, -8.3217037 ], [ -40.8178961, -8.3204902 ], [ -40.8195092, -8.3219089 ], [ -40.8184023, -8.3301442 ], [ -40.8226767, -8.3377232 ], [ -40.8191461, -8.3491166 ], [ -40.8207603, -8.3566184 ], [ -40.8193187, -8.3623573 ], [ -40.8234318, -8.3653917 ], [ -40.8287036, -8.3737806 ], [ -40.8374015, -8.381126 ], [ -40.8439015, -8.3791338 ], [ -40.8502121, -8.3805283 ], [ -40.8585913, -8.3796108 ], [ -40.8592639, -8.3777102 ], [ -40.8573459, -8.3756445 ], [ -40.8617895, -8.3706546 ], [ -40.8624976, -8.3649915 ], [ -40.8661794, -8.3634466 ], [ -40.8699811, -8.3585387 ], [ -40.8890861, -8.3561746 ], [ -40.8934723, -8.3573101 ], [ -40.8977465, -8.3679178 ], [ -40.8926665, -8.3717928 ], [ -40.8927694, -8.3767209 ], [ -40.8896115, -8.3825911 ], [ -40.8898704, -8.3867499 ], [ -40.8941088, -8.3899626 ], [ -40.8945191, -8.3925026 ], [ -40.9076155, -8.3989872 ], [ -40.9077875, -8.4013741 ], [ -40.9018492, -8.4079578 ], [ -40.9015355, -8.421627 ], [ -40.9090086, -8.4273295 ], [ -40.9127361, -8.43618 ], [ -40.9168481, -8.4361603 ], [ -40.925149, -8.4463261 ], [ -40.9305069, -8.4436504 ], [ -40.940516, -8.4332345 ], [ -40.950199, -8.4291504 ], [ -40.9535814, -8.4247064 ], [ -40.9580918, -8.4224574 ], [ -40.957878, -8.4193982 ], [ -40.965509, -8.4164587 ], [ -40.9655581, -8.4121288 ], [ -40.972901, -8.4069335 ], [ -40.978545, -8.3986507 ], [ -40.9999532, -8.4002996 ], [ -41.0032347, -8.4040024 ], [ -41.0023449, -8.4117901 ], [ -41.0069254, -8.4176657 ], [ -41.0073798, -8.4209291 ], [ -41.0203128, -8.4246868 ], [ -41.0236486, -8.4284756 ], [ -41.0389906, -8.4318292 ], [ -41.0437178, -8.4366567 ], [ -41.0475105, -8.4461101 ], [ -41.0513063, -8.4633587 ], [ -41.0499674, -8.4755041 ], [ -41.0510986, -8.4804738 ], [ -41.0532329, -8.4811191 ], [ -41.0575952, -8.477658 ], [ -41.078927, -8.4725032 ], [ -41.0821944, -8.4800815 ], [ -41.083266, -8.4966222 ], [ -41.0904899, -8.5126255 ], [ -41.0979576, -8.5207512 ], [ -41.1040722, -8.5223687 ], [ -41.111464, -8.5336311 ], [ -41.1267329, -8.5419559 ], [ -41.1296059, -8.5408555 ], [ -41.1346273, -8.5335386 ], [ -41.1494935, -8.5339173 ], [ -41.1482042, -8.528769 ], [ -41.1430927, -8.5207031 ], [ -41.1471725, -8.5145599 ], [ -41.1502675, -8.4986627 ], [ -41.1600216, -8.4905968 ], [ -41.1599278, -8.4839378 ], [ -41.162976, -8.4769505 ], [ -41.1622256, -8.4724486 ], [ -41.1739493, -8.4686971 ], [ -41.1907375, -8.467853 ], [ -41.1976779, -8.4613815 ], [ -41.2072444, -8.4601622 ], [ -41.208885699999989, -8.4565514 ], [ -41.2090264, -8.4465628 ], [ -41.2183115, -8.4408886 ], [ -41.2190149, -8.4388252 ], [ -41.2154041, -8.4311345 ], [ -41.2079478, -8.4275705 ], [ -41.2047121, -8.4195516 ], [ -41.205804799999989, -8.3899903 ], [ -41.1963944, -8.382475 ], [ -41.1929961, -8.3716269 ], [ -41.1984202, -8.3607788 ], [ -41.1977667, -8.3571845 ], [ -41.180056799999988, -8.3556814 ], [ -41.1779656, -8.3523486 ], [ -41.1789434, -8.3458002 ], [ -41.1775124, -8.3401107 ], [ -41.1535246, -8.337318 ], [ -41.1490808, -8.3379062 ], [ -41.1445716, -8.3411083 ], [ -41.1424804, -8.3401934 ], [ -41.142219, -8.3358803 ], [ -41.1476431, -8.3346387 ], [ -41.1521523, -8.3245747 ], [ -41.1603864, -8.3213726 ], [ -41.1635232, -8.3106551 ], [ -41.1631965, -8.2967356 ], [ -41.1780963, -8.2877172 ], [ -41.1802529, -8.281509 ], [ -41.1803182, -8.2677201 ], [ -41.1680324, -8.2590285 ], [ -41.1618241, -8.2502716 ], [ -41.1562693, -8.2496181 ], [ -41.1475778, -8.2451089 ], [ -41.1410427, -8.2349796 ], [ -41.1277113, -8.2258959 ], [ -41.11705, -8.2155378 ], [ -41.0937104, -8.2002077 ], [ -41.0736039, -8.1655091 ], [ -41.0610257, -8.1545167 ], [ -41.0570659, -8.1457215 ], [ -41.047299099999989, -8.1360317 ], [ -41.0335624, -8.136845 ], [ -41.0277992, -8.1357121 ], [ -41.0159772, -8.1200973 ], [ -40.9953381, -8.1203929 ], [ -40.9850432, -8.1186196 ], [ -40.9807578, -8.1365495 ], [ -40.9779008, -8.1377317 ], [ -40.941588, -8.12188 ], [ -40.940573, -8.124468 ], [ -40.937698, -8.124111 ], [ -40.934651, -8.126727 ], [ -40.929915, -8.135029 ], [ -40.926507, -8.134597 ], [ -40.923615, -8.139788 ], [ -40.919201, -8.14118 ], [ -40.913369, -8.147722 ], [ -40.913112, -8.145016 ], [ -40.91179, -8.1448 ], [ -40.909056, -8.147664 ], [ -40.908365, -8.151247 ], [ -40.906275, -8.150313 ], [ -40.903494, -8.151472 ], [ -40.902518, -8.153917 ], [ -40.897225, -8.152664 ], [ -40.89544, -8.153602 ], [ -40.893688, -8.152558 ], [ -40.89307, -8.148987 ], [ -40.889636, -8.149698 ], [ -40.888442, -8.148197 ], [ -40.884275, -8.150993 ], [ -40.880062, -8.14984 ], [ -40.878511, -8.152287 ], [ -40.872769, -8.14758 ], [ -40.866484, -8.150297 ], [ -40.864342, -8.147984 ], [ -40.856348, -8.146905 ], [ -40.850717, -8.154451 ], [ -40.852678, -8.155685 ], [ -40.852674, -8.160616 ], [ -40.848601, -8.166295 ], [ -40.851179, -8.170312 ], [ -40.848622, -8.17276 ], [ -40.846794, -8.171308 ], [ -40.84606, -8.175449 ] ] ] } },
{ "type": "Feature", "properties": { "CD_MUN": "2200251", "NM_MUN": "Alagoinha do Piauí", "NM_UF": "Piauí", "NM_REGIAO": "Nordeste", "class_electre": 5, "class_label": "C5 (muito alto)", "Priorizacao": "Grupo 5", "class_mc_prob": 5, "ranking_pos": 9.0, "area_deg45_ha": 9275.0 }, "geometry": { "type": "Polygon", "coordinates": [ [ [ -40.8282859, -6.9283207 ], [ -40.850482299999989, -6.9852024 ], [ -40.8600526, -6.9908533 ], [ -40.8544322, -7.0203159 ], [ -40.887771, -7.0491434 ], [ -40.9133319, -7.0766155 ], [ -40.9445464, -7.0932749 ], [ -40.9599077, -7.1076438 ], [ -40.9975866, -7.137316 ], [ -41.001313, -7.08809 ], [ -40.9858221, -6.9897589 ], [ -40.9815399, -6.9155896 ], [ -40.9838355, -6.8362038 ], [ -40.9836737, -6.7968526 ], [ -40.981491, -6.772304 ], [ -40.9171753, -6.7676718 ], [ -40.8971953, -6.7697661 ], [ -40.882816, -6.7928291 ], [ -40.84758, -6.7848223 ], [ -40.8394182, -6.795984 ], [ -40.8367118, -6.8492565 ], [ -40.8282859, -6.9283207 ] ] ] } },
{ "type": "Feature", "properties": { "CD_MUN": "2200277", "NM_MUN": "Alegrete do Piauí", "NM_UF": "Piauí", "NM_REGIAO": "Nordeste", "class_electre": 5, "class_label": "C5 (muito alto)", "Priorizacao": "Grupo 4", "class_mc_prob": 5, "ranking_pos": 12.0, "area_deg45_ha": 3650.0 }, "geometry": { "type": "Polygon", "coordinates": [ [ [ -40.8667633, -7.1924863 ], [ -40.8636823, -7.1754181 ], [ -40.8815936, -7.1573182 ], [ -40.8809629, -7.1558794 ], [ -40.8562996, -7.1477908 ], [ -40.8555311, -7.1295022 ], [ -40.844347, -7.1263317 ], [ -40.7756754, -7.1346984 ], [ -40.748572, -7.1464038 ], [ -40.7295266, -7.1602848 ], [ -40.6915893, -7.1597274 ], [ -40.6925444, -7.1687526 ], [ -40.7057426, -7.1922263 ], [ -40.7171189, -7.2080072 ], [ -40.7135331, -7.2175147 ], [ -40.700365, -7.2264719 ], [ -40.7300284, -7.2446803 ], [ -40.748037, -7.2431529 ], [ -40.7532722, -7.2547076 ], [ -40.799265, -7.2610362 ], [ -40.8259135, -7.2705394 ], [ -40.8482675, -7.2853467 ], [ -40.8727071, -7.2617031 ], [ -40.8775136, -7.2597578 ], [ -40.8831035, -7.2411358 ], [ -40.8761145, -7.2267478 ], [ -40.8667633, -7.1924863 ] ] ] } },
{ "type": "Feature", "properties": { "CD_MUN": "2200707", "NM_MUN": "Anísio de Abreu", "NM_UF": "Piauí", "NM_REGIAO": "Nordeste", "class_electre": 5, "class_label": "C5 (muito alto)", "Priorizacao": "Grupo 4", "class_mc_prob": 4, "ranking_pos": 18.0, "area_deg45_ha": 4100.0 }, "geometry": { "type": "Polygon", "coordinates": [ [ [ -43.074511, -9.399989 ], [ -43.0876503, -9.2885328 ], [ -43.1069571, -9.2430991 ], [ -43.0830715, -9.198175 ], [ -43.0861406, -9.167015 ], [ -43.107406, -9.1467729 ], [ -43.1111926, -9.1014847 ], [ -43.0918833, -9.0892062 ], [ -43.0444021, -9.0892516 ], [ -43.0472857, -9.0818679 ], [ -43.0169776, -9.0880756 ], [ -42.9882391, -9.1247629 ], [ -42.981948, -9.1295953 ], [ -42.9946889, -9.1363637 ], [ -42.9757433, -9.1571506 ], [ -42.9665278, -9.182597 ], [ -42.9732665, -9.1856678 ], [ -42.9777486, -9.194142 ], [ -42.9779409, -9.2007026 ], [ -42.9822998, -9.2041607 ], [ -42.986439, -9.2050997 ], [ -42.9880332, -9.2082652 ], [ -42.9893404, -9.2183184 ], [ -42.9871785, -9.2239628 ], [ -42.985978, -9.265411 ], [ -42.9761507, -9.2827514 ], [ -42.9656274, -9.3080118 ], [ -42.9727032, -9.3070372 ], [ -42.9775136, -9.3087532 ], [ -42.9846247, -9.3073814 ], [ -42.9920897, -9.3152195 ], [ -42.9972152, -9.3180033 ], [ -43.0226503, -9.3186498 ], [ -43.0376715, -9.330261 ], [ -43.0470652, -9.3314251 ], [ -43.0529625, -9.3342108 ], [ -43.0578996, -9.3437819 ], [ -43.058519, -9.3486493 ], [ -43.0546726, -9.3513365 ], [ -43.0540179, -9.3572868 ], [ -43.0619832, -9.3834674 ], [ -43.0580977, -9.3935853 ], [ -43.0593098, -9.3969521 ], [ -43.0618928, -9.3945805 ], [ -43.0666099, -9.3940476 ], [ -43.0732234, -9.3998307 ], [ -43.074511, -9.399989 ] ] ] } },
{ "type": "Feature", "properties": { "CD_MUN": "2201572", "NM_MUN": "Belém do Piauí", "NM_UF": "Piauí", "NM_REGIAO": "Nordeste", "class_electre": 5, "class_label": "C5 (muito alto)", "Priorizacao": "Grupo 4", "class_mc_prob": 5, "ranking_pos": 13.0, "area_deg45_ha": 3500.0 }, "geometry": { "type": "Polygon", "coordinates": [ [ [ -41.0047843, -7.4225299 ], [ -41.0418282, -7.3014791 ], [ -41.0433936, -7.276888 ], [ -41.041061, -7.255918 ], [ -41.038247, -7.255358 ], [ -41.032623, -7.259325 ], [ -41.027548, -7.257867 ], [ -41.025498, -7.259288 ], [ -41.021175, -7.256378 ], [ -41.021501, -7.253968 ], [ -41.019359, -7.253955 ], [ -41.017525, -7.251086 ], [ -41.011253, -7.25372 ], [ -41.008592, -7.25284 ], [ -41.007081, -7.254719 ], [ -41.003526, -7.25235 ], [ -41.000466, -7.253206 ], [ -41.00128, -7.251543 ], [ -40.998288, -7.24975 ], [ -40.996786, -7.250478 ], [ -40.996202, -7.248903 ], [ -40.990754, -7.254669 ], [ -40.986952, -7.255597 ], [ -40.987819, -7.256933 ], [ -40.986119, -7.25786 ], [ -40.97198, -7.3062416 ], [ -40.9710577, -7.3200766 ], [ -40.937097, -7.342954 ], [ -40.930804, -7.35126 ], [ -40.930357, -7.354366 ], [ -40.934142, -7.355829 ], [ -40.937367, -7.352736 ], [ -40.941471, -7.3591105 ], [ -40.9314161, -7.3960867 ], [ -40.9310208, -7.4406246 ], [ -40.9221742, -7.4651253 ], [ -40.9339777, -7.4863073 ], [ -40.935511, -7.496457 ], [ -40.941834, -7.507404 ], [ -40.950041, -7.50968 ], [ -40.954451, -7.516403 ], [ -40.957935, -7.517469 ], [ -40.962229, -7.515481 ], [ -40.97002, -7.520511 ], [ -40.972165, -7.524405 ], [ -40.977478, -7.52393 ], [ -40.979542, -7.528235 ], [ -40.981738, -7.527124 ], [ -40.987367, -7.53203 ], [ -40.994805, -7.520638 ], [ -41.0083692, -7.4850966 ], [ -41.017312, -7.436703 ], [ -41.0047843, -7.4225299 ] ] ] } },
{ "type": "Feature", "properties": { "CD_MUN": "2201739", "NM_MUN": "Betânia do Piauí", "NM_UF": "Piauí", "NM_REGIAO": "Nordeste", "class_electre": 5, "class_label": "C5 (muito alto)", "Priorizacao": "Grupo 5", "class_mc_prob": 5, "ranking_pos": 11.0, "area_deg45_ha": 8900.0 }, "geometry": { "type": "Polygon", "coordinates": [ [ [ -40.6381681, -8.146305 ], [ -40.6427805, -8.1500745 ], [ -40.6435661, -8.1575368 ], [ -40.6585057, -8.1565563 ], [ -40.6664782, -8.1615894 ], [ -40.6690293, -8.1774809 ], [ -40.6752563, -8.1848616 ], [ -40.6844121, -8.1877765 ], [ -40.6943739, -8.2008763 ], [ -40.700588, -8.2026077 ], [ -40.7036424, -8.2085981 ], [ -40.7034233, -8.2171297 ], [ -40.7072558, -8.2234936 ], [ -40.711061099999988, -8.2250615 ], [ -40.7227262, -8.2232452 ], [ -40.7291979, -8.2249147 ], [ -40.7368689, -8.2282322 ], [ -40.7423971, -8.2349483 ], [ -40.7445047, -8.2400719 ], [ -40.7642927, -8.2439938 ], [ -40.7709781, -8.2410324 ], [ -40.7710915, -8.2394896 ], [ -40.775228299999988, -8.239445 ], [ -40.778235099999989, -8.2364421 ], [ -40.784521, -8.234265 ], [ -40.789771, -8.218685 ], [ -40.794798, -8.214305 ], [ -40.798599, -8.213963 ], [ -40.795885, -8.205285 ], [ -40.800857, -8.185924 ], [ -40.810137, -8.183237 ], [ -40.815813, -8.174124 ], [ -40.821273, -8.172294 ], [ -40.821879, -8.175596 ], [ -40.823583, -8.174428 ], [ -40.825009, -8.175385 ], [ -40.830443, -8.17106 ], [ -40.834611, -8.170196 ], [ -40.834978, -8.172521 ], [ -40.84606, -8.175449 ], [ -40.846794, -8.171308 ], [ -40.848622, -8.17276 ], [ -40.851179, -8.170312 ], [ -40.848601, -8.166295 ], [ -40.852674, -8.160616 ], [ -40.852678, -8.155685 ], [ -40.850717, -8.154451 ], [ -40.856348, -8.146905 ], [ -40.864342, -8.147984 ], [ -40.866484, -8.150297 ], [ -40.872769, -8.14758 ], [ -40.878511, -8.152287 ], [ -40.880062, -8.14984 ], [ -40.885571, -8.15073 ], [ -40.887914, -8.148201 ], [ -40.889636, -8.149698 ], [ -40.89307, -8.148987 ], [ -40.893688, -8.152558 ], [ -40.89544, -8.153602 ], [ -40.897225, -8.152664 ], [ -40.902518, -8.153917 ], [ -40.903494, -8.151472 ], [ -40.906275, -8.150313 ], [ -40.908365, -8.151247 ], [ -40.909056, -8.147664 ], [ -40.91179, -8.1448 ], [ -40.913112, -8.145016 ], [ -40.913369, -8.147722 ], [ -40.919201, -8.14118 ], [ -40.924027, -8.13944 ], [ -40.926507, -8.134597 ], [ -40.929915, -8.135029 ], [ -40.934651, -8.126727 ], [ -40.937698, -8.124111 ], [ -40.940573, -8.124468 ], [ -40.945136, -8.117149 ], [ -40.949381, -8.116847 ], [ -40.952858, -8.111178 ], [ -40.959702, -8.110552 ], [ -40.960076, -8.105389 ], [ -40.96336, -8.102434 ], [ -40.963767, -8.097578 ], [ -40.958939, -8.095141 ], [ -40.958613, -8.088283 ], [ -40.9409053, -8.0970703 ], [ -40.9289661, -8.0974114 ], [ -40.9218878, -8.0913565 ], [ -40.9162593, -8.0816346 ], [ -40.9036379, -8.0767736 ], [ -40.8738751, -8.0928916 ], [ -40.8726812, -8.0851311 ], [ -40.8709756, -8.0831696 ], [ -40.8642385, -8.0817199 ], [ -40.8579277, -8.0728507 ], [ -40.8604008, -8.0585237 ], [ -40.8599311, -8.0501211 ], [ -40.8652943, -8.0496695 ], [ -40.8271309, -8.0332694 ], [ -40.8233485, -8.0360921 ], [ -40.8157835, -8.0348501 ], [ -40.8125656, -8.030616 ], [ -40.8070895, -8.0310112 ], [ -40.8050571, -8.0277368 ], [ -40.799185799999989, -8.0240673 ], [ -40.7929194, -8.023164 ], [ -40.7772814, -8.0269465 ], [ -40.7058637, -8.0254301 ], [ -40.6242626, -8.0357064 ], [ -40.5756978, -8.0303748 ], [ -40.5987568, -8.0808577 ], [ -40.6031232, -8.0953304 ], [ -40.6015335, -8.0996225 ], [ -40.6038677, -8.1036877 ], [ -40.6011811, -8.1074971 ], [ -40.5993447, -8.1156246 ], [ -40.5912353, -8.1235163 ], [ -40.5896984, -8.1388083 ], [ -40.5975589, -8.1411708 ], [ -40.6011403, -8.1440503 ], [ -40.6013179, -8.1501705 ], [ -40.6144226, -8.1465025 ], [ -40.6218754, -8.1412181 ], [ -40.6287023, -8.1410733 ], [ -40.6328404, -8.1393013 ], [ -40.6368416, -8.1420956 ], [ -40.6381681, -8.146305 ] ] ] } },
{ "type": "Feature", "properties": { "CD_MUN": "2201929", "NM_MUN": "Bonfim do Piauí", "NM_UF": "Piauí", "NM_REGIAO": "Nordeste", "class_electre": 5, "class_label": "C5 (muito alto)", "Priorizacao": "Grupo 5", "class_mc_prob": 5, "ranking_pos": 6.0, "area_deg45_ha": 5250.0 }, "geometry": { "type": "Polygon", "coordinates": [ [ [ -42.90483, -9.215775 ], [ -42.904707, -9.213547 ], [ -42.90738, -9.211951 ], [ -42.9127016, -9.2135847 ], [ -42.9389023, -9.201156 ], [ -42.9394757, -9.1911689 ], [ -42.9690827, -9.1467419 ], [ -42.9757433, -9.1571506 ], [ -42.9946889, -9.1363637 ], [ -42.978895, -9.127545 ], [ -42.921864, -9.106836 ], [ -42.8455063, -9.0698476 ], [ -42.8187698, -9.091057 ], [ -42.8018638, -9.1145672 ], [ -42.7954316, -9.1371159 ], [ -42.8113713, -9.1678905 ], [ -42.7985559, -9.1945512 ], [ -42.819705, -9.231884 ], [ -42.844791, -9.264266 ], [ -42.856344, -9.271641 ], [ -42.866062, -9.297722 ], [ -42.865634, -9.306773 ], [ -42.900578, -9.27343 ], [ -42.901105, -9.266465 ], [ -42.898642, -9.258721 ], [ -42.903311, -9.255481 ], [ -42.90309, -9.254066 ], [ -42.908201, -9.253878 ], [ -42.908956, -9.252502 ], [ -42.913683, -9.253153 ], [ -42.916029, -9.248458 ], [ -42.915349, -9.238914 ], [ -42.913262, -9.237863 ], [ -42.915665, -9.236482 ], [ -42.912614, -9.234395 ], [ -42.913323, -9.229943 ], [ -42.912469, -9.228821 ], [ -42.910012, -9.230011 ], [ -42.909354, -9.227374 ], [ -42.903917, -9.226609 ], [ -42.904858, -9.221164 ], [ -42.900565, -9.221285 ], [ -42.901031, -9.216479 ], [ -42.90483, -9.215775 ] ] ] } },
{ "type": "Feature", "properties": { "CD_MUN": "2202117", "NM_MUN": "Campo Alegre do Fidalgo", "NM_UF": "Piauí", "NM_REGIAO": "Nordeste", "class_electre": 5, "class_label": "C5 (muito alto)", "Priorizacao": "Grupo 3", "class_mc_prob": 5, "ranking_pos": 24.0, "area_deg45_ha": 4250.0 }, "geometry": { "type": "Polygon", "coordinates": [ [ [ -41.7269788, -8.4003007 ], [ -41.9371589, -8.3997333 ], [ -41.9496218, -8.3733385 ], [ -41.9575527, -8.372728 ], [ -41.9291807, -8.276004 ], [ -41.8916663, -8.134445 ], [ -41.8399589, -8.1187653 ], [ -41.8322134, -8.1205404 ], [ -41.813285, -8.1169068 ], [ -41.7956241, -8.1168223 ], [ -41.7859909, -8.1185124 ], [ -41.7772872, -8.1169068 ], [ -41.7501621, -8.0924013 ], [ -41.7399513, -8.0884386 ], [ -41.7766332, -8.1209359 ], [ -41.771887, -8.1350917 ], [ -41.7639371, -8.1434392 ], [ -41.7554165, -8.1606628 ], [ -41.75149, -8.1626575 ], [ -41.7352209, -8.1619565 ], [ -41.7320302, -8.1632888 ], [ -41.7288916, -8.171519 ], [ -41.7347708, -8.1791701 ], [ -41.7433968, -8.1815111 ], [ -41.7834681, -8.2220368 ], [ -41.7831105, -8.2513175 ], [ -41.7714687, -8.2900996 ], [ -41.7493975, -8.3120619 ], [ -41.7399367, -8.3043901 ], [ -41.7206682, -8.2944523 ], [ -41.7143188, -8.2952676 ], [ -41.7105545, -8.2934505 ], [ -41.6961858, -8.2843375 ], [ -41.6917389, -8.2796049 ], [ -41.6898429, -8.2739817 ], [ -41.6857732, -8.2741651 ], [ -41.6769264, -8.2838211 ], [ -41.6571062, -8.2990033 ], [ -41.6769812, -8.3285097 ], [ -41.6696639, -8.350294 ], [ -41.6735426, -8.392466 ], [ -41.7269788, -8.4003007 ] ] ] } },
{ "type": "Feature", "properties": { "CD_MUN": "2202133", "NM_MUN": "Campo Grande do Piauí", "NM_UF": "Piauí", "NM_REGIAO": "Nordeste", "class_electre": 5, "class_label": "C5 (muito alto)", "Priorizacao": "Grupo 5", "class_mc_prob": 5, "ranking_pos": 4.0, "area_deg45_ha": 6825.0 }, "geometry": { "type": "Polygon", "coordinates": [ [ [ -41.0661729, -7.069801 ], [ -41.001119, -7.088844 ], [ -40.9970593, -7.1579109 ], [ -40.9914606, -7.2003794 ], [ -40.9800582, -7.2159467 ], [ -40.9819936, -7.2275198 ], [ -40.9857649, -7.2323527 ], [ -40.986128099999988, -7.2365431 ], [ -40.9890613, -7.2394205 ], [ -40.9916692, -7.2524794 ], [ -40.996202, -7.248903 ], [ -40.996786, -7.250478 ], [ -40.998288, -7.24975 ], [ -41.00128, -7.251543 ], [ -41.000466, -7.253206 ], [ -41.003526, -7.25235 ], [ -41.007081, -7.254719 ], [ -41.008592, -7.25284 ], [ -41.011253, -7.25372 ], [ -41.017525, -7.251086 ], [ -41.019359, -7.253955 ], [ -41.021501, -7.253968 ], [ -41.021175, -7.256378 ], [ -41.025498, -7.259288 ], [ -41.027548, -7.257867 ], [ -41.032623, -7.259325 ], [ -41.038247, -7.255358 ], [ -41.041061, -7.255918 ], [ -41.0433936, -7.276888 ], [ -41.0673196, -7.2722408 ], [ -41.0849936, -7.2843759 ], [ -41.1056778, -7.2714086 ], [ -41.133793, -7.27389 ], [ -41.13769, -7.26415 ], [ -41.146917, -7.259783 ], [ -41.145509, -7.255468 ], [ -41.141963, -7.251867 ], [ -41.1433575, -7.1658359 ], [ -41.131654, -7.122107 ], [ -41.103724, -7.125166 ], [ -41.0661729, -7.069801 ] ] ] } },
{ "type": "Feature", "properties": { "CD_MUN": "2202455", "NM_MUN": "Capitão Gervásio Oliveira", "NM_UF": "Piauí", "NM_REGIAO": "Nordeste", "class_electre": 5, "class_label": "C5 (muito alto)", "Priorizacao": "Grupo 3", "class_mc_prob": 5, "ranking_pos": 27.0, "area_deg45_ha": 625.0 }, "geometry": { "type": "Polygon", "coordinates": [ [ [ -41.807095, -8.684909 ], [ -41.813351, -8.689992 ], [ -41.815999, -8.695686 ], [ -41.830467, -8.693005 ], [ -41.840137, -8.702299 ], [ -41.848216, -8.700594 ], [ -41.851942, -8.694342 ], [ -41.863832, -8.684421 ], [ -41.86571, -8.67965 ], [ -41.871074, -8.678743 ], [ -41.879313, -8.671871 ], [ -41.885013, -8.672457 ], [ -41.893165, -8.670475 ], [ -41.895311, -8.673723 ], [ -41.896727, -8.673638 ], [ -41.899598, -8.667773 ], [ -41.906835, -8.66038 ], [ -41.908865, -8.65249 ], [ -41.917472, -8.657743 ], [ -41.919754, -8.656465 ], [ -41.924077, -8.647879 ], [ -41.929607, -8.64452 ], [ -41.943805, -8.643712 ], [ -41.946897, -8.64478 ], [ -41.9485, -8.637878 ], [ -41.957454, -8.635616 ], [ -41.967909, -8.635858 ], [ -41.969628, -8.63416 ], [ -41.968134, -8.628573 ], [ -41.969215, -8.626478 ], [ -41.979614, -8.62327 ], [ -41.981275, -8.619434 ], [ -41.989808, -8.611005 ], [ -41.994902, -8.599014 ], [ -41.998121, -8.598544 ], [ -42.008243, -8.601786 ], [ -42.015045, -8.597547 ], [ -42.017798, -8.590662 ], [ -42.02407, -8.586028 ], [ -42.02806, -8.586766 ], [ -42.038277, -8.584736 ], [ -42.04068, -8.5863 ], [ -42.040769, -8.590553 ], [ -42.04949, -8.597123 ], [ -42.053322, -8.59773 ], [ -42.055909, -8.592787 ], [ -42.060054, -8.593567 ], [ -42.0600312, -8.5868965 ], [ -42.0642892, -8.5819107 ], [ -42.0663843, -8.5816474 ], [ -42.0705034, -8.5853726 ], [ -42.0765694, -8.5843039 ], [ -42.0767409, -8.5762419 ], [ -42.078424, -8.5729102 ], [ -42.089044, -8.5744279 ], [ -42.096602, -8.5785129 ], [ -42.1020009, -8.5782738 ], [ -42.1055219, -8.5812643 ], [ -42.1129782, -8.5820687 ], [ -42.1151193, -8.5770876 ], [ -42.123879, -8.5752327 ], [ -42.12552, -8.5736017 ], [ -42.1246648, -8.569213 ], [ -42.1530583, -8.4725083 ], [ -42.0339062, -8.461766 ], [ -41.9849464, -8.3264583 ], [ -41.9575527, -8.372728 ], [ -41.9496218, -8.3733385 ], [ -41.9371589, -8.3997333 ], [ -41.7269788, -8.4003007 ], [ -41.7208017, -8.4041886 ], [ -41.7546733, -8.423106 ], [ -41.7121678, -8.5002246 ], [ -41.7508208, -8.6050806 ], [ -41.7374707, -8.7327134 ], [ -41.743149, -8.732317 ], [ -41.745989, -8.734095 ], [ -41.750782, -8.729648 ], [ -41.760104, -8.73201 ], [ -41.761775, -8.728953 ], [ -41.76016, -8.726746 ], [ -41.761498, -8.721026 ], [ -41.76919, -8.716916 ], [ -41.773446, -8.721381 ], [ -41.775133, -8.720682 ], [ -41.776356, -8.719036 ], [ -41.774551, -8.71613 ], [ -41.780653, -8.714253 ], [ -41.781115, -8.710909 ], [ -41.794491, -8.701272 ], [ -41.793718, -8.695078 ], [ -41.800012, -8.696373 ], [ -41.802294, -8.69509 ], [ -41.807062, -8.68926 ], [ -41.806052, -8.686046 ], [ -41.807095, -8.684909 ] ] ] } },
{ "type": "Feature", "properties": { "CD_MUN": "2203271", "NM_MUN": "Curral Novo do Piauí", "NM_UF": "Piauí", "NM_REGIAO": "Nordeste", "class_electre": 5, "class_label": "C5 (muito alto)", "Priorizacao": "Grupo 3", "class_mc_prob": 5, "ranking_pos": 28.0, "area_deg45_ha": 725.0 }, "geometry": { "type": "Polygon", "coordinates": [ [ [ -40.8822463, -7.9161862 ], [ -40.9084812, -7.9033975 ], [ -40.9409708, -7.8797784 ], [ -40.9589979, -7.8480117 ], [ -40.944326, -7.8059547 ], [ -40.9415106, -7.8045032 ], [ -40.935905, -7.7971698 ], [ -40.9344076, -7.7911803 ], [ -40.9310673, -7.7863426 ], [ -40.9234268, -7.780353 ], [ -40.9221214, -7.7775502 ], [ -40.9155927, -7.774063 ], [ -40.9012879, -7.7337191 ], [ -40.853121099999989, -7.73059 ], [ -40.8270759, -7.7419219 ], [ -40.8072698, -7.7666891 ], [ -40.7782766, -7.7773899 ], [ -40.7606218, -7.7793667 ], [ -40.7438114, -7.7758887 ], [ -40.7333774, -7.7773379 ], [ -40.7203349, -7.7860329 ], [ -40.7099009, -7.7871922 ], [ -40.7035102, -7.7860988 ], [ -40.6930906, -7.797916 ], [ -40.6899025, -7.8150162 ], [ -40.6951774, -7.8527768 ], [ -40.6775615, -7.8691228 ], [ -40.6916485, -7.897108 ], [ -40.690341, -7.8991151 ], [ -40.6913462, -7.899991 ], [ -40.6862402, -7.9061045 ], [ -40.6888374, -7.9082019 ], [ -40.6866726, -7.9100917 ], [ -40.683893, -7.9088898 ], [ -40.6866694, -7.9127378 ], [ -40.6838563, -7.9194958 ], [ -40.6799631, -7.9234791 ], [ -40.6769222, -7.9242919 ], [ -40.6751642, -7.9285795 ], [ -40.6702693, -7.9257014 ], [ -40.6692821, -7.9221008 ], [ -40.6648878, -7.9215448 ], [ -40.663392, -7.9248701 ], [ -40.6665015, -7.9256324 ], [ -40.6666148, -7.9270856 ], [ -40.6630039, -7.9283174 ], [ -40.6586757, -7.9337589 ], [ -40.6591386, -7.9364188 ], [ -40.6561779, -7.9381984 ], [ -40.6528871, -7.9365837 ], [ -40.6512638, -7.9393316 ], [ -40.6477094, -7.939797 ], [ -40.6441115, -7.9363261 ], [ -40.6393472, -7.9377418 ], [ -40.637296, -7.933309 ], [ -40.6323657, -7.9331836 ], [ -40.6303999, -7.9347614 ], [ -40.6322397, -7.9375325 ], [ -40.6315963, -7.939245 ], [ -40.6287483, -7.9390505 ], [ -40.6250914, -7.9451946 ], [ -40.6187421, -7.9471557 ], [ -40.6177169, -7.951505 ], [ -40.6124002, -7.9492632 ], [ -40.6068941, -7.9517418 ], [ -40.601554, -7.9514269 ], [ -40.6029819, -7.9535851 ], [ -40.599601799999988, -7.9548607 ], [ -40.5894366, -7.9517384 ], [ -40.5851375, -7.9485585 ], [ -40.5830892, -7.9496477 ], [ -40.5806493, -7.946451 ], [ -40.5789822, -7.9468354 ], [ -40.5784352, -7.9497601 ], [ -40.5767097, -7.9484641 ], [ -40.5761472, -7.9528427 ], [ -40.5729367, -7.9511282 ], [ -40.5701556, -7.9537173 ], [ -40.5625421, -7.949949 ], [ -40.5598465, -7.9509986 ], [ -40.5585123, -7.9485793 ], [ -40.5545134, -7.9475528 ], [ -40.5495986, -7.9531567 ], [ -40.5473244, -7.9600536 ], [ -40.5439392, -7.961572 ], [ -40.5442221, -7.9645971 ], [ -40.5756978, -8.0303748 ], [ -40.6242626, -8.0357064 ], [ -40.7056579, -8.025456 ], [ -40.7653243, -7.9848344 ], [ -40.7936514, -7.9798481 ], [ -40.8519705, -7.9407242 ], [ -40.8550686, -7.9226192 ], [ -40.8822463, -7.9161862 ] ] ] } },
{ "type": "Feature", "properties": { "CD_MUN": "2203354", "NM_MUN": "Dirceu Arcoverde", "NM_UF": "Piauí", "NM_REGIAO": "Nordeste", "class_electre": 5, "class_label": "C5 (muito alto)", "Priorizacao": "Grupo 3", "class_mc_prob": 5, "ranking_pos": 26.0, "area_deg45_ha": 5525.0 }, "geometry": { "type": "Polygon", "coordinates": [ [ [ -42.4938831, -9.2564878 ], [ -42.462908, -9.172355 ], [ -42.45373, -9.170828 ], [ -42.438495, -9.171783 ], [ -42.431107, -9.175398 ], [ -42.402367, -9.17751 ], [ -42.369875, -9.187509 ], [ -42.34132, -9.188503 ], [ -42.327739, -9.184673 ], [ -42.3177085, -9.1857243 ], [ -42.304593, -9.1846682 ], [ -42.2891244, -9.1913349 ], [ -42.265642, -9.193665 ], [ -42.2419195, -9.2005709 ], [ -42.2246823, -9.1992545 ], [ -42.214923, -9.202834 ], [ -42.209822, -9.202584 ], [ -42.226054, -9.2832989 ], [ -42.2345267, -9.2842954 ], [ -42.2436577, -9.2888567 ], [ -42.2689127, -9.3104468 ], [ -42.2747509, -9.3115924 ], [ -42.2899654, -9.3094958 ], [ -42.3071658, -9.3154534 ], [ -42.3169422, -9.3171118 ], [ -42.3203819, -9.3210098 ], [ -42.3258774, -9.3334115 ], [ -42.3499938, -9.345888 ], [ -42.357049, -9.3525645 ], [ -42.3580616, -9.364561 ], [ -42.3567148, -9.3721839 ], [ -42.3595246, -9.3776132 ], [ -42.3780795, -9.3896534 ], [ -42.3896347, -9.3926212 ], [ -42.3988859, -9.3970862 ], [ -42.4184943, -9.4093633 ], [ -42.4229866, -9.413693 ], [ -42.4264127, -9.4212044 ], [ -42.4282776, -9.4397829 ], [ -42.4331886, -9.448179 ], [ -42.440584199999989, -9.4561712 ], [ -42.4517707, -9.4621032 ], [ -42.4768781, -9.4587682 ], [ -42.4840559, -9.4595234 ], [ -42.4890689, -9.4620372 ], [ -42.491219, -9.4696076 ], [ -42.4860249, -9.4837862 ], [ -42.4930918, -9.4949004 ], [ -42.5222724, -9.503027 ], [ -42.5325065, -9.5019857 ], [ -42.538938, -9.4981602 ], [ -42.5491612, -9.4958793 ], [ -42.5548256, -9.4963025 ], [ -42.5691799, -9.5017533 ], [ -42.5797472, -9.4974167 ], [ -42.5864825, -9.4967744 ], [ -42.5921064, -9.5002821 ], [ -42.6029004, -9.5168113 ], [ -42.6269942, -9.4452118 ], [ -42.6769805, -9.4021382 ], [ -42.6652558, -9.4018605 ], [ -42.6729949, -9.3831015 ], [ -42.6875263, -9.3831042 ], [ -42.7227896, -9.3413516 ], [ -42.642263, -9.331723 ], [ -42.4938831, -9.2564878 ] ] ] } },
{ "type": "Feature", "properties": { "CD_MUN": "2203453", "NM_MUN": "Dom Inocêncio", "NM_UF": "Piauí", "NM_REGIAO": "Nordeste", "class_electre": 5, "class_label": "C5 (muito alto)", "Priorizacao": "Grupo 3", "class_mc_prob": 5, "ranking_pos": 29.0, "area_deg45_ha": 2425.0 }, "geometry": { "type": "Polygon", "coordinates": [ [ [ -41.9480956, -9.2636909 ], [ -41.9554222, -9.2636647 ], [ -41.9582954, -9.2620786 ], [ -41.9722662, -9.2486381 ], [ -41.978656, -9.2504046 ], [ -41.9892429, -9.2595986 ], [ -41.999905299999988, -9.2659722 ], [ -42.0186882, -9.250516 ], [ -42.0219296, -9.2497558 ], [ -42.0246776, -9.2497597 ], [ -42.0349916, -9.256139 ], [ -42.0581564, -9.2548909 ], [ -42.0692186, -9.2575415 ], [ -42.1424741, -9.1529604 ], [ -42.1796302, -9.133736 ], [ -42.2249138, -9.0125814 ], [ -42.2368769, -8.9272502 ], [ -42.2355286, -8.8631395 ], [ -42.2216009, -8.8465242 ], [ -42.1974711, -8.8419998 ], [ -42.2021822, -8.832021 ], [ -42.1294545, -8.7284162 ], [ -42.2100623, -8.6491911 ], [ -42.1894077, -8.5839772 ], [ -42.1580386, -8.5904168 ], [ -42.1257066, -8.5665735 ], [ -42.1247216, -8.574739 ], [ -42.1151193, -8.5770876 ], [ -42.1140206, -8.5812073 ], [ -42.1113891, -8.5824566 ], [ -42.104795, -8.5809412 ], [ -42.1020009, -8.5782738 ], [ -42.096602, -8.5785129 ], [ -42.0933376, -8.5756294 ], [ -42.078424, -8.5729102 ], [ -42.0767409, -8.5762419 ], [ -42.0765694, -8.5843039 ], [ -42.0705034, -8.5853726 ], [ -42.0663843, -8.5816474 ], [ -42.0642892, -8.5819107 ], [ -42.0600312, -8.5868965 ], [ -42.060054, -8.593567 ], [ -42.055909, -8.592787 ], [ -42.053322, -8.59773 ], [ -42.04949, -8.597123 ], [ -42.040769, -8.590553 ], [ -42.039328, -8.585092 ], [ -42.02806, -8.586766 ], [ -42.02446, -8.585884 ], [ -42.017798, -8.590662 ], [ -42.015045, -8.597547 ], [ -42.008243, -8.601786 ], [ -41.998121, -8.598544 ], [ -41.994902, -8.599014 ], [ -41.989808, -8.611005 ], [ -41.981275, -8.619434 ], [ -41.979614, -8.62327 ], [ -41.969215, -8.626478 ], [ -41.968134, -8.628573 ], [ -41.969628, -8.63416 ], [ -41.967909, -8.635858 ], [ -41.957454, -8.635616 ], [ -41.9485, -8.637878 ], [ -41.946897, -8.64478 ], [ -41.943805, -8.643712 ], [ -41.929607, -8.64452 ], [ -41.924077, -8.647879 ], [ -41.919754, -8.656465 ], [ -41.917472, -8.657743 ], [ -41.908865, -8.65249 ], [ -41.906835, -8.66038 ], [ -41.899598, -8.667773 ], [ -41.896727, -8.673638 ], [ -41.895311, -8.673723 ], [ -41.893165, -8.670475 ], [ -41.885013, -8.672457 ], [ -41.879313, -8.671871 ], [ -41.871074, -8.678743 ], [ -41.86571, -8.67965 ], [ -41.863832, -8.684421 ], [ -41.851942, -8.694342 ], [ -41.849612, -8.699931 ], [ -41.840137, -8.702299 ], [ -41.830467, -8.693005 ], [ -41.815999, -8.695686 ], [ -41.81186, -8.688225 ], [ -41.806413, -8.685007 ], [ -41.807062, -8.68926 ], [ -41.802294, -8.69509 ], [ -41.800012, -8.696373 ], [ -41.793718, -8.695078 ], [ -41.794491, -8.701272 ], [ -41.781115, -8.710909 ], [ -41.780653, -8.714253 ], [ -41.774551, -8.71613 ], [ -41.776356, -8.719036 ], [ -41.775133, -8.720682 ], [ -41.773446, -8.721381 ], [ -41.76919, -8.716916 ], [ -41.761498, -8.721026 ], [ -41.76016, -8.726746 ], [ -41.761775, -8.728953 ], [ -41.760104, -8.73201 ], [ -41.749928, -8.729686 ], [ -41.745989, -8.734095 ], [ -41.738707, -8.731754 ], [ -41.728373, -8.738555 ], [ -41.719098, -8.738227 ], [ -41.716511, -8.732268 ], [ -41.712605, -8.728686 ], [ -41.704243, -8.729526 ], [ -41.702401, -8.734974 ], [ -41.703849, -8.739526 ], [ -41.697548, -8.750692 ], [ -41.692875, -8.750665 ], [ -41.687733, -8.746981 ], [ -41.683371, -8.746931 ], [ -41.681569, -8.747448 ], [ -41.680311, -8.751719 ], [ -41.674784, -8.757481 ], [ -41.658798, -8.751346 ], [ -41.654923, -8.758945 ], [ -41.645827, -8.758082 ], [ -41.638243, -8.763861 ], [ -41.63128, -8.761229 ], [ -41.631299, -8.766772 ], [ -41.629491, -8.770878 ], [ -41.625547, -8.772921 ], [ -41.62306, -8.777196 ], [ -41.619202, -8.775966 ], [ -41.613574, -8.7777 ], [ -41.612175, -8.780073 ], [ -41.613505, -8.786235 ], [ -41.6076, -8.787266 ], [ -41.601365, -8.794666 ], [ -41.599872, -8.794832 ], [ -41.597968, -8.791349 ], [ -41.593538, -8.793393 ], [ -41.58849, -8.791546 ], [ -41.581074, -8.796045 ], [ -41.579286, -8.799019 ], [ -41.577512, -8.79568 ], [ -41.578974, -8.791435 ], [ -41.570336, -8.78882 ], [ -41.567463, -8.789655 ], [ -41.566987, -8.7866 ], [ -41.563089, -8.788118 ], [ -41.560727, -8.785212 ], [ -41.562156, -8.782669 ], [ -41.559631, -8.778949 ], [ -41.553847, -8.781535 ], [ -41.549642, -8.781368 ], [ -41.548538, -8.779386 ], [ -41.544999, -8.779697 ], [ -41.541158, -8.78196 ], [ -41.541047, -8.786348 ], [ -41.537631, -8.789171 ], [ -41.531127, -8.788118 ], [ -41.530217, -8.789861 ], [ -41.527443, -8.784658 ], [ -41.522328, -8.787069 ], [ -41.51928, -8.791666 ], [ -41.514697, -8.790256 ], [ -41.513594, -8.791899 ], [ -41.514823, -8.794857 ], [ -41.51342, -8.79581 ], [ -41.515714, -8.799499 ], [ -41.514695, -8.803896 ], [ -41.510583, -8.806033 ], [ -41.506705, -8.804268 ], [ -41.49986, -8.805158 ], [ -41.49933, -8.806933 ], [ -41.49405, -8.800206 ], [ -41.493216, -8.792024 ], [ -41.488655, -8.783787 ], [ -41.480623, -8.783204 ], [ -41.478049, -8.780734 ], [ -41.471998, -8.77914 ], [ -41.468217, -8.768866 ], [ -41.463128, -8.769111 ], [ -41.454827, -8.755921 ], [ -41.445818, -8.754098 ], [ -41.429804, -8.756585 ], [ -41.4233052, -8.7662804 ], [ -41.4113912, -8.7743682 ], [ -41.4242667, -8.8025554 ], [ -41.4275718, -8.801069 ], [ -41.4298238, -8.7967378 ], [ -41.4346841, -8.799096 ], [ -41.4715138, -8.8384486 ], [ -41.4721841, -8.8431145 ], [ -41.4776252, -8.8449133 ], [ -41.4878434, -8.8439034 ], [ -41.489294, -8.8509083 ], [ -41.4933157, -8.8562232 ], [ -41.4945409, -8.861126 ], [ -41.5027347, -8.864066 ], [ -41.5110501, -8.8776121 ], [ -41.506843, -8.8882975 ], [ -41.5074372, -8.8924409 ], [ -41.5216499, -8.9018628 ], [ -41.5234378, -8.9123136 ], [ -41.531346, -8.9277042 ], [ -41.5341804, -8.9305132 ], [ -41.5414101, -8.9335567 ], [ -41.5448531, -8.9379543 ], [ -41.5455716, -8.941678 ], [ -41.5426518, -8.9489266 ], [ -41.5459929, -8.954214 ], [ -41.544521, -8.9605491 ], [ -41.5457959, -8.9616759 ], [ -41.5541224, -8.9638235 ], [ -41.5652668, -8.9703202 ], [ -41.5671764, -8.969536 ], [ -41.5700566, -8.9550295 ], [ -41.5896871, -8.9551199 ], [ -41.5969094, -8.9589018 ], [ -41.6057947, -8.9574039 ], [ -41.6099316, -8.9672725 ], [ -41.6212088, -8.9708628 ], [ -41.6240968, -8.9816728 ], [ -41.6289978, -8.98489 ], [ -41.6334052, -8.9860073 ], [ -41.640938, -8.984832 ], [ -41.6489608, -8.9883478 ], [ -41.6610131, -8.9876517 ], [ -41.6694039, -8.9900791 ], [ -41.6703526, -8.9949884 ], [ -41.668625, -9.0004558 ], [ -41.6699023, -9.0034794 ], [ -41.6733475, -9.0077894 ], [ -41.6804537, -9.0122823 ], [ -41.6887708, -9.0139549 ], [ -41.7068542, -9.011567 ], [ -41.717604, -9.0122782 ], [ -41.7236031, -9.0135402 ], [ -41.7264829, -9.0163609 ], [ -41.7308218, -9.0279572 ], [ -41.7330048, -9.0462941 ], [ -41.7310108, -9.0698179 ], [ -41.732659, -9.0877254 ], [ -41.7351841, -9.0946998 ], [ -41.7430468, -9.1038266 ], [ -41.7589329, -9.1166564 ], [ -41.7804487, -9.1289856 ], [ -41.8000703, -9.1480266 ], [ -41.8012169, -9.1536981 ], [ -41.800126299999988, -9.1651616 ], [ -41.802243, -9.169627 ], [ -41.8132719, -9.1788382 ], [ -41.8198734, -9.1890012 ], [ -41.8312409, -9.2289428 ], [ -41.8379658, -9.242272 ], [ -41.8431327, -9.244225 ], [ -41.8478189, -9.2439555 ], [ -41.8597079, -9.2376051 ], [ -41.8705206, -9.2374314 ], [ -41.8849329, -9.2534666 ], [ -41.8900454, -9.2558169 ], [ -41.9016543, -9.2573549 ], [ -41.9046805, -9.2596044 ], [ -41.9096016, -9.2737941 ], [ -41.9179331, -9.2784662 ], [ -41.9247682, -9.277797 ], [ -41.9374398, -9.2672701 ], [ -41.9480956, -9.2636909 ] ] ] } },
{ "type": "Feature", "properties": { "CD_MUN": "2204204", "NM_MUN": "Francisco Santos", "NM_UF": "Piauí", "NM_REGIAO": "Nordeste", "class_electre": 5, "class_label": "C5 (muito alto)", "Priorizacao": "Grupo 5", "class_mc_prob": 5, "ranking_pos": 8.0, "area_deg45_ha": 8225.0 }, "geometry": { "type": "Polygon", "coordinates": [ [ [ -41.0953591, -6.7566931 ], [ -41.0808568, -6.9974736 ], [ -41.1049794, -7.1250303 ], [ -41.131654, -7.122107 ], [ -41.1433575, -7.1658359 ], [ -41.1432407, -7.2064968 ], [ -41.1623964, -7.2120525 ], [ -41.1963775, -7.2181206 ], [ -41.2050338, -7.2578424 ], [ -41.211264, -7.2577888 ], [ -41.2640454, -7.2256814 ], [ -41.1923324, -7.1146894 ], [ -41.1873574, -6.9926962 ], [ -41.1583973, -6.8645029 ], [ -41.1431201, -6.7504665 ], [ -41.0953591, -6.7566931 ] ] ] } },
{ "type": "Feature", "properties": { "CD_MUN": "2205151", "NM_MUN": "Jacobina do Piauí", "NM_UF": "Piauí", "NM_REGIAO": "Nordeste", "class_electre": 5, "class_label": "C5 (muito alto)", "Priorizacao": "Grupo 4", "class_mc_prob": 5, "ranking_pos": 16.0, "area_deg45_ha": 16025.0 }, "geometry": { "type": "Polygon", "coordinates": [ [ [ -41.0754503, -7.9378652 ], [ -41.1041537, -7.9653785 ], [ -41.104284, -7.9694479 ], [ -41.1131431, -7.9797276 ], [ -41.1345567, -7.9814424 ], [ -41.137813699999988, -7.9806203 ], [ -41.1403845, -7.9769372 ], [ -41.142443199999988, -7.9765661 ], [ -41.1491485, -7.9843709 ], [ -41.1621262, -8.0198158 ], [ -41.1703678, -8.0201994 ], [ -41.178986, -8.0184842 ], [ -41.1846954, -8.0140971 ], [ -41.1874852, -8.0152066 ], [ -41.189681, -8.0184816 ], [ -41.1956034, -8.020396 ], [ -41.2263898, -8.0111549 ], [ -41.2409459, -8.0138369 ], [ -41.2535151, -8.0191769 ], [ -41.2681502, -8.0217833 ], [ -41.3093177, -8.0188272 ], [ -41.3472261, -8.0363217 ], [ -41.3585784, -8.0330911 ], [ -41.3680782, -8.0364579 ], [ -41.380914, -8.0464693 ], [ -41.3830257, -8.0523192 ], [ -41.3852795, -8.052848 ], [ -41.3809373, -8.0688445 ], [ -41.3844373, -8.0710043 ], [ -41.3833975, -8.078898 ], [ -41.3810227, -8.0821539 ], [ -41.3842445, -8.0839534 ], [ -41.386211, -8.0874023 ], [ -41.3928542, -8.0904644 ], [ -41.3947281, -8.0966033 ], [ -41.4029552, -8.0977404 ], [ -41.4099783, -8.1033589 ], [ -41.4258974, -8.1056999 ], [ -41.4355291, -8.1026231 ], [ -41.4392748, -8.0984761 ], [ -41.4545054, -8.0957636 ], [ -41.442027, -8.0905663 ], [ -41.4361889, -8.0858533 ], [ -41.4360692, -8.0814871 ], [ -41.442406, -8.0772633 ], [ -41.4426696, -8.0666071 ], [ -41.4584359, -8.0558972 ], [ -41.4601765, -8.046116 ], [ -41.4651674, -8.0383227 ], [ -41.4669738, -8.0324015 ], [ -41.4744684, -8.0327735 ], [ -41.4829112, -8.0298622 ], [ -41.491219, -8.0214503 ], [ -41.4948187, -8.0114202 ], [ -41.482937199999988, -8.0033524 ], [ -41.467455, -7.9898927 ], [ -41.4783255, -7.9826165 ], [ -41.4801365, -7.9734338 ], [ -41.4908957, -7.9663125 ], [ -41.4962557, -7.956276 ], [ -41.5035876, -7.9535398 ], [ -41.5127665, -7.9589778 ], [ -41.5183097, -7.9560082 ], [ -41.5260887, -7.9398828 ], [ -41.5214213, -7.9200206 ], [ -41.5078049, -7.9083918 ], [ -41.4833776, -7.9103376 ], [ -41.4790657, -7.9029574 ], [ -41.4751347, -7.9004018 ], [ -41.464214, -7.9040696 ], [ -41.4587846, -7.8995491 ], [ -41.4533581, -7.9005984 ], [ -41.445243, -7.897836 ], [ -41.4388527, -7.899824 ], [ -41.4352634, -7.898041 ], [ -41.4170095, -7.8809116 ], [ -41.4123677, -7.8690536 ], [ -41.3996832, -7.861998 ], [ -41.3921372, -7.8599742 ], [ -41.380487, -7.8458954 ], [ -41.3822571, -7.8404129 ], [ -41.3784916, -7.8132703 ], [ -41.3440078, -7.8035556 ], [ -41.3194789, -7.7919503 ], [ -41.3110536, -7.7341469 ], [ -41.2569544, -7.7270316 ], [ -41.2299858, -7.7355118 ], [ -41.2210166, -7.7332034 ], [ -41.2135168, -7.7270929 ], [ -41.207583, -7.7192851 ], [ -41.2046621, -7.7186215 ], [ -41.2018304, -7.7217394 ], [ -41.2015353, -7.7277634 ], [ -41.1992367, -7.7324353 ], [ -41.1898325, -7.7339408 ], [ -41.1817943, -7.7383028 ], [ -41.1811795, -7.7415875 ], [ -41.1884212, -7.7457804 ], [ -41.1502923, -7.7607394 ], [ -41.1248472, -7.74099 ], [ -41.09947, -7.7385733 ], [ -41.0917037, -7.7698625 ], [ -41.0897221, -7.7701501 ], [ -41.0842807, -7.7665178 ], [ -41.0804927, -7.7706082 ], [ -41.0748108, -7.7726136 ], [ -41.0651657, -7.7705764 ], [ -41.06133, -7.7716109 ], [ -41.0582582, -7.7733776 ], [ -41.056603, -7.7787412 ], [ -41.0534675, -7.782195 ], [ -41.0499501, -7.7823701 ], [ -41.043727, -7.7873836 ], [ -41.0413874, -7.7866992 ], [ -41.0171765, -7.7926873 ], [ -40.9927497, -7.8089204 ], [ -40.980481, -7.8117789 ], [ -40.9720726, -7.8174229 ], [ -40.9628579, -7.8159255 ], [ -40.9514795, -7.8249629 ], [ -40.9589979, -7.8480117 ], [ -40.9810517, -7.8597836 ], [ -40.9818596, -7.8624765 ], [ -40.988922599999988, -7.8625337 ], [ -40.9893629, -7.8646028 ], [ -40.9936001, -7.8650539 ], [ -40.9973788, -7.8617239 ], [ -40.9991265, -7.8555783 ], [ -41.0167785, -7.8512482 ], [ -41.0220279, -7.8525509 ], [ -41.02497, -7.8567396 ], [ -41.0289441, -7.8578991 ], [ -41.0330096, -7.8635394 ], [ -41.0368593, -7.8638722 ], [ -41.0356173, -7.8770252 ], [ -41.0401586, -7.8792733 ], [ -41.0432138, -7.8848012 ], [ -41.0482764, -7.8858928 ], [ -41.0496857, -7.8985914 ], [ -41.0459464, -7.8986035 ], [ -41.0432615, -7.8965425 ], [ -41.0402798, -7.9068463 ], [ -41.0348131, -7.9117052 ], [ -41.0343887, -7.9160268 ], [ -41.031708, -7.916501 ], [ -41.0312646, -7.9184339 ], [ -41.0378601, -7.9196499 ], [ -41.0395756, -7.9248794 ], [ -41.0431983, -7.9259988 ], [ -41.043325, -7.9328508 ], [ -41.0487007, -7.9343685 ], [ -41.053976, -7.9417398 ], [ -41.0563958, -7.9415643 ], [ -41.0601537, -7.944216 ], [ -41.0746425, -7.9414591 ], [ -41.0754503, -7.9378652 ] ] ] } },
{ "type": "Feature", "properties": { "CD_MUN": "2205201", "NM_MUN": "Jaicós", "NM_UF": "Piauí", "NM_REGIAO": "Nordeste", "class_electre": 5, "class_label": "C5 (muito alto)", "Priorizacao": "Grupo 4", "class_mc_prob": 5, "ranking_pos": 21.0, "area_deg45_ha": 9500.0 }, "geometry": { "type": "Polygon", "coordinates": [ [ [ -41.0418282, -7.3014791 ], [ -41.0047843, -7.4225299 ], [ -41.0064096, -7.4248161 ], [ -41.0370598, -7.4279919 ], [ -41.0869367, -7.4258181 ], [ -41.1063803, -7.4198401 ], [ -41.129024199999989, -7.4282938 ], [ -41.1557742, -7.4275692 ], [ -41.157948, -7.4471335 ], [ -41.1890456, -7.4773858 ], [ -41.2383187, -7.4846318 ], [ -41.2274496, -7.5270212 ], [ -41.2273458, -7.5732961 ], [ -41.2336546, -7.5797869 ], [ -41.2403274, -7.5951343 ], [ -41.2666815, -7.6131796 ], [ -41.277789, -7.599058 ], [ -41.274575, -7.593304 ], [ -41.274493, -7.587776 ], [ -41.277049, -7.578991 ], [ -41.284577, -7.581418 ], [ -41.295225, -7.578563 ], [ -41.297605, -7.574826 ], [ -41.297876, -7.557241 ], [ -41.292709, -7.550716 ], [ -41.29935, -7.541427 ], [ -41.302369, -7.540474 ], [ -41.306466, -7.543193 ], [ -41.311741, -7.540997 ], [ -41.326273, -7.541711 ], [ -41.329823, -7.536864 ], [ -41.335843, -7.535593 ], [ -41.34168, -7.527103 ], [ -41.347595, -7.528116 ], [ -41.354202, -7.525343 ], [ -41.360802, -7.525445 ], [ -41.36925, -7.51912 ], [ -41.3789081, -7.5155888 ], [ -41.3753799, -7.5032868 ], [ -41.3767783, -7.4958145 ], [ -41.3615278, -7.4561151 ], [ -41.3478768, -7.425753 ], [ -41.3317458, -7.3727093 ], [ -41.3279924, -7.3686372 ], [ -41.3273922, -7.360557 ], [ -41.3231905, -7.3529848 ], [ -41.323329, -7.3446738 ], [ -41.3216207, -7.3381636 ], [ -41.3102623, -7.320849 ], [ -41.3098843, -7.2872537 ], [ -41.283457, -7.2669929 ], [ -41.249634, -7.2755802 ], [ -41.2085392, -7.2753905 ], [ -41.1963775, -7.2181206 ], [ -41.1623964, -7.2120525 ], [ -41.1432407, -7.2064968 ], [ -41.141963, -7.251867 ], [ -41.145509, -7.255468 ], [ -41.146917, -7.259783 ], [ -41.13769, -7.26415 ], [ -41.133793, -7.27389 ], [ -41.1056778, -7.2714086 ], [ -41.0849936, -7.2843759 ], [ -41.0673196, -7.2722408 ], [ -41.0433936, -7.276888 ], [ -41.0418282, -7.3014791 ] ] ] } },
{ "type": "Feature", "properties": { "CD_MUN": "2205565", "NM_MUN": "Lagoa do Barro do Piauí", "NM_UF": "Piauí", "NM_REGIAO": "Nordeste", "class_electre": 5, "class_label": "C5 (muito alto)", "Priorizacao": "Grupo 3", "class_mc_prob": 5, "ranking_pos": 25.0, "area_deg45_ha": 6975.0 }, "geometry": { "type": "Polygon", "coordinates": [ [ [ -41.4939615, -8.4547382 ], [ -41.4921494, -8.4560492 ], [ -41.48592, -8.475168 ], [ -41.4955477, -8.5051894 ], [ -41.4744079, -8.5285702 ], [ -41.4682929, -8.531826 ], [ -41.477472, -8.5662954 ], [ -41.4830577, -8.6014173 ], [ -41.4925481, -8.6212508 ], [ -41.5015983, -8.6457631 ], [ -41.5090898, -8.659423 ], [ -41.5102568, -8.6778868 ], [ -41.5180487, -8.7127 ], [ -41.5178909, -8.7248913 ], [ -41.5041016, -8.7355558 ], [ -41.4955194, -8.7357751 ], [ -41.4899845, -8.7339228 ], [ -41.4705945, -8.7170431 ], [ -41.46378, -8.7128739 ], [ -41.4331045, -8.6701988 ], [ -41.4260785, -8.667581 ], [ -41.4005683, -8.7053593 ], [ -41.3901579, -8.7086947 ], [ -41.3812515, -8.7072724 ], [ -41.3854557, -8.7116004 ], [ -41.3966571, -8.7296582 ], [ -41.400314, -8.7463749 ], [ -41.411185, -8.7745223 ], [ -41.4233052, -8.7662804 ], [ -41.429804, -8.756585 ], [ -41.445818, -8.754098 ], [ -41.454827, -8.755921 ], [ -41.463128, -8.769111 ], [ -41.468217, -8.768866 ], [ -41.471998, -8.77914 ], [ -41.478049, -8.780734 ], [ -41.480623, -8.783204 ], [ -41.488655, -8.783787 ], [ -41.493216, -8.792024 ], [ -41.49405, -8.800206 ], [ -41.49933, -8.806933 ], [ -41.49986, -8.805158 ], [ -41.506705, -8.804268 ], [ -41.510583, -8.806033 ], [ -41.514695, -8.803896 ], [ -41.515714, -8.799499 ], [ -41.51342, -8.79581 ], [ -41.514823, -8.794857 ], [ -41.513594, -8.791899 ], [ -41.514697, -8.790256 ], [ -41.51928, -8.791666 ], [ -41.522328, -8.787069 ], [ -41.527443, -8.784658 ], [ -41.530217, -8.789861 ], [ -41.531127, -8.788118 ], [ -41.537631, -8.789171 ], [ -41.541047, -8.786348 ], [ -41.541158, -8.78196 ], [ -41.54831, -8.779339 ], [ -41.549642, -8.781368 ], [ -41.553847, -8.781535 ], [ -41.559631, -8.778949 ], [ -41.562156, -8.782669 ], [ -41.560727, -8.785212 ], [ -41.563089, -8.788118 ], [ -41.566987, -8.7866 ], [ -41.567463, -8.789655 ], [ -41.570336, -8.78882 ], [ -41.578974, -8.791435 ], [ -41.577512, -8.79568 ], [ -41.579672, -8.799036 ], [ -41.580417, -8.796584 ], [ -41.585786, -8.792531 ], [ -41.588837, -8.791563 ], [ -41.593538, -8.793393 ], [ -41.597968, -8.791349 ], [ -41.600494, -8.794878 ], [ -41.6076, -8.787266 ], [ -41.613505, -8.786235 ], [ -41.613033, -8.778268 ], [ -41.619202, -8.775966 ], [ -41.62306, -8.777196 ], [ -41.625547, -8.772921 ], [ -41.629491, -8.770878 ], [ -41.631299, -8.766772 ], [ -41.63128, -8.761229 ], [ -41.638243, -8.763861 ], [ -41.645827, -8.758082 ], [ -41.654923, -8.758945 ], [ -41.658798, -8.751346 ], [ -41.674784, -8.757481 ], [ -41.680311, -8.751719 ], [ -41.681569, -8.747448 ], [ -41.683371, -8.746931 ], [ -41.687733, -8.746981 ], [ -41.692875, -8.750665 ], [ -41.697548, -8.750692 ], [ -41.703849, -8.739526 ], [ -41.702401, -8.734974 ], [ -41.704243, -8.729526 ], [ -41.712605, -8.728686 ], [ -41.716511, -8.732268 ], [ -41.719098, -8.738227 ], [ -41.728373, -8.738555 ], [ -41.731026, -8.735659 ], [ -41.7374707, -8.7327134 ], [ -41.7508208, -8.6050806 ], [ -41.7121678, -8.5002246 ], [ -41.7546733, -8.423106 ], [ -41.7208017, -8.4041886 ], [ -41.7269788, -8.4003007 ], [ -41.6735426, -8.392466 ], [ -41.6696639, -8.350294 ], [ -41.6769812, -8.3285097 ], [ -41.6571062, -8.2990033 ], [ -41.6486892, -8.3058639 ], [ -41.6348406, -8.3083239 ], [ -41.6165424, -8.3144598 ], [ -41.6106618, -8.3189779 ], [ -41.5999844, -8.3210832 ], [ -41.5871162, -8.3204845 ], [ -41.5649318, -8.312237 ], [ -41.567204, -8.3164989 ], [ -41.5724311, -8.3184834 ], [ -41.573352, -8.3242717 ], [ -41.568301, -8.3283318 ], [ -41.5635245, -8.339083 ], [ -41.556994, -8.3394743 ], [ -41.5454745, -8.3469384 ], [ -41.5402933, -8.3569491 ], [ -41.537075, -8.3601333 ], [ -41.5299262, -8.362696 ], [ -41.5229591, -8.3733993 ], [ -41.5084822, -8.3686244 ], [ -41.4865059, -8.3681097 ], [ -41.4935305, -8.3910331 ], [ -41.4954256, -8.4144441 ], [ -41.4939615, -8.4547382 ] ] ] } },
{ "type": "Feature", "properties": { "CD_MUN": "2205953", "NM_MUN": "Marcolândia", "NM_UF": "Piauí", "NM_REGIAO": "Nordeste", "class_electre": 5, "class_label": "C5 (muito alto)", "Priorizacao": "Grupo 5", "class_mc_prob": 5, "ranking_pos": 7.0, "area_deg45_ha": 2425.0 }, "geometry": { "type": "Polygon", "coordinates": [ [ [ -40.6541412, -7.438122 ], [ -40.6571655, -7.4398017 ], [ -40.6657054, -7.4509456 ], [ -40.7012014, -7.4563563 ], [ -40.7048978, -7.4587371 ], [ -40.7132264, -7.473004 ], [ -40.7149483, -7.4805684 ], [ -40.743173, -7.478633 ], [ -40.75047, -7.476347 ], [ -40.754487, -7.478087 ], [ -40.765507, -7.47551 ], [ -40.789585, -7.481352 ], [ -40.797574, -7.481621 ], [ -40.799909, -7.483721 ], [ -40.8043663, -7.4842371 ], [ -40.805188, -7.434797 ], [ -40.795296, -7.422056 ], [ -40.790736, -7.420426 ], [ -40.778842, -7.407936 ], [ -40.772369, -7.404733 ], [ -40.766968, -7.398489 ], [ -40.7607305, -7.3850634 ], [ -40.75658, -7.383197 ], [ -40.7561565, -7.3801588 ], [ -40.7517533, -7.380365 ], [ -40.7497864, -7.3785763 ], [ -40.73292, -7.348869 ], [ -40.7276213, -7.3499246 ], [ -40.70915, -7.387326 ], [ -40.6964152, -7.3934716 ], [ -40.6944066, -7.3926622 ], [ -40.6523232, -7.4333422 ], [ -40.6541412, -7.438122 ] ] ] } },
{ "type": "Feature", "properties": { "CD_MUN": "2206506", "NM_MUN": "Monsenhor Hipólito", "NM_UF": "Piauí", "NM_REGIAO": "Nordeste", "class_electre": 5, "class_label": "C5 (muito alto)", "Priorizacao": "Grupo 5", "class_mc_prob": 5, "ranking_pos": 2.0, "area_deg45_ha": 10250.0 }, "geometry": { "type": "Polygon", "coordinates": [ [ [ -40.9858221, -6.9897589 ], [ -41.001119, -7.088844 ], [ -41.0661729, -7.069801 ], [ -41.103724, -7.125166 ], [ -41.1049794, -7.1250303 ], [ -41.0808568, -6.9974736 ], [ -41.0953591, -6.7566931 ], [ -41.0297573, -6.7618647 ], [ -40.981491, -6.772304 ], [ -40.9836737, -6.7968526 ], [ -40.9838355, -6.8362038 ], [ -40.9815399, -6.9155896 ], [ -40.9858221, -6.9897589 ] ] ] } },
{ "type": "Feature", "properties": { "CD_MUN": "2207207", "NM_MUN": "Padre Marcos", "NM_UF": "Piauí", "NM_REGIAO": "Nordeste", "class_electre": 5, "class_label": "C5 (muito alto)", "Priorizacao": "Grupo 3", "class_mc_prob": 5, "ranking_pos": 23.0, "area_deg45_ha": 2275.0 }, "geometry": { "type": "Polygon", "coordinates": [ [ [ -40.937149, -7.343396 ], [ -40.9710577, -7.3200766 ], [ -40.9722345, -7.3052955 ], [ -40.9289078, -7.2832536 ], [ -40.8727071, -7.2617031 ], [ -40.8482675, -7.2853467 ], [ -40.8524377, -7.3274628 ], [ -40.8461874, -7.3322738 ], [ -40.8480583, -7.3467321 ], [ -40.8372347, -7.3597073 ], [ -40.7966174, -7.3912444 ], [ -40.794324, -7.4215173 ], [ -40.805188, -7.434797 ], [ -40.8043663, -7.4842371 ], [ -40.871002, -7.447915 ], [ -40.876932, -7.45168 ], [ -40.878397, -7.455455 ], [ -40.881541, -7.456053 ], [ -40.882933, -7.458148 ], [ -40.886667, -7.456649 ], [ -40.88844, -7.458504 ], [ -40.891298, -7.468762 ], [ -40.893616, -7.469693 ], [ -40.895766, -7.468353 ], [ -40.89796, -7.47296 ], [ -40.899932, -7.473027 ], [ -40.901634, -7.475404 ], [ -40.903906, -7.480997 ], [ -40.902171, -7.485887 ], [ -40.903539, -7.487158 ], [ -40.908491, -7.489474 ], [ -40.91741, -7.487097 ], [ -40.920701, -7.488102 ], [ -40.932669, -7.498008 ], [ -40.935511, -7.496457 ], [ -40.9339777, -7.4863073 ], [ -40.9221742, -7.4651253 ], [ -40.9310208, -7.4406246 ], [ -40.9314161, -7.3960867 ], [ -40.941471, -7.3591105 ], [ -40.937367, -7.352736 ], [ -40.934142, -7.355829 ], [ -40.930357, -7.354366 ], [ -40.931299, -7.349867 ], [ -40.937149, -7.343396 ] ] ] } },
{ "type": "Feature", "properties": { "CD_MUN": "2207777", "NM_MUN": "Patos do Piauí", "NM_UF": "Piauí", "NM_REGIAO": "Nordeste", "class_electre": 5, "class_label": "C5 (muito alto)", "Priorizacao": "Grupo 4", "class_mc_prob": 5, "ranking_pos": 17.0, "area_deg45_ha": 9550.0 }, "geometry": { "type": "Polygon", "coordinates": [ [ [ -41.1729247, -7.6092297 ], [ -41.1451333, -7.6285539 ], [ -41.0933098, -7.64129 ], [ -41.0641859, -7.6455689 ], [ -41.0675736, -7.6745888 ], [ -41.097872, -7.7157537 ], [ -41.09947, -7.7385733 ], [ -41.1248472, -7.74099 ], [ -41.1502923, -7.7607394 ], [ -41.1884212, -7.7457804 ], [ -41.1811795, -7.7415875 ], [ -41.1817943, -7.7383028 ], [ -41.1898325, -7.7339408 ], [ -41.1992367, -7.7324353 ], [ -41.2015353, -7.7277634 ], [ -41.201495, -7.7226084 ], [ -41.2042856, -7.7186232 ], [ -41.207583, -7.7192851 ], [ -41.2135168, -7.7270929 ], [ -41.2210166, -7.7332034 ], [ -41.2299858, -7.7355118 ], [ -41.2569544, -7.7270316 ], [ -41.3110536, -7.7341469 ], [ -41.3194789, -7.7919503 ], [ -41.3440078, -7.8035556 ], [ -41.3784916, -7.8132703 ], [ -41.4101473, -7.8040567 ], [ -41.4299993, -7.7867939 ], [ -41.458144, -7.7821851 ], [ -41.4774956, -7.7501194 ], [ -41.4695397, -7.6978141 ], [ -41.4582721, -7.6955482 ], [ -41.4308785, -7.6214434 ], [ -41.3973078, -7.579891 ], [ -41.4007873, -7.5755279 ], [ -41.3857138, -7.5566472 ], [ -41.3989758, -7.5505633 ], [ -41.3789081, -7.5155888 ], [ -41.36925, -7.51912 ], [ -41.360802, -7.525445 ], [ -41.354202, -7.525343 ], [ -41.347595, -7.528116 ], [ -41.34168, -7.527103 ], [ -41.335843, -7.535593 ], [ -41.329823, -7.536864 ], [ -41.326273, -7.541711 ], [ -41.311741, -7.540997 ], [ -41.306466, -7.543193 ], [ -41.302369, -7.540474 ], [ -41.29935, -7.541427 ], [ -41.292709, -7.550716 ], [ -41.297876, -7.557241 ], [ -41.297605, -7.574826 ], [ -41.295225, -7.578563 ], [ -41.284577, -7.581418 ], [ -41.277049, -7.578991 ], [ -41.274493, -7.587776 ], [ -41.274575, -7.593304 ], [ -41.277789, -7.599058 ], [ -41.2666815, -7.6131796 ], [ -41.2403274, -7.5951343 ], [ -41.2336546, -7.5797869 ], [ -41.2273458, -7.5732961 ], [ -41.1951059, -7.5756712 ], [ -41.1729247, -7.6092297 ] ] ] } },
{ "type": "Feature", "properties": { "CD_MUN": "2207801", "NM_MUN": "Paulistana", "NM_UF": "Piauí", "NM_REGIAO": "Nordeste", "class_electre": 5, "class_label": "C5 (muito alto)", "Priorizacao": "Grupo 4", "class_mc_prob": 5, "ranking_pos": 14.0, "area_deg45_ha": 26100.0 }, "geometry": { "type": "Polygon", "coordinates": [ [ [ -41.1846954, -8.0140971 ], [ -41.178986, -8.0184842 ], [ -41.1703678, -8.0201994 ], [ -41.1631884, -8.0201379 ], [ -41.1610916, -8.0187742 ], [ -41.1491485, -7.9843709 ], [ -41.142443199999988, -7.9765661 ], [ -41.1403845, -7.9769372 ], [ -41.137813699999988, -7.9806203 ], [ -41.1345567, -7.9814424 ], [ -41.1131431, -7.9797276 ], [ -41.104284, -7.9694479 ], [ -41.1041537, -7.9653785 ], [ -41.0769367, -7.9384364 ], [ -41.0747713, -7.9385014 ], [ -41.0746425, -7.9414591 ], [ -41.0601537, -7.944216 ], [ -41.0521825, -7.9402281 ], [ -41.0485317, -7.9342295 ], [ -41.0435344, -7.9330848 ], [ -41.0431669, -7.9259244 ], [ -41.0395756, -7.9248794 ], [ -41.0378601, -7.9196499 ], [ -41.031046, -7.9177168 ], [ -41.0343887, -7.9160268 ], [ -41.0346653, -7.9119075 ], [ -41.0402798, -7.9068463 ], [ -41.0432615, -7.8965425 ], [ -41.0459464, -7.8986035 ], [ -41.0496857, -7.8985914 ], [ -41.048841, -7.887548 ], [ -41.048042, -7.8855758 ], [ -41.0432138, -7.8848012 ], [ -41.0401586, -7.8792733 ], [ -41.0357915, -7.8773754 ], [ -41.0368593, -7.8638722 ], [ -41.0315656, -7.8624921 ], [ -41.0289441, -7.8578991 ], [ -41.02497, -7.8567396 ], [ -41.0220279, -7.8525509 ], [ -41.0167785, -7.8512482 ], [ -41.0018207, -7.8542827 ], [ -40.9989538, -7.855747 ], [ -40.9971985, -7.8619387 ], [ -40.9918791, -7.865466 ], [ -40.9893629, -7.8646028 ], [ -40.988922599999988, -7.8625337 ], [ -40.9818596, -7.8624765 ], [ -40.9810517, -7.8597836 ], [ -40.9589979, -7.8480117 ], [ -40.9409708, -7.8797784 ], [ -40.9084812, -7.9033975 ], [ -40.8822463, -7.9161862 ], [ -40.8550686, -7.9226192 ], [ -40.8519705, -7.9407242 ], [ -40.7936514, -7.9798481 ], [ -40.7653243, -7.9848344 ], [ -40.7056579, -8.025456 ], [ -40.7772814, -8.0269465 ], [ -40.7929194, -8.023164 ], [ -40.8009359, -8.0246318 ], [ -40.8070895, -8.0310112 ], [ -40.8100252, -8.0316322 ], [ -40.8117753, -8.0301644 ], [ -40.8157835, -8.0348501 ], [ -40.8233485, -8.0360921 ], [ -40.8271309, -8.0332694 ], [ -40.8652943, -8.0496695 ], [ -40.8599311, -8.0501211 ], [ -40.8604008, -8.0585237 ], [ -40.8579277, -8.0728507 ], [ -40.8642385, -8.0817199 ], [ -40.8709756, -8.0831696 ], [ -40.8726812, -8.0851311 ], [ -40.8738751, -8.0928916 ], [ -40.9036379, -8.0767736 ], [ -40.9162593, -8.0816346 ], [ -40.9218878, -8.0913565 ], [ -40.9289661, -8.0974114 ], [ -40.9409053, -8.0970703 ], [ -40.958613, -8.088283 ], [ -40.958939, -8.095141 ], [ -40.960227, -8.096834 ], [ -40.963702, -8.097247 ], [ -40.96336, -8.102434 ], [ -40.960346, -8.104782 ], [ -40.959702, -8.110552 ], [ -40.952858, -8.111178 ], [ -40.949381, -8.116847 ], [ -40.946969, -8.116036 ], [ -40.944736, -8.117542 ], [ -40.943386, -8.122235 ], [ -40.9779008, -8.1377317 ], [ -40.9807578, -8.1365495 ], [ -40.9850432, -8.1186196 ], [ -40.9953381, -8.1203929 ], [ -41.0140069, -8.1197525 ], [ -41.0188342, -8.122708 ], [ -41.0277992, -8.1357121 ], [ -41.0335624, -8.136845 ], [ -41.047299099999989, -8.1360317 ], [ -41.0570659, -8.1457215 ], [ -41.0610257, -8.1545167 ], [ -41.0736039, -8.1655091 ], [ -41.0937104, -8.2002077 ], [ -41.11705, -8.2155378 ], [ -41.1277113, -8.2258959 ], [ -41.1410427, -8.2349796 ], [ -41.1475778, -8.2451089 ], [ -41.1562693, -8.2496181 ], [ -41.1618241, -8.2502716 ], [ -41.1680324, -8.2590285 ], [ -41.180645, -8.2683736 ], [ -41.1802529, -8.281509 ], [ -41.1780963, -8.2877172 ], [ -41.1631965, -8.2967356 ], [ -41.1635232, -8.3106551 ], [ -41.1603864, -8.3213726 ], [ -41.1521523, -8.3245747 ], [ -41.1476431, -8.3346387 ], [ -41.142219, -8.3358803 ], [ -41.1424804, -8.3401934 ], [ -41.1445716, -8.3411083 ], [ -41.1490808, -8.3379062 ], [ -41.1535246, -8.337318 ], [ -41.177944599999989, -8.3402852 ], [ -41.1779656, -8.3523486 ], [ -41.180056799999988, -8.3556814 ], [ -41.1955448, -8.3560082 ], [ -41.1982895, -8.358034 ], [ -41.1962637, -8.3663989 ], [ -41.1929961, -8.3716269 ], [ -41.1963944, -8.382475 ], [ -41.2359392, -8.4092926 ], [ -41.2360494, -8.3968408 ], [ -41.2393552, -8.3873643 ], [ -41.2529089, -8.3848298 ], [ -41.2554433, -8.3696233 ], [ -41.2586389, -8.370064 ], [ -41.2650301, -8.3756839 ], [ -41.2687766, -8.3764552 ], [ -41.2704295, -8.3742514 ], [ -41.2677849, -8.3707252 ], [ -41.2672339, -8.3647748 ], [ -41.2687766, -8.3630117 ], [ -41.2767105, -8.3611384 ], [ -41.2907049, -8.3489071 ], [ -41.3034873, -8.3457115 ], [ -41.3257462, -8.346042 ], [ -41.3417241, -8.3441688 ], [ -41.3421649, -8.3371164 ], [ -41.3449844, -8.3320409 ], [ -41.370815799999988, -8.3296949 ], [ -41.386164, -8.3355836 ], [ -41.39151, -8.3339713 ], [ -41.3913403, -8.3293042 ], [ -41.3947345, -8.321073 ], [ -41.402202, -8.310381 ], [ -41.4020323, -8.3018104 ], [ -41.4170466, -8.2964425 ], [ -41.412912, -8.294426 ], [ -41.414968, -8.289522 ], [ -41.418412, -8.287939 ], [ -41.408853, -8.277664 ], [ -41.3996, -8.28009 ], [ -41.398329, -8.277836 ], [ -41.403437, -8.276415 ], [ -41.404926, -8.268242 ], [ -41.396524, -8.263385 ], [ -41.392995, -8.265548 ], [ -41.389124, -8.255996 ], [ -41.384325, -8.253425 ], [ -41.381144, -8.255283 ], [ -41.378716, -8.249682 ], [ -41.373327, -8.246735 ], [ -41.376252, -8.236275 ], [ -41.372806, -8.227648 ], [ -41.370901, -8.21356 ], [ -41.378953, -8.219687 ], [ -41.380842, -8.219483 ], [ -41.384653, -8.216716 ], [ -41.3922903, -8.2064441 ], [ -41.3992016, -8.2011791 ], [ -41.4275611, -8.1914325 ], [ -41.4331533, -8.1926834 ], [ -41.4442276, -8.1917459 ], [ -41.4482509, -8.1898878 ], [ -41.4504076, -8.182143 ], [ -41.4525685, -8.179857 ], [ -41.4762113, -8.1747211 ], [ -41.477034, -8.1719082 ], [ -41.4718015, -8.169422 ], [ -41.4697683, -8.1631855 ], [ -41.4633667, -8.1586606 ], [ -41.456101, -8.1401521 ], [ -41.4441854, -8.1333855 ], [ -41.4365464, -8.124647 ], [ -41.4545054, -8.0957636 ], [ -41.4392748, -8.0984761 ], [ -41.4355291, -8.1026231 ], [ -41.4258974, -8.1056999 ], [ -41.4099783, -8.1033589 ], [ -41.4029552, -8.0977404 ], [ -41.3947281, -8.0966033 ], [ -41.3928542, -8.0904644 ], [ -41.386211, -8.0874023 ], [ -41.3842445, -8.0839534 ], [ -41.3810227, -8.0821539 ], [ -41.3833975, -8.078898 ], [ -41.3844373, -8.0710043 ], [ -41.3809373, -8.0688445 ], [ -41.3852795, -8.052848 ], [ -41.3830257, -8.0523192 ], [ -41.380914, -8.0464693 ], [ -41.3680782, -8.0364579 ], [ -41.3585784, -8.0330911 ], [ -41.3472261, -8.0363217 ], [ -41.3093177, -8.0188272 ], [ -41.2681502, -8.0217833 ], [ -41.2535151, -8.0191769 ], [ -41.2409459, -8.0138369 ], [ -41.2263898, -8.0111549 ], [ -41.1956034, -8.020396 ], [ -41.189681, -8.0184816 ], [ -41.1874852, -8.0152066 ], [ -41.1846954, -8.0140971 ] ] ] } },
{ "type": "Feature", "properties": { "CD_MUN": "2208007", "NM_MUN": "Picos", "NM_UF": "Piauí", "NM_REGIAO": "Nordeste", "class_electre": 5, "class_label": "C5 (muito alto)", "Priorizacao": "Grupo 5", "class_mc_prob": 5, "ranking_pos": 10.0, "area_deg45_ha": 8400.0 }, "geometry": { "type": "Polygon", "coordinates": [ [ [ -41.3332538, -7.0992484 ], [ -41.3873591, -7.1073852 ], [ -41.3953491, -7.1270521 ], [ -41.4009698, -7.1295816 ], [ -41.4098661, -7.1230328 ], [ -41.4153408, -7.1233152 ], [ -41.4173248, -7.1250527 ], [ -41.420761, -7.1222286 ], [ -41.426339, -7.1247975 ], [ -41.4308001, -7.1243991 ], [ -41.4373869, -7.1211768 ], [ -41.4450144, -7.1200705 ], [ -41.4499892, -7.1154003 ], [ -41.4572556, -7.1154283 ], [ -41.461371799999988, -7.121884 ], [ -41.4646179, -7.1729562 ], [ -41.4624501, -7.1874738 ], [ -41.4917835, -7.1764246 ], [ -41.4989385, -7.1610219 ], [ -41.5215441, -7.1581873 ], [ -41.5365533, -7.1725644 ], [ -41.55145, -7.1666078 ], [ -41.576942, -7.1944801 ], [ -41.5911596, -7.2282881 ], [ -41.6030317, -7.2282703 ], [ -41.6080012, -7.2256925 ], [ -41.6101337, -7.2232096 ], [ -41.6154539, -7.2042021 ], [ -41.6347278, -7.1729153 ], [ -41.6163651, -7.1260294 ], [ -41.5991315, -7.1010098 ], [ -41.593489, -7.1036735 ], [ -41.580217, -7.09854 ], [ -41.579994, -7.09616 ], [ -41.584307, -7.091617 ], [ -41.585337, -7.092574 ], [ -41.588469, -7.085942 ], [ -41.590379, -7.085193 ], [ -41.5896538, -7.080569 ], [ -41.5914326, -7.0753467 ], [ -41.5874266, -7.055809 ], [ -41.5910619, -7.050262 ], [ -41.58478, -7.033123 ], [ -41.6153891, -7.0335662 ], [ -41.6178564, -7.0211641 ], [ -41.6296115, -6.9885972 ], [ -41.6212659, -6.9515932 ], [ -41.6134319, -6.9249779 ], [ -41.6141748, -6.8956043 ], [ -41.6117758, -6.8703143 ], [ -41.5409492, -6.8996147 ], [ -41.5410312, -6.9149777 ], [ -41.5475714, -6.9365886 ], [ -41.537559, -6.9421082 ], [ -41.5153069, -6.9786608 ], [ -41.47418, -6.9958031 ], [ -41.4401353, -6.9914247 ], [ -41.437520299999989, -7.0104179 ], [ -41.405846, -7.0404247 ], [ -41.4033448, -7.0548636 ], [ -41.371774, -7.0676964 ], [ -41.3319336, -7.0615705 ], [ -41.3332538, -7.0992484 ] ] ] } },
{ "type": "Feature", "properties": { "CD_MUN": "2208650", "NM_MUN": "Queimada Nova", "NM_UF": "Piauí", "NM_REGIAO": "Nordeste", "class_electre": 5, "class_label": "C5 (muito alto)", "Priorizacao": "Grupo 4", "class_mc_prob": 5, "ranking_pos": 20.0, "area_deg45_ha": 14375.0 }, "geometry": { "type": "Polygon", "coordinates": [ [ [ -41.1526505, -8.5497653 ], [ -41.1564104, -8.5525162 ], [ -41.1570121, -8.5604397 ], [ -41.1631724, -8.5703049 ], [ -41.1667394, -8.5806823 ], [ -41.1715559, -8.5856309 ], [ -41.1786283, -8.5883769 ], [ -41.1799065, -8.5932674 ], [ -41.1985662, -8.5924771 ], [ -41.2028782, -8.5992765 ], [ -41.2122884, -8.6018203 ], [ -41.2123444, -8.6042539 ], [ -41.2077468, -8.6102717 ], [ -41.2086006, -8.6160134 ], [ -41.2068264, -8.6202374 ], [ -41.2065441, -8.633295 ], [ -41.2135429, -8.6441555 ], [ -41.2269903, -8.6477859 ], [ -41.2337888, -8.6476143 ], [ -41.237434199999988, -8.6508053 ], [ -41.2394905, -8.6558266 ], [ -41.247407, -8.6583788 ], [ -41.2513183, -8.6616086 ], [ -41.2687255, -8.6632244 ], [ -41.2789068, -8.660563 ], [ -41.287434, -8.6608391 ], [ -41.2954554, -8.6701825 ], [ -41.3001847, -8.6821372 ], [ -41.3083059, -8.6909821 ], [ -41.3142616, -8.6961023 ], [ -41.3295807, -8.7025697 ], [ -41.3369168, -8.7083571 ], [ -41.3454184, -8.7098651 ], [ -41.3653603, -8.7055837 ], [ -41.3744615, -8.7054009 ], [ -41.3901579, -8.7086947 ], [ -41.4005683, -8.7053593 ], [ -41.4262584, -8.6675805 ], [ -41.4331045, -8.6701988 ], [ -41.46378, -8.7128739 ], [ -41.4705945, -8.7170431 ], [ -41.4899845, -8.7339228 ], [ -41.4955194, -8.7357751 ], [ -41.5041016, -8.7355558 ], [ -41.5178909, -8.7248913 ], [ -41.5180487, -8.7127 ], [ -41.5102568, -8.6778868 ], [ -41.5090898, -8.659423 ], [ -41.5015983, -8.6457631 ], [ -41.4925481, -8.6212508 ], [ -41.4830577, -8.6014173 ], [ -41.477472, -8.5662954 ], [ -41.4682929, -8.531826 ], [ -41.4744079, -8.5285702 ], [ -41.4955477, -8.5051894 ], [ -41.48592, -8.475168 ], [ -41.4921494, -8.4560492 ], [ -41.4939615, -8.4547382 ], [ -41.4954256, -8.4144441 ], [ -41.4935305, -8.3910331 ], [ -41.486011, -8.3664848 ], [ -41.4816313, -8.3658457 ], [ -41.4757637, -8.3592623 ], [ -41.4735089, -8.3479681 ], [ -41.4678442, -8.3417514 ], [ -41.4671416, -8.3385127 ], [ -41.4776271, -8.3242019 ], [ -41.4721466, -8.3105744 ], [ -41.4741019, -8.2967331 ], [ -41.464298, -8.2910842 ], [ -41.453385, -8.2807043 ], [ -41.445495, -8.2806423 ], [ -41.4414507, -8.2858362 ], [ -41.435727, -8.2878473 ], [ -41.4331787, -8.2931072 ], [ -41.429235299999988, -8.2957534 ], [ -41.4176171, -8.2955102 ], [ -41.4020323, -8.3018104 ], [ -41.402202, -8.310381 ], [ -41.3947345, -8.321073 ], [ -41.3913403, -8.3293042 ], [ -41.39151, -8.3339713 ], [ -41.386164, -8.3355836 ], [ -41.370815799999988, -8.3296949 ], [ -41.3449844, -8.3320409 ], [ -41.3421649, -8.3371164 ], [ -41.3417241, -8.3441688 ], [ -41.3257462, -8.346042 ], [ -41.3034873, -8.3457115 ], [ -41.2907049, -8.3489071 ], [ -41.2767105, -8.3611384 ], [ -41.2687766, -8.3630117 ], [ -41.2672339, -8.3647748 ], [ -41.2677849, -8.3707252 ], [ -41.2704295, -8.3742514 ], [ -41.2687766, -8.3764552 ], [ -41.2650301, -8.3756839 ], [ -41.2586389, -8.370064 ], [ -41.2554433, -8.3696233 ], [ -41.2529089, -8.3848298 ], [ -41.2393552, -8.3873643 ], [ -41.2360494, -8.3968408 ], [ -41.2359392, -8.4092926 ], [ -41.205804799999989, -8.3899903 ], [ -41.2047121, -8.4195516 ], [ -41.2079478, -8.4275705 ], [ -41.2142317, -8.4303373 ], [ -41.2169516, -8.4333386 ], [ -41.2188743, -8.4399038 ], [ -41.2090264, -8.4465628 ], [ -41.208885699999989, -8.4565514 ], [ -41.2072444, -8.4601622 ], [ -41.1976779, -8.4613815 ], [ -41.1907375, -8.467853 ], [ -41.1739493, -8.4686971 ], [ -41.1622256, -8.4724486 ], [ -41.162976, -8.4769505 ], [ -41.1599278, -8.4839378 ], [ -41.1600216, -8.4905968 ], [ -41.1502675, -8.4986627 ], [ -41.1471725, -8.5145599 ], [ -41.1430927, -8.5207031 ], [ -41.1490483, -8.530551 ], [ -41.1481163, -8.5381773 ], [ -41.1524864, -8.5414765 ], [ -41.1526505, -8.5497653 ] ] ] } },
{ "type": "Feature", "properties": { "CD_MUN": "2209401", "NM_MUN": "Santo Antônio de Lisboa", "NM_UF": "Piauí", "NM_REGIAO": "Nordeste", "class_electre": 5, "class_label": "C5 (muito alto)", "Priorizacao": "Grupo 5", "class_mc_prob": 5, "ranking_pos": 3.0, "area_deg45_ha": 8325.0 }, "geometry": { "type": "Polygon", "coordinates": [ [ [ -41.1923324, -7.1146894 ], [ -41.2327836, -7.1109146 ], [ -41.2544752, -7.0787676 ], [ -41.317272, -7.0069995 ], [ -41.3112042, -6.9897746 ], [ -41.28896, -6.9774965 ], [ -41.2894008, -6.9740181 ], [ -41.2844118, -6.959968 ], [ -41.2434577, -6.9497281 ], [ -41.2398715, -6.9290915 ], [ -41.2152939, -6.902541 ], [ -41.2007115, -6.8898718 ], [ -41.204226, -6.8672341 ], [ -41.2057213, -6.8442246 ], [ -41.2136999, -6.8181192 ], [ -41.2204417, -6.8200257 ], [ -41.2297955, -6.7928637 ], [ -41.215684499999988, -6.7828875 ], [ -41.2081521, -6.7803501 ], [ -41.2064561, -6.7754931 ], [ -41.1975093, -6.7683675 ], [ -41.197034, -6.7557966 ], [ -41.1985239, -6.7464642 ], [ -41.1888561, -6.7336644 ], [ -41.196896599999988, -6.6794833 ], [ -41.1900636, -6.6637455 ], [ -41.130349699999989, -6.6551931 ], [ -41.1583973, -6.8645029 ], [ -41.1873574, -6.9926962 ], [ -41.1923324, -7.1146894 ] ] ] } },
{ "type": "Feature", "properties": { "CD_MUN": "2210300", "NM_MUN": "São Julião", "NM_UF": "Piauí", "NM_REGIAO": "Nordeste", "class_electre": 5, "class_label": "C5 (muito alto)", "Priorizacao": "Grupo 4", "class_mc_prob": 5, "ranking_pos": 19.0, "area_deg45_ha": 3625.0 }, "geometry": { "type": "Polygon", "coordinates": [ [ [ -40.748572, -7.1464038 ], [ -40.7756754, -7.1346984 ], [ -40.844347, -7.1263317 ], [ -40.8555311, -7.1295022 ], [ -40.8562996, -7.1477908 ], [ -40.8809629, -7.1558794 ], [ -40.8815936, -7.1573182 ], [ -40.9115248, -7.1253895 ], [ -40.9599077, -7.1076438 ], [ -40.9445464, -7.0932749 ], [ -40.9133319, -7.0766155 ], [ -40.887771, -7.0491434 ], [ -40.8544322, -7.0203159 ], [ -40.8600526, -6.9908533 ], [ -40.850482299999989, -6.9852024 ], [ -40.847112, -6.985821 ], [ -40.842225, -6.990402 ], [ -40.833763, -6.988827 ], [ -40.83168, -6.983582 ], [ -40.826084, -6.986153 ], [ -40.819666, -6.985609 ], [ -40.814003, -6.989511 ], [ -40.81263, -6.989051 ], [ -40.811038, -6.983624 ], [ -40.8058135, -6.9810745 ], [ -40.8028505, -6.9856096 ], [ -40.796195, -6.987807 ], [ -40.794343, -7.001029 ], [ -40.789932, -7.001608 ], [ -40.761646, -7.0224982 ], [ -40.7449542, -7.0694648 ], [ -40.7293975, -7.1026229 ], [ -40.693341599999989, -7.1438974 ], [ -40.6915893, -7.1597274 ], [ -40.7295266, -7.1602848 ], [ -40.748572, -7.1464038 ] ] ] } },
{ "type": "Feature", "properties": { "CD_MUN": "2210359", "NM_MUN": "São Lourenço do Piauí", "NM_UF": "Piauí", "NM_REGIAO": "Nordeste", "class_electre": 5, "class_label": "C5 (muito alto)", "Priorizacao": "Grupo 4", "class_mc_prob": 5, "ranking_pos": 22.0, "area_deg45_ha": 6900.0 }, "geometry": { "type": "Polygon", "coordinates": [ [ [ -42.642263, -9.331723 ], [ -42.661313, -9.31465 ], [ -42.662669, -9.310353 ], [ -42.664111, -9.3107 ], [ -42.676382, -9.298923 ], [ -42.685179, -9.292787 ], [ -42.684981, -9.289618 ], [ -42.680835, -9.284302 ], [ -42.677128, -9.283182 ], [ -42.676735, -9.280225 ], [ -42.683146, -9.256512 ], [ -42.679132, -9.23166 ], [ -42.683741, -9.228838 ], [ -42.685563, -9.225336 ], [ -42.68521, -9.222291 ], [ -42.68114, -9.217221 ], [ -42.683584, -9.201755 ], [ -42.686279, -9.198596 ], [ -42.679233, -9.187341 ], [ -42.674593, -9.169491 ], [ -42.672649, -9.150457 ], [ -42.631178, -9.086945 ], [ -42.627299, -9.088571 ], [ -42.596146, -9.11541 ], [ -42.5914049, -9.0657633 ], [ -42.5388296, -9.0735338 ], [ -42.5326241, -9.0827671 ], [ -42.518549799999988, -9.0801545 ], [ -42.5102911, -9.0725512 ], [ -42.4813227, -9.0526424 ], [ -42.4781442, -9.0816448 ], [ -42.4587083, -9.1424582 ], [ -42.4527632, -9.1473087 ], [ -42.439109, -9.0837945 ], [ -42.4129581, -9.041709 ], [ -42.4130593, -9.0342577 ], [ -42.37807, -9.0183122 ], [ -42.337204, -9.034352 ], [ -42.336988, -9.038876 ], [ -42.341907, -9.041431 ], [ -42.34145, -9.045235 ], [ -42.3465815, -9.0603822 ], [ -42.3574145, -9.0683932 ], [ -42.36058, -9.078781 ], [ -42.357918, -9.080381 ], [ -42.368371, -9.086472 ], [ -42.366328, -9.096743 ], [ -42.36818, -9.102281 ], [ -42.367126, -9.10484 ], [ -42.3709655, -9.1084552 ], [ -42.372808, -9.117345 ], [ -42.376516, -9.120269 ], [ -42.373856, -9.121803 ], [ -42.371452, -9.120862 ], [ -42.369916, -9.124724 ], [ -42.377935, -9.127309 ], [ -42.373125, -9.12789 ], [ -42.373645, -9.131142 ], [ -42.370297, -9.130812 ], [ -42.370094, -9.13631 ], [ -42.371673, -9.13836 ], [ -42.368934, -9.14092 ], [ -42.370697, -9.141828 ], [ -42.370045, -9.145681 ], [ -42.365285, -9.142551 ], [ -42.36147, -9.14728 ], [ -42.36459, -9.147826 ], [ -42.366321, -9.150399 ], [ -42.363249, -9.15155 ], [ -42.361262, -9.150406 ], [ -42.356946, -9.153433 ], [ -42.360913, -9.157142 ], [ -42.358307, -9.15895 ], [ -42.35951, -9.162513 ], [ -42.357527, -9.163178 ], [ -42.359057, -9.170967 ], [ -42.355847, -9.171064 ], [ -42.353838, -9.174886 ], [ -42.347184, -9.174918 ], [ -42.345033, -9.173336 ], [ -42.342444, -9.179211 ], [ -42.339207, -9.178118 ], [ -42.33933, -9.174501 ], [ -42.335011, -9.178252 ], [ -42.330037, -9.177542 ], [ -42.331963, -9.181018 ], [ -42.328657, -9.184943 ], [ -42.338549, -9.188334 ], [ -42.369875, -9.187509 ], [ -42.402367, -9.17751 ], [ -42.431107, -9.175398 ], [ -42.439658, -9.171678 ], [ -42.45373, -9.170828 ], [ -42.462908, -9.172355 ], [ -42.4938831, -9.2564878 ], [ -42.642263, -9.331723 ] ] ] } },
{ "type": "Feature", "properties": { "CD_MUN": "2210706", "NM_MUN": "Simões", "NM_UF": "Piauí", "NM_REGIAO": "Nordeste", "class_electre": 5, "class_label": "C5 (muito alto)", "Priorizacao": "Grupo 4", "class_mc_prob": 5, "ranking_pos": 15.0, "area_deg45_ha": 13675.0 }, "geometry": { "type": "Polygon", "coordinates": [ [ [ -40.7974052, -7.6929225 ], [ -40.8284786, -7.6669503 ], [ -40.8521293, -7.6264246 ], [ -40.8854319, -7.6232286 ], [ -40.9001656, -7.6005368 ], [ -40.9406593, -7.5969572 ], [ -40.944784, -7.598517 ], [ -40.955351, -7.593323 ], [ -40.958835, -7.592132 ], [ -40.961589, -7.593142 ], [ -40.964926, -7.591465 ], [ -40.970091, -7.581586 ], [ -40.967007, -7.580481 ], [ -40.964274, -7.575158 ], [ -40.967224, -7.574517 ], [ -40.968361, -7.568256 ], [ -40.970022, -7.569098 ], [ -40.974002, -7.566887 ], [ -40.974974, -7.563584 ], [ -40.977618, -7.564336 ], [ -40.977766, -7.560867 ], [ -40.979894, -7.562747 ], [ -40.98212, -7.558198 ], [ -40.987367, -7.53203 ], [ -40.981738, -7.527124 ], [ -40.979542, -7.528235 ], [ -40.977478, -7.52393 ], [ -40.972165, -7.524405 ], [ -40.97002, -7.520511 ], [ -40.961968, -7.515345 ], [ -40.958621, -7.517379 ], [ -40.954451, -7.516403 ], [ -40.950041, -7.50968 ], [ -40.941834, -7.507404 ], [ -40.935872, -7.496661 ], [ -40.932669, -7.498008 ], [ -40.920701, -7.488102 ], [ -40.916507, -7.487027 ], [ -40.908491, -7.489474 ], [ -40.903539, -7.487158 ], [ -40.902171, -7.485887 ], [ -40.903906, -7.480997 ], [ -40.901634, -7.475404 ], [ -40.899932, -7.473027 ], [ -40.89796, -7.47296 ], [ -40.895766, -7.468353 ], [ -40.893616, -7.469693 ], [ -40.891298, -7.468762 ], [ -40.88844, -7.458504 ], [ -40.886667, -7.456649 ], [ -40.882933, -7.458148 ], [ -40.881541, -7.456053 ], [ -40.878397, -7.455455 ], [ -40.876932, -7.45168 ], [ -40.871002, -7.447915 ], [ -40.8061111, -7.4843142 ], [ -40.765507, -7.47551 ], [ -40.754487, -7.478087 ], [ -40.75047, -7.476347 ], [ -40.743173, -7.478633 ], [ -40.7149483, -7.4805684 ], [ -40.713786, -7.4939106 ], [ -40.7042941, -7.5187081 ], [ -40.6952478, -7.5368071 ], [ -40.6773208, -7.5629432 ], [ -40.6626574, -7.5794999 ], [ -40.6491182, -7.5907642 ], [ -40.636735, -7.6085172 ], [ -40.6265611, -7.6316836 ], [ -40.6219897, -7.6513599 ], [ -40.6244089, -7.673313 ], [ -40.6277497, -7.6849895 ], [ -40.6337583, -7.6968618 ], [ -40.6437776, -7.7081482 ], [ -40.6610257, -7.7205493 ], [ -40.6665529, -7.7263613 ], [ -40.6718643, -7.7356058 ], [ -40.6755978, -7.7478178 ], [ -40.6735695, -7.7616719 ], [ -40.663785, -7.7747618 ], [ -40.6451665, -7.786799 ], [ -40.5684048, -7.8087586 ], [ -40.5548601, -7.8184305 ], [ -40.547514799999988, -7.8274666 ], [ -40.5420618, -7.8384807 ], [ -40.538124, -7.8569373 ], [ -40.5383548, -7.87389 ], [ -40.541475, -7.8869333 ], [ -40.5459081, -7.9369216 ], [ -40.5439392, -7.961572 ], [ -40.5473244, -7.9600536 ], [ -40.5495986, -7.9531567 ], [ -40.5545134, -7.9475528 ], [ -40.5585123, -7.9485793 ], [ -40.5598465, -7.9509986 ], [ -40.5625421, -7.949949 ], [ -40.5701556, -7.9537173 ], [ -40.5729367, -7.9511282 ], [ -40.5761472, -7.9528427 ], [ -40.5767097, -7.9484641 ], [ -40.5784352, -7.9497601 ], [ -40.5789822, -7.9468354 ], [ -40.5806493, -7.946451 ], [ -40.5830892, -7.9496477 ], [ -40.5851375, -7.9485585 ], [ -40.597493, -7.9550772 ], [ -40.6029819, -7.9535851 ], [ -40.601554, -7.9514269 ], [ -40.6068941, -7.9517418 ], [ -40.6124002, -7.9492632 ], [ -40.6172734, -7.9515977 ], [ -40.6187421, -7.9471557 ], [ -40.6250914, -7.9451946 ], [ -40.6287483, -7.9390505 ], [ -40.6315963, -7.939245 ], [ -40.6322397, -7.9375325 ], [ -40.6303999, -7.9347614 ], [ -40.6323657, -7.9331836 ], [ -40.6380459, -7.9337464 ], [ -40.639857, -7.9380143 ], [ -40.6436857, -7.9362349 ], [ -40.6473379, -7.9396284 ], [ -40.6506256, -7.9396093 ], [ -40.6528871, -7.9365837 ], [ -40.6552707, -7.9382696 ], [ -40.6588611, -7.936719 ], [ -40.6595336, -7.9325848 ], [ -40.6630039, -7.9283174 ], [ -40.6666148, -7.9270856 ], [ -40.6665015, -7.9256324 ], [ -40.663392, -7.9248701 ], [ -40.6645605, -7.9216827 ], [ -40.6692821, -7.9221008 ], [ -40.6702693, -7.9257014 ], [ -40.6733476, -7.9264443 ], [ -40.674731, -7.928753 ], [ -40.6769222, -7.9242919 ], [ -40.6809345, -7.922655 ], [ -40.6866694, -7.9127378 ], [ -40.683893, -7.9088898 ], [ -40.6866726, -7.9100917 ], [ -40.6888374, -7.9082019 ], [ -40.6862402, -7.9061045 ], [ -40.6902835, -7.9022261 ], [ -40.6917226, -7.8972828 ], [ -40.6775615, -7.8691228 ], [ -40.6951774, -7.8527768 ], [ -40.6899025, -7.8150162 ], [ -40.6930906, -7.797916 ], [ -40.7035102, -7.7860988 ], [ -40.7099009, -7.7871922 ], [ -40.7203349, -7.7860329 ], [ -40.7333774, -7.7773379 ], [ -40.7438114, -7.7758887 ], [ -40.7606218, -7.7793667 ], [ -40.7782766, -7.7773899 ], [ -40.8072698, -7.7666891 ], [ -40.7999226, -7.7245649 ], [ -40.7974052, -7.6929225 ] ] ] } },
{ "type": "Feature", "properties": { "CD_MUN": "2211605", "NM_MUN": "Vila Nova do Piauí", "NM_UF": "Piauí", "NM_REGIAO": "Nordeste", "class_electre": 5, "class_label": "C5 (muito alto)", "Priorizacao": "Grupo 5", "class_mc_prob": 5, "ranking_pos": 1.0, "area_deg45_ha": 8125.0 }, "geometry": { "type": "Polygon", "coordinates": [ [ [ -40.8757274, -7.2253293 ], [ -40.8831035, -7.2411358 ], [ -40.8775136, -7.2597578 ], [ -40.8727071, -7.2617031 ], [ -40.9289078, -7.2832536 ], [ -40.9722345, -7.3052955 ], [ -40.986119, -7.25786 ], [ -40.987819, -7.256933 ], [ -40.987793, -7.254933 ], [ -40.990754, -7.254669 ], [ -40.9917991, -7.2520754 ], [ -40.9890613, -7.2394205 ], [ -40.986128099999988, -7.2365431 ], [ -40.9857649, -7.2323527 ], [ -40.9819936, -7.2275198 ], [ -40.9800582, -7.2159467 ], [ -40.9914606, -7.2003794 ], [ -40.9970593, -7.1579109 ], [ -40.9975866, -7.137316 ], [ -40.9599077, -7.1076438 ], [ -40.9097442, -7.1265581 ], [ -40.8636823, -7.1754181 ], [ -40.8667633, -7.1924863 ], [ -40.8757274, -7.2253293 ] ] ] } },
{ "type": "Feature", "properties": { "CD_MUN": "2300101", "NM_MUN": "Abaiara", "NM_UF": "Ceará", "NM_REGIAO": "Nordeste", "class_electre": 5, "class_label": "C5 (muito alto)", "Priorizacao": "Grupo 5", "class_mc_prob": 5, "ranking_pos": 16.0, "area_deg45_ha": 3750.0 }, "geometry": { "type": "Polygon", "coordinates": [ [ [ -38.969878, -7.4273003 ], [ -39.0781998, -7.4220341 ], [ -39.0857249, -7.404154 ], [ -39.0843331, -7.3985519 ], [ -39.0887755, -7.3907764 ], [ -39.0887747, -7.3841341 ], [ -39.0957533, -7.3791821 ], [ -39.0931916, -7.3740334 ], [ -39.0947601, -7.3700109 ], [ -39.0941254, -7.3633408 ], [ -39.0969858, -7.3583125 ], [ -39.1020794, -7.3403923 ], [ -39.1016695, -7.329852 ], [ -39.0991646, -7.3215275 ], [ -39.0929113, -7.3168409 ], [ -39.0923474, -7.3140467 ], [ -39.0858744, -7.3101947 ], [ -39.0811505, -7.3012044 ], [ -39.0829801, -7.2947579 ], [ -39.0821735, -7.2916826 ], [ -39.0857445, -7.289135 ], [ -39.0907027, -7.2811441 ], [ -39.0844704, -7.2796055 ], [ -39.0840847, -7.2732472 ], [ -39.0819776, -7.2688258 ], [ -39.089774, -7.265385 ], [ -39.091809, -7.2597091 ], [ -39.085572299999988, -7.2656946 ], [ -39.0716885, -7.2734803 ], [ -39.0672744, -7.2800077 ], [ -39.0495431, -7.2916203 ], [ -39.0367505, -7.2946803 ], [ -39.0337298, -7.297419 ], [ -39.0234612, -7.2993819 ], [ -39.0176058, -7.3023008 ], [ -39.0103991, -7.3025619 ], [ -39.0013274, -7.3074158 ], [ -38.9868482, -7.333537 ], [ -38.9739652, -7.3795539 ], [ -38.9619594, -7.3959093 ], [ -38.9628273, -7.4044327 ], [ -38.9665585, -7.4098828 ], [ -38.969878, -7.4273003 ] ] ] } },
{ "type": "Feature", "properties": { "CD_MUN": "2300408", "NM_MUN": "Aiuaba", "NM_UF": "Ceará", "NM_REGIAO": "Nordeste", "class_electre": 5, "class_label": "C5 (muito alto)", "Priorizacao": "Grupo 3", "class_mc_prob": 5, "ranking_pos": 33.0, "area_deg45_ha": 2800.0 }, "geometry": { "type": "Polygon", "coordinates": [ [ [ -40.1439029, -6.7882242 ], [ -40.1499154, -6.7844711 ], [ -40.168392, -6.7918167 ], [ -40.1693667, -6.7773791 ], [ -40.1781202, -6.7612357 ], [ -40.1823305, -6.7592403 ], [ -40.2031268, -6.7742822 ], [ -40.2120937, -6.776048 ], [ -40.2420845, -6.7767853 ], [ -40.251749, -6.7866299 ], [ -40.2584472, -6.7862076 ], [ -40.2649552, -6.7966552 ], [ -40.2782912, -6.7944958 ], [ -40.2833966, -6.7951271 ], [ -40.2916159, -6.8080892 ], [ -40.3006196, -6.8068088 ], [ -40.3009428, -6.7995743 ], [ -40.3040538, -6.7953163 ], [ -40.3058347, -6.7880412 ], [ -40.3103681, -6.7861728 ], [ -40.315756799999988, -6.7915793 ], [ -40.31842, -6.8006316 ], [ -40.329279, -6.8042185 ], [ -40.3429689, -6.802433 ], [ -40.3485056, -6.7967711 ], [ -40.3508583, -6.7987967 ], [ -40.3512585, -6.8076913 ], [ -40.3545285, -6.8088193 ], [ -40.3564941, -6.8070403 ], [ -40.3639936, -6.8068296 ], [ -40.3741037, -6.8006057 ], [ -40.3887903, -6.7969987 ], [ -40.3950017, -6.7980881 ], [ -40.4041374, -6.8024878 ], [ -40.4168356, -6.812533 ], [ -40.4321666, -6.8129776 ], [ -40.4389902, -6.8066889 ], [ -40.4429301, -6.7898739 ], [ -40.4520295, -6.7837755 ], [ -40.4597267, -6.7542375 ], [ -40.4719372, -6.7449343 ], [ -40.4738871, -6.7348774 ], [ -40.4769263, -6.7328317 ], [ -40.5173877, -6.7304949 ], [ -40.5589699, -6.720807 ], [ -40.6022071, -6.7160118 ], [ -40.6164213, -6.710402 ], [ -40.6324189, -6.6989038 ], [ -40.6491396, -6.6788294 ], [ -40.7005233, -6.6773629 ], [ -40.7101828, -6.6761295 ], [ -40.7178079, -6.6714143 ], [ -40.7322461, -6.6552201 ], [ -40.7218947, -6.6185558 ], [ -40.7319661, -6.6086542 ], [ -40.736377399999988, -6.6003075 ], [ -40.6763031, -6.6005236 ], [ -40.6743111, -6.6015208 ], [ -40.6722163, -6.6118874 ], [ -40.6699963, -6.6140448 ], [ -40.6614328, -6.6112658 ], [ -40.6543838, -6.6134749 ], [ -40.6504981, -6.6128834 ], [ -40.646722, -6.6068571 ], [ -40.644176, -6.6058481 ], [ -40.6237079, -6.6042963 ], [ -40.6157367, -6.6054031 ], [ -40.6105111, -6.6084869 ], [ -40.610034899999988, -6.6031469 ], [ -40.6055321, -6.5983982 ], [ -40.5982288, -6.594522 ], [ -40.5961413, -6.5846491 ], [ -40.5883103, -6.5739798 ], [ -40.5892623, -6.5605146 ], [ -40.5871339, -6.5576509 ], [ -40.5814159, -6.5552932 ], [ -40.5784073, -6.5488217 ], [ -40.5636809, -6.5466149 ], [ -40.5528254, -6.5499998 ], [ -40.5442839, -6.5493187 ], [ -40.5275419, -6.5379875 ], [ -40.5153384, -6.5370539 ], [ -40.4997855, -6.5330268 ], [ -40.496386, -6.5307247 ], [ -40.4918038, -6.5311243 ], [ -40.483236, -6.5282301 ], [ -40.4685809, -6.5298618 ], [ -40.4566351, -6.5270701 ], [ -40.453131899999988, -6.5240442 ], [ -40.4539188, -6.5195477 ], [ -40.4476532, -6.5072162 ], [ -40.4475375, -6.4950784 ], [ -40.4424034, -6.4898573 ], [ -40.423974199999989, -6.4854736 ], [ -40.3909474, -6.4744506 ], [ -40.3902668, -6.4684054 ], [ -40.3873564, -6.4644514 ], [ -40.38365, -6.4638111 ], [ -40.3690245, -6.4510866 ], [ -40.3680167, -6.4431427 ], [ -40.3700534, -6.4385768 ], [ -40.3664547, -6.4344544 ], [ -40.3659641, -6.4295968 ], [ -40.3591779, -6.4244394 ], [ -40.3522408, -6.4158246 ], [ -40.3481427, -6.4142284 ], [ -40.3472214, -6.4099296 ], [ -40.3446374, -6.4096492 ], [ -40.3394402, -6.4144404 ], [ -40.3349688, -6.4063432 ], [ -40.3274069, -6.401871 ], [ -40.3236302, -6.4028247 ], [ -40.3177295, -6.399186 ], [ -40.3129337, -6.3982507 ], [ -40.3122268, -6.402452 ], [ -40.30793, -6.4030444 ], [ -40.3071728, -6.3959221 ], [ -40.2957006, -6.3919311 ], [ -40.2894923, -6.3871049 ], [ -40.2852503, -6.3808034 ], [ -40.2827588, -6.38128 ], [ -40.27575, -6.38731 ], [ -40.2717797, -6.3880513 ], [ -40.2685326, -6.3856305 ], [ -40.2609996, -6.3862353 ], [ -40.2579689, -6.3842326 ], [ -40.2572347, -6.382344 ], [ -40.2609266, -6.3788303 ], [ -40.2599487, -6.377085 ], [ -40.2561114, -6.376154 ], [ -40.2502692, -6.3802552 ], [ -40.2507062, -6.3878277 ], [ -40.2448096, -6.3876506 ], [ -40.2430379, -6.3919382 ], [ -40.2393212, -6.3930958 ], [ -40.2358428, -6.3889165 ], [ -40.2312576, -6.3870132 ], [ -40.225869, -6.3874206 ], [ -40.2181109, -6.3764135 ], [ -40.2146432, -6.376661 ], [ -40.2126412, -6.380289 ], [ -40.2058148, -6.3808694 ], [ -40.1983371, -6.3744856 ], [ -40.1970868, -6.3717007 ], [ -40.1919523, -6.3700136 ], [ -40.1865703, -6.3647495 ], [ -40.1802558, -6.3647759 ], [ -40.172424, -6.3606085 ], [ -40.1619778, -6.3621466 ], [ -40.1591705, -6.3538159 ], [ -40.1538953, -6.3545406 ], [ -40.1539877, -6.358288 ], [ -40.1493706, -6.3609856 ], [ -40.1451414, -6.3602413 ], [ -40.1452079, -6.3557231 ], [ -40.141623, -6.3510706 ], [ -40.1390077, -6.3527414 ], [ -40.1366143, -6.3505985 ], [ -40.1268341, -6.3517531 ], [ -40.1219965, -6.3489686 ], [ -40.1123095, -6.3490254 ], [ -40.1063548, -6.3516605 ], [ -40.0983592, -6.358682 ], [ -40.0841055, -6.3674083 ], [ -40.082638, -6.3719493 ], [ -40.0848531, -6.3787887 ], [ -40.0778499, -6.3928746 ], [ -40.0761913, -6.3999772 ], [ -40.0716761, -6.4042933 ], [ -40.0668354, -6.4049706 ], [ -40.0614587, -6.4175208 ], [ -40.0423696, -6.4257091 ], [ -40.0379647, -6.4301094 ], [ -40.0334582, -6.4315902 ], [ -40.0280772, -6.4383878 ], [ -40.0286843, -6.4428976 ], [ -40.033126, -6.4403515 ], [ -40.0316699, -6.4419578 ], [ -40.0329774, -6.4437619 ], [ -40.0350049, -6.4407784 ], [ -40.0380424, -6.4403774 ], [ -40.0447124, -6.444852 ], [ -40.043533, -6.4472236 ], [ -40.0471749, -6.4499083 ], [ -40.0470842, -6.4523375 ], [ -40.0488099, -6.4538416 ], [ -40.0468605, -6.4540729 ], [ -40.0498446, -6.456747 ], [ -40.0478234, -6.4604437 ], [ -40.0511223, -6.4619374 ], [ -40.0493792, -6.4631064 ], [ -40.0512014, -6.4673336 ], [ -40.0476752, -6.468121 ], [ -40.04687, -6.4721239 ], [ -40.0519943, -6.4741905 ], [ -40.0512891, -6.4756278 ], [ -40.0553424, -6.4781177 ], [ -40.0553521, -6.4828081 ], [ -40.0531063, -6.4866609 ], [ -40.0588407, -6.4897862 ], [ -40.0575832, -6.4925887 ], [ -40.0538259, -6.4949175 ], [ -40.0590206, -6.5003106 ], [ -40.0569691, -6.5032535 ], [ -40.0584978, -6.5065815 ], [ -40.0559159, -6.5076398 ], [ -40.0554457, -6.5111043 ], [ -40.0528978, -6.5106422 ], [ -40.0495884, -6.5146935 ], [ -40.0522508, -6.5212259 ], [ -40.0407496, -6.5321957 ], [ -40.0409574, -6.5388249 ], [ -40.0311086, -6.5418552 ], [ -40.0312528, -6.5475163 ], [ -40.0336676, -6.5510961 ], [ -40.0348503, -6.5584417 ], [ -40.0301357, -6.5629195 ], [ -40.030272, -6.5693853 ], [ -40.026079599999989, -6.5817159 ], [ -40.0404146, -6.590011 ], [ -40.0396709, -6.592942 ], [ -40.0314652, -6.5942034 ], [ -40.0303438, -6.595833 ], [ -40.0548075, -6.6113376 ], [ -40.0571098, -6.6238983 ], [ -40.0544573, -6.6262609 ], [ -40.0462956, -6.6257274 ], [ -40.0400342, -6.6273234 ], [ -40.0366015, -6.6373123 ], [ -40.0472721, -6.6580663 ], [ -40.0507097, -6.6611025 ], [ -40.0556663, -6.6738151 ], [ -40.053689, -6.6757348 ], [ -40.0485222, -6.6742019 ], [ -40.0516856, -6.679678 ], [ -40.0465965, -6.6824095 ], [ -40.0390292, -6.6725225 ], [ -40.033297, -6.6731614 ], [ -40.0296483, -6.6716965 ], [ -40.0295054, -6.6756005 ], [ -40.0277967, -6.6765257 ], [ -40.0165924, -6.6722173 ], [ -40.0047052, -6.6872952 ], [ -40.0010468, -6.6973775 ], [ -39.997858, -6.6971112 ], [ -39.9949805, -6.701683 ], [ -39.9958884, -6.7032032 ], [ -39.9994069, -6.7031243 ], [ -40.0048648, -6.7103067 ], [ -40.0111571, -6.7111266 ], [ -40.0140385, -6.7154713 ], [ -40.0133125, -6.7186173 ], [ -40.0191505, -6.721922 ], [ -40.0256066, -6.7323327 ], [ -40.0327911, -6.7338539 ], [ -40.0331895, -6.7395404 ], [ -40.0431434, -6.7464543 ], [ -40.0424024, -6.7491983 ], [ -40.0448596, -6.7531057 ], [ -40.0514112, -6.7573345 ], [ -40.0591945, -6.765868 ], [ -40.0693467, -6.7711439 ], [ -40.0691313, -6.7776774 ], [ -40.071579, -6.7779239 ], [ -40.0719889, -6.7798659 ], [ -40.0661416, -6.7875114 ], [ -40.0694148, -6.7922499 ], [ -40.0735885, -6.7926287 ], [ -40.0780781, -6.796237 ], [ -40.0818222, -6.7915666 ], [ -40.090136, -6.7972571 ], [ -40.0958919, -6.8035053 ], [ -40.1008621, -6.8035443 ], [ -40.10416, -6.8072698 ], [ -40.1079312, -6.8043322 ], [ -40.1096369, -6.8089946 ], [ -40.1123931, -6.8113645 ], [ -40.1140018, -6.8175347 ], [ -40.11831, -6.8200805 ], [ -40.1263556, -6.8173589 ], [ -40.1353018, -6.8191327 ], [ -40.1397821, -6.8222287 ], [ -40.1410369, -6.8209831 ], [ -40.1401971, -6.8178217 ], [ -40.1452987, -6.8187429 ], [ -40.1441702, -6.8159117 ], [ -40.1330362, -6.8106018 ], [ -40.1348335, -6.8065087 ], [ -40.1303438, -6.8042264 ], [ -40.1342985, -6.8010182 ], [ -40.1396115, -6.8013078 ], [ -40.1415023, -6.7915799 ], [ -40.1439029, -6.7882242 ] ] ] } },
{ "type": "Feature", "properties": { "CD_MUN": "2300705", "NM_MUN": "Alto Santo", "NM_UF": "Ceará", "NM_REGIAO": "Nordeste", "class_electre": 5, "class_label": "C5 (muito alto)", "Priorizacao": "Grupo 4", "class_mc_prob": 5, "ranking_pos": 22.0, "area_deg45_ha": 22225.0 }, "geometry": { "type": "Polygon", "coordinates": [ [ [ -38.159902699999989, -5.6560675 ], [ -38.1715293, -5.651671 ], [ -38.1673282, -5.6454714 ], [ -38.1740144, -5.6440076 ], [ -38.1759813, -5.6420012 ], [ -38.1771207, -5.6436195 ], [ -38.1817618, -5.6407502 ], [ -38.186468499999989, -5.6415817 ], [ -38.1925733, -5.6363655 ], [ -38.193463, -5.6328264 ], [ -38.2039683, -5.6331734 ], [ -38.2047778, -5.6308351 ], [ -38.2136211, -5.6322472 ], [ -38.2149131, -5.6395711 ], [ -38.2195714, -5.6397832 ], [ -38.2195424, -5.6346255 ], [ -38.2214036, -5.6363392 ], [ -38.2242971, -5.634225 ], [ -38.2259795, -5.6406678 ], [ -38.2303682, -5.6409344 ], [ -38.23095, -5.6436276 ], [ -38.232915, -5.6427366 ], [ -38.2328915, -5.6399686 ], [ -38.2357727, -5.6369207 ], [ -38.239165, -5.636997 ], [ -38.2409029, -5.6416662 ], [ -38.2443788, -5.6418263 ], [ -38.2460624, -5.6451627 ], [ -38.2483721, -5.6456873 ], [ -38.2556458, -5.6357036 ], [ -38.259966399999989, -5.6347039 ], [ -38.2606098, -5.6322635 ], [ -38.2649146, -5.6286311 ], [ -38.2661187, -5.6228409 ], [ -38.264608, -5.6183229 ], [ -38.2661936, -5.6174633 ], [ -38.267528, -5.6072439 ], [ -38.2655752, -5.6052751 ], [ -38.2675034, -5.6014359 ], [ -38.4329119, -5.6270177 ], [ -38.4374572, -5.5452556 ], [ -38.4499328, -5.5330547 ], [ -38.4583086, -5.5167397 ], [ -38.459361, -5.5003764 ], [ -38.4471706, -5.4974475 ], [ -38.4437243, -5.4893114 ], [ -38.439076, -5.4869303 ], [ -38.4385111, -5.4806053 ], [ -38.4326981, -5.4774494 ], [ -38.4330254, -5.4722948 ], [ -38.4301276, -5.4678941 ], [ -38.4323564, -5.4598498 ], [ -38.4319317, -5.4542876 ], [ -38.4280089, -5.4478635 ], [ -38.4389477, -5.4345058 ], [ -38.4400411, -5.4263488 ], [ -38.4260912, -5.4148526 ], [ -38.4271825, -5.4100972 ], [ -38.4230204, -5.404453 ], [ -38.4251886, -5.3995466 ], [ -38.4234815, -5.3968755 ], [ -38.4252962, -5.39265 ], [ -38.4244728, -5.3908852 ], [ -38.4165128, -5.3880608 ], [ -38.4136408, -5.3757915 ], [ -38.4112661, -5.3728215 ], [ -38.4066844, -5.3702364 ], [ -38.399802099999988, -5.3715699 ], [ -38.3960196, -5.3706288 ], [ -38.3945226, -5.3690647 ], [ -38.3944479, -5.3629531 ], [ -38.3413075, -5.4035487 ], [ -38.3323899, -5.4016931 ], [ -38.3218574, -5.3971041 ], [ -38.3209948, -5.3942909 ], [ -38.3147613, -5.389527 ], [ -38.3136625, -5.3834202 ], [ -38.2607122, -5.4104572 ], [ -38.2599459, -5.3945125 ], [ -38.2539934, -5.3927818 ], [ -38.245381, -5.3936615 ], [ -38.2429141, -5.3955826 ], [ -38.2315332, -5.3942445 ], [ -38.158549, -5.3578129 ], [ -38.1537935, -5.3609873 ], [ -38.1496698, -5.3667589 ], [ -38.1449636, -5.3688148 ], [ -38.1426513, -5.3716542 ], [ -38.1423335, -5.3780909 ], [ -38.1192911, -5.3967521 ], [ -38.117456, -5.401877 ], [ -38.1148935, -5.4011669 ], [ -38.1096495, -5.4033452 ], [ -38.1108124, -5.40503 ], [ -38.1095277, -5.408328 ], [ -38.1053796, -5.4117385 ], [ -38.1031692, -5.4199851 ], [ -38.0938709, -5.4243722 ], [ -38.093699, -5.4267379 ], [ -38.0913277, -5.4274438 ], [ -38.0924688, -5.429578 ], [ -38.0871849, -5.4342791 ], [ -38.0804997, -5.4353703 ], [ -38.080208299999988, -5.4410111 ], [ -38.0777562, -5.4436297 ], [ -38.07878, -5.4529146 ], [ -38.0738198, -5.461442 ], [ -38.0677224, -5.4848339 ], [ -38.0592754, -5.5013793 ], [ -38.0532221, -5.5077138 ], [ -38.0496525, -5.5153841 ], [ -38.0483277, -5.5233823 ], [ -38.0435257, -5.5307464 ], [ -38.0414317, -5.5519303 ], [ -38.0358076, -5.567213 ], [ -38.0366469, -5.5728382 ], [ -38.0574188, -5.6101173 ], [ -38.0594539, -5.6297645 ], [ -38.028067899999989, -5.6233236 ], [ -38.0342697, -5.6371528 ], [ -38.0366829, -5.6394887 ], [ -38.0533836, -5.646104 ], [ -38.0642545, -5.6563235 ], [ -38.0758499, -5.6630595 ], [ -38.0828404, -5.6724407 ], [ -38.1239788, -5.6719284 ], [ -38.1297961, -5.6759614 ], [ -38.1336403, -5.674323 ], [ -38.1383405, -5.6753711 ], [ -38.148454, -5.6702525 ], [ -38.147313, -5.661434 ], [ -38.1493811, -5.6587159 ], [ -38.1541463, -5.658529 ], [ -38.1579831, -5.6552318 ], [ -38.159902699999989, -5.6560675 ] ] ] } },
{ "type": "Feature", "properties": { "CD_MUN": "2300804", "NM_MUN": "Antonina do Norte", "NM_UF": "Ceará", "NM_REGIAO": "Nordeste", "class_electre": 5, "class_label": "C5 (muito alto)", "Priorizacao": "Grupo 4", "class_mc_prob": 5, "ranking_pos": 29.0, "area_deg45_ha": 1500.0 }, "geometry": { "type": "Polygon", "coordinates": [ [ [ -39.9630209, -6.6941787 ], [ -39.9624564, -6.7024908 ], [ -39.9575779, -6.7011865 ], [ -39.9545018, -6.7038734 ], [ -39.9501335, -6.7047777 ], [ -39.9478984, -6.7075676 ], [ -39.9438242, -6.7075669 ], [ -39.9409855, -6.7127176 ], [ -39.9379409, -6.7078294 ], [ -39.9346425, -6.7066368 ], [ -39.9340163, -6.7033009 ], [ -39.9353517, -6.7031692 ], [ -39.93127, -6.6982373 ], [ -39.9286003, -6.698836 ], [ -39.9251486, -6.6962685 ], [ -39.9231405, -6.6976077 ], [ -39.9157492, -6.6926749 ], [ -39.9162, -6.6905465 ], [ -39.9130688, -6.6878279 ], [ -39.9126507, -6.6895517 ], [ -39.9048482, -6.6873188 ], [ -39.902696, -6.6884416 ], [ -39.9017318, -6.6844683 ], [ -39.8977246, -6.6843177 ], [ -39.8717742, -6.6696961 ], [ -39.8770584, -6.6754268 ], [ -39.8770671, -6.6802858 ], [ -39.8698821, -6.6791706 ], [ -39.8659588, -6.6762921 ], [ -39.8644417, -6.6798848 ], [ -39.8582716, -6.6787686 ], [ -39.8526033, -6.6742721 ], [ -39.8486866, -6.6751228 ], [ -39.8476788, -6.6798434 ], [ -39.8379876, -6.6791942 ], [ -39.8355391, -6.6853609 ], [ -39.8363886, -6.6880133 ], [ -39.8336025, -6.6903671 ], [ -39.8363464, -6.6956176 ], [ -39.8329574, -6.6999334 ], [ -39.8372717, -6.7082341 ], [ -39.848222199999988, -6.7152931 ], [ -39.8533591, -6.7156659 ], [ -39.8612776, -6.7214164 ], [ -39.8785021, -6.7349525 ], [ -39.8806372, -6.7388778 ], [ -39.8985295, -6.7556888 ], [ -39.9303098, -6.7792971 ], [ -39.9498913, -6.7894769 ], [ -39.9598675, -6.7988582 ], [ -39.9688587, -6.8047951 ], [ -39.9762637, -6.8056033 ], [ -39.9797517, -6.8107525 ], [ -39.9869182, -6.8150808 ], [ -39.9920915, -6.8133983 ], [ -39.9933917, -6.8104153 ], [ -40.00206, -6.8031288 ], [ -40.0149395, -6.8076301 ], [ -40.0201445, -6.8121899 ], [ -40.0255116, -6.8141528 ], [ -40.0434194, -6.8169856 ], [ -40.0534969, -6.8250491 ], [ -40.0553123, -6.8294853 ], [ -40.0560613, -6.836941 ], [ -40.0511337, -6.8433434 ], [ -40.0698918, -6.8543637 ], [ -40.0771628, -6.8566974 ], [ -40.0872855, -6.8466568 ], [ -40.1469975, -6.8305866 ], [ -40.1444784, -6.8181203 ], [ -40.1401971, -6.8178217 ], [ -40.1410369, -6.8209831 ], [ -40.1397821, -6.8222287 ], [ -40.1353018, -6.8191327 ], [ -40.1263556, -6.8173589 ], [ -40.11831, -6.8200805 ], [ -40.1140018, -6.8175347 ], [ -40.1123931, -6.8113645 ], [ -40.1096369, -6.8089946 ], [ -40.1079312, -6.8043322 ], [ -40.10416, -6.8072698 ], [ -40.1008621, -6.8035443 ], [ -40.0958919, -6.8035053 ], [ -40.0824492, -6.7917669 ], [ -40.0808258, -6.7916507 ], [ -40.0804299, -6.794437 ], [ -40.0780781, -6.796237 ], [ -40.0735885, -6.7926287 ], [ -40.0694148, -6.7922499 ], [ -40.0671312, -6.7902742 ], [ -40.066472, -6.7863539 ], [ -40.0719889, -6.7798659 ], [ -40.071579, -6.7779239 ], [ -40.0691313, -6.7776774 ], [ -40.0693467, -6.7711439 ], [ -40.0591945, -6.765868 ], [ -40.0514112, -6.7573345 ], [ -40.0448596, -6.7531057 ], [ -40.0424024, -6.7491983 ], [ -40.0431434, -6.7464543 ], [ -40.0331895, -6.7395404 ], [ -40.0327911, -6.7338539 ], [ -40.0256066, -6.7323327 ], [ -40.0191505, -6.721922 ], [ -40.0133125, -6.7186173 ], [ -40.0140385, -6.7154713 ], [ -40.0111571, -6.7111266 ], [ -40.0048648, -6.7103067 ], [ -39.9994069, -6.7031243 ], [ -39.9952403, -6.7023143 ], [ -39.9975999, -6.6973127 ], [ -40.0010468, -6.6973775 ], [ -40.0031193, -6.6934053 ], [ -40.0050866, -6.6867869 ], [ -40.0037045, -6.6845823 ], [ -39.9930209, -6.683491 ], [ -39.9883013, -6.6812968 ], [ -39.9860896, -6.6784407 ], [ -39.9857424, -6.6722582 ], [ -39.9775569, -6.6709543 ], [ -39.9762111, -6.6682976 ], [ -39.9764925, -6.6722022 ], [ -39.9741711, -6.6727911 ], [ -39.9772897, -6.679502 ], [ -39.975517, -6.6803841 ], [ -39.982331, -6.6869369 ], [ -39.9804752, -6.6889437 ], [ -39.9766263, -6.6853401 ], [ -39.9712012, -6.6871672 ], [ -39.9704304, -6.6936185 ], [ -39.968432, -6.6957592 ], [ -39.9630209, -6.6941787 ] ] ] } },
{ "type": "Feature", "properties": { "CD_MUN": "2301109", "NM_MUN": "Aracati", "NM_UF": "Ceará", "NM_REGIAO": "Nordeste", "class_electre": 5, "class_label": "C5 (muito alto)", "Priorizacao": "Grupo 4", "class_mc_prob": 5, "ranking_pos": 17.0, "area_deg45_ha": 24125.0 }, "geometry": { "type": "Polygon", "coordinates": [ [ [ -37.777325499999989, -4.7111337 ], [ -37.7852313, -4.7033966 ], [ -37.8009375, -4.6972554 ], [ -37.8081347, -4.6757145 ], [ -37.8142153, -4.6726768 ], [ -37.8184094, -4.6732645 ], [ -37.8233329, -4.6701523 ], [ -37.8291195, -4.6662244 ], [ -37.8315834, -4.6601657 ], [ -37.8446995, -4.6832141 ], [ -37.9088985, -4.6638414 ], [ -37.9323792, -4.662773 ], [ -37.9480729, -4.6600562 ], [ -37.9505284, -4.6617678 ], [ -37.9685989, -4.6599169 ], [ -37.9867411, -4.6630067 ], [ -37.9932371, -4.6607374 ], [ -37.9943392, -4.6470498 ], [ -37.9788549, -4.6317717 ], [ -37.9752567, -4.6263392 ], [ -37.9734695, -4.6154823 ], [ -37.9864329, -4.5836341 ], [ -37.9843964, -4.5822661 ], [ -37.9859809, -4.5756298 ], [ -37.9884513, -4.5751528 ], [ -37.9891766, -4.5701843 ], [ -37.9930139, -4.5653973 ], [ -37.9929923, -4.5630102 ], [ -37.9924842, -4.5615601 ], [ -37.9840547, -4.5603038 ], [ -37.982378, -4.556122 ], [ -37.9840208, -4.5505099 ], [ -37.9814121, -4.546922 ], [ -37.9833741, -4.5457616 ], [ -37.9805987, -4.5413128 ], [ -37.9754032, -4.5361821 ], [ -37.9730377, -4.5369814 ], [ -37.9680047, -4.5334529 ], [ -37.9636829, -4.5327281 ], [ -37.9633811, -4.5303397 ], [ -37.8677322, -4.5429332 ], [ -37.8568421, -4.5397907 ], [ -37.8489077, -4.5355781 ], [ -37.8478447, -4.5327507 ], [ -37.8520446, -4.5303804 ], [ -37.8523187, -4.5278602 ], [ -37.8465279, -4.5208011 ], [ -37.834279, -4.5152379 ], [ -37.8326852, -4.5136451 ], [ -37.8321057, -4.5083335 ], [ -37.8273862, -4.5052851 ], [ -37.816397, -4.5042198 ], [ -37.7949306, -4.5087885 ], [ -37.7887112, -4.5071968 ], [ -37.7863722, -4.493521 ], [ -37.7795178, -4.4899987 ], [ -37.7758299, -4.4852123 ], [ -37.7779218, -4.4759128 ], [ -37.7757757, -4.476047 ], [ -37.7745212, -4.4790855 ], [ -37.7719188, -4.47969 ], [ -37.7711813, -4.4715164 ], [ -37.7763722, -4.4686414 ], [ -37.7767554, -4.4661857 ], [ -37.769755, -4.4617742 ], [ -37.7713937, -4.4584984 ], [ -37.7688969, -4.4544619 ], [ -37.7707298, -4.4510139 ], [ -37.7725115, -4.4509444 ], [ -37.773989, -4.4567837 ], [ -37.7790132, -4.4566163 ], [ -37.7793813, -4.4543314 ], [ -37.7818706, -4.4526679 ], [ -37.7808015, -4.4461772 ], [ -37.7853471, -4.4430421 ], [ -37.7694827, -4.4263877 ], [ -37.7618817, -4.4282331 ], [ -37.7542476, -4.4370872 ], [ -37.7446007, -4.4634274 ], [ -37.7361297, -4.4811692 ], [ -37.7292163, -4.4941275 ], [ -37.7164524, -4.5118375 ], [ -37.6915263, -4.532115 ], [ -37.6877284, -4.5332992 ], [ -37.6651154, -4.5597945 ], [ -37.6394425, -4.5859838 ], [ -37.6031067, -4.6172992 ], [ -37.5895707, -4.6268108 ], [ -37.5818835, -4.6288626 ], [ -37.5586779, -4.6416654 ], [ -37.5404098, -4.6446928 ], [ -37.5399065, -4.6501018 ], [ -37.5435473, -4.6540501 ], [ -37.5402159, -4.6603353 ], [ -37.5572171, -4.7225141 ], [ -37.5276726, -4.7551441 ], [ -37.504005, -4.7918785 ], [ -37.4647366, -4.7811752 ], [ -37.4504987, -4.7833795 ], [ -37.4456178, -4.780616 ], [ -37.434126, -4.7817941 ], [ -37.4221958, -4.7773458 ], [ -37.4205559, -4.7817415 ], [ -37.4167235, -4.7823563 ], [ -37.411665, -4.7806242 ], [ -37.4021676, -4.772173 ], [ -37.3991482, -4.7759027 ], [ -37.3828036, -4.7782317 ], [ -37.3745783, -4.7828869 ], [ -37.3654926, -4.7850228 ], [ -37.3557194, -4.7942275 ], [ -37.3568981, -4.8580565 ], [ -37.4464459, -4.8809614 ], [ -37.6403381, -4.9264044 ], [ -37.58869, -4.8082817 ], [ -37.6115132, -4.7682183 ], [ -37.6162718, -4.7180139 ], [ -37.6573585, -4.714962 ], [ -37.677655, -4.7184212 ], [ -37.6846832, -4.7147864 ], [ -37.6932678, -4.715822 ], [ -37.6974633, -4.7145377 ], [ -37.707048, -4.7184233 ], [ -37.7241588, -4.7193972 ], [ -37.7326054, -4.7177471 ], [ -37.7445091, -4.7196032 ], [ -37.7500177, -4.7185959 ], [ -37.7576009, -4.7131977 ], [ -37.777325499999989, -4.7111337 ] ] ] } },
{ "type": "Feature", "properties": { "CD_MUN": "2301802", "NM_MUN": "Baixio", "NM_UF": "Ceará", "NM_REGIAO": "Nordeste", "class_electre": 5, "class_label": "C5 (muito alto)", "Priorizacao": "Grupo 5", "class_mc_prob": 5, "ranking_pos": 3.0, "area_deg45_ha": 5550.0 }, "geometry": { "type": "Polygon", "coordinates": [ [ [ -38.6974703, -6.7634942 ], [ -38.7198325, -6.7675037 ], [ -38.7260822, -6.7613758 ], [ -38.7329095, -6.7590412 ], [ -38.7342182, -6.756414 ], [ -38.7484764, -6.755603 ], [ -38.7517767, -6.752616 ], [ -38.751717899999989, -6.7504739 ], [ -38.7552038, -6.7458085 ], [ -38.7592102, -6.74397 ], [ -38.7594963, -6.7367539 ], [ -38.7622375, -6.7369826 ], [ -38.7651965, -6.7323289 ], [ -38.769267, -6.7313615 ], [ -38.7708006, -6.7283704 ], [ -38.7739159, -6.7268568 ], [ -38.7725281, -6.7251808 ], [ -38.7745459, -6.717586 ], [ -38.7774512, -6.7185054 ], [ -38.7791722, -6.7216314 ], [ -38.7883107, -6.7186308 ], [ -38.7964712, -6.7245334 ], [ -38.8024945, -6.7242559 ], [ -38.8229552, -6.7168124 ], [ -38.8362302, -6.7098474 ], [ -38.8433832, -6.7083264 ], [ -38.8465922, -6.7092104 ], [ -38.853555799999988, -6.704183 ], [ -38.8531512, -6.6941579 ], [ -38.8563044, -6.6943805 ], [ -38.8593744, -6.691198 ], [ -38.8547062, -6.6735003 ], [ -38.843739, -6.667271 ], [ -38.8422053, -6.6677817 ], [ -38.838400299999989, -6.6639467 ], [ -38.8340353, -6.6652569 ], [ -38.8307416, -6.6591707 ], [ -38.8150192, -6.6585675 ], [ -38.8096327, -6.6599153 ], [ -38.8051809, -6.6582908 ], [ -38.8012166, -6.6587919 ], [ -38.7985354, -6.6618722 ], [ -38.7947003, -6.662404 ], [ -38.7942149, -6.6647589 ], [ -38.7857928, -6.6645418 ], [ -38.7762837, -6.6689792 ], [ -38.7727451, -6.6691479 ], [ -38.769785, -6.6718751 ], [ -38.7682917, -6.6709266 ], [ -38.7597178, -6.6760536 ], [ -38.750636299999989, -6.6744072 ], [ -38.7457865, -6.6775301 ], [ -38.7387282, -6.6779606 ], [ -38.7154361, -6.6925078 ], [ -38.7025027, -6.698336 ], [ -38.6926414, -6.7002951 ], [ -38.6865474, -6.7041246 ], [ -38.6791212, -6.7018022 ], [ -38.675427, -6.702928 ], [ -38.6725406, -6.7062314 ], [ -38.6733838, -6.7096471 ], [ -38.6664649, -6.717044 ], [ -38.6648867, -6.7240935 ], [ -38.659685, -6.7260991 ], [ -38.6559754, -6.7302437 ], [ -38.6575338, -6.7407602 ], [ -38.6554654, -6.7458069 ], [ -38.6524699, -6.7476037 ], [ -38.649972, -6.7522363 ], [ -38.6524136, -6.7570799 ], [ -38.6634206, -6.7592325 ], [ -38.674899, -6.7582706 ], [ -38.681015, -6.7550921 ], [ -38.6830996, -6.7578626 ], [ -38.6836639, -6.7638803 ], [ -38.6876542, -6.7673421 ], [ -38.6957854, -6.7667936 ], [ -38.6974703, -6.7634942 ] ] ] } },
{ "type": "Feature", "properties": { "CD_MUN": "2301851", "NM_MUN": "Banabuiú", "NM_UF": "Ceará", "NM_REGIAO": "Nordeste", "class_electre": 5, "class_label": "C5 (muito alto)", "Priorizacao": "Grupo 4", "class_mc_prob": 5, "ranking_pos": 26.0, "area_deg45_ha": 15600.0 }, "geometry": { "type": "Polygon", "coordinates": [ [ [ -38.8977483, -5.3098943 ], [ -38.9161901, -5.3207227 ], [ -38.9184404, -5.3236312 ], [ -38.9183533, -5.3276838 ], [ -38.9229843, -5.3291801 ], [ -38.924298799999988, -5.3552886 ], [ -38.9228824, -5.3642101 ], [ -38.9243744, -5.3794782 ], [ -38.9210771, -5.4000088 ], [ -38.9217383, -5.4034701 ], [ -38.9255985, -5.4074882 ], [ -38.9258283, -5.4112886 ], [ -38.9221308, -5.4118301 ], [ -38.9218205, -5.4174805 ], [ -38.919986, -5.4192127 ], [ -38.9219578, -5.4236385 ], [ -38.9214633, -5.4295901 ], [ -38.922935, -5.4338395 ], [ -38.9205436, -5.435235 ], [ -38.9164322, -5.4321967 ], [ -38.910831, -5.4376816 ], [ -38.9100343, -5.4468899 ], [ -38.907175, -5.4492597 ], [ -38.9067991, -5.4518126 ], [ -38.9090497, -5.4514483 ], [ -38.9110477, -5.4555096 ], [ -38.9181411, -5.4579215 ], [ -38.9244767, -5.4536089 ], [ -38.9288514, -5.4856706 ], [ -38.9382938, -5.485786 ], [ -38.9440275, -5.4890168 ], [ -38.9505502, -5.5037533 ], [ -38.9562983, -5.5071698 ], [ -38.9589639, -5.5127155 ], [ -38.9633724, -5.5128301 ], [ -38.9668103, -5.5167251 ], [ -38.977299, -5.5214701 ], [ -38.9785066, -5.5203132 ], [ -38.9778221, -5.517826 ], [ -38.9806179, -5.514703 ], [ -38.9830856, -5.5141028 ], [ -38.9857244, -5.5161611 ], [ -38.9897664, -5.5124735 ], [ -38.9928017, -5.51515 ], [ -38.9949324, -5.5093647 ], [ -39.000495199999989, -5.5099223 ], [ -39.0046163, -5.505863 ], [ -39.0061301, -5.5102566 ], [ -39.009281, -5.5111992 ], [ -39.0132898, -5.5056513 ], [ -39.020734, -5.5002455 ], [ -39.0224453, -5.493607 ], [ -39.0269683, -5.489886 ], [ -39.030992, -5.4920327 ], [ -39.0464391, -5.5113817 ], [ -39.0568946, -5.5099357 ], [ -39.0602938, -5.5110889 ], [ -39.0631065, -5.4975946 ], [ -39.0684549, -5.4934229 ], [ -39.0695442, -5.4878628 ], [ -39.071325, -5.486274 ], [ -39.0687502, -5.473563 ], [ -39.0607276, -5.4606538 ], [ -39.0554768, -5.4296724 ], [ -39.0576791, -5.4185784 ], [ -39.0590386, -5.4151742 ], [ -39.0689054, -5.4081034 ], [ -39.0851105, -5.4024881 ], [ -39.0545358, -5.299992 ], [ -39.0496314, -5.2895475 ], [ -39.0446492, -5.2853334 ], [ -39.0432436, -5.2794648 ], [ -39.0343014, -5.2717103 ], [ -39.0335348, -5.2662654 ], [ -39.041042, -5.2513886 ], [ -39.0330649, -5.2353093 ], [ -39.0315317, -5.2257054 ], [ -39.0286288, -5.2221369 ], [ -39.0370722, -5.22224 ], [ -39.0469321, -5.2264037 ], [ -39.0539819, -5.2240297 ], [ -39.0580604, -5.2207231 ], [ -39.08874, -5.1730247 ], [ -39.0832133, -5.1512058 ], [ -39.0755939, -5.151089 ], [ -39.0746569, -5.1529977 ], [ -39.0693553, -5.1546456 ], [ -39.0606685, -5.1501838 ], [ -39.0566181, -5.1501824 ], [ -39.054666499999989, -5.1508502 ], [ -39.0511769, -5.1571152 ], [ -39.0426211, -5.1581975 ], [ -39.0316124, -5.164138 ], [ -39.0207229, -5.1626425 ], [ -39.0186401, -5.1668179 ], [ -39.0159066, -5.1681703 ], [ -39.0136295, -5.1633593 ], [ -39.0091262, -5.1600083 ], [ -39.0022626, -5.1645397 ], [ -38.9982876, -5.1632891 ], [ -38.9920417, -5.1545914 ], [ -38.9877057, -5.1530265 ], [ -38.9863898, -5.1484083 ], [ -38.9826865, -5.1479909 ], [ -38.9784402, -5.1437601 ], [ -38.9727943, -5.1428234 ], [ -38.972093, -5.1414949 ], [ -38.965835, -5.147308 ], [ -38.9603471, -5.1489144 ], [ -38.9563093, -5.1529802 ], [ -38.9504423, -5.1542484 ], [ -38.9471986, -5.1529107 ], [ -38.9409585, -5.1553187 ], [ -38.9379357, -5.1534036 ], [ -38.9236646, -5.1600412 ], [ -38.9215783, -5.1629103 ], [ -38.9127897, -5.1631395 ], [ -38.9082115, -5.1659244 ], [ -38.9025146, -5.1659445 ], [ -38.8130645, -5.0665911 ], [ -38.7933024, -5.0781909 ], [ -38.7856938, -5.0777591 ], [ -38.7803237, -5.075636 ], [ -38.7617044, -5.0787021 ], [ -38.7558198, -5.0860332 ], [ -38.7442241, -5.0949208 ], [ -38.7341814, -5.0924484 ], [ -38.7204077, -5.0930679 ], [ -38.715435, -5.0901061 ], [ -38.7107101, -5.093089 ], [ -38.699046, -5.0934951 ], [ -38.6744114, -5.1111295 ], [ -38.6731109, -5.1102313 ], [ -38.669192, -5.1120828 ], [ -38.6659132, -5.1167814 ], [ -38.6501639, -5.1224173 ], [ -38.6430425, -5.119927 ], [ -38.6375061, -5.1219465 ], [ -38.6282934, -5.1188131 ], [ -38.6181848, -5.1188635 ], [ -38.6144405, -5.1254089 ], [ -38.6173671, -5.1314842 ], [ -38.6157397, -5.1383632 ], [ -38.6136516, -5.1421467 ], [ -38.609849, -5.143582 ], [ -38.6108756, -5.1484609 ], [ -38.6772592, -5.2272883 ], [ -38.6917041, -5.2272656 ], [ -38.7082144, -5.2009538 ], [ -38.712808, -5.202335 ], [ -38.7183663, -5.1992109 ], [ -38.7230789, -5.1983558 ], [ -38.7306466, -5.1999463 ], [ -38.7352136, -5.1975442 ], [ -38.7376391, -5.1994092 ], [ -38.7469678, -5.2005844 ], [ -38.7520028, -5.199623 ], [ -38.7572724, -5.201694 ], [ -38.7638357, -5.1998549 ], [ -38.7735099, -5.2031795 ], [ -38.7833102, -5.2130953 ], [ -38.7963306, -5.2152718 ], [ -38.8007997, -5.2200948 ], [ -38.8035695, -5.2196663 ], [ -38.8106297, -5.2228968 ], [ -38.8218737, -5.2423705 ], [ -38.827488, -5.2485877 ], [ -38.8277493, -5.2536352 ], [ -38.8412769, -5.2724791 ], [ -38.8443783, -5.2831582 ], [ -38.8487766, -5.2884775 ], [ -38.8581186, -5.2905277 ], [ -38.8596371, -5.2937474 ], [ -38.8687241, -5.3021134 ], [ -38.8775492, -5.3080528 ], [ -38.8833515, -5.3101423 ], [ -38.8977483, -5.3098943 ] ] ] } },
{ "type": "Feature", "properties": { "CD_MUN": "2301950", "NM_MUN": "Barreira", "NM_UF": "Ceará", "NM_REGIAO": "Nordeste", "class_electre": 5, "class_label": "C5 (muito alto)", "Priorizacao": "Grupo 4", "class_mc_prob": 5, "ranking_pos": 23.0, "area_deg45_ha": 4925.0 }, "geometry": { "type": "Polygon", "coordinates": [ [ [ -38.6262333, -4.2484166 ], [ -38.6122026, -4.22604 ], [ -38.570474, -4.2354845 ], [ -38.5672293, -4.2500088 ], [ -38.5478204, -4.2715208 ], [ -38.5539364, -4.2833289 ], [ -38.5484115, -4.3230636 ], [ -38.533907, -4.368875 ], [ -38.5402041, -4.372952 ], [ -38.5457285, -4.3695667 ], [ -38.5511706, -4.3749 ], [ -38.5663296, -4.3766204 ], [ -38.5743072, -4.3852478 ], [ -38.5972586, -4.3835359 ], [ -38.6068284, -4.3786936 ], [ -38.6103331, -4.3784911 ], [ -38.6119167, -4.3797356 ], [ -38.6127098, -4.3862386 ], [ -38.6173636, -4.3911495 ], [ -38.6230462, -4.40444 ], [ -38.6314432, -4.4069179 ], [ -38.6386284, -4.4065641 ], [ -38.6427816, -4.4111309 ], [ -38.6435607, -4.4152542 ], [ -38.6469044, -4.4171468 ], [ -38.6533753, -4.4121251 ], [ -38.664516, -4.4155939 ], [ -38.6697377, -4.4125484 ], [ -38.6686593, -4.4114004 ], [ -38.6696851, -4.4085323 ], [ -38.6727615, -4.403391 ], [ -38.677206, -4.4001924 ], [ -38.6793952, -4.3915819 ], [ -38.6936101, -4.3799362 ], [ -38.6998501, -4.3301241 ], [ -38.6868976, -4.2870651 ], [ -38.6801751, -4.28642 ], [ -38.6739641, -4.2747988 ], [ -38.666597, -4.2662502 ], [ -38.6658415, -4.2584975 ], [ -38.6582752, -4.2491653 ], [ -38.6523744, -4.2461991 ], [ -38.6262333, -4.2484166 ] ] ] } },
{ "type": "Feature", "properties": { "CD_MUN": "2302503", "NM_MUN": "Brejo Santo", "NM_UF": "Ceará", "NM_REGIAO": "Nordeste", "class_electre": 5, "class_label": "C5 (muito alto)", "Priorizacao": "Grupo 5", "class_mc_prob": 5, "ranking_pos": 10.0, "area_deg45_ha": 17050.0 }, "geometry": { "type": "Polygon", "coordinates": [ [ [ -38.8823563, -7.4570869 ], [ -38.775862499999988, -7.6042277 ], [ -38.7172325, -7.6262375 ], [ -38.7237265, -7.626884 ], [ -38.7321897, -7.6338655 ], [ -38.7372158, -7.6349321 ], [ -38.7349656, -7.6394574 ], [ -38.7384073, -7.6420242 ], [ -38.7418222, -7.6483733 ], [ -38.7436595, -7.6606659 ], [ -38.7544671, -7.6597429 ], [ -38.7606124, -7.6560008 ], [ -38.7639127, -7.6564012 ], [ -38.7712954, -7.6590855 ], [ -38.7754289, -7.6624334 ], [ -38.7818244, -7.6618659 ], [ -38.78371, -7.6673771 ], [ -38.7907478, -7.6711497 ], [ -38.7924908, -7.6680967 ], [ -38.7993798, -7.6691801 ], [ -38.805573, -7.6674417 ], [ -38.8121916, -7.6687972 ], [ -38.8158262, -7.6640578 ], [ -38.8196899, -7.6648277 ], [ -38.8242413, -7.6783443 ], [ -38.8151043, -7.6879796 ], [ -38.8150239, -7.6973908 ], [ -38.8181611, -7.7021247 ], [ -38.817408199999988, -7.705859 ], [ -38.8219622, -7.7147944 ], [ -38.8306503, -7.7204012 ], [ -38.8461022, -7.720415 ], [ -38.851745, -7.7159374 ], [ -38.8555215, -7.7165747 ], [ -38.8577408, -7.7147083 ], [ -38.8644364, -7.7136421 ], [ -38.8666629, -7.7112798 ], [ -38.8697446, -7.7115417 ], [ -38.8730803, -7.7148665 ], [ -38.874161199999989, -7.719093 ], [ -38.8809128, -7.7249646 ], [ -38.87933, -7.733832 ], [ -38.8813975, -7.7474323 ], [ -38.8948106, -7.7504535 ], [ -38.8919111, -7.6110116 ], [ -38.896523, -7.6111921 ], [ -38.8999043, -7.6153513 ], [ -38.9034723, -7.6159325 ], [ -38.9087056, -7.6112158 ], [ -38.9122728, -7.611034 ], [ -38.9134648, -7.6076477 ], [ -38.9236711, -7.6091394 ], [ -38.9272404, -7.6137173 ], [ -38.930057, -7.6133169 ], [ -38.9284892, -7.6115157 ], [ -38.9293967, -7.6100319 ], [ -38.9307441, -7.6109566 ], [ -38.9335059, -7.6093146 ], [ -38.9357139, -7.6108175 ], [ -38.9358168, -7.6083137 ], [ -38.9414094, -7.6111347 ], [ -38.941285199999989, -7.6135998 ], [ -38.9448177, -7.6105248 ], [ -38.9450924, -7.6131839 ], [ -38.948836, -7.6140704 ], [ -38.9532379, -7.6089857 ], [ -38.958316, -7.6122362 ], [ -38.9599735, -7.6092053 ], [ -38.9614396, -7.6104386 ], [ -38.9625356, -7.6056407 ], [ -38.9681146, -7.6065586 ], [ -38.9780419, -7.6129249 ], [ -38.9792412, -7.6110017 ], [ -38.9842142, -7.6150976 ], [ -38.9853687, -7.6143479 ], [ -38.9877146, -7.6175072 ], [ -38.9893769, -7.6170213 ], [ -38.992938, -7.620327 ], [ -38.9992136, -7.6205804 ], [ -39.0054536, -7.6243116 ], [ -39.0140906, -7.6248062 ], [ -39.0126898, -7.6287026 ], [ -39.017075, -7.6320483 ], [ -39.0207165, -7.6315528 ], [ -39.0271612, -7.634273 ], [ -39.0312626, -7.6243013 ], [ -39.0306214, -7.6150498 ], [ -39.0318518, -7.6097577 ], [ -39.0299117, -7.5329789 ], [ -39.0884097, -7.4855764 ], [ -39.0983926, -7.4834797 ], [ -39.153497, -7.4509129 ], [ -39.1474466, -7.4538379 ], [ -39.1337933, -7.4543233 ], [ -39.1173769, -7.4614401 ], [ -39.1111311, -7.4605107 ], [ -39.0938921, -7.4639031 ], [ -39.0861482, -7.4585465 ], [ -39.0805746, -7.4572417 ], [ -39.0808918, -7.4503931 ], [ -39.0781807, -7.4448823 ], [ -39.0760669, -7.4310635 ], [ -39.0781998, -7.4220341 ], [ -38.9405205, -7.4279752 ], [ -38.8823563, -7.4570869 ] ] ] } },
{ "type": "Feature", "properties": { "CD_MUN": "2302701", "NM_MUN": "Campos Sales", "NM_UF": "Ceará", "NM_REGIAO": "Nordeste", "class_electre": 5, "class_label": "C5 (muito alto)", "Priorizacao": "Grupo 4", "class_mc_prob": 5, "ranking_pos": 31.0, "area_deg45_ha": 4800.0 }, "geometry": { "type": "Polygon", "coordinates": [ [ [ -40.3296326, -7.1288975 ], [ -40.4469213, -7.089293 ], [ -40.4440274, -7.0841966 ], [ -40.4409193, -7.0829429 ], [ -40.4410436, -7.0797754 ], [ -40.4593637, -7.0784977 ], [ -40.444259099999989, -7.0559322 ], [ -40.4432815, -7.0480955 ], [ -40.4265655, -7.031445 ], [ -40.4269411, -7.0294603 ], [ -40.4348921, -7.0228008 ], [ -40.4386846, -7.0164594 ], [ -40.4340662, -7.0152549 ], [ -40.4280135, -7.0184767 ], [ -40.4278513, -7.0153512 ], [ -40.4252965, -7.0157396 ], [ -40.4062495, -7.0053266 ], [ -40.4110731, -6.9990757 ], [ -40.4286547, -6.9961299 ], [ -40.4298702, -6.9933431 ], [ -40.4303741, -6.9757538 ], [ -40.4272844, -6.9663241 ], [ -40.4291212, -6.9485029 ], [ -40.4244739, -6.9372014 ], [ -40.4270332, -6.9180229 ], [ -40.4327058, -6.9085394 ], [ -40.433955, -6.9021429 ], [ -40.432913, -6.892717 ], [ -40.4289613, -6.88486 ], [ -40.430179, -6.8678162 ], [ -40.4285196, -6.8642545 ], [ -40.415834, -6.8593745 ], [ -40.4107554, -6.8555798 ], [ -40.4022192, -6.8399895 ], [ -40.3859674, -6.8287262 ], [ -40.3829029, -6.8209918 ], [ -40.3705774, -6.8079935 ], [ -40.370511, -6.8031578 ], [ -40.3639936, -6.8068296 ], [ -40.3564941, -6.8070403 ], [ -40.3523517, -6.8088255 ], [ -40.3508583, -6.7987967 ], [ -40.3485056, -6.7967711 ], [ -40.3429689, -6.802433 ], [ -40.3316226, -6.8043577 ], [ -40.3221126, -6.8025726 ], [ -40.31842, -6.8006316 ], [ -40.3139917, -6.788985 ], [ -40.3103681, -6.7861728 ], [ -40.3077586, -6.7861675 ], [ -40.3009428, -6.7995743 ], [ -40.3006196, -6.8068088 ], [ -40.2916159, -6.8080892 ], [ -40.2833966, -6.7951271 ], [ -40.2782912, -6.7944958 ], [ -40.2649552, -6.7966552 ], [ -40.2584472, -6.7862076 ], [ -40.251749, -6.7866299 ], [ -40.2420845, -6.7767853 ], [ -40.2120937, -6.776048 ], [ -40.2031268, -6.7742822 ], [ -40.1842596, -6.7597023 ], [ -40.180165, -6.7594011 ], [ -40.1693667, -6.7773791 ], [ -40.168392, -6.7918167 ], [ -40.1499154, -6.7844711 ], [ -40.1467857, -6.7855692 ], [ -40.1415023, -6.7915799 ], [ -40.1389972, -6.8019825 ], [ -40.1342985, -6.8010182 ], [ -40.1306091, -6.8035204 ], [ -40.1306535, -6.8052715 ], [ -40.1352376, -6.8075207 ], [ -40.1330362, -6.8106018 ], [ -40.1441702, -6.8159117 ], [ -40.1469975, -6.8305866 ], [ -40.0872855, -6.8466568 ], [ -40.0771628, -6.8566974 ], [ -40.0832928, -6.8600923 ], [ -40.0915836, -6.8603286 ], [ -40.1031896, -6.8721605 ], [ -40.1103707, -6.8753601 ], [ -40.1232408, -6.886644 ], [ -40.125545, -6.8869545 ], [ -40.0805491, -6.9154466 ], [ -40.0787383, -6.9155045 ], [ -40.0760883, -6.9124654 ], [ -40.0732393, -6.9153614 ], [ -40.0708897, -6.9154535 ], [ -40.0694455, -6.9134705 ], [ -40.064506, -6.9185996 ], [ -40.0569817, -6.9190292 ], [ -40.0602936, -6.9236254 ], [ -40.063308, -6.9249767 ], [ -40.0592093, -6.9330508 ], [ -40.0650552, -6.9392043 ], [ -40.0624629, -6.9418943 ], [ -40.0647263, -6.9442108 ], [ -40.0619119, -6.9485491 ], [ -40.0674217, -6.9571611 ], [ -40.0664545, -6.9650348 ], [ -40.0683389, -6.9649901 ], [ -40.0689432, -6.9689351 ], [ -40.071584, -6.9703362 ], [ -40.0749002, -6.9822104 ], [ -40.0804296, -6.981629 ], [ -40.0840736, -6.9849754 ], [ -40.087212, -6.9853711 ], [ -40.0924238, -6.98381 ], [ -40.0961045, -6.9877531 ], [ -40.0984725, -6.9983271 ], [ -40.0958868, -6.9991458 ], [ -40.0999091, -7.0019745 ], [ -40.1005589, -7.005328 ], [ -40.097417, -7.0072521 ], [ -40.0964041, -7.0098221 ], [ -40.1026048, -7.0103245 ], [ -40.1091731, -7.0167797 ], [ -40.1123001, -7.0163367 ], [ -40.116956, -7.0182425 ], [ -40.1206527, -7.0216819 ], [ -40.1203728, -7.0245559 ], [ -40.122924399999988, -7.0229514 ], [ -40.1204067, -7.0149227 ], [ -40.1247109, -7.011903 ], [ -40.1301869, -7.0024095 ], [ -40.133879, -7.0009636 ], [ -40.1425487, -7.0072205 ], [ -40.1481739, -7.0086223 ], [ -40.1559665, -7.0151107 ], [ -40.1676653, -7.0146348 ], [ -40.1771726, -7.0191172 ], [ -40.1810335, -7.0172582 ], [ -40.1843855, -7.0208967 ], [ -40.1929882, -7.0255368 ], [ -40.2131401, -7.0293568 ], [ -40.2208607, -7.0376665 ], [ -40.2297473, -7.0397035 ], [ -40.2326855, -7.0435471 ], [ -40.2395842, -7.0473909 ], [ -40.2421047, -7.0512703 ], [ -40.2478897, -7.0550666 ], [ -40.2515634, -7.0602254 ], [ -40.2481406, -7.0631961 ], [ -40.2520463, -7.0678788 ], [ -40.2806472, -7.0695793 ], [ -40.288049, -7.0719069 ], [ -40.2906208, -7.0751031 ], [ -40.2946854, -7.0767429 ], [ -40.3007489, -7.0779702 ], [ -40.3089166, -7.0757779 ], [ -40.314416, -7.0765919 ], [ -40.3239014, -7.0819712 ], [ -40.3219373, -7.0904765 ], [ -40.3257035, -7.0988054 ], [ -40.3202779, -7.1087041 ], [ -40.3247466, -7.116688 ], [ -40.3203481, -7.1281383 ], [ -40.3296326, -7.1288975 ] ] ] } },
{ "type": "Feature", "properties": { "CD_MUN": "2303956", "NM_MUN": "Chorozinho", "NM_UF": "Ceará", "NM_REGIAO": "Nordeste", "class_electre": 5, "class_label": "C5 (muito alto)", "Priorizacao": "Grupo 5", "class_mc_prob": 5, "ranking_pos": 11.0, "area_deg45_ha": 7800.0 }, "geometry": { "type": "Polygon", "coordinates": [ [ [ -38.533907, -4.368875 ], [ -38.5484115, -4.3230636 ], [ -38.5539364, -4.2833289 ], [ -38.5478204, -4.2715208 ], [ -38.5672293, -4.2500088 ], [ -38.570474, -4.2354845 ], [ -38.5680908, -4.2328549 ], [ -38.5647204, -4.2322939 ], [ -38.5527899, -4.2353047 ], [ -38.5407535, -4.231342 ], [ -38.5314559, -4.2325921 ], [ -38.5246938, -4.225892 ], [ -38.504462, -4.2314024 ], [ -38.4951402, -4.2313078 ], [ -38.4645896, -4.2454331 ], [ -38.4473606, -4.240266 ], [ -38.4443095, -4.2298435 ], [ -38.437443, -4.2316678 ], [ -38.4223195, -4.2290673 ], [ -38.4177288, -4.229911 ], [ -38.3800035, -4.2192322 ], [ -38.3842914, -4.23384 ], [ -38.359625, -4.2667286 ], [ -38.3625909, -4.2683854 ], [ -38.3645235, -4.2666206 ], [ -38.3897762, -4.2634902 ], [ -38.3853724, -4.3379279 ], [ -38.3835605, -4.3376392 ], [ -38.3799247, -4.3450156 ], [ -38.380428, -4.3509651 ], [ -38.3861576, -4.3497944 ], [ -38.3868246, -4.3517509 ], [ -38.3931015, -4.3527797 ], [ -38.3973284, -4.3510696 ], [ -38.4005518, -4.3571945 ], [ -38.4103941, -4.3600612 ], [ -38.4151324, -4.3602412 ], [ -38.4237196, -4.3561908 ], [ -38.4294377, -4.3569339 ], [ -38.4474702, -4.3714825 ], [ -38.4368197, -4.3838672 ], [ -38.4390857, -4.4065755 ], [ -38.4433967, -4.4090827 ], [ -38.4621668, -4.395916 ], [ -38.4687007, -4.3954585 ], [ -38.4716876, -4.3904608 ], [ -38.4861831, -4.3877087 ], [ -38.4874119, -4.390151 ], [ -38.4940945, -4.3887928 ], [ -38.5046837, -4.3792377 ], [ -38.5200217, -4.3769905 ], [ -38.533907, -4.368875 ] ] ] } },
{ "type": "Feature", "properties": { "CD_MUN": "2305209", "NM_MUN": "Hidrolândia", "NM_UF": "Ceará", "NM_REGIAO": "Nordeste", "class_electre": 5, "class_label": "C5 (muito alto)", "Priorizacao": "Grupo 3", "class_mc_prob": 5, "ranking_pos": 34.0, "area_deg45_ha": 225.0 }, "geometry": { "type": "Polygon", "coordinates": [ [ [ -40.3812886, -4.5488416 ], [ -40.4608693, -4.5283444 ], [ -40.509401, -4.5075023 ], [ -40.5878834, -4.5575772 ], [ -40.5936486, -4.5379127 ], [ -40.5989263, -4.5307679 ], [ -40.5902185, -4.5163793 ], [ -40.5891928, -4.5086065 ], [ -40.581857, -4.5058329 ], [ -40.5848436, -4.5004195 ], [ -40.5843456, -4.4915992 ], [ -40.5791104, -4.4871788 ], [ -40.5844414, -4.4812894 ], [ -40.5841726, -4.4718433 ], [ -40.5794782, -4.4697231 ], [ -40.5766063, -4.464537 ], [ -40.5658006, -4.4561019 ], [ -40.562859, -4.4488029 ], [ -40.5547169, -4.4400102 ], [ -40.5550116, -4.4327356 ], [ -40.5597652, -4.4315891 ], [ -40.5653245, -4.4194145 ], [ -40.5610681, -4.4085339 ], [ -40.5613585, -4.4011978 ], [ -40.5521617, -4.3978074 ], [ -40.5521891, -4.3937755 ], [ -40.5544682, -4.3892604 ], [ -40.5532007, -4.3842839 ], [ -40.5502006, -4.3832156 ], [ -40.5497762, -4.3783684 ], [ -40.5436912, -4.3696286 ], [ -40.5294621, -4.3612323 ], [ -40.522692, -4.3550859 ], [ -40.5218512, -4.3389087 ], [ -40.5172594, -4.3289543 ], [ -40.5122001, -4.3259734 ], [ -40.5075303, -4.3270595 ], [ -40.5007579, -4.3257091 ], [ -40.4956127, -4.3221821 ], [ -40.4929699, -4.3087694 ], [ -40.489006, -4.3010622 ], [ -40.478062699999988, -4.2923098 ], [ -40.4665246, -4.2712031 ], [ -40.4508063, -4.2602927 ], [ -40.3024343, -4.2686206 ], [ -40.3047449, -4.2712131 ], [ -40.3086966, -4.2716072 ], [ -40.3088737, -4.2776777 ], [ -40.3161745, -4.2815149 ], [ -40.3126435, -4.293685 ], [ -40.315905699999988, -4.3054964 ], [ -40.3207084, -4.3085601 ], [ -40.3226357, -4.3134115 ], [ -40.3213828, -4.322893 ], [ -40.3233876, -4.324255 ], [ -40.3235705, -4.3369018 ], [ -40.32569, -4.3425066 ], [ -40.3191472, -4.3465683 ], [ -40.3210521, -4.3521197 ], [ -40.319878, -4.3555543 ], [ -40.3117161, -4.3573902 ], [ -40.3133351, -4.3664614 ], [ -40.306078, -4.3745999 ], [ -40.3033461, -4.3836652 ], [ -40.3053895, -4.3872054 ], [ -40.2962803, -4.4028964 ], [ -40.2869372, -4.4114775 ], [ -40.2759834, -4.431535 ], [ -40.2676635, -4.4386597 ], [ -40.2602594, -4.4398846 ], [ -40.2570857, -4.443526 ], [ -40.255738, -4.45581 ], [ -40.25878, -4.4601681 ], [ -40.2589882, -4.4631623 ], [ -40.2560833, -4.4651715 ], [ -40.2540404, -4.4745575 ], [ -40.2461926, -4.4780579 ], [ -40.2443979, -4.486066 ], [ -40.2515179, -4.4905818 ], [ -40.2540708, -4.4868456 ], [ -40.2572936, -4.4884703 ], [ -40.2567756, -4.4933907 ], [ -40.266051, -4.5043908 ], [ -40.2678628, -4.508569 ], [ -40.264098, -4.5148057 ], [ -40.2566914, -4.5186422 ], [ -40.2535931, -4.5226524 ], [ -40.2484338, -4.5196612 ], [ -40.2461234, -4.5200112 ], [ -40.24063, -4.5292903 ], [ -40.2432146, -4.5345832 ], [ -40.2409845, -4.5370352 ], [ -40.2424788, -4.5410548 ], [ -40.2397588, -4.5489025 ], [ -40.2440444, -4.5512464 ], [ -40.2411622, -4.5517945 ], [ -40.2418832, -4.5562567 ], [ -40.2393497, -4.5591891 ], [ -40.2348102, -4.5589577 ], [ -40.2328356, -4.5572521 ], [ -40.2326021, -4.5618968 ], [ -40.2347577, -4.5666232 ], [ -40.2396512, -4.570445 ], [ -40.243449, -4.5768112 ], [ -40.2388574, -4.5786562 ], [ -40.24047, -4.5906194 ], [ -40.2358386, -4.5921078 ], [ -40.2475315, -4.6054558 ], [ -40.2501812, -4.6033195 ], [ -40.2521552, -4.6060952 ], [ -40.2547597, -4.6053078 ], [ -40.2657923, -4.6080552 ], [ -40.2677521, -4.6105506 ], [ -40.2713553, -4.6104688 ], [ -40.2763634, -4.6072778 ], [ -40.281821, -4.6084214 ], [ -40.2841165, -4.6055183 ], [ -40.2894403, -4.6045104 ], [ -40.2944351, -4.5994939 ], [ -40.2957057, -4.5968884 ], [ -40.293471, -4.5888258 ], [ -40.3002524, -4.5854934 ], [ -40.300487, -4.5786978 ], [ -40.3034186, -4.5790959 ], [ -40.3098748, -4.5837382 ], [ -40.3137602, -4.5826762 ], [ -40.3221096, -4.5765792 ], [ -40.3271899, -4.5789352 ], [ -40.3271675, -4.5818321 ], [ -40.3288763, -4.5821827 ], [ -40.3411806, -4.5793363 ], [ -40.3489872, -4.5800352 ], [ -40.3598329, -4.5727851 ], [ -40.364225, -4.5624755 ], [ -40.3741412, -4.5532723 ], [ -40.3783869, -4.5531181 ], [ -40.3812886, -4.5488416 ] ] ] } },
{ "type": "Feature", "properties": { "CD_MUN": "2305332", "NM_MUN": "Ibicuitinga", "NM_UF": "Ceará", "NM_REGIAO": "Nordeste", "class_electre": 5, "class_label": "C5 (muito alto)", "Priorizacao": "Grupo 5", "class_mc_prob": 5, "ranking_pos": 13.0, "area_deg45_ha": 10775.0 }, "geometry": { "type": "Polygon", "coordinates": [ [ [ -38.4858264, -5.0878388 ], [ -38.6251214, -5.0666064 ], [ -38.6263823, -5.0588325 ], [ -38.630115, -5.0579104 ], [ -38.6308691, -5.0545231 ], [ -38.6325105, -5.0553407 ], [ -38.6358503, -5.0520928 ], [ -38.6436451, -5.0531068 ], [ -38.6510535, -5.0490224 ], [ -38.6548939, -5.0489352 ], [ -38.6583414, -5.0453388 ], [ -38.6606038, -5.0475188 ], [ -38.6632021, -5.0454972 ], [ -38.6668904, -5.0469802 ], [ -38.6691655, -5.0516793 ], [ -38.6729425, -5.0525871 ], [ -38.6790225, -5.0576367 ], [ -38.6859037, -5.054908 ], [ -38.6823733, -5.0511655 ], [ -38.6836516, -5.0485684 ], [ -38.6767077, -5.0282588 ], [ -38.6768579, -5.0180997 ], [ -38.6789576, -5.015243 ], [ -38.6771306, -5.010252 ], [ -38.6774553, -5.004817 ], [ -38.6710907, -4.9988579 ], [ -38.661254, -4.9968203 ], [ -38.660134, -4.9902648 ], [ -38.6536938, -4.9826904 ], [ -38.6473813, -4.9799183 ], [ -38.6465936, -4.9664721 ], [ -38.641774, -4.9613036 ], [ -38.6460497, -4.9575514 ], [ -38.6450999, -4.9508061 ], [ -38.6486961, -4.9387862 ], [ -38.6343258, -4.9289439 ], [ -38.6278293, -4.9222478 ], [ -38.6255211, -4.9128191 ], [ -38.6318348, -4.9113616 ], [ -38.6305241, -4.9086842 ], [ -38.6324021, -4.90686 ], [ -38.6313404, -4.9024776 ], [ -38.6164821, -4.8939484 ], [ -38.6089132, -4.8862872 ], [ -38.5924443, -4.8739809 ], [ -38.5614264, -4.8785466 ], [ -38.5585298, -4.8777599 ], [ -38.5469464, -4.883739 ], [ -38.5445906, -4.8828458 ], [ -38.5424291, -4.8843067 ], [ -38.5336174, -4.8847374 ], [ -38.5283601, -4.8826529 ], [ -38.5215213, -4.8856893 ], [ -38.517879, -4.8901806 ], [ -38.5131521, -4.888759 ], [ -38.5110545, -4.8896251 ], [ -38.5060714, -4.8879355 ], [ -38.5050527, -4.8860424 ], [ -38.4958548, -4.8843586 ], [ -38.4910705, -4.8802501 ], [ -38.4853068, -4.8813213 ], [ -38.4806937, -4.8797081 ], [ -38.4750387, -4.8829215 ], [ -38.4728307, -4.8800969 ], [ -38.4693494, -4.880525 ], [ -38.4671223, -4.8829616 ], [ -38.4636331, -4.8820568 ], [ -38.4624735, -4.8737025 ], [ -38.453953, -4.8757825 ], [ -38.4508924, -4.8798026 ], [ -38.4380956, -4.8755498 ], [ -38.4209373, -4.9036409 ], [ -38.4212765, -4.9080916 ], [ -38.4174501, -4.9211058 ], [ -38.4071621, -4.9444346 ], [ -38.403676, -4.946427 ], [ -38.4042015, -4.9479813 ], [ -38.4142569, -4.9465815 ], [ -38.4175504, -4.9361175 ], [ -38.4245652, -4.930665 ], [ -38.5075403, -4.956737 ], [ -38.5084574, -4.9619724 ], [ -38.4971922, -4.9633469 ], [ -38.5027619, -4.9682582 ], [ -38.4988799, -4.9732816 ], [ -38.5054264, -4.9833709 ], [ -38.4959554, -4.9977711 ], [ -38.4962427, -5.0044013 ], [ -38.4935691, -5.0050276 ], [ -38.4945173, -5.0057718 ], [ -38.4911184, -5.0106504 ], [ -38.4873062, -5.0099623 ], [ -38.4853405, -5.0056001 ], [ -38.4805747, -5.0073211 ], [ -38.4794686, -5.0102239 ], [ -38.4804172, -5.0179257 ], [ -38.4790403, -5.0198229 ], [ -38.4827685, -5.0270609 ], [ -38.4852024, -5.0280941 ], [ -38.4858487, -5.0333215 ], [ -38.4834999, -5.0358758 ], [ -38.4894663, -5.0402731 ], [ -38.4917844, -5.0468782 ], [ -38.4966089, -5.048279 ], [ -38.4941795, -5.052757 ], [ -38.4951718, -5.0539124 ], [ -38.49621, -5.0526175 ], [ -38.4963399, -5.0552465 ], [ -38.4988707, -5.0560947 ], [ -38.495710699999989, -5.0609119 ], [ -38.4952597, -5.0653889 ], [ -38.4975851, -5.0678814 ], [ -38.4962545, -5.071508 ], [ -38.4929417, -5.0726932 ], [ -38.4929036, -5.0756207 ], [ -38.4903121, -5.0777519 ], [ -38.4918408, -5.0802573 ], [ -38.4886467, -5.0822084 ], [ -38.4883012, -5.0862022 ], [ -38.4858264, -5.0878388 ] ] ] } },
{ "type": "Feature", "properties": { "CD_MUN": "2305357", "NM_MUN": "Icapuí", "NM_UF": "Ceará", "NM_REGIAO": "Nordeste", "class_electre": 5, "class_label": "C5 (muito alto)", "Priorizacao": "Grupo 5", "class_mc_prob": 5, "ranking_pos": 12.0, "area_deg45_ha": 11125.0 }, "geometry": { "type": "Polygon", "coordinates": [ [ [ -37.3568981, -4.8580565 ], [ -37.3557194, -4.7942275 ], [ -37.3583355, -4.7926168 ], [ -37.3581609, -4.7906687 ], [ -37.36088, -4.7903156 ], [ -37.3622918, -4.7870228 ], [ -37.3654926, -4.7850228 ], [ -37.3745783, -4.7828869 ], [ -37.3828036, -4.7782317 ], [ -37.3991482, -4.7759027 ], [ -37.4016532, -4.7721718 ], [ -37.411665, -4.7806242 ], [ -37.4167235, -4.7823563 ], [ -37.4205559, -4.7817415 ], [ -37.4221958, -4.7773458 ], [ -37.434126, -4.7817941 ], [ -37.4456178, -4.780616 ], [ -37.4504987, -4.7833795 ], [ -37.4647366, -4.7811752 ], [ -37.504005, -4.7918785 ], [ -37.5276726, -4.7551441 ], [ -37.5572171, -4.7225141 ], [ -37.5402159, -4.6603353 ], [ -37.5435473, -4.6540501 ], [ -37.5399065, -4.6501018 ], [ -37.5404098, -4.6446928 ], [ -37.5368762, -4.6441091 ], [ -37.5356904, -4.6415874 ], [ -37.5269009, -4.6426166 ], [ -37.5207375, -4.6411801 ], [ -37.5086185, -4.6291756 ], [ -37.4978126, -4.6269612 ], [ -37.4918354, -4.6313331 ], [ -37.47856, -4.6463392 ], [ -37.4713223, -4.6508377 ], [ -37.4619713, -4.6516462 ], [ -37.4444302, -4.66035 ], [ -37.4313804, -4.6641726 ], [ -37.4075504, -4.6751417 ], [ -37.3712188, -4.6824223 ], [ -37.3534397, -4.6911933 ], [ -37.3502875, -4.6907123 ], [ -37.3497105, -4.6926729 ], [ -37.3445691, -4.6903844 ], [ -37.3300078, -4.6970597 ], [ -37.2950338, -4.7302004 ], [ -37.2860853, -4.7432444 ], [ -37.2804374, -4.7544823 ], [ -37.2622072, -4.8110096 ], [ -37.2526586, -4.8313903 ], [ -37.3568981, -4.8580565 ] ] ] } },
{ "type": "Feature", "properties": { "CD_MUN": "2305506", "NM_MUN": "Iguatu", "NM_UF": "Ceará", "NM_REGIAO": "Nordeste", "class_electre": 5, "class_label": "C5 (muito alto)", "Priorizacao": "Grupo 5", "class_mc_prob": 5, "ranking_pos": 7.0, "area_deg45_ha": 30825.0 }, "geometry": { "type": "Polygon", "coordinates": [ [ [ -39.1671478, -6.4474877 ], [ -39.1672218, -6.4498831 ], [ -39.1757506, -6.4492732 ], [ -39.1839427, -6.4526907 ], [ -39.191835, -6.4598134 ], [ -39.205138, -6.4632005 ], [ -39.2064464, -6.4651296 ], [ -39.2053072, -6.4702718 ], [ -39.2061686, -6.4759723 ], [ -39.2103402, -6.4859557 ], [ -39.2171387, -6.4899856 ], [ -39.2310328, -6.4924192 ], [ -39.2270529, -6.5022479 ], [ -39.2253399, -6.5159027 ], [ -39.2275255, -6.5189593 ], [ -39.2323098, -6.5198653 ], [ -39.2355314, -6.5234606 ], [ -39.2467484, -6.522518 ], [ -39.2510891, -6.5264663 ], [ -39.2567826, -6.5224162 ], [ -39.2777778, -6.5278635 ], [ -39.285837799999989, -6.5248068 ], [ -39.3022567, -6.5290281 ], [ -39.3188675, -6.530145 ], [ -39.3328112, -6.5342266 ], [ -39.3420047, -6.5347134 ], [ -39.34531, -6.5244738 ], [ -39.3442892, -6.5224075 ], [ -39.3485614, -6.5201883 ], [ -39.3587621, -6.5088175 ], [ -39.3545236, -6.5047083 ], [ -39.352783, -6.5001187 ], [ -39.3548122, -6.4944879 ], [ -39.3523461, -6.4922553 ], [ -39.3559755, -6.486949 ], [ -39.3480752, -6.4852674 ], [ -39.351183, -6.4778756 ], [ -39.3514356, -6.4690257 ], [ -39.3559036, -6.4657063 ], [ -39.3750026, -6.4748336 ], [ -39.3763955, -6.4714276 ], [ -39.384282899999988, -6.4706501 ], [ -39.3859197, -6.464494 ], [ -39.3980959, -6.4659042 ], [ -39.4072984, -6.4417868 ], [ -39.4078921, -6.4087309 ], [ -39.413100799999988, -6.4089099 ], [ -39.4148179, -6.3912376 ], [ -39.4168545, -6.3904272 ], [ -39.42737, -6.3925474 ], [ -39.4340708, -6.3982059 ], [ -39.4412095, -6.394867 ], [ -39.4502064, -6.3946139 ], [ -39.451841099999989, -6.3901546 ], [ -39.4639588, -6.3811558 ], [ -39.464247, -6.37716 ], [ -39.4732116, -6.3743594 ], [ -39.4685169, -6.3570109 ], [ -39.4640497, -6.3561366 ], [ -39.462718, -6.3516071 ], [ -39.4647481, -6.3505426 ], [ -39.4647603, -6.3482306 ], [ -39.4625979, -6.3457625 ], [ -39.4641955, -6.3425443 ], [ -39.4597548, -6.3336688 ], [ -39.4583689, -6.32703 ], [ -39.4638612, -6.2803854 ], [ -39.4146335, -6.2591705 ], [ -39.4148689, -6.2544074 ], [ -39.4175821, -6.2525264 ], [ -39.4170626, -6.2457156 ], [ -39.4125346, -6.2430773 ], [ -39.4114599, -6.2397252 ], [ -39.406396099999988, -6.2341633 ], [ -39.3906233, -6.2219668 ], [ -39.3870941, -6.2220141 ], [ -39.3847692, -6.2193781 ], [ -39.3810528, -6.2206979 ], [ -39.3806338, -6.2192005 ], [ -39.3749392, -6.2167475 ], [ -39.373504, -6.2166791 ], [ -39.3726625, -6.2189844 ], [ -39.3690652, -6.216269 ], [ -39.3672292, -6.2211912 ], [ -39.3612393, -6.2215802 ], [ -39.3567744, -6.2257183 ], [ -39.3077218, -6.1745663 ], [ -39.3038369, -6.1761416 ], [ -39.2965848, -6.1754908 ], [ -39.2804762, -6.1707856 ], [ -39.2750213, -6.1737077 ], [ -39.2728155, -6.1814613 ], [ -39.2773901, -6.1875896 ], [ -39.2758648, -6.1938196 ], [ -39.2794484, -6.1981825 ], [ -39.2767504, -6.20376 ], [ -39.2794469, -6.2064729 ], [ -39.2806431, -6.2112282 ], [ -39.2658261, -6.2231031 ], [ -39.2653362, -6.2273531 ], [ -39.2706942, -6.235487 ], [ -39.2717078, -6.2401841 ], [ -39.2783061, -6.2451674 ], [ -39.2882971, -6.2489919 ], [ -39.304384, -6.2701909 ], [ -39.2861094, -6.2785963 ], [ -39.2787247, -6.2792038 ], [ -39.2567135, -6.2716297 ], [ -39.2491905, -6.272634 ], [ -39.241415499999988, -6.2758282 ], [ -39.2258985, -6.2710844 ], [ -39.2175574, -6.2705115 ], [ -39.2166198, -6.2905693 ], [ -39.2060352, -6.2909924 ], [ -39.191649399999989, -6.2974722 ], [ -39.1828948, -6.2984806 ], [ -39.1630903, -6.3046624 ], [ -39.1467263, -6.297774 ], [ -39.134668, -6.2890171 ], [ -39.1147841, -6.2616716 ], [ -39.0971014, -6.2422129 ], [ -39.0899646, -6.2385957 ], [ -39.0783695, -6.2358357 ], [ -39.0715254, -6.235113 ], [ -39.0660845, -6.2369519 ], [ -39.0637689, -6.2404251 ], [ -39.0614713, -6.2514843 ], [ -39.0563409, -6.2588205 ], [ -39.052828, -6.2961578 ], [ -39.0598337, -6.303565 ], [ -39.0716054, -6.3113216 ], [ -39.0824157, -6.333259 ], [ -39.0939956, -6.334822 ], [ -39.1011912, -6.3457032 ], [ -39.1019185, -6.3567566 ], [ -39.1094718, -6.3634429 ], [ -39.1189707, -6.3837557 ], [ -39.1299243, -6.3893383 ], [ -39.1293902, -6.4086288 ], [ -39.138411, -6.4132216 ], [ -39.1363319, -6.4169814 ], [ -39.1305247, -6.4198963 ], [ -39.1304201, -6.4260179 ], [ -39.1362223, -6.4298025 ], [ -39.1401925, -6.4373369 ], [ -39.1448865, -6.44159 ], [ -39.157527, -6.4463102 ], [ -39.1671478, -6.4474877 ] ] ] } },
{ "type": "Feature", "properties": { "CD_MUN": "2305704", "NM_MUN": "Ipaumirim", "NM_UF": "Ceará", "NM_REGIAO": "Nordeste", "class_electre": 5, "class_label": "C5 (muito alto)", "Priorizacao": "Grupo 4", "class_mc_prob": 5, "ranking_pos": 25.0, "area_deg45_ha": 4925.0 }, "geometry": { "type": "Polygon", "coordinates": [ [ [ -38.7198325, -6.7675037 ], [ -38.6974703, -6.7634942 ], [ -38.6957854, -6.7667936 ], [ -38.6876542, -6.7673421 ], [ -38.6836639, -6.7638803 ], [ -38.6830996, -6.7578626 ], [ -38.681015, -6.7550921 ], [ -38.674899, -6.7582706 ], [ -38.6692302, -6.7590709 ], [ -38.6524658, -6.7568807 ], [ -38.6526802, -6.7597641 ], [ -38.6506098, -6.761858 ], [ -38.6402689, -6.7639897 ], [ -38.6387698, -6.7689502 ], [ -38.6346054, -6.7699124 ], [ -38.6290247, -6.7777091 ], [ -38.6136847, -6.783031 ], [ -38.6182092, -6.7941425 ], [ -38.6268961, -6.7908499 ], [ -38.638515, -6.791884 ], [ -38.6375285, -6.7981968 ], [ -38.6355555, -6.8006458 ], [ -38.6363502, -6.8047273 ], [ -38.6407895, -6.8038294 ], [ -38.6428721, -6.8072307 ], [ -38.6469004, -6.8071762 ], [ -38.6478668, -6.8104188 ], [ -38.6518704, -6.8117122 ], [ -38.6678906, -6.8280145 ], [ -38.672935, -6.8361431 ], [ -38.668883, -6.8429579 ], [ -38.6772011, -6.8543296 ], [ -38.6754169, -6.8618294 ], [ -38.6795295, -6.864794 ], [ -38.6866911, -6.8657917 ], [ -38.6948153, -6.8745632 ], [ -38.702417, -6.8768748 ], [ -38.7091308, -6.8744256 ], [ -38.714161, -6.8767837 ], [ -38.7158509, -6.8792808 ], [ -38.7139091, -6.8825441 ], [ -38.7140128, -6.8861467 ], [ -38.7242614, -6.8886863 ], [ -38.7297375, -6.8872736 ], [ -38.7324201, -6.8892283 ], [ -38.7298416, -6.8945712 ], [ -38.7302886, -6.8968135 ], [ -38.7562792, -6.9035917 ], [ -38.7651772, -6.9109368 ], [ -38.7682168, -6.90755 ], [ -38.775003, -6.9057332 ], [ -38.7786476, -6.9072483 ], [ -38.7846808, -6.9049588 ], [ -38.783203, -6.8967053 ], [ -38.7861419, -6.8946932 ], [ -38.783728, -6.8883563 ], [ -38.7757589, -6.8845714 ], [ -38.773593, -6.8766434 ], [ -38.7741879, -6.8684498 ], [ -38.779458, -6.8674075 ], [ -38.7859804, -6.8631408 ], [ -38.812886, -6.8648662 ], [ -38.8162184, -6.8633849 ], [ -38.8196712, -6.8567299 ], [ -38.8344931, -6.8574174 ], [ -38.8475102, -6.8602483 ], [ -38.8560104, -6.859032 ], [ -38.8354645, -6.8476236 ], [ -38.8235663, -6.8486755 ], [ -38.8110251, -6.8466351 ], [ -38.8097658, -6.8449367 ], [ -38.8095935, -6.8389508 ], [ -38.8153404, -6.8257938 ], [ -38.8135931, -6.8201711 ], [ -38.8153442, -6.8109476 ], [ -38.8185973, -6.807296 ], [ -38.8168488, -6.8002295 ], [ -38.8201481, -6.7913068 ], [ -38.8222502, -6.7777903 ], [ -38.7956479, -6.7688459 ], [ -38.8288832, -6.7446623 ], [ -38.827982, -6.7365314 ], [ -38.839105, -6.7262949 ], [ -38.8469195, -6.7217375 ], [ -38.8481337, -6.7162478 ], [ -38.8465922, -6.7092104 ], [ -38.8433832, -6.7083264 ], [ -38.8362302, -6.7098474 ], [ -38.8229552, -6.7168124 ], [ -38.8024945, -6.7242559 ], [ -38.7964712, -6.7245334 ], [ -38.7883107, -6.7186308 ], [ -38.7791722, -6.7216314 ], [ -38.7774512, -6.7185054 ], [ -38.7745459, -6.717586 ], [ -38.7725281, -6.7251808 ], [ -38.7739159, -6.7268568 ], [ -38.7708006, -6.7283704 ], [ -38.769267, -6.7313615 ], [ -38.7651965, -6.7323289 ], [ -38.7622375, -6.7369826 ], [ -38.7594963, -6.7367539 ], [ -38.7592102, -6.74397 ], [ -38.7552038, -6.7458085 ], [ -38.751717899999989, -6.7504739 ], [ -38.7517767, -6.752616 ], [ -38.7484764, -6.755603 ], [ -38.7342182, -6.756414 ], [ -38.7329095, -6.7590412 ], [ -38.7260822, -6.7613758 ], [ -38.7198325, -6.7675037 ] ] ] } },
{ "type": "Feature", "properties": { "CD_MUN": "2306702", "NM_MUN": "Jaguaretama", "NM_UF": "Ceará", "NM_REGIAO": "Nordeste", "class_electre": 5, "class_label": "C5 (muito alto)", "Priorizacao": "Grupo 4", "class_mc_prob": 5, "ranking_pos": 24.0, "area_deg45_ha": 33525.0 }, "geometry": { "type": "Polygon", "coordinates": [ [ [ -38.80487, -5.7867357 ], [ -38.8808267, -5.6556751 ], [ -38.9091849, -5.5952724 ], [ -38.9037046, -5.4712421 ], [ -38.9091434, -5.4622293 ], [ -38.9078581, -5.4581522 ], [ -38.9110477, -5.4555096 ], [ -38.9090497, -5.4514483 ], [ -38.9067991, -5.4518126 ], [ -38.907175, -5.4492597 ], [ -38.9100343, -5.4468899 ], [ -38.910831, -5.4376816 ], [ -38.9164322, -5.4321967 ], [ -38.9205436, -5.435235 ], [ -38.922935, -5.4338395 ], [ -38.9214633, -5.4295901 ], [ -38.9219578, -5.4236385 ], [ -38.919986, -5.4192127 ], [ -38.9218205, -5.4174805 ], [ -38.9221308, -5.4118301 ], [ -38.9258283, -5.4112886 ], [ -38.9255985, -5.4074882 ], [ -38.9217383, -5.4034701 ], [ -38.9210771, -5.4000088 ], [ -38.9243744, -5.3794782 ], [ -38.9228824, -5.3642101 ], [ -38.924298799999988, -5.3552886 ], [ -38.9229843, -5.3291801 ], [ -38.9183533, -5.3276838 ], [ -38.9184404, -5.3236312 ], [ -38.9161901, -5.3207227 ], [ -38.9062568, -5.3161167 ], [ -38.8988923, -5.310338 ], [ -38.8833515, -5.3101423 ], [ -38.8775492, -5.3080528 ], [ -38.8687241, -5.3021134 ], [ -38.8596371, -5.2937474 ], [ -38.8581186, -5.2905277 ], [ -38.8487766, -5.2884775 ], [ -38.8443783, -5.2831582 ], [ -38.8412769, -5.2724791 ], [ -38.8277493, -5.2536352 ], [ -38.827488, -5.2485877 ], [ -38.8218737, -5.2423705 ], [ -38.8159459, -5.230293 ], [ -38.809272199999988, -5.2214334 ], [ -38.8007997, -5.2200948 ], [ -38.7961038, -5.215194 ], [ -38.7833102, -5.2130953 ], [ -38.7755925, -5.2043591 ], [ -38.7638357, -5.1998549 ], [ -38.7575828, -5.2017121 ], [ -38.7520028, -5.199623 ], [ -38.7469678, -5.2005844 ], [ -38.7376391, -5.1994092 ], [ -38.7352136, -5.1975442 ], [ -38.7306466, -5.1999463 ], [ -38.7229655, -5.1983558 ], [ -38.712808, -5.202335 ], [ -38.7082144, -5.2009538 ], [ -38.6917041, -5.2272656 ], [ -38.7152501, -5.268343 ], [ -38.5987031, -5.3666704 ], [ -38.5424496, -5.4219855 ], [ -38.5171456, -5.4425901 ], [ -38.5295248, -5.4471363 ], [ -38.5520068, -5.4692962 ], [ -38.529264, -5.4902736 ], [ -38.5346268, -5.494206 ], [ -38.5451836, -5.4963993 ], [ -38.5555739, -5.5052663 ], [ -38.5628446, -5.5081507 ], [ -38.56656, -5.5132408 ], [ -38.5690463, -5.5210438 ], [ -38.5680876, -5.5307766 ], [ -38.5601844, -5.565556 ], [ -38.5826727, -5.5698297 ], [ -38.5982316, -5.585515 ], [ -38.5992304, -5.5922713 ], [ -38.6083183, -5.6046518 ], [ -38.6112033, -5.6132463 ], [ -38.6131791, -5.6240184 ], [ -38.6163293, -5.6293071 ], [ -38.6142471, -5.6347928 ], [ -38.6145832, -5.6397696 ], [ -38.6214122, -5.6569164 ], [ -38.6298553, -5.6616789 ], [ -38.6362943, -5.6618146 ], [ -38.6425282, -5.6652113 ], [ -38.6432189, -5.668784 ], [ -38.6472909, -5.6717933 ], [ -38.6539249, -5.6806967 ], [ -38.6553929, -5.688282 ], [ -38.6642115, -5.6955275 ], [ -38.6663616, -5.7065777 ], [ -38.6649668, -5.711711 ], [ -38.6728469, -5.7261319 ], [ -38.6745816, -5.7432389 ], [ -38.6762403, -5.7456531 ], [ -38.6932446, -5.752374 ], [ -38.6937553, -5.7581037 ], [ -38.698049, -5.761602 ], [ -38.7019977, -5.7620185 ], [ -38.7054462, -5.7594398 ], [ -38.7189598, -5.759828 ], [ -38.7331972, -5.7648089 ], [ -38.7442018, -5.7651101 ], [ -38.7474385, -5.7681902 ], [ -38.7520873, -5.7665408 ], [ -38.7589926, -5.7690898 ], [ -38.7646213, -5.7744208 ], [ -38.7624019, -5.7813191 ], [ -38.7640128, -5.7867022 ], [ -38.7673585, -5.7866737 ], [ -38.7714066, -5.7837504 ], [ -38.7830935, -5.7842774 ], [ -38.791917, -5.7869181 ], [ -38.80487, -5.7867357 ] ] ] } },
{ "type": "Feature", "properties": { "CD_MUN": "2307007", "NM_MUN": "Jaguaruana", "NM_UF": "Ceará", "NM_REGIAO": "Nordeste", "class_electre": 5, "class_label": "C5 (muito alto)", "Priorizacao": "Grupo 5", "class_mc_prob": 5, "ranking_pos": 4.0, "area_deg45_ha": 30250.0 }, "geometry": { "type": "Polygon", "coordinates": [ [ [ -37.6770622, -5.052279 ], [ -37.8196935, -4.9842893 ], [ -37.8744759, -4.9394745 ], [ -37.8721301, -4.9240317 ], [ -37.8866515, -4.9053728 ], [ -37.883542, -4.8533292 ], [ -37.886401899999989, -4.8490862 ], [ -37.8897504, -4.8473804 ], [ -37.9004355, -4.8208553 ], [ -37.9337665, -4.7636224 ], [ -37.8300869, -4.763207 ], [ -37.8258396, -4.7525861 ], [ -37.8266274, -4.7488322 ], [ -37.8251491, -4.742014 ], [ -37.7885724, -4.7295893 ], [ -37.7929133, -4.7385443 ], [ -37.7932613, -4.7444849 ], [ -37.7887298, -4.756712 ], [ -37.6162718, -4.7180139 ], [ -37.6115132, -4.7682183 ], [ -37.58869, -4.8082817 ], [ -37.6403381, -4.9264044 ], [ -37.6602658, -4.99791 ], [ -37.6770622, -5.052279 ] ] ] } },
{ "type": "Feature", "properties": { "CD_MUN": "2307601", "NM_MUN": "Limoeiro do Norte", "NM_UF": "Ceará", "NM_REGIAO": "Nordeste", "class_electre": 5, "class_label": "C5 (muito alto)", "Priorizacao": "Grupo 5", "class_mc_prob": 5, "ranking_pos": 5.0, "area_deg45_ha": 24775.0 }, "geometry": { "type": "Polygon", "coordinates": [ [ [ -38.0955197, -5.1916797 ], [ -38.0993666, -5.1944287 ], [ -38.1107757, -5.1978074 ], [ -38.1148555, -5.2016275 ], [ -38.1179998, -5.2086847 ], [ -38.1210334, -5.2095625 ], [ -38.1231305, -5.2079499 ], [ -38.1256784, -5.2083124 ], [ -38.1343839, -5.2133989 ], [ -38.2081667, -5.1936676 ], [ -38.2320375, -5.1623507 ], [ -38.2381634, -5.1686947 ], [ -38.2340891, -5.1826648 ], [ -38.2291661, -5.1861847 ], [ -38.22445, -5.1928095 ], [ -38.2243729, -5.1985933 ], [ -38.2333613, -5.2169793 ], [ -38.2380566, -5.2109101 ], [ -38.2370342, -5.1972226 ], [ -38.2381239, -5.1893452 ], [ -38.248533, -5.1812456 ], [ -38.2461811, -5.1740881 ], [ -38.2485001, -5.1687387 ], [ -38.2427803, -5.163284 ], [ -38.2441257, -5.1610762 ], [ -38.2399974, -5.1370371 ], [ -38.2141558, -5.0456964 ], [ -38.2133382, -4.9742023 ], [ -38.196938, -4.9748597 ], [ -38.1955618, -4.978122 ], [ -38.1927703, -4.9751358 ], [ -38.1882171, -4.975358 ], [ -38.1499191, -5.0082917 ], [ -38.1565016, -5.0121079 ], [ -38.1419062, -5.0322781 ], [ -38.1210416, -5.0313649 ], [ -38.1000693, -5.0533754 ], [ -38.0755125, -5.0751762 ], [ -38.0458027, -5.0879286 ], [ -38.0471296, -5.0859511 ], [ -38.0465688, -5.0823145 ], [ -38.0437796, -5.0789105 ], [ -38.0029092, -5.0810328 ], [ -37.9964879, -5.0846858 ], [ -37.9697619, -5.1025262 ], [ -37.9624746, -5.1102954 ], [ -37.9558933, -5.1211453 ], [ -37.9569435, -5.1257779 ], [ -37.9516659, -5.1379553 ], [ -37.9415627, -5.144615 ], [ -37.9383929, -5.1484187 ], [ -37.9354158, -5.1530565 ], [ -37.9344801, -5.1588272 ], [ -37.9270027, -5.1655028 ], [ -37.9261687, -5.1733487 ], [ -37.8728699, -5.2026694 ], [ -37.8238433, -5.227215 ], [ -37.7853045, -5.2420307 ], [ -37.7847985, -5.2402094 ], [ -37.7857076, -5.2451751 ], [ -37.7904583, -5.2549562 ], [ -37.791859, -5.2687714 ], [ -37.7889844, -5.2784086 ], [ -37.7826057, -5.286737 ], [ -37.7831099, -5.2948155 ], [ -37.7868884, -5.297186 ], [ -37.9302104, -5.2971669 ], [ -37.9325576, -5.2902021 ], [ -37.9483124, -5.2759851 ], [ -37.9546617, -5.2725134 ], [ -37.9675463, -5.2544044 ], [ -37.9770978, -5.2528287 ], [ -37.9813885, -5.2475801 ], [ -37.9953642, -5.2446714 ], [ -37.9955487, -5.2424337 ], [ -38.0040921, -5.2384076 ], [ -38.0238526, -5.2192632 ], [ -38.0333933, -5.2168817 ], [ -38.0353333, -5.2122096 ], [ -38.046326, -5.2051326 ], [ -38.050867, -5.1996365 ], [ -38.0537202, -5.1992937 ], [ -38.0540524, -5.1936222 ], [ -38.0684699, -5.1841259 ], [ -38.0673205, -5.1831947 ], [ -38.0697406, -5.1811101 ], [ -38.0726998, -5.1816769 ], [ -38.0743973, -5.1857633 ], [ -38.0870793, -5.1918083 ], [ -38.0955197, -5.1916797 ] ] ] } },
{ "type": "Feature", "properties": { "CD_MUN": "2308104", "NM_MUN": "Mauriti", "NM_UF": "Ceará", "NM_REGIAO": "Nordeste", "class_electre": 5, "class_label": "C5 (muito alto)", "Priorizacao": "Grupo 5", "class_mc_prob": 5, "ranking_pos": 8.0, "area_deg45_ha": 30575.0 }, "geometry": { "type": "Polygon", "coordinates": [ [ [ -38.775862499999988, -7.6042277 ], [ -38.8823563, -7.4570869 ], [ -38.860262, -7.3544669 ], [ -38.7830141, -7.2268077 ], [ -38.7735144, -7.2358413 ], [ -38.7670554, -7.2365644 ], [ -38.7626158, -7.2349492 ], [ -38.7571964, -7.2379541 ], [ -38.738407, -7.2376035 ], [ -38.6725453, -7.231994 ], [ -38.6618971, -7.2269991 ], [ -38.6582189, -7.2229995 ], [ -38.6499386, -7.2235124 ], [ -38.6462327, -7.219146 ], [ -38.6408572, -7.2221684 ], [ -38.6199955, -7.2200908 ], [ -38.6163706, -7.2252009 ], [ -38.615368, -7.2301858 ], [ -38.6054246, -7.236875 ], [ -38.6006443, -7.2347684 ], [ -38.598157, -7.2387419 ], [ -38.5976633, -7.2441884 ], [ -38.592774, -7.2476141 ], [ -38.5830835, -7.2483827 ], [ -38.5588783, -7.2394171 ], [ -38.554828799999989, -7.2404888 ], [ -38.5519621, -7.2434785 ], [ -38.5549089, -7.2555394 ], [ -38.5538291, -7.2599962 ], [ -38.5490784, -7.2659087 ], [ -38.5421454, -7.2659016 ], [ -38.5426311, -7.2783913 ], [ -38.5362869, -7.2864641 ], [ -38.5345869, -7.293793 ], [ -38.5355121, -7.2973977 ], [ -38.5382647, -7.2993889 ], [ -38.5401103, -7.3062186 ], [ -38.542318, -7.3068269 ], [ -38.5460444, -7.3127139 ], [ -38.5503552, -7.3154642 ], [ -38.5512108, -7.3221961 ], [ -38.5486578, -7.3265461 ], [ -38.5485231, -7.3321317 ], [ -38.553389599999988, -7.3443895 ], [ -38.5572448, -7.3471289 ], [ -38.5583543, -7.3539359 ], [ -38.5771196, -7.3772975 ], [ -38.5789934, -7.3809392 ], [ -38.5781287, -7.3862016 ], [ -38.5836026, -7.3982047 ], [ -38.590385, -7.4011817 ], [ -38.5953292, -7.4114812 ], [ -38.5956274, -7.4155792 ], [ -38.5872744, -7.4146795 ], [ -38.5844975, -7.416351 ], [ -38.5834351, -7.4199403 ], [ -38.5860449, -7.4278365 ], [ -38.5842507, -7.4331779 ], [ -38.5853008, -7.4348151 ], [ -38.5915227, -7.4330602 ], [ -38.5950183, -7.4339374 ], [ -38.5960744, -7.4386304 ], [ -38.6058031, -7.4445745 ], [ -38.6028442, -7.4535583 ], [ -38.603328, -7.457592 ], [ -38.6161056, -7.4569382 ], [ -38.6219958, -7.4606698 ], [ -38.6417139, -7.4581761 ], [ -38.6462573, -7.4627181 ], [ -38.6416907, -7.4649675 ], [ -38.6409403, -7.4697056 ], [ -38.636249, -7.4735852 ], [ -38.634543, -7.4793308 ], [ -38.6305654, -7.4839522 ], [ -38.6309039, -7.4873298 ], [ -38.6336887, -7.4906693 ], [ -38.6382417, -7.4921263 ], [ -38.6459957, -7.501926 ], [ -38.6449698, -7.5061333 ], [ -38.648395, -7.5114283 ], [ -38.6459418, -7.5143756 ], [ -38.6464753, -7.5175416 ], [ -38.6546578, -7.5222219 ], [ -38.6512682, -7.5310256 ], [ -38.652774, -7.5406879 ], [ -38.6564876, -7.5461935 ], [ -38.6529916, -7.5526194 ], [ -38.6591555, -7.5616704 ], [ -38.6558499, -7.5635424 ], [ -38.6553251, -7.565543 ], [ -38.6611819, -7.5682918 ], [ -38.6771712, -7.5705696 ], [ -38.686059, -7.5812 ], [ -38.6948289, -7.5825092 ], [ -38.7036588, -7.5809573 ], [ -38.711025, -7.586634 ], [ -38.7100741, -7.5974333 ], [ -38.7140745, -7.5993424 ], [ -38.7122726, -7.6042533 ], [ -38.7130226, -7.6083534 ], [ -38.7182993, -7.6093555 ], [ -38.7156068, -7.612086 ], [ -38.7149743, -7.6162728 ], [ -38.7151129, -7.6219195 ], [ -38.7152742, -7.6220017 ], [ -38.7166005, -7.6251104 ], [ -38.7175943, -7.626888 ], [ -38.775862499999988, -7.6042277 ] ] ] } },
{ "type": "Feature", "properties": { "CD_MUN": "2308302", "NM_MUN": "Milagres", "NM_UF": "Ceará", "NM_REGIAO": "Nordeste", "class_electre": 5, "class_label": "C5 (muito alto)", "Priorizacao": "Grupo 4", "class_mc_prob": 5, "ranking_pos": 19.0, "area_deg45_ha": 11425.0 }, "geometry": { "type": "Polygon", "coordinates": [ [ [ -38.9416752, -7.4279486 ], [ -38.969878, -7.4273003 ], [ -38.9665585, -7.4098828 ], [ -38.9628273, -7.4044327 ], [ -38.9619594, -7.3959093 ], [ -38.9739652, -7.3795539 ], [ -38.9868482, -7.333537 ], [ -39.0013274, -7.3074158 ], [ -39.0103991, -7.3025619 ], [ -39.0176058, -7.3023008 ], [ -39.0234612, -7.2993819 ], [ -39.0337298, -7.297419 ], [ -39.0367505, -7.2946803 ], [ -39.0495431, -7.2916203 ], [ -39.0684787, -7.279092 ], [ -39.0716885, -7.2734803 ], [ -39.085572299999988, -7.2656946 ], [ -39.091809, -7.2597091 ], [ -39.092802299999988, -7.2530471 ], [ -39.0877527, -7.251194 ], [ -39.0892478, -7.2433604 ], [ -39.0865674, -7.2417346 ], [ -39.0873304, -7.2405675 ], [ -39.0832596, -7.2388751 ], [ -39.0862444, -7.2345411 ], [ -39.0829687, -7.2309605 ], [ -39.0766524, -7.2284167 ], [ -39.0253431, -7.1943868 ], [ -39.0254536, -7.1501061 ], [ -38.9578729, -7.0817465 ], [ -38.9089741, -7.082704 ], [ -38.9252139, -7.1142086 ], [ -38.9476891, -7.1419207 ], [ -38.9145078, -7.2430012 ], [ -38.9067881, -7.2411604 ], [ -38.9046536, -7.2373954 ], [ -38.8999237, -7.2422676 ], [ -38.8843829, -7.2387514 ], [ -38.8796551, -7.2360925 ], [ -38.8748572, -7.2383214 ], [ -38.8716663, -7.2431284 ], [ -38.8687738, -7.2442215 ], [ -38.8654194, -7.2405653 ], [ -38.8602162, -7.2417044 ], [ -38.8610544, -7.2402363 ], [ -38.8587376, -7.2355093 ], [ -38.8599172, -7.2319438 ], [ -38.8586521, -7.2308878 ], [ -38.8573691, -7.2347644 ], [ -38.852794, -7.239332 ], [ -38.8400759, -7.2396046 ], [ -38.8295598, -7.2350036 ], [ -38.8255415, -7.2302937 ], [ -38.8155883, -7.2251933 ], [ -38.8126377, -7.2270198 ], [ -38.8049814, -7.2275259 ], [ -38.800290499999988, -7.232693 ], [ -38.7980915, -7.2316106 ], [ -38.7992465, -7.2255474 ], [ -38.7976128, -7.2181268 ], [ -38.7932918, -7.220859 ], [ -38.7846371, -7.2182619 ], [ -38.7855018, -7.221552 ], [ -38.7830141, -7.2268077 ], [ -38.860262, -7.3544669 ], [ -38.8823563, -7.4570869 ], [ -38.9416752, -7.4279486 ] ] ] } },
{ "type": "Feature", "properties": { "CD_MUN": "2308351", "NM_MUN": "Milhã", "NM_UF": "Ceará", "NM_REGIAO": "Nordeste", "class_electre": 5, "class_label": "C5 (muito alto)", "Priorizacao": "Grupo 5", "class_mc_prob": 5, "ranking_pos": 14.0, "area_deg45_ha": 12525.0 }, "geometry": { "type": "Polygon", "coordinates": [ [ [ -39.2221343, -5.7673847 ], [ -39.2273497, -5.7646997 ], [ -39.2341026, -5.7698428 ], [ -39.2376815, -5.7696237 ], [ -39.2385772, -5.7657005 ], [ -39.2447376, -5.7689441 ], [ -39.246863, -5.7634249 ], [ -39.2516133, -5.7672726 ], [ -39.2505214, -5.7627312 ], [ -39.2559286, -5.7570714 ], [ -39.2670886, -5.7653171 ], [ -39.2730212, -5.7619125 ], [ -39.2718862, -5.7568757 ], [ -39.2669411, -5.7543454 ], [ -39.2666987, -5.7441685 ], [ -39.2678801, -5.7423447 ], [ -39.2644227, -5.7377141 ], [ -39.262746, -5.7306375 ], [ -39.2656571, -5.730393 ], [ -39.2606513, -5.7156825 ], [ -39.2672214, -5.7152741 ], [ -39.2676009, -5.7123358 ], [ -39.272721, -5.7093062 ], [ -39.2709125, -5.7082008 ], [ -39.2672073, -5.6997918 ], [ -39.2668748, -5.6895598 ], [ -39.261568, -5.6848119 ], [ -39.259042, -5.6765147 ], [ -39.2601701, -5.6745588 ], [ -39.2658021, -5.6759735 ], [ -39.2686926, -5.6729096 ], [ -39.2761245, -5.6726234 ], [ -39.279661399999988, -5.6664515 ], [ -39.2788134, -5.6634653 ], [ -39.2757794, -5.661609 ], [ -39.2772843, -5.6513932 ], [ -39.2741834, -5.6519588 ], [ -39.2678201, -5.6421283 ], [ -39.2691662, -5.633644 ], [ -39.2598862, -5.6179423 ], [ -39.2606263, -5.6153224 ], [ -39.2577019, -5.6147964 ], [ -39.2485059, -5.5938066 ], [ -39.2462232, -5.5918384 ], [ -39.2457324, -5.5846361 ], [ -39.2329048, -5.5794956 ], [ -39.2300282, -5.5743065 ], [ -39.2207365, -5.566906 ], [ -39.2205859, -5.5636448 ], [ -39.2240622, -5.5549252 ], [ -39.2240153, -5.5435861 ], [ -39.2205183, -5.5397925 ], [ -39.2146753, -5.5448299 ], [ -39.2068174, -5.5443701 ], [ -39.2026032, -5.5414957 ], [ -39.2005709, -5.5362265 ], [ -39.193591, -5.5306079 ], [ -39.1888996, -5.5231208 ], [ -39.1818144, -5.5225387 ], [ -39.1772349, -5.5253571 ], [ -39.1675572, -5.5240256 ], [ -39.1650922, -5.5194687 ], [ -39.1607621, -5.5186574 ], [ -39.1586036, -5.5149823 ], [ -39.1564609, -5.5164968 ], [ -39.1511108, -5.5162261 ], [ -39.1469981, -5.5089407 ], [ -39.1435745, -5.5067506 ], [ -39.1337618, -5.5124396 ], [ -39.1252828, -5.5079845 ], [ -39.1162965, -5.5071154 ], [ -39.1091972, -5.5112702 ], [ -39.1016508, -5.5107874 ], [ -39.096893799999989, -5.5124505 ], [ -39.0935573, -5.5067343 ], [ -39.0913232, -5.5068316 ], [ -39.0875508, -5.5107907 ], [ -39.0890427, -5.5287515 ], [ -39.078071, -5.5327099 ], [ -39.0730056, -5.5296871 ], [ -39.0630238, -5.5129187 ], [ -39.0568946, -5.5099357 ], [ -39.0464391, -5.5113817 ], [ -39.030992, -5.4920327 ], [ -39.0269683, -5.489886 ], [ -39.110846599999988, -5.6774861 ], [ -39.1631537, -5.7985325 ], [ -39.1796943, -5.7997637 ], [ -39.1875388, -5.7904774 ], [ -39.2020066, -5.7902925 ], [ -39.2052315, -5.7878696 ], [ -39.2098466, -5.7883497 ], [ -39.209525, -5.782704 ], [ -39.215209099999988, -5.7804947 ], [ -39.2178261, -5.7758554 ], [ -39.2208865, -5.7754272 ], [ -39.2221343, -5.7673847 ] ] ] } },
{ "type": "Feature", "properties": { "CD_MUN": "2308609", "NM_MUN": "Monsenhor Tabosa", "NM_UF": "Ceará", "NM_REGIAO": "Nordeste", "class_electre": 5, "class_label": "C5 (muito alto)", "Priorizacao": "Grupo 4", "class_mc_prob": 5, "ranking_pos": 30.0, "area_deg45_ha": 4275.0 }, "geometry": { "type": "Polygon", "coordinates": [ [ [ -39.9975964, -5.0844914 ], [ -40.1600423, -5.16479 ], [ -40.1659103, -5.1620366 ], [ -40.1658814, -5.1584406 ], [ -40.154141, -5.1498921 ], [ -40.1460094, -5.1523326 ], [ -40.1468064, -5.1475282 ], [ -40.1430993, -5.1438189 ], [ -40.1428178, -5.1412409 ], [ -40.1393414, -5.1397809 ], [ -40.1371399, -5.133364 ], [ -40.1350548, -5.1320129 ], [ -40.1389086, -5.1213479 ], [ -40.1347962, -5.1120047 ], [ -40.1387313, -5.104133 ], [ -40.1336036, -5.1007463 ], [ -40.1335525, -5.0979273 ], [ -40.1353432, -5.095706 ], [ -40.1457912, -5.0915981 ], [ -40.1494282, -5.086097 ], [ -40.1548691, -5.0829814 ], [ -40.1554963, -5.0809281 ], [ -40.1518064, -5.0773998 ], [ -40.1388308, -5.0772843 ], [ -40.1374422, -5.0725731 ], [ -40.1462503, -5.0589807 ], [ -40.1463476, -5.0501589 ], [ -40.1528439, -5.0472296 ], [ -40.1541246, -5.0413979 ], [ -40.149557, -5.0341986 ], [ -40.1467406, -5.0328896 ], [ -40.1373022, -5.0308159 ], [ -40.1320373, -5.0279998 ], [ -40.1292358, -5.0300136 ], [ -40.1225771, -5.0307998 ], [ -40.1118351, -5.0241049 ], [ -40.1057041, -5.02397 ], [ -40.1041607, -5.0216095 ], [ -40.1056071, -5.0144921 ], [ -40.1033404, -5.0097904 ], [ -40.1040949, -5.0071344 ], [ -40.099766599999988, -5.0012261 ], [ -40.1046496, -4.9965294 ], [ -40.1090917, -4.9994409 ], [ -40.1149366, -5.0004831 ], [ -40.114077699999989, -4.984858 ], [ -40.1266284, -4.9879872 ], [ -40.1330869, -4.9922364 ], [ -40.1314108, -4.9878839 ], [ -40.1347616, -4.9827433 ], [ -40.1368486, -4.9825716 ], [ -40.1333688, -4.9776334 ], [ -40.1342901, -4.9746944 ], [ -40.137939, -4.9737131 ], [ -40.1399976, -4.9705028 ], [ -40.1496714, -4.9707989 ], [ -40.1539238, -4.969527 ], [ -40.157465099999989, -4.9646651 ], [ -40.1663604, -4.9639509 ], [ -40.1653453, -4.9611425 ], [ -40.1668052, -4.9574034 ], [ -40.165138, -4.9541949 ], [ -40.1660706, -4.9476181 ], [ -40.1610032, -4.9446629 ], [ -40.1608135, -4.9414507 ], [ -40.1640027, -4.9395389 ], [ -40.1640145, -4.9357331 ], [ -40.1686128, -4.9349378 ], [ -40.1956819, -4.9067108 ], [ -40.1882565, -4.9048161 ], [ -40.1822895, -4.9012003 ], [ -40.1699934, -4.89992 ], [ -40.1677847, -4.8983928 ], [ -40.1636448, -4.8986831 ], [ -40.1596028, -4.9034666 ], [ -40.1438935, -4.9031368 ], [ -40.1430403, -4.9008193 ], [ -40.1392286, -4.8994562 ], [ -40.1406675, -4.8970328 ], [ -40.1361269, -4.8941015 ], [ -40.1359754, -4.8890529 ], [ -40.1272666, -4.886456 ], [ -40.1257761, -4.8879163 ], [ -40.1239443, -4.8860045 ], [ -40.1210642, -4.8868179 ], [ -40.1182094, -4.8834763 ], [ -40.1139735, -4.8827731 ], [ -40.1108819, -4.8794381 ], [ -40.11148, -4.8780948 ], [ -40.1075717, -4.8743236 ], [ -40.105724, -4.8696184 ], [ -40.1082397, -4.8676501 ], [ -40.1075329, -4.864684 ], [ -40.1098757, -4.8593075 ], [ -40.1100505, -4.8504682 ], [ -40.1130311, -4.8497594 ], [ -40.1217763, -4.8395156 ], [ -40.1247668, -4.8382356 ], [ -40.1280589, -4.8337346 ], [ -40.1289323, -4.8292342 ], [ -40.1369622, -4.824863 ], [ -40.1407179, -4.8203953 ], [ -40.1415707, -4.8161606 ], [ -40.1361009, -4.8129321 ], [ -40.1198853, -4.7480289 ], [ -40.0594998, -4.7168073 ], [ -39.9261583, -4.7348921 ], [ -39.9285834, -4.7745402 ], [ -39.9308572, -4.7726939 ], [ -39.9343246, -4.7743425 ], [ -39.9388372, -4.7696859 ], [ -39.9354642, -4.7773809 ], [ -39.9360557, -4.7803354 ], [ -39.9385359, -4.7817483 ], [ -39.9384724, -4.7849679 ], [ -39.9289841, -4.7971099 ], [ -39.9313401, -4.8015433 ], [ -39.9384528, -4.8044206 ], [ -39.9421513, -4.808809 ], [ -39.9418025, -4.8108109 ], [ -39.9483602, -4.8158013 ], [ -39.949281, -4.8175296 ], [ -39.946746, -4.8205651 ], [ -39.9494657, -4.8257687 ], [ -39.9472201, -4.8280865 ], [ -39.9487867, -4.8307631 ], [ -39.9466004, -4.8328552 ], [ -39.945668399999988, -4.8393369 ], [ -39.9406719, -4.8408083 ], [ -39.9341786, -4.8502475 ], [ -39.9323824, -4.8554577 ], [ -39.9302376, -4.8558368 ], [ -39.9264826, -4.8599874 ], [ -39.9228971, -4.8660618 ], [ -39.9188842, -4.8680165 ], [ -39.9166073, -4.8715568 ], [ -39.9053553, -4.8777091 ], [ -39.9034685, -4.8811106 ], [ -39.9009681, -4.8820849 ], [ -39.9017984, -4.8840489 ], [ -39.8979282, -4.8841328 ], [ -39.8919238, -4.8872355 ], [ -39.8950319, -4.8877624 ], [ -39.8959412, -4.8910331 ], [ -39.8951511, -4.8922017 ], [ -39.8925819, -4.8914533 ], [ -39.892151, -4.8933868 ], [ -39.8986011, -4.8959784 ], [ -39.8985383, -4.8989441 ], [ -39.9001663, -4.8976449 ], [ -39.9031544, -4.8993613 ], [ -39.9007775, -4.9016389 ], [ -39.9015973, -4.9050563 ], [ -39.904577, -4.90337 ], [ -39.906945, -4.9048705 ], [ -39.9093268, -4.9027668 ], [ -39.9094951, -4.9059886 ], [ -39.9111028, -4.9066986 ], [ -39.911863, -4.9039804 ], [ -39.9160909, -4.9054877 ], [ -39.9238979, -4.9135406 ], [ -39.9261644, -4.9113632 ], [ -39.9290317, -4.912845 ], [ -39.9329048, -4.9188426 ], [ -39.9317567, -4.9217412 ], [ -39.9342508, -4.9247342 ], [ -39.9358246, -4.9248619 ], [ -39.9359936, -4.9228912 ], [ -39.9388885, -4.920829 ], [ -39.9412898, -4.9226394 ], [ -39.9405295, -4.9243174 ], [ -39.9420998, -4.927277 ], [ -39.944826, -4.9269035 ], [ -39.9467395, -4.9296106 ], [ -39.9488089, -4.9273113 ], [ -39.9509852, -4.9273293 ], [ -39.9504737, -4.9234581 ], [ -39.9564358, -4.9253573 ], [ -39.9593739, -4.9304744 ], [ -39.962841, -4.932359 ], [ -39.961734199999988, -4.934064 ], [ -39.9630462, -4.9369567 ], [ -39.9602945, -4.9385664 ], [ -39.9607216, -4.9397242 ], [ -39.9639464, -4.9385784 ], [ -39.9641716, -4.9421403 ], [ -39.9678196, -4.9392335 ], [ -39.9691807, -4.947238 ], [ -39.9579902, -5.0258342 ], [ -39.959689, -5.0281096 ], [ -39.9641581, -5.0291064 ], [ -39.970487, -5.0284608 ], [ -39.9724973, -5.0361254 ], [ -39.9713079, -5.0428572 ], [ -39.9737837, -5.0498514 ], [ -39.982126, -5.0603766 ], [ -39.9866915, -5.0721431 ], [ -39.9930149, -5.0741409 ], [ -39.9975964, -5.0844914 ] ] ] } },
{ "type": "Feature", "properties": { "CD_MUN": "2309458", "NM_MUN": "Ocara", "NM_UF": "Ceará", "NM_REGIAO": "Nordeste", "class_electre": 5, "class_label": "C5 (muito alto)", "Priorizacao": "Grupo 5", "class_mc_prob": 5, "ranking_pos": 15.0, "area_deg45_ha": 16550.0 }, "geometry": { "type": "Polygon", "coordinates": [ [ [ -38.3612976, -4.5010135 ], [ -38.363404, -4.5088533 ], [ -38.3774574, -4.5157123 ], [ -38.3823342, -4.5197585 ], [ -38.381456199999988, -4.5284925 ], [ -38.3716103, -4.5305544 ], [ -38.3673389, -4.5365673 ], [ -38.3680153, -4.540363 ], [ -38.3644507, -4.5425978 ], [ -38.3686554, -4.5482711 ], [ -38.3678021, -4.5558038 ], [ -38.3694539, -4.5591771 ], [ -38.3678732, -4.5598159 ], [ -38.370952, -4.564287 ], [ -38.3688278, -4.5762435 ], [ -38.3884344, -4.5790998 ], [ -38.385155, -4.5822669 ], [ -38.3863179, -4.5856741 ], [ -38.3922498, -4.5837405 ], [ -38.3939855, -4.5902194 ], [ -38.3986393, -4.5905973 ], [ -38.4011647, -4.5941807 ], [ -38.4076834, -4.5965332 ], [ -38.4061964, -4.6063349 ], [ -38.4228057, -4.6189324 ], [ -38.4210985, -4.6246784 ], [ -38.4289754, -4.6293835 ], [ -38.4340283, -4.6382047 ], [ -38.4374874, -4.6379262 ], [ -38.4487029, -4.6441357 ], [ -38.449464, -4.6508591 ], [ -38.4578916, -4.6534162 ], [ -38.4607696, -4.652654 ], [ -38.4641761, -4.6510664 ], [ -38.4662193, -4.646254 ], [ -38.4685965, -4.6452206 ], [ -38.4750188, -4.6498988 ], [ -38.4900203, -4.6499457 ], [ -38.4987917, -4.6515766 ], [ -38.5059803, -4.6566979 ], [ -38.5082543, -4.6626982 ], [ -38.5134066, -4.6633361 ], [ -38.5157789, -4.6652316 ], [ -38.518607, -4.6721539 ], [ -38.5250702, -4.6745578 ], [ -38.528895, -4.6805906 ], [ -38.5380181, -4.6799089 ], [ -38.5501959, -4.6724948 ], [ -38.552872099999988, -4.6731428 ], [ -38.5572104, -4.6712877 ], [ -38.5582776, -4.6734711 ], [ -38.5627528, -4.6711277 ], [ -38.5690774, -4.6732164 ], [ -38.5727435, -4.6713711 ], [ -38.5751125, -4.6669524 ], [ -38.5775182, -4.6659012 ], [ -38.5799305, -4.6670062 ], [ -38.5801468, -4.6657542 ], [ -38.58361, -4.6665287 ], [ -38.5844374, -4.6648811 ], [ -38.5855109, -4.6661891 ], [ -38.5885942, -4.6651716 ], [ -38.5892021, -4.6668916 ], [ -38.5936004, -4.6688378 ], [ -38.5964722, -4.6656556 ], [ -38.6067873, -4.6617688 ], [ -38.6101175, -4.6574024 ], [ -38.612553399999989, -4.6525568 ], [ -38.6112249, -4.6445585 ], [ -38.6173183, -4.6363519 ], [ -38.6165563, -4.6338443 ], [ -38.6186064, -4.6279014 ], [ -38.6204852, -4.6274057 ], [ -38.620164, -4.6258737 ], [ -38.6237499, -4.6225545 ], [ -38.6240153, -4.616834 ], [ -38.6322167, -4.6037743 ], [ -38.6494867, -4.5557107 ], [ -38.6381702, -4.5504832 ], [ -38.6356947, -4.5484427 ], [ -38.635278799999988, -4.5455223 ], [ -38.6317374, -4.5444015 ], [ -38.6308767, -4.5421982 ], [ -38.6222752, -4.5367364 ], [ -38.6200574, -4.5260246 ], [ -38.618034099999988, -4.525166 ], [ -38.6221254, -4.5157554 ], [ -38.621274, -4.5132536 ], [ -38.624654, -4.5109084 ], [ -38.6226303, -4.5048616 ], [ -38.6261151, -4.4997299 ], [ -38.6263806, -4.4961716 ], [ -38.6294791, -4.493787 ], [ -38.6284898, -4.4891206 ], [ -38.6356431, -4.4860154 ], [ -38.6363832, -4.4843762 ], [ -38.6350552, -4.4811801 ], [ -38.6369178, -4.4764836 ], [ -38.6325604, -4.4742135 ], [ -38.6321574, -4.4694381 ], [ -38.6325346, -4.4662728 ], [ -38.6363161, -4.4632528 ], [ -38.6355502, -4.4568436 ], [ -38.6366866, -4.4535105 ], [ -38.6352412, -4.4519 ], [ -38.6339161, -4.4532636 ], [ -38.6306627, -4.4528177 ], [ -38.6286098, -4.4443416 ], [ -38.6255104, -4.4427501 ], [ -38.6272826, -4.4378982 ], [ -38.6230552, -4.4386775 ], [ -38.6219128, -4.4373135 ], [ -38.6195486, -4.4378159 ], [ -38.6179574, -4.4349989 ], [ -38.6138595, -4.4351436 ], [ -38.6129712, -4.4322382 ], [ -38.6148855, -4.4314843 ], [ -38.6151508, -4.4291501 ], [ -38.6113088, -4.4269337 ], [ -38.6086547, -4.4276883 ], [ -38.6062961, -4.4245202 ], [ -38.6035535, -4.4256706 ], [ -38.6027189, -4.420504 ], [ -38.5951359, -4.42331 ], [ -38.5913148, -4.4215207 ], [ -38.5874136, -4.4219644 ], [ -38.5830427, -4.4160225 ], [ -38.5742937, -4.4190131 ], [ -38.5721525, -4.4149553 ], [ -38.5687674, -4.4149631 ], [ -38.5639802, -4.4063585 ], [ -38.5589191, -4.4059834 ], [ -38.5552599, -4.4029588 ], [ -38.5436258, -4.3903752 ], [ -38.5394062, -4.3878329 ], [ -38.5396998, -4.3838649 ], [ -38.5318517, -4.3785511 ], [ -38.5340606, -4.3748589 ], [ -38.533907, -4.368875 ], [ -38.5200217, -4.3769905 ], [ -38.5046837, -4.3792377 ], [ -38.4940945, -4.3887928 ], [ -38.4874119, -4.390151 ], [ -38.4861831, -4.3877087 ], [ -38.4716876, -4.3904608 ], [ -38.4687007, -4.3954585 ], [ -38.4621668, -4.395916 ], [ -38.4433967, -4.4090827 ], [ -38.4390857, -4.4065755 ], [ -38.4368197, -4.3838672 ], [ -38.3624691, -4.4688549 ], [ -38.3587512, -4.4797851 ], [ -38.3616243, -4.4915133 ], [ -38.3603824, -4.5014681 ], [ -38.3612976, -4.5010135 ] ] ] } },
{ "type": "Feature", "properties": { "CD_MUN": "2310001", "NM_MUN": "Palhano", "NM_UF": "Ceará", "NM_REGIAO": "Nordeste", "class_electre": 5, "class_label": "C5 (muito alto)", "Priorizacao": "Grupo 4", "class_mc_prob": 5, "ranking_pos": 18.0, "area_deg45_ha": 8825.0 }, "geometry": { "type": "Polygon", "coordinates": [ [ [ -37.9555694, -4.7295448 ], [ -37.9337665, -4.7636224 ], [ -37.9004355, -4.8208553 ], [ -37.9708643, -4.8301331 ], [ -37.9826261, -4.8342513 ], [ -38.0300975, -4.8401182 ], [ -38.042265, -4.8446529 ], [ -38.0605316, -4.811375 ], [ -38.0579058, -4.7895963 ], [ -38.0484082, -4.7773096 ], [ -38.0502295, -4.7722452 ], [ -38.058394199999988, -4.7632042 ], [ -38.0609008, -4.7538326 ], [ -38.0693154, -4.7498099 ], [ -38.0772622, -4.7375877 ], [ -38.0842976, -4.7322256 ], [ -38.0871135, -4.7200907 ], [ -38.0940284, -4.7046208 ], [ -38.1464155, -4.6651206 ], [ -38.161677, -4.6413698 ], [ -38.1820574, -4.6227477 ], [ -38.1613295, -4.6187477 ], [ -38.1582972, -4.6193856 ], [ -38.1526473, -4.6151339 ], [ -38.1478217, -4.6143104 ], [ -38.1368628, -4.6184328 ], [ -38.13169, -4.6171557 ], [ -38.1237798, -4.6197553 ], [ -38.1216144, -4.6173202 ], [ -38.1079339, -4.617197 ], [ -38.1066328, -4.6142557 ], [ -38.1099968, -4.6063619 ], [ -38.1011052, -4.5964915 ], [ -38.0896481, -4.5920591 ], [ -38.0843399, -4.5874884 ], [ -38.0816299, -4.5879781 ], [ -38.0765193, -4.592998 ], [ -38.0720256, -4.5926649 ], [ -38.0680463, -4.5947509 ], [ -38.0651727, -4.591461 ], [ -38.0557435, -4.5945759 ], [ -38.048416, -4.5895492 ], [ -38.0417713, -4.5899765 ], [ -38.0382872, -4.5910293 ], [ -38.037075, -4.5946292 ], [ -38.024089499999988, -4.5995532 ], [ -38.0202729, -4.5973575 ], [ -38.0202399, -4.5937916 ], [ -38.0128695, -4.5928159 ], [ -38.0087856, -4.5935689 ], [ -38.0080516, -4.5958313 ], [ -38.0050915, -4.5955 ], [ -38.0054925, -4.5977269 ], [ -38.0007149, -4.5977344 ], [ -38.0012489, -4.596085 ], [ -37.9976955, -4.5925378 ], [ -37.992434, -4.5925958 ], [ -37.9907654, -4.589644 ], [ -37.9898191, -4.5904772 ], [ -37.9864888, -4.5862712 ], [ -37.987974, -4.5853155 ], [ -37.9864329, -4.5836341 ], [ -37.9734695, -4.6154823 ], [ -37.9752567, -4.6263392 ], [ -37.9788549, -4.6317717 ], [ -37.9943392, -4.6470498 ], [ -37.9932371, -4.6607374 ], [ -37.9867411, -4.6630067 ], [ -37.9685989, -4.6599169 ], [ -37.9505284, -4.6617678 ], [ -37.9555694, -4.7295448 ] ] ] } },
{ "type": "Feature", "properties": { "CD_MUN": "2310308", "NM_MUN": "Parambu", "NM_UF": "Ceará", "NM_REGIAO": "Nordeste", "class_electre": 5, "class_label": "C5 (muito alto)", "Priorizacao": "Grupo 4", "class_mc_prob": 5, "ranking_pos": 28.0, "area_deg45_ha": 16650.0 }, "geometry": { "type": "Polygon", "coordinates": [ [ [ -40.6877592, -6.0104148 ], [ -40.6762402, -6.0070194 ], [ -40.6661252, -6.0082506 ], [ -40.6619293, -6.0034719 ], [ -40.6594638, -6.0055034 ], [ -40.6535651, -6.0046383 ], [ -40.6510823, -6.0061072 ], [ -40.6480471, -6.0036379 ], [ -40.642301, -6.0038204 ], [ -40.6346888, -5.998807 ], [ -40.6276574, -5.9973376 ], [ -40.6243099, -5.9937125 ], [ -40.6181249, -5.9935516 ], [ -40.6115085, -5.9901152 ], [ -40.6031798, -5.9946838 ], [ -40.5980439, -5.9940014 ], [ -40.5974356, -6.0009327 ], [ -40.5958733, -6.002001 ], [ -40.5889777, -5.9929847 ], [ -40.5841674, -5.9963447 ], [ -40.580839, -5.9957244 ], [ -40.5771505, -5.9988332 ], [ -40.5719168, -5.998208 ], [ -40.5660889, -5.9997993 ], [ -40.5652031, -5.9976006 ], [ -40.5615097, -6.0044606 ], [ -40.557349, -6.0074307 ], [ -40.55635, -6.005351 ], [ -40.5528153, -6.0063365 ], [ -40.5506212, -6.0027402 ], [ -40.5454446, -6.0043662 ], [ -40.5397649, -6.0026885 ], [ -40.5353687, -5.9995819 ], [ -40.5317355, -5.9930651 ], [ -40.5261234, -5.9934009 ], [ -40.5168214, -5.9890375 ], [ -40.5047869, -5.9909916 ], [ -40.4970692, -5.9896597 ], [ -40.4922218, -5.9817306 ], [ -40.4891186, -5.9823074 ], [ -40.4852401, -5.9877918 ], [ -40.4806587, -5.9902896 ], [ -40.4786195, -5.9962165 ], [ -40.4738546, -6.00006 ], [ -40.4771999, -6.0069229 ], [ -40.468744, -6.0125197 ], [ -40.4660966, -6.0161026 ], [ -40.4725475, -6.0279279 ], [ -40.4814077, -6.0329754 ], [ -40.4803878, -6.0452871 ], [ -40.478141, -6.0522132 ], [ -40.4816767, -6.0574632 ], [ -40.4817331, -6.0614511 ], [ -40.4834692, -6.0614112 ], [ -40.4861726, -6.0656279 ], [ -40.4842575, -6.0680675 ], [ -40.4861004, -6.0711679 ], [ -40.4854632, -6.0736432 ], [ -40.4890972, -6.0774444 ], [ -40.4863519, -6.0808392 ], [ -40.4939369, -6.0836417 ], [ -40.5085777, -6.1444979 ], [ -40.5316467, -6.1600126 ], [ -40.4880623, -6.2032638 ], [ -40.4915092, -6.2083129 ], [ -40.4888702, -6.2117029 ], [ -40.4923086, -6.2169189 ], [ -40.488816299999989, -6.2197425 ], [ -40.4889174, -6.2216756 ], [ -40.4948258, -6.2266368 ], [ -40.4953005, -6.2424085 ], [ -40.4991872, -6.2476476 ], [ -40.4997336, -6.2518119 ], [ -40.5023081, -6.2513073 ], [ -40.5049566, -6.2531164 ], [ -40.5039572, -6.2550932 ], [ -40.50553, -6.2571284 ], [ -40.5076833, -6.2555012 ], [ -40.5082088, -6.2594955 ], [ -40.5101503, -6.2590413 ], [ -40.5124444, -6.2606736 ], [ -40.5125518, -6.2626533 ], [ -40.5153016, -6.2626872 ], [ -40.5147887, -6.265177 ], [ -40.5199977, -6.2701088 ], [ -40.522189, -6.2692052 ], [ -40.5264613, -6.27271 ], [ -40.5285426, -6.2709752 ], [ -40.5343382, -6.2761264 ], [ -40.5353621, -6.2751983 ], [ -40.5360669, -6.2763759 ], [ -40.5339408, -6.279232 ], [ -40.5425706, -6.2798748 ], [ -40.5488382, -6.2840482 ], [ -40.555577, -6.2842196 ], [ -40.556876699999989, -6.2871573 ], [ -40.5555067, -6.2890164 ], [ -40.5594952, -6.2887396 ], [ -40.5661356, -6.2917854 ], [ -40.5699682, -6.2909587 ], [ -40.572578, -6.2932425 ], [ -40.574999, -6.2921029 ], [ -40.5744565, -6.2902073 ], [ -40.5792628, -6.2875848 ], [ -40.5826865, -6.2916238 ], [ -40.5892812, -6.2936548 ], [ -40.591925, -6.3035653 ], [ -40.5905213, -6.3090534 ], [ -40.591284, -6.3135773 ], [ -40.5954546, -6.3176946 ], [ -40.595589, -6.3201155 ], [ -40.6005921, -6.3226889 ], [ -40.6025909, -6.3288068 ], [ -40.6103761, -6.3362531 ], [ -40.6079358, -6.3444526 ], [ -40.6041514, -6.3503294 ], [ -40.597781, -6.3443461 ], [ -40.5930952, -6.3444166 ], [ -40.5913531, -6.3417064 ], [ -40.5848603, -6.3408417 ], [ -40.5808571, -6.3434886 ], [ -40.578631, -6.3507077 ], [ -40.5736843, -6.3584515 ], [ -40.5673342, -6.3522816 ], [ -40.5593387, -6.3492557 ], [ -40.5472006, -6.3403562 ], [ -40.5278384, -6.3483493 ], [ -40.5226542, -6.3457504 ], [ -40.5153642, -6.3459061 ], [ -40.5107696, -6.3403499 ], [ -40.5095814, -6.3431123 ], [ -40.504034, -6.3431905 ], [ -40.4848198, -6.3383553 ], [ -40.4797108, -6.3331343 ], [ -40.4720738, -6.3308413 ], [ -40.4691538, -6.3339186 ], [ -40.4623371, -6.3336794 ], [ -40.4583234, -6.3365634 ], [ -40.4532085, -6.3365468 ], [ -40.4518088, -6.3338332 ], [ -40.4451419, -6.3318885 ], [ -40.4396361, -6.3321518 ], [ -40.4337961, -6.334679 ], [ -40.4320132, -6.3332113 ], [ -40.4297876, -6.3245115 ], [ -40.424732, -6.3234915 ], [ -40.4219573, -6.3193863 ], [ -40.4112032, -6.3178808 ], [ -40.4051534, -6.3124657 ], [ -40.3274069, -6.401871 ], [ -40.3349688, -6.4063432 ], [ -40.3391853, -6.4143941 ], [ -40.3446374, -6.4096492 ], [ -40.3472214, -6.4099296 ], [ -40.3481427, -6.4142284 ], [ -40.3522408, -6.4158246 ], [ -40.3591779, -6.4244394 ], [ -40.365307, -6.4287591 ], [ -40.3664547, -6.4344544 ], [ -40.3700534, -6.4385768 ], [ -40.3680167, -6.4431427 ], [ -40.3690245, -6.4510866 ], [ -40.38365, -6.4638111 ], [ -40.3873564, -6.4644514 ], [ -40.3902668, -6.4684054 ], [ -40.3909474, -6.4744506 ], [ -40.4429297, -6.4901962 ], [ -40.4479788, -6.4957167 ], [ -40.4476532, -6.5072162 ], [ -40.4539188, -6.5195477 ], [ -40.453131899999988, -6.5240442 ], [ -40.4566351, -6.5270701 ], [ -40.4685809, -6.5298618 ], [ -40.483236, -6.5282301 ], [ -40.4918038, -6.5311243 ], [ -40.496386, -6.5307247 ], [ -40.4997855, -6.5330268 ], [ -40.5153384, -6.5370539 ], [ -40.5275419, -6.5379875 ], [ -40.5442839, -6.5493187 ], [ -40.5528254, -6.5499998 ], [ -40.5636809, -6.5466149 ], [ -40.5775542, -6.5483986 ], [ -40.5820395, -6.5559465 ], [ -40.5888053, -6.5596056 ], [ -40.5884962, -6.5746482 ], [ -40.5961413, -6.5846491 ], [ -40.598723899999989, -6.5953801 ], [ -40.6055321, -6.5983982 ], [ -40.6103569, -6.6035701 ], [ -40.609833, -6.6080724 ], [ -40.6117392, -6.6085992 ], [ -40.6157367, -6.6054031 ], [ -40.6237079, -6.6042963 ], [ -40.6450271, -6.6059325 ], [ -40.6504981, -6.6128834 ], [ -40.6543838, -6.6134749 ], [ -40.6614328, -6.6112658 ], [ -40.669663, -6.6140556 ], [ -40.6722163, -6.6118874 ], [ -40.6743111, -6.6015208 ], [ -40.6763031, -6.6005236 ], [ -40.736377399999988, -6.6003075 ], [ -40.7402249, -6.5774961 ], [ -40.745852, -6.5655468 ], [ -40.7542915, -6.5546712 ], [ -40.7836794, -6.5284046 ], [ -40.7905614, -6.5187012 ], [ -40.7921223, -6.5128611 ], [ -40.7901794, -6.4980351 ], [ -40.7965856, -6.4707013 ], [ -40.7937757, -6.4601895 ], [ -40.7960626, -6.4450291 ], [ -40.7960894, -6.4281847 ], [ -40.8051547, -6.3931316 ], [ -40.8000881, -6.3817022 ], [ -40.7903471, -6.3718893 ], [ -40.7810893, -6.3516596 ], [ -40.7791491, -6.3413465 ], [ -40.7801352, -6.3276718 ], [ -40.7828633, -6.3133745 ], [ -40.7865622, -6.3053647 ], [ -40.8105046, -6.2870634 ], [ -40.823574799999989, -6.2582643 ], [ -40.8331463, -6.2452112 ], [ -40.8522242, -6.2242205 ], [ -40.84723, -6.2030136 ], [ -40.8519427, -6.1857824 ], [ -40.8536235, -6.1632816 ], [ -40.8457385, -6.134995 ], [ -40.8490497, -6.1234314 ], [ -40.8576711, -6.105385 ], [ -40.8069475, -6.1049531 ], [ -40.808422, -6.0991501 ], [ -40.8121817, -6.0958959 ], [ -40.8104805, -6.0929471 ], [ -40.8075379, -6.0920957 ], [ -40.801773, -6.0939688 ], [ -40.79048, -6.0886549 ], [ -40.7809618, -6.0913296 ], [ -40.7764497, -6.089604 ], [ -40.7725829, -6.0911383 ], [ -40.767342, -6.0891052 ], [ -40.7600569, -6.0928484 ], [ -40.7537263, -6.0903032 ], [ -40.7479807, -6.0907967 ], [ -40.7465822, -6.0883229 ], [ -40.7470176, -6.0814868 ], [ -40.7399121, -6.0816271 ], [ -40.7316769, -6.0701293 ], [ -40.7334812, -6.06748 ], [ -40.7385024, -6.0659769 ], [ -40.7378596, -6.0582135 ], [ -40.73208, -6.0544319 ], [ -40.7314144, -6.05241 ], [ -40.7243712, -6.0528455 ], [ -40.7216457, -6.0477984 ], [ -40.7126025, -6.0440432 ], [ -40.714077599999989, -6.0394795 ], [ -40.7097508, -6.0348172 ], [ -40.7007014, -6.0336134 ], [ -40.6999426, -6.0317018 ], [ -40.7027371, -6.0311548 ], [ -40.7024581, -6.0278003 ], [ -40.6975277, -6.0197709 ], [ -40.6905759, -6.0154249 ], [ -40.6877592, -6.0104148 ] ] ] } },
{ "type": "Feature", "properties": { "CD_MUN": "2310605", "NM_MUN": "Penaforte", "NM_UF": "Ceará", "NM_REGIAO": "Nordeste", "class_electre": 5, "class_label": "C5 (muito alto)", "Priorizacao": "Grupo 5", "class_mc_prob": 5, "ranking_pos": 1.0, "area_deg45_ha": 6750.0 }, "geometry": { "type": "Polygon", "coordinates": [ [ [ -39.1018179, -7.7872518 ], [ -39.1003333, -7.7757077 ], [ -39.1063539, -7.7602263 ], [ -39.1238533, -7.743246 ], [ -39.1356409, -7.7233751 ], [ -39.142299699999988, -7.7190257 ], [ -39.1465529, -7.7182191 ], [ -39.1307785, -7.7052989 ], [ -39.1297252, -7.6973868 ], [ -39.1240399, -7.6938327 ], [ -39.1187932, -7.6870581 ], [ -39.1178319, -7.6834616 ], [ -39.0686706, -7.7319651 ], [ -39.059518, -7.7505015 ], [ -39.0080389, -7.7781954 ], [ -38.9760542, -7.7753763 ], [ -38.9704304, -7.7772754 ], [ -38.9634559, -7.7948389 ], [ -38.9633687, -7.7988886 ], [ -38.9567704, -7.8089271 ], [ -38.9586255, -7.8173837 ], [ -38.9675166, -7.8237507 ], [ -38.9698682, -7.8283341 ], [ -38.9697793, -7.8348127 ], [ -38.9663997, -7.8354659 ], [ -38.9649835, -7.8379908 ], [ -38.9669511, -7.8424665 ], [ -38.9660187, -7.8456251 ], [ -38.9702995, -7.8458076 ], [ -38.9746389, -7.8429745 ], [ -38.977496, -7.8455233 ], [ -38.9822446, -7.8461256 ], [ -38.9903579, -7.8440017 ], [ -38.9947808, -7.8403449 ], [ -39.0014086, -7.8401261 ], [ -39.0053535, -7.8345034 ], [ -39.0104695, -7.8164127 ], [ -39.0163703, -7.8121807 ], [ -39.021593, -7.8148542 ], [ -39.0263931, -7.8246351 ], [ -39.0394438, -7.8205631 ], [ -39.0537557, -7.8193046 ], [ -39.0577608, -7.822931 ], [ -39.0648798, -7.8395042 ], [ -39.0853502, -7.8517125 ], [ -39.0896519, -7.8574098 ], [ -39.0929919, -7.8575578 ], [ -39.0965472, -7.8501566 ], [ -39.0957673, -7.8464361 ], [ -39.0878173, -7.8361718 ], [ -39.087965, -7.8326165 ], [ -39.0928572, -7.8212956 ], [ -39.0905551, -7.8096046 ], [ -39.0964095, -7.7950987 ], [ -39.1018179, -7.7872518 ] ] ] } },
{ "type": "Feature", "properties": { "CD_MUN": "2310852", "NM_MUN": "Pindoretama", "NM_UF": "Ceará", "NM_REGIAO": "Nordeste", "class_electre": 5, "class_label": "C5 (muito alto)", "Priorizacao": "Grupo 4", "class_mc_prob": 5, "ranking_pos": 21.0, "area_deg45_ha": 1500.0 }, "geometry": { "type": "Polygon", "coordinates": [ [ [ -38.2941707, -4.0617286 ], [ -38.2840929, -4.1035659 ], [ -38.2913478, -4.0964302 ], [ -38.2947574, -4.0952365 ], [ -38.348847, -4.0881209 ], [ -38.3533917, -4.0821142 ], [ -38.3530966, -4.0784938 ], [ -38.3564078, -4.0734701 ], [ -38.3702716, -4.0655868 ], [ -38.3496525, -4.0472495 ], [ -38.3441534, -4.0458104 ], [ -38.3416091, -4.0395334 ], [ -38.3425027, -4.0383624 ], [ -38.3360325, -4.0307325 ], [ -38.3264333, -4.0256356 ], [ -38.325776, -4.0309345 ], [ -38.3207282, -4.0307972 ], [ -38.3210208, -4.0184053 ], [ -38.3178125, -4.0205946 ], [ -38.3145211, -4.0179103 ], [ -38.3131571, -4.010903 ], [ -38.3001258, -4.0154044 ], [ -38.2947284, -4.0184215 ], [ -38.2916588, -4.0222527 ], [ -38.2810942, -4.0221736 ], [ -38.2755891, -4.0263988 ], [ -38.2697375, -4.0274119 ], [ -38.2657968, -4.0260705 ], [ -38.2598632, -4.0279757 ], [ -38.2474271, -4.028435 ], [ -38.2395154, -4.0264009 ], [ -38.2388178, -4.0231547 ], [ -38.2364026, -4.0227746 ], [ -38.235555, -4.0397942 ], [ -38.2387941, -4.0421624 ], [ -38.2447205, -4.0415831 ], [ -38.2568876, -4.0443165 ], [ -38.2566248, -4.0482703 ], [ -38.25842, -4.0550073 ], [ -38.2601757, -4.056537 ], [ -38.2628281, -4.073369 ], [ -38.2801654, -4.0648082 ], [ -38.2858114, -4.0654515 ], [ -38.2941707, -4.0617286 ] ] ] } },
{ "type": "Feature", "properties": { "CD_MUN": "2311355", "NM_MUN": "Quixelô", "NM_UF": "Ceará", "NM_REGIAO": "Nordeste", "class_electre": 5, "class_label": "C5 (muito alto)", "Priorizacao": "Grupo 5", "class_mc_prob": 5, "ranking_pos": 2.0, "area_deg45_ha": 23975.0 }, "geometry": { "type": "Polygon", "coordinates": [ [ [ -39.191649399999989, -6.2974722 ], [ -39.2094435, -6.2901534 ], [ -39.2166198, -6.2905693 ], [ -39.2175574, -6.2705115 ], [ -39.2258985, -6.2710844 ], [ -39.241415499999988, -6.2758282 ], [ -39.2491905, -6.272634 ], [ -39.2567135, -6.2716297 ], [ -39.2787247, -6.2792038 ], [ -39.2861094, -6.2785963 ], [ -39.304384, -6.2701909 ], [ -39.2882971, -6.2489919 ], [ -39.2783061, -6.2451674 ], [ -39.2717078, -6.2401841 ], [ -39.2651132, -6.2249581 ], [ -39.2726249, -6.2164802 ], [ -39.2806431, -6.2112282 ], [ -39.2794469, -6.2064729 ], [ -39.2767504, -6.20376 ], [ -39.2794484, -6.1981825 ], [ -39.2758648, -6.1938196 ], [ -39.2773901, -6.1875896 ], [ -39.272911799999989, -6.182646 ], [ -39.2735904, -6.1769013 ], [ -39.2761935, -6.1723003 ], [ -39.282943, -6.1710963 ], [ -39.2882023, -6.1738291 ], [ -39.3038369, -6.1761416 ], [ -39.3077218, -6.1745663 ], [ -39.2597083, -6.1283745 ], [ -39.1417054, -6.1544054 ], [ -39.108145, -6.1122409 ], [ -39.090004199999989, -6.0936709 ], [ -39.0894096, -6.0879409 ], [ -39.0913592, -6.0839882 ], [ -39.0830293, -6.0768764 ], [ -39.082974, -6.0698385 ], [ -39.0754106, -6.0617268 ], [ -39.0737735, -6.051559 ], [ -39.063583, -6.0452758 ], [ -39.0601743, -6.0450835 ], [ -39.0570741, -6.0478574 ], [ -39.0536723, -6.0434034 ], [ -39.0507418, -6.0253532 ], [ -39.0419946, -6.0227614 ], [ -39.0397089, -6.0197176 ], [ -39.0300104, -6.0137893 ], [ -39.0273483, -6.0140304 ], [ -39.0225832, -6.0200461 ], [ -39.0211086, -6.0103274 ], [ -39.0185263, -6.0052294 ], [ -39.0163985, -6.0047029 ], [ -39.010783599999989, -6.0070921 ], [ -39.0058699, -6.0189882 ], [ -38.9947553, -6.0217165 ], [ -38.9923209, -6.0197607 ], [ -38.9865131, -6.0285265 ], [ -38.9848572, -6.044665 ], [ -38.9832016, -6.0483224 ], [ -38.9846954, -6.0483225 ], [ -38.9867093, -6.0617084 ], [ -38.9851811, -6.0620033 ], [ -38.9866414, -6.0652184 ], [ -38.9851502, -6.0691282 ], [ -38.9895936, -6.0775766 ], [ -38.987777, -6.0793415 ], [ -38.9856018, -6.0789117 ], [ -38.983006, -6.0896225 ], [ -38.9779115, -6.0917183 ], [ -38.980702, -6.0995299 ], [ -38.9797801, -6.1016876 ], [ -38.9761335, -6.1028124 ], [ -38.9773017, -6.1077149 ], [ -38.9726021, -6.1083054 ], [ -38.9707709, -6.1103842 ], [ -38.9754928, -6.118812 ], [ -38.969741, -6.1198881 ], [ -38.9688289, -6.1224246 ], [ -38.9730522, -6.1299912 ], [ -38.9734883, -6.1341878 ], [ -38.9861863, -6.1566295 ], [ -38.9833491, -6.1587924 ], [ -38.9863533, -6.1659227 ], [ -38.9913784, -6.1903803 ], [ -39.0031917, -6.2201643 ], [ -39.0563409, -6.2588205 ], [ -39.0614713, -6.2514843 ], [ -39.0637689, -6.2404251 ], [ -39.0660845, -6.2369519 ], [ -39.0745736, -6.2353206 ], [ -39.0919933, -6.2394565 ], [ -39.098906, -6.2435931 ], [ -39.1107485, -6.2567484 ], [ -39.134668, -6.2890171 ], [ -39.1467263, -6.297774 ], [ -39.1630903, -6.3046624 ], [ -39.1828948, -6.2984806 ], [ -39.191649399999989, -6.2974722 ] ] ] } },
{ "type": "Feature", "properties": { "CD_MUN": "2311900", "NM_MUN": "Saboeiro", "NM_UF": "Ceará", "NM_REGIAO": "Nordeste", "class_electre": 5, "class_label": "C5 (muito alto)", "Priorizacao": "Grupo 4", "class_mc_prob": 5, "ranking_pos": 32.0, "area_deg45_ha": 3150.0 }, "geometry": { "type": "Polygon", "coordinates": [ [ [ -39.7631626, -6.4001885 ], [ -39.772085, -6.4060655 ], [ -39.775974, -6.4108464 ], [ -39.7764975, -6.4143977 ], [ -39.7738204, -6.4183465 ], [ -39.7749929, -6.4216761 ], [ -39.7738629, -6.4258576 ], [ -39.775772, -6.4297389 ], [ -39.765023, -6.4427522 ], [ -39.7653694, -6.4456854 ], [ -39.7695537, -6.4500488 ], [ -39.7718441, -6.4597039 ], [ -39.7667233, -6.4700388 ], [ -39.7600646, -6.471827 ], [ -39.7582359, -6.4754077 ], [ -39.752167199999988, -6.4756474 ], [ -39.7513579, -6.4779404 ], [ -39.7460773, -6.4785385 ], [ -39.7451729, -6.4818808 ], [ -39.7389554, -6.4827835 ], [ -39.7357932, -6.4884422 ], [ -39.7319849, -6.4890416 ], [ -39.7260199, -6.493783 ], [ -39.7248463, -6.4963551 ], [ -39.7430113, -6.5049619 ], [ -39.7509187, -6.5123694 ], [ -39.7491059, -6.51575 ], [ -39.7503771, -6.5209367 ], [ -39.7480062, -6.5229123 ], [ -39.7456264, -6.5223057 ], [ -39.7451018, -6.5265926 ], [ -39.742389, -6.5303684 ], [ -39.7398985, -6.5291467 ], [ -39.7379102, -6.5358747 ], [ -39.73539, -6.5364582 ], [ -39.7350859, -6.5379329 ], [ -39.7271887, -6.5384959 ], [ -39.7287995, -6.5433889 ], [ -39.7375346, -6.5499232 ], [ -39.7414068, -6.5619427 ], [ -39.7498873, -6.5649576 ], [ -39.7532442, -6.5764772 ], [ -39.751433, -6.5815153 ], [ -39.7557726, -6.5834041 ], [ -39.7608566, -6.5819536 ], [ -39.7704436, -6.5860654 ], [ -39.7702998, -6.587861 ], [ -39.7641467, -6.5906695 ], [ -39.7624473, -6.5935852 ], [ -39.7658084, -6.6004534 ], [ -39.7738633, -6.6072802 ], [ -39.7709744, -6.6119046 ], [ -39.775879599999989, -6.617965 ], [ -39.7761593, -6.6204468 ], [ -39.7745143, -6.6243305 ], [ -39.7729417, -6.6242343 ], [ -39.7628817, -6.6192599 ], [ -39.7560585, -6.613158 ], [ -39.7451171, -6.6075073 ], [ -39.7444195, -6.6055985 ], [ -39.7335176, -6.6002531 ], [ -39.7332394, -6.6042792 ], [ -39.7270369, -6.6142249 ], [ -39.7210474, -6.6134151 ], [ -39.7192633, -6.6167146 ], [ -39.7365563, -6.6127249 ], [ -39.7507525, -6.6180886 ], [ -39.7676227, -6.6270085 ], [ -39.7738591, -6.6276039 ], [ -39.7720528, -6.6335549 ], [ -39.7791275, -6.642625 ], [ -39.7751595, -6.6496873 ], [ -39.775224, -6.6567996 ], [ -39.782189, -6.668221 ], [ -39.7952449, -6.6725626 ], [ -39.8103583, -6.6878316 ], [ -39.8291341, -6.69668 ], [ -39.8329574, -6.6999334 ], [ -39.8363464, -6.6956176 ], [ -39.8336025, -6.6903671 ], [ -39.8363886, -6.6880133 ], [ -39.8355391, -6.6853609 ], [ -39.8379876, -6.6791942 ], [ -39.8476788, -6.6798434 ], [ -39.8486866, -6.6751228 ], [ -39.8526033, -6.6742721 ], [ -39.8582716, -6.6787686 ], [ -39.8644417, -6.6798848 ], [ -39.8659588, -6.6762921 ], [ -39.8698821, -6.6791706 ], [ -39.8770671, -6.6802858 ], [ -39.8770584, -6.6754268 ], [ -39.8739397, -6.6733824 ], [ -39.8717742, -6.6696961 ], [ -39.8977246, -6.6843177 ], [ -39.9017318, -6.6844683 ], [ -39.902696, -6.6884416 ], [ -39.9048482, -6.6873188 ], [ -39.9126507, -6.6895517 ], [ -39.9130688, -6.6878279 ], [ -39.9162, -6.6905465 ], [ -39.9157492, -6.6926749 ], [ -39.9231405, -6.6976077 ], [ -39.9251486, -6.6962685 ], [ -39.9286003, -6.698836 ], [ -39.93127, -6.6982373 ], [ -39.9353517, -6.7031692 ], [ -39.9340163, -6.7033009 ], [ -39.9346425, -6.7066368 ], [ -39.9379409, -6.7078294 ], [ -39.9409855, -6.7127176 ], [ -39.9438242, -6.7075669 ], [ -39.9478984, -6.7075676 ], [ -39.9501335, -6.7047777 ], [ -39.9545018, -6.7038734 ], [ -39.9575779, -6.7011865 ], [ -39.9625567, -6.7024188 ], [ -39.9630209, -6.6941787 ], [ -39.968432, -6.6957592 ], [ -39.9704304, -6.6936185 ], [ -39.9714881, -6.6869728 ], [ -39.9766263, -6.6853401 ], [ -39.9804752, -6.6889437 ], [ -39.982331, -6.6869369 ], [ -39.975517, -6.6803841 ], [ -39.9772897, -6.679502 ], [ -39.9741711, -6.6727911 ], [ -39.9764925, -6.6722022 ], [ -39.9762111, -6.6682976 ], [ -39.9775569, -6.6709543 ], [ -39.9857424, -6.6722582 ], [ -39.9866102, -6.6802318 ], [ -39.9930209, -6.683491 ], [ -40.0037045, -6.6845823 ], [ -40.0050866, -6.6867869 ], [ -40.0165924, -6.6722173 ], [ -40.0277967, -6.6765257 ], [ -40.0295054, -6.6756005 ], [ -40.0296483, -6.6716965 ], [ -40.033297, -6.6731614 ], [ -40.0390292, -6.6725225 ], [ -40.0465965, -6.6824095 ], [ -40.0516856, -6.679678 ], [ -40.0485222, -6.6742019 ], [ -40.0548911, -6.6750731 ], [ -40.0548192, -6.6694495 ], [ -40.0379076, -6.6420354 ], [ -40.0366015, -6.6373123 ], [ -40.0400342, -6.6273234 ], [ -40.0462956, -6.6257274 ], [ -40.0544573, -6.6262609 ], [ -40.0571098, -6.6238983 ], [ -40.0548075, -6.6113376 ], [ -40.0303438, -6.595833 ], [ -40.0314652, -6.5942034 ], [ -40.0396709, -6.592942 ], [ -40.0404146, -6.590011 ], [ -40.026079599999989, -6.5817159 ], [ -40.030272, -6.5693853 ], [ -40.0301357, -6.5629195 ], [ -40.0348503, -6.5584417 ], [ -40.0336676, -6.5510961 ], [ -40.0312528, -6.5475163 ], [ -40.0311086, -6.5418552 ], [ -40.0409574, -6.5388249 ], [ -40.0407496, -6.5321957 ], [ -40.0522508, -6.5212259 ], [ -40.0495884, -6.5146935 ], [ -40.0528978, -6.5106422 ], [ -40.0554457, -6.5111043 ], [ -40.0559159, -6.5076398 ], [ -40.0584978, -6.5065815 ], [ -40.0569691, -6.5032535 ], [ -40.0590206, -6.5003106 ], [ -40.0538259, -6.4949175 ], [ -40.0575832, -6.4925887 ], [ -40.0588407, -6.4897862 ], [ -40.0531063, -6.4866609 ], [ -40.0553521, -6.4828081 ], [ -40.0553424, -6.4781177 ], [ -40.0512891, -6.4756278 ], [ -40.0519943, -6.4741905 ], [ -40.04687, -6.4721239 ], [ -40.0476752, -6.468121 ], [ -40.0512014, -6.4673336 ], [ -40.0493792, -6.4631064 ], [ -40.0511223, -6.4619374 ], [ -40.0478234, -6.4604437 ], [ -40.0498446, -6.456747 ], [ -40.0468605, -6.4540729 ], [ -40.0488099, -6.4538416 ], [ -40.0470842, -6.4523375 ], [ -40.0471749, -6.4499083 ], [ -40.043533, -6.4472236 ], [ -40.0447124, -6.444852 ], [ -40.0380424, -6.4403774 ], [ -40.0350049, -6.4407784 ], [ -40.0329774, -6.4437619 ], [ -40.0316699, -6.4419578 ], [ -40.033126, -6.4403515 ], [ -40.0286843, -6.4428976 ], [ -40.0280772, -6.4383878 ], [ -40.0334582, -6.4315902 ], [ -40.0379647, -6.4301094 ], [ -40.0423696, -6.4257091 ], [ -40.0614587, -6.4175208 ], [ -40.0668354, -6.4049706 ], [ -40.0716761, -6.4042933 ], [ -40.0761913, -6.3999772 ], [ -40.0778499, -6.3928746 ], [ -40.0848531, -6.3787887 ], [ -40.082638, -6.3719493 ], [ -40.0841055, -6.3674083 ], [ -40.0757893, -6.3685948 ], [ -40.0668469, -6.3622488 ], [ -40.0638119, -6.3624827 ], [ -40.0619802, -6.3665912 ], [ -40.0565763, -6.3637812 ], [ -40.0490888, -6.3570464 ], [ -40.0475171, -6.3496918 ], [ -40.0396225, -6.3453761 ], [ -40.0411636, -6.3389241 ], [ -40.029837, -6.3310859 ], [ -40.0245409, -6.3290821 ], [ -40.0222639, -6.3319077 ], [ -40.0157291, -6.3339348 ], [ -40.0148927, -6.3306133 ], [ -40.0102292, -6.3335439 ], [ -40.0071128, -6.3325406 ], [ -40.0013031, -6.3336616 ], [ -39.992156199999989, -6.3270284 ], [ -39.9795012, -6.3319964 ], [ -39.9744337, -6.33855 ], [ -39.9577132, -6.3330374 ], [ -39.9557362, -6.3311281 ], [ -39.9512771, -6.3328467 ], [ -39.9466273, -6.3311321 ], [ -39.9409056, -6.335589 ], [ -39.9325032, -6.3385267 ], [ -39.9313417, -6.3408647 ], [ -39.9247209, -6.3404545 ], [ -39.9229724, -6.3480157 ], [ -39.9211074, -6.3501338 ], [ -39.9244331, -6.3519432 ], [ -39.920698, -6.3527549 ], [ -39.9187325, -6.3567907 ], [ -39.9134362, -6.3556911 ], [ -39.9121968, -6.3583137 ], [ -39.9070106, -6.3617491 ], [ -39.8946634, -6.3622735 ], [ -39.8958085, -6.364085 ], [ -39.8946725, -6.3680162 ], [ -39.8864619, -6.3614817 ], [ -39.8796158, -6.3635086 ], [ -39.8747308, -6.35969 ], [ -39.8661356, -6.3568495 ], [ -39.8543956, -6.3580299 ], [ -39.8497085, -6.35449 ], [ -39.8452352, -6.3474438 ], [ -39.8449151, -6.3424043 ], [ -39.8480252, -6.3407855 ], [ -39.8401183, -6.3291101 ], [ -39.8386587, -6.3243763 ], [ -39.8352307, -6.3227691 ], [ -39.8304299, -6.3072569 ], [ -39.8325022, -6.3040298 ], [ -39.8324951, -6.2995958 ], [ -39.8381985, -6.2967655 ], [ -39.836429, -6.2937453 ], [ -39.8308217, -6.2910335 ], [ -39.828673699999989, -6.2880809 ], [ -39.8241781, -6.2897324 ], [ -39.821165199999989, -6.2881262 ], [ -39.8221894, -6.2794573 ], [ -39.8191739, -6.2766409 ], [ -39.8203089, -6.2718026 ], [ -39.817918899999988, -6.2695079 ], [ -39.8168351, -6.263166 ], [ -39.8091491, -6.2648185 ], [ -39.8059376, -6.2605127 ], [ -39.8093853, -6.252305 ], [ -39.8067372, -6.2514181 ], [ -39.8078066, -6.2462571 ], [ -39.8017411, -6.2453943 ], [ -39.7964412, -6.2416476 ], [ -39.792313, -6.2297771 ], [ -39.7864924, -6.2206107 ], [ -39.7853801, -6.2136506 ], [ -39.7890942, -6.2101987 ], [ -39.7892953, -6.2064763 ], [ -39.7828561, -6.2073876 ], [ -39.7788874, -6.2050181 ], [ -39.7739651, -6.2064833 ], [ -39.7701877, -6.204957 ], [ -39.7680821, -6.2064919 ], [ -39.7676091, -6.210033 ], [ -39.7633296, -6.2108769 ], [ -39.7640871, -6.2223029 ], [ -39.7600614, -6.2401992 ], [ -39.7538887, -6.2394298 ], [ -39.7496893, -6.22837 ], [ -39.733128, -6.2221588 ], [ -39.7341051, -6.2123102 ], [ -39.732236, -6.2096203 ], [ -39.7297584, -6.2078647 ], [ -39.7212912, -6.206907 ], [ -39.7181356, -6.2077011 ], [ -39.7163468, -6.2112934 ], [ -39.7154145, -6.2195839 ], [ -39.7177134, -6.2217827 ], [ -39.7221512, -6.2351265 ], [ -39.726555, -6.2367852 ], [ -39.7298936, -6.241222 ], [ -39.732362, -6.2413334 ], [ -39.7344559, -6.2452998 ], [ -39.7328397, -6.2480944 ], [ -39.7349466, -6.258257 ], [ -39.7329634, -6.258173 ], [ -39.7308655, -6.2630463 ], [ -39.7285801, -6.2621639 ], [ -39.7302998, -6.2664186 ], [ -39.7276684, -6.2694 ], [ -39.7278642, -6.2713958 ], [ -39.7250896, -6.271323 ], [ -39.7261214, -6.2702494 ], [ -39.7248526, -6.2686637 ], [ -39.7217748, -6.2689551 ], [ -39.7201577, -6.2727609 ], [ -39.7089062, -6.3403965 ], [ -39.7145238, -6.3473852 ], [ -39.7158213, -6.3515477 ], [ -39.7141674, -6.3589688 ], [ -39.7196835, -6.3595718 ], [ -39.7237443, -6.3656284 ], [ -39.7272227, -6.3670219 ], [ -39.7277166, -6.3710428 ], [ -39.7339151, -6.3708603 ], [ -39.734387, -6.3733228 ], [ -39.7393827, -6.3747828 ], [ -39.740576, -6.3815444 ], [ -39.7433247, -6.3859537 ], [ -39.750743, -6.3887869 ], [ -39.7581623, -6.3995265 ], [ -39.7631626, -6.4001885 ] ] ] } },
{ "type": "Feature", "properties": { "CD_MUN": "2311959", "NM_MUN": "Salitre", "NM_UF": "Ceará", "NM_REGIAO": "Nordeste", "class_electre": 5, "class_label": "C5 (muito alto)", "Priorizacao": "Grupo 4", "class_mc_prob": 5, "ranking_pos": 27.0, "area_deg45_ha": 8975.0 }, "geometry": { "type": "Polygon", "coordinates": [ [ [ -40.3219071, -7.0890984 ], [ -40.3239014, -7.0819712 ], [ -40.3153628, -7.0768165 ], [ -40.3089166, -7.0757779 ], [ -40.3064002, -7.077404 ], [ -40.299081, -7.0779121 ], [ -40.2913549, -7.0756315 ], [ -40.288049, -7.0719069 ], [ -40.2806472, -7.0695793 ], [ -40.2520463, -7.0678788 ], [ -40.2481406, -7.0631961 ], [ -40.2515634, -7.0602254 ], [ -40.2478897, -7.0550666 ], [ -40.2421047, -7.0512703 ], [ -40.2395842, -7.0473909 ], [ -40.2326855, -7.0435471 ], [ -40.2304852, -7.0402256 ], [ -40.2208607, -7.0376665 ], [ -40.2131401, -7.0293568 ], [ -40.1929882, -7.0255368 ], [ -40.1843855, -7.0208967 ], [ -40.1810335, -7.0172582 ], [ -40.1771726, -7.0191172 ], [ -40.1676653, -7.0146348 ], [ -40.1559665, -7.0151107 ], [ -40.1481739, -7.0086223 ], [ -40.1425487, -7.0072205 ], [ -40.133879, -7.0009636 ], [ -40.1301869, -7.0024095 ], [ -40.1247109, -7.011903 ], [ -40.1204067, -7.0149227 ], [ -40.1222966, -7.0220734 ], [ -40.1244902, -7.0200998 ], [ -40.1230505, -7.0177638 ], [ -40.1281561, -7.019394 ], [ -40.143759, -7.0274594 ], [ -40.1428442, -7.0296093 ], [ -40.1461873, -7.032008 ], [ -40.1672903, -7.039013 ], [ -40.1647063, -7.0473675 ], [ -40.166737, -7.0500219 ], [ -40.1685807, -7.0590936 ], [ -40.177482, -7.0679712 ], [ -40.1752517, -7.0728774 ], [ -40.1761794, -7.0763341 ], [ -40.1744043, -7.077593 ], [ -40.182985, -7.0850832 ], [ -40.1871799, -7.0845235 ], [ -40.1930243, -7.0895772 ], [ -40.1949139, -7.0888832 ], [ -40.2047454, -7.0946725 ], [ -40.2076772, -7.0945787 ], [ -40.2106214, -7.0992228 ], [ -40.2140123, -7.0966067 ], [ -40.2200198, -7.1041515 ], [ -40.2227495, -7.1036992 ], [ -40.2253017, -7.1067936 ], [ -40.2276311, -7.1071464 ], [ -40.2279281, -7.1107493 ], [ -40.2288176, -7.1094676 ], [ -40.2320724, -7.111687 ], [ -40.2330581, -7.1103193 ], [ -40.2394402, -7.1122644 ], [ -40.2421798, -7.1279483 ], [ -40.255945, -7.1390779 ], [ -40.2625857, -7.1482706 ], [ -40.26199, -7.1626238 ], [ -40.2641234, -7.1691719 ], [ -40.2686291, -7.1747148 ], [ -40.2686911, -7.1783417 ], [ -40.2662442, -7.1864354 ], [ -40.2623634, -7.1921686 ], [ -40.2623271, -7.196392 ], [ -40.2522232, -7.2002304 ], [ -40.2509123, -7.2185088 ], [ -40.2488638, -7.2256329 ], [ -40.2530392, -7.2326128 ], [ -40.266758, -7.2484498 ], [ -40.2441139, -7.3163417 ], [ -40.2419717, -7.3179952 ], [ -40.2475334, -7.3137186 ], [ -40.2556958, -7.3061993 ], [ -40.2629956, -7.3010209 ], [ -40.2838808, -7.2991745 ], [ -40.2965445, -7.3009515 ], [ -40.3107408, -7.3006974 ], [ -40.3185632, -7.3033404 ], [ -40.3293944, -7.3185579 ], [ -40.3507936, -7.3341714 ], [ -40.3554554, -7.3472757 ], [ -40.3609839, -7.3556007 ], [ -40.3727696, -7.3624404 ], [ -40.3874805, -7.3670348 ], [ -40.4110261, -7.3685584 ], [ -40.4335917, -7.3671782 ], [ -40.449055, -7.3611255 ], [ -40.5004686, -7.3279953 ], [ -40.5102865, -7.3228302 ], [ -40.5237232, -7.3184505 ], [ -40.5142687, -7.3078321 ], [ -40.5116313, -7.2994306 ], [ -40.5157994, -7.2644616 ], [ -40.5135611, -7.2397033 ], [ -40.5109597, -7.2338543 ], [ -40.5102684, -7.2243555 ], [ -40.5042512, -7.2047963 ], [ -40.5012969, -7.1886528 ], [ -40.4947919, -7.1823441 ], [ -40.4957103, -7.1696181 ], [ -40.4843697, -7.1331987 ], [ -40.4853014, -7.1270179 ], [ -40.4897393, -7.1186901 ], [ -40.4852507, -7.1110093 ], [ -40.4704331, -7.0939704 ], [ -40.4694212, -7.0876441 ], [ -40.4593637, -7.0784977 ], [ -40.4410436, -7.0797754 ], [ -40.4409193, -7.0829429 ], [ -40.4440274, -7.0841966 ], [ -40.4469213, -7.089293 ], [ -40.3296326, -7.1288975 ], [ -40.3203481, -7.1281383 ], [ -40.3247591, -7.116026 ], [ -40.3223962, -7.114356 ], [ -40.3202779, -7.1087041 ], [ -40.3257035, -7.0988054 ], [ -40.3219071, -7.0890984 ] ] ] } },
{ "type": "Feature", "properties": { "CD_MUN": "2312502", "NM_MUN": "São João do Jaguaribe", "NM_UF": "Ceará", "NM_REGIAO": "Nordeste", "class_electre": 5, "class_label": "C5 (muito alto)", "Priorizacao": "Grupo 5", "class_mc_prob": 5, "ranking_pos": 9.0, "area_deg45_ha": 7500.0 }, "geometry": { "type": "Polygon", "coordinates": [ [ [ -38.158549, -5.3578129 ], [ -38.2315332, -5.3942445 ], [ -38.2429141, -5.3955826 ], [ -38.245381, -5.3936615 ], [ -38.2539934, -5.3927818 ], [ -38.2599459, -5.3945125 ], [ -38.2607122, -5.4104572 ], [ -38.3136625, -5.3834202 ], [ -38.3147613, -5.389527 ], [ -38.3209948, -5.3942909 ], [ -38.3218574, -5.3971041 ], [ -38.3323899, -5.4016931 ], [ -38.3413075, -5.4035487 ], [ -38.3944479, -5.3629531 ], [ -38.3877569, -5.3558295 ], [ -38.3626287, -5.3494038 ], [ -38.3494976, -5.3266331 ], [ -38.3297036, -5.3171498 ], [ -38.327769, -5.3110191 ], [ -38.3305152, -5.3060079 ], [ -38.3374903, -5.3009262 ], [ -38.3384648, -5.2968747 ], [ -38.337184, -5.2945041 ], [ -38.333583, -5.293014 ], [ -38.3277896, -5.2727312 ], [ -38.3166533, -5.2666601 ], [ -38.3151315, -5.2619573 ], [ -38.3114281, -5.2595579 ], [ -38.3001159, -5.258638 ], [ -38.2979099, -5.2571223 ], [ -38.2868279, -5.2459308 ], [ -38.278379, -5.242092 ], [ -38.2625123, -5.225724 ], [ -38.2582884, -5.2244929 ], [ -38.2380566, -5.2109101 ], [ -38.210669, -5.2452356 ], [ -38.2232132, -5.2765289 ], [ -38.2213581, -5.280332 ], [ -38.2251872, -5.2827301 ], [ -38.2240719, -5.2867974 ], [ -38.2251885, -5.2913103 ], [ -38.222834, -5.2934255 ], [ -38.2214197, -5.297971 ], [ -38.2190437, -5.2981475 ], [ -38.2179948, -5.296684 ], [ -38.2159033, -5.2986103 ], [ -38.2165805, -5.3046632 ], [ -38.2123203, -5.3092681 ], [ -38.2125444, -5.3121163 ], [ -38.2043979, -5.3148823 ], [ -38.2067839, -5.318946 ], [ -38.2113871, -5.3198077 ], [ -38.2026335, -5.3234989 ], [ -38.2013574, -5.3303991 ], [ -38.1994026, -5.3301948 ], [ -38.1981799, -5.3258919 ], [ -38.1915548, -5.3253234 ], [ -38.184871, -5.3330844 ], [ -38.1771759, -5.3344 ], [ -38.1730544, -5.3414593 ], [ -38.170162, -5.3507575 ], [ -38.158549, -5.3578129 ] ] ] } },
{ "type": "Feature", "properties": { "CD_MUN": "2313104", "NM_MUN": "Tabuleiro do Norte", "NM_UF": "Ceará", "NM_REGIAO": "Nordeste", "class_electre": 5, "class_label": "C5 (muito alto)", "Priorizacao": "Grupo 5", "class_mc_prob": 5, "ranking_pos": 6.0, "area_deg45_ha": 33825.0 }, "geometry": { "type": "Polygon", "coordinates": [ [ [ -38.1096495, -5.4033452 ], [ -38.1148935, -5.4011669 ], [ -38.117456, -5.401877 ], [ -38.1192911, -5.3967521 ], [ -38.1423335, -5.3780909 ], [ -38.1426513, -5.3716542 ], [ -38.1449636, -5.3688148 ], [ -38.1496698, -5.3667589 ], [ -38.1562887, -5.3587523 ], [ -38.169418, -5.3516828 ], [ -38.1771759, -5.3344 ], [ -38.184871, -5.3330844 ], [ -38.1915548, -5.3253234 ], [ -38.1981799, -5.3258919 ], [ -38.1994026, -5.3301948 ], [ -38.2013574, -5.3303991 ], [ -38.2026335, -5.3234989 ], [ -38.2113871, -5.3198077 ], [ -38.2067839, -5.318946 ], [ -38.2043979, -5.3148823 ], [ -38.2125444, -5.3121163 ], [ -38.2123203, -5.3092681 ], [ -38.2165805, -5.3046632 ], [ -38.2159033, -5.2986103 ], [ -38.2179948, -5.296684 ], [ -38.2190437, -5.2981475 ], [ -38.2214197, -5.297971 ], [ -38.222834, -5.2934255 ], [ -38.2251885, -5.2913103 ], [ -38.2240719, -5.2867974 ], [ -38.2251872, -5.2827301 ], [ -38.2213581, -5.280332 ], [ -38.2232132, -5.2765289 ], [ -38.210669, -5.2452356 ], [ -38.2333613, -5.2169793 ], [ -38.2243729, -5.1985933 ], [ -38.224027, -5.1945007 ], [ -38.2291661, -5.1861847 ], [ -38.2340891, -5.1826648 ], [ -38.2381634, -5.1686947 ], [ -38.2320375, -5.1623507 ], [ -38.2081667, -5.1936676 ], [ -38.1343839, -5.2133989 ], [ -38.1256784, -5.2083124 ], [ -38.1231305, -5.2079499 ], [ -38.1210334, -5.2095625 ], [ -38.1179998, -5.2086847 ], [ -38.1148555, -5.2016275 ], [ -38.1092522, -5.1968554 ], [ -38.0993666, -5.1944287 ], [ -38.0946897, -5.1911472 ], [ -38.0870793, -5.1918083 ], [ -38.0743973, -5.1857633 ], [ -38.0726998, -5.1816769 ], [ -38.0697406, -5.1811101 ], [ -38.0673205, -5.1831947 ], [ -38.0684699, -5.1841259 ], [ -38.0540524, -5.1936222 ], [ -38.0537202, -5.1992937 ], [ -38.050867, -5.1996365 ], [ -38.046326, -5.2051326 ], [ -38.0353333, -5.2122096 ], [ -38.0333933, -5.2168817 ], [ -38.0238526, -5.2192632 ], [ -38.0040921, -5.2384076 ], [ -37.9955487, -5.2424337 ], [ -37.9953642, -5.2446714 ], [ -37.9813885, -5.2475801 ], [ -37.9770978, -5.2528287 ], [ -37.9675463, -5.2544044 ], [ -37.9546617, -5.2725134 ], [ -37.9483124, -5.2759851 ], [ -37.9325576, -5.2902021 ], [ -37.9302104, -5.2971669 ], [ -37.7864394, -5.2968934 ], [ -37.8042859, -5.3127867 ], [ -37.8228742, -5.3229399 ], [ -37.8357125, -5.3353866 ], [ -37.8474704, -5.3400231 ], [ -37.8576574, -5.3567237 ], [ -37.8586405, -5.3671956 ], [ -37.8637361, -5.3740914 ], [ -37.8642752, -5.3783526 ], [ -37.8593159, -5.3957345 ], [ -37.8604816, -5.4066857 ], [ -37.876985, -5.4273892 ], [ -37.8864846, -5.4438296 ], [ -37.8895409, -5.4522882 ], [ -37.8922253, -5.4807596 ], [ -37.8984182, -5.4858791 ], [ -37.9015773, -5.4997924 ], [ -37.9174904, -5.5053608 ], [ -37.9272726, -5.5022296 ], [ -37.9326343, -5.5031077 ], [ -37.9480565, -5.5346449 ], [ -37.9601702, -5.5402092 ], [ -37.9756855, -5.550774 ], [ -37.9900372, -5.5557979 ], [ -37.9978934, -5.5680906 ], [ -37.9996701, -5.5748272 ], [ -37.9983274, -5.5853175 ], [ -38.0139641, -5.5943981 ], [ -38.028067899999989, -5.6233236 ], [ -38.0594539, -5.6297645 ], [ -38.0574188, -5.6101173 ], [ -38.0358634, -5.5695561 ], [ -38.0379772, -5.5591883 ], [ -38.0414317, -5.5519303 ], [ -38.0435257, -5.5307464 ], [ -38.0483277, -5.5233823 ], [ -38.0496525, -5.5153841 ], [ -38.0532221, -5.5077138 ], [ -38.0592754, -5.5013793 ], [ -38.0677224, -5.4848339 ], [ -38.0738198, -5.461442 ], [ -38.07878, -5.4529146 ], [ -38.0777562, -5.4436297 ], [ -38.080208299999988, -5.4410111 ], [ -38.0804997, -5.4353703 ], [ -38.0871849, -5.4342791 ], [ -38.0924688, -5.429578 ], [ -38.0913277, -5.4274438 ], [ -38.093699, -5.4267379 ], [ -38.0938709, -5.4243722 ], [ -38.1031692, -5.4199851 ], [ -38.1053796, -5.4117385 ], [ -38.1095277, -5.408328 ], [ -38.1108124, -5.40503 ], [ -38.1096495, -5.4033452 ] ] ] } },
{ "type": "Feature", "properties": { "CD_MUN": "2313708", "NM_MUN": "Umari", "NM_UF": "Ceará", "NM_REGIAO": "Nordeste", "class_electre": 5, "class_label": "C5 (muito alto)", "Priorizacao": "Grupo 4", "class_mc_prob": 5, "ranking_pos": 20.0, "area_deg45_ha": 5325.0 }, "geometry": { "type": "Polygon", "coordinates": [ [ [ -38.7019172, -6.6984442 ], [ -38.7230707, -6.6885658 ], [ -38.7387282, -6.6779606 ], [ -38.7457865, -6.6775301 ], [ -38.750636299999989, -6.6744072 ], [ -38.7597178, -6.6760536 ], [ -38.7682917, -6.6709266 ], [ -38.769785, -6.6718751 ], [ -38.7727451, -6.6691479 ], [ -38.7762837, -6.6689792 ], [ -38.7857928, -6.6645418 ], [ -38.7942149, -6.6647589 ], [ -38.7947003, -6.662404 ], [ -38.7985354, -6.6618722 ], [ -38.8012166, -6.6587919 ], [ -38.8051809, -6.6582908 ], [ -38.8096327, -6.6599153 ], [ -38.8285962, -6.6586703 ], [ -38.8314222, -6.6594552 ], [ -38.8340353, -6.6652569 ], [ -38.838400299999989, -6.6639467 ], [ -38.8422053, -6.6677817 ], [ -38.843739, -6.667271 ], [ -38.8507781, -6.6471174 ], [ -38.8735394, -6.6118104 ], [ -38.8721934, -6.5966308 ], [ -38.8691711, -6.5941097 ], [ -38.869021, -6.5914314 ], [ -38.8773733, -6.5852081 ], [ -38.8765668, -6.5816181 ], [ -38.8620103, -6.5875422 ], [ -38.8546121, -6.5968804 ], [ -38.8354585, -6.5990873 ], [ -38.8334992, -6.5941093 ], [ -38.8303557, -6.5940196 ], [ -38.823085, -6.5971036 ], [ -38.796008, -6.599029 ], [ -38.7908691, -6.6006606 ], [ -38.7755412, -6.6123207 ], [ -38.773826, -6.6122349 ], [ -38.7676511, -6.6060518 ], [ -38.7622465, -6.6068209 ], [ -38.7607019, -6.6057038 ], [ -38.7565389, -6.5999892 ], [ -38.7561469, -6.5968999 ], [ -38.7509234, -6.5917817 ], [ -38.737279, -6.5885923 ], [ -38.7312741, -6.5855243 ], [ -38.7361778, -6.5824613 ], [ -38.7344646, -6.5771874 ], [ -38.7361815, -6.5753483 ], [ -38.7352045, -6.5703915 ], [ -38.7020513, -6.5555542 ], [ -38.6949707, -6.5607219 ], [ -38.6792829, -6.5630686 ], [ -38.6723867, -6.5554736 ], [ -38.6636731, -6.5502719 ], [ -38.6595596, -6.545852 ], [ -38.6561195, -6.5481142 ], [ -38.6530621, -6.5476432 ], [ -38.6468418, -6.5423578 ], [ -38.6418695, -6.5413809 ], [ -38.6400927, -6.5380254 ], [ -38.6372225, -6.5383698 ], [ -38.6350116, -6.5349624 ], [ -38.6268131, -6.5315777 ], [ -38.6226263, -6.5308432 ], [ -38.6176957, -6.5328349 ], [ -38.6122804, -6.5328811 ], [ -38.6070845, -6.5295148 ], [ -38.6121695, -6.5383173 ], [ -38.6266059, -6.5529542 ], [ -38.6256612, -6.5579835 ], [ -38.6326318, -6.562437 ], [ -38.6330812, -6.5692103 ], [ -38.6428534, -6.5811777 ], [ -38.6329341, -6.5899254 ], [ -38.6296563, -6.5980454 ], [ -38.6291604, -6.6045824 ], [ -38.6387697, -6.6128436 ], [ -38.6466593, -6.6159807 ], [ -38.6491293, -6.6275858 ], [ -38.6509253, -6.6269546 ], [ -38.6552633, -6.6304788 ], [ -38.6570803, -6.6422895 ], [ -38.6532655, -6.6438404 ], [ -38.6469653, -6.6542076 ], [ -38.6460225, -6.6602643 ], [ -38.6519647, -6.6731834 ], [ -38.6556011, -6.6722803 ], [ -38.6623614, -6.6743179 ], [ -38.6605834, -6.6788019 ], [ -38.6644625, -6.6801914 ], [ -38.6650196, -6.6839734 ], [ -38.6731505, -6.6972212 ], [ -38.6730594, -6.7006379 ], [ -38.6700365, -6.7025483 ], [ -38.6725406, -6.7062314 ], [ -38.6771879, -6.7021938 ], [ -38.6858705, -6.7042743 ], [ -38.6926414, -6.7002951 ], [ -38.7019172, -6.6984442 ] ] ] } },
{ "type": "Feature", "properties": { "CD_MUN": "2400109", "NM_MUN": "Acari", "NM_UF": "Rio Grande do Norte", "NM_REGIAO": "Nordeste", "class_electre": 5, "class_label": "C5 (muito alto)", "Priorizacao": "Grupo 3", "class_mc_prob": 5, "ranking_pos": 40.0, "area_deg45_ha": 2050.0 }, "geometry": { "type": "Polygon", "coordinates": [ [ [ -36.7577657, -6.5128332 ], [ -36.7611108, -6.5156708 ], [ -36.7657248, -6.5087874 ], [ -36.7743156, -6.4729624 ], [ -36.7612286, -6.4785464 ], [ -36.7422584, -6.3929376 ], [ -36.741753, -6.3776234 ], [ -36.75243, -6.3538949 ], [ -36.7485853, -6.3503232 ], [ -36.7484287, -6.3415683 ], [ -36.7391512, -6.3364231 ], [ -36.7541536, -6.3205431 ], [ -36.7523687, -6.3167223 ], [ -36.7447389, -6.3105328 ], [ -36.73856, -6.3018074 ], [ -36.7163949, -6.3009969 ], [ -36.7157505, -6.2952585 ], [ -36.7134936, -6.2943534 ], [ -36.7132619, -6.2900321 ], [ -36.7106525, -6.2868915 ], [ -36.7095898, -6.2769569 ], [ -36.7016558, -6.2740456 ], [ -36.6985882, -6.2768585 ], [ -36.6928844, -6.2726061 ], [ -36.6895986, -6.2745751 ], [ -36.6815942, -6.2698053 ], [ -36.6779574, -6.2713234 ], [ -36.6756183, -6.2699686 ], [ -36.672502, -6.2752692 ], [ -36.6625329, -6.2785189 ], [ -36.6585451, -6.2766965 ], [ -36.6547437, -6.2722158 ], [ -36.6519887, -6.27341 ], [ -36.6452484, -6.270451 ], [ -36.6398087, -6.2713032 ], [ -36.6306125, -6.2685131 ], [ -36.6283551, -6.271128 ], [ -36.629025, -6.2752087 ], [ -36.6262219, -6.2855315 ], [ -36.6196801, -6.2881431 ], [ -36.6175071, -6.2923193 ], [ -36.6138399, -6.2930747 ], [ -36.5960588, -6.2882333 ], [ -36.5924905, -6.296989 ], [ -36.5842402, -6.3005423 ], [ -36.5858134, -6.3044686 ], [ -36.5847531, -6.3063759 ], [ -36.5758491, -6.3078135 ], [ -36.5644363, -6.3128552 ], [ -36.5599423, -6.3274365 ], [ -36.5576417, -6.328615 ], [ -36.55762, -6.3302351 ], [ -36.5548242, -6.3308027 ], [ -36.5532322, -6.3398778 ], [ -36.547984, -6.3443741 ], [ -36.5508577, -6.3507932 ], [ -36.5508568, -6.361855 ], [ -36.5458384, -6.363805 ], [ -36.542425, -6.3729028 ], [ -36.5380353, -6.3726111 ], [ -36.5178284, -6.3782125 ], [ -36.5043775, -6.3864509 ], [ -36.5074919, -6.4001167 ], [ -36.5107319, -6.407478 ], [ -36.5186723, -6.4180797 ], [ -36.5289271, -6.4433383 ], [ -36.5309716, -6.4520716 ], [ -36.5295303, -6.465666 ], [ -36.5308248, -6.4718315 ], [ -36.528211, -6.4792842 ], [ -36.5456655, -6.4841456 ], [ -36.5490384, -6.482903 ], [ -36.5514456, -6.4840772 ], [ -36.5586225, -6.4781807 ], [ -36.5605175, -6.4795906 ], [ -36.5678522, -6.4780738 ], [ -36.5797772, -6.4729083 ], [ -36.5870656, -6.4841613 ], [ -36.5945912, -6.4854603 ], [ -36.6258, -6.5112611 ], [ -36.6231833, -6.5167091 ], [ -36.6294843, -6.5226212 ], [ -36.6309165, -6.5263398 ], [ -36.6365741, -6.5280552 ], [ -36.6426057, -6.5350291 ], [ -36.6480995, -6.5328723 ], [ -36.6584314, -6.5546023 ], [ -36.6753199, -6.5769747 ], [ -36.679748, -6.5793492 ], [ -36.6789762, -6.5513388 ], [ -36.6950618, -6.557893 ], [ -36.7035158, -6.5381993 ], [ -36.7047899, -6.5393414 ], [ -36.708718, -6.5355875 ], [ -36.7124084, -6.536887 ], [ -36.7241748, -6.5281071 ], [ -36.7367362, -6.5250294 ], [ -36.7406479, -6.5216721 ], [ -36.7428692, -6.5167295 ], [ -36.7474234, -6.5182144 ], [ -36.7491573, -6.5134176 ], [ -36.7503937, -6.5130399 ], [ -36.7516811, -6.5159676 ], [ -36.7536875, -6.5132722 ], [ -36.7577657, -6.5128332 ] ] ] } },
{ "type": "Feature", "properties": { "CD_MUN": "2401651", "NM_MUN": "Bodó", "NM_UF": "Rio Grande do Norte", "NM_REGIAO": "Nordeste", "class_electre": 5, "class_label": "C5 (muito alto)", "Priorizacao": "Grupo 4", "class_mc_prob": 5, "ranking_pos": 33.0, "area_deg45_ha": 2725.0 }, "geometry": { "type": "Polygon", "coordinates": [ [ [ -36.5403828, -5.9897415 ], [ -36.4750083, -5.9265731 ], [ -36.4354731, -5.9108868 ], [ -36.4295403, -5.9043053 ], [ -36.4267775, -5.9046609 ], [ -36.4148237, -5.8584289 ], [ -36.4011342, -5.8596179 ], [ -36.3893135, -5.8523188 ], [ -36.3860572, -5.8522151 ], [ -36.3835493, -5.8541427 ], [ -36.3826534, -5.8594434 ], [ -36.3777541, -5.8667803 ], [ -36.3682147, -5.8746587 ], [ -36.3649628, -5.8752225 ], [ -36.3621823, -5.8732345 ], [ -36.3511198, -5.8706291 ], [ -36.3358706, -5.87153 ], [ -36.3304691, -5.8742685 ], [ -36.3301756, -5.8789017 ], [ -36.3342562, -5.891426 ], [ -36.3332969, -5.8993363 ], [ -36.3385173, -5.9073624 ], [ -36.3720052, -5.8956044 ], [ -36.3736904, -5.9115356 ], [ -36.3630856, -5.968924 ], [ -36.3704492, -5.9696721 ], [ -36.3725191, -5.9775444 ], [ -36.3796276, -5.986591 ], [ -36.3924282, -5.9897633 ], [ -36.3946768, -6.0129612 ], [ -36.4106438, -6.0212172 ], [ -36.44873, -6.0114907 ], [ -36.4441675, -6.04142 ], [ -36.4706628, -6.0452495 ], [ -36.5217886, -6.0466706 ], [ -36.5474391, -6.0562746 ], [ -36.5403828, -5.9897415 ] ] ] } },
{ "type": "Feature", "properties": { "CD_MUN": "2401701", "NM_MUN": "Bom Jesus", "NM_UF": "Rio Grande do Norte", "NM_REGIAO": "Nordeste", "class_electre": 5, "class_label": "C5 (muito alto)", "Priorizacao": "Grupo 5", "class_mc_prob": 5, "ranking_pos": 1.0, "area_deg45_ha": 10325.0 }, "geometry": { "type": "Polygon", "coordinates": [ [ [ -35.5374835, -5.9958909 ], [ -35.5707786, -6.0795447 ], [ -35.6474828, -6.0160379 ], [ -35.6501929, -5.9764352 ], [ -35.5722267, -5.9323081 ], [ -35.5556165, -5.9484955 ], [ -35.5374835, -5.9958909 ] ] ] } },
{ "type": "Feature", "properties": { "CD_MUN": "2401800", "NM_MUN": "Brejinho", "NM_UF": "Rio Grande do Norte", "NM_REGIAO": "Nordeste", "class_electre": 5, "class_label": "C5 (muito alto)", "Priorizacao": "Grupo 5", "class_mc_prob": 5, "ranking_pos": 5.0, "area_deg45_ha": 4425.0 }, "geometry": { "type": "Polygon", "coordinates": [ [ [ -35.3454269, -6.1953198 ], [ -35.345414, -6.2118439 ], [ -35.3581296, -6.2498125 ], [ -35.4013602, -6.24539 ], [ -35.4010916, -6.2524404 ], [ -35.4051482, -6.2635261 ], [ -35.4209384, -6.2732311 ], [ -35.4364252, -6.2534265 ], [ -35.40302, -6.2103246 ], [ -35.3813898, -6.1584597 ], [ -35.3523816, -6.1819666 ], [ -35.339371899999989, -6.1854459 ], [ -35.3454269, -6.1953198 ] ] ] } },
{ "type": "Feature", "properties": { "CD_MUN": "2402402", "NM_MUN": "Carnaúba dos Dantas", "NM_UF": "Rio Grande do Norte", "NM_REGIAO": "Nordeste", "class_electre": 5, "class_label": "C5 (muito alto)", "Priorizacao": "Grupo 3", "class_mc_prob": 5, "ranking_pos": 38.0, "area_deg45_ha": 1400.0 }, "geometry": { "type": "Polygon", "coordinates": [ [ [ -36.5665427, -6.5999613 ], [ -36.5698362, -6.5974037 ], [ -36.5754923, -6.5979275 ], [ -36.5875073, -6.5847987 ], [ -36.6121354, -6.5850879 ], [ -36.6240272, -6.592173 ], [ -36.6267065, -6.5927978 ], [ -36.6311401, -6.5908289 ], [ -36.6364058, -6.5924017 ], [ -36.6472264, -6.5850246 ], [ -36.6515639, -6.5858082 ], [ -36.679748, -6.5793492 ], [ -36.6753199, -6.5769747 ], [ -36.6584314, -6.5546023 ], [ -36.6480995, -6.5328723 ], [ -36.6426057, -6.5350291 ], [ -36.6365741, -6.5280552 ], [ -36.6309165, -6.5263398 ], [ -36.6294843, -6.5226212 ], [ -36.6231833, -6.5167091 ], [ -36.6258, -6.5112611 ], [ -36.5945912, -6.4854603 ], [ -36.5870656, -6.4841613 ], [ -36.5797772, -6.4729083 ], [ -36.5678522, -6.4780738 ], [ -36.5605175, -6.4795906 ], [ -36.5586225, -6.4781807 ], [ -36.5514456, -6.4840772 ], [ -36.5490384, -6.482903 ], [ -36.5456655, -6.4841456 ], [ -36.528211, -6.4792842 ], [ -36.5258468, -6.5011613 ], [ -36.5164741, -6.5029073 ], [ -36.5004337, -6.5135075 ], [ -36.4885903, -6.5164328 ], [ -36.4826305, -6.519538 ], [ -36.4809566, -6.5230828 ], [ -36.4807454, -6.5353318 ], [ -36.4756218, -6.544934 ], [ -36.4715443, -6.5483516 ], [ -36.4545003, -6.55171 ], [ -36.4459749, -6.5562019 ], [ -36.4422325, -6.5647059 ], [ -36.4411475, -6.6000186 ], [ -36.4362792, -6.6282245 ], [ -36.4382223, -6.6292835 ], [ -36.449348799999989, -6.6241976 ], [ -36.4539939, -6.6265971 ], [ -36.458285599999989, -6.6339706 ], [ -36.460518, -6.6343936 ], [ -36.4664048, -6.6284496 ], [ -36.4734806, -6.6144067 ], [ -36.4849956, -6.6108014 ], [ -36.4937731, -6.6035495 ], [ -36.5020231, -6.6014839 ], [ -36.5056685, -6.5970378 ], [ -36.5116575, -6.5944134 ], [ -36.5187685, -6.5956868 ], [ -36.5245427, -6.5996533 ], [ -36.5207427, -6.6106016 ], [ -36.5324546, -6.6070599 ], [ -36.5500253, -6.6080235 ], [ -36.5521004, -6.6050856 ], [ -36.5553547, -6.6043945 ], [ -36.5572108, -6.6002485 ], [ -36.5623084, -6.5978466 ], [ -36.5665427, -6.5999613 ] ] ] } },
{ "type": "Feature", "properties": { "CD_MUN": "2402709", "NM_MUN": "Cerro Corá", "NM_UF": "Rio Grande do Norte", "NM_REGIAO": "Nordeste", "class_electre": 5, "class_label": "C5 (muito alto)", "Priorizacao": "Grupo 3", "class_mc_prob": 5, "ranking_pos": 35.0, "area_deg45_ha": 3125.0 }, "geometry": { "type": "Polygon", "coordinates": [ [ [ -36.320984, -6.1124606 ], [ -36.3433715, -6.0979498 ], [ -36.4116998, -6.1042003 ], [ -36.4147681, -6.0949875 ], [ -36.4199616, -6.0901454 ], [ -36.426756, -6.0925668 ], [ -36.4441675, -6.04142 ], [ -36.44873, -6.0114907 ], [ -36.4106438, -6.0212172 ], [ -36.3946768, -6.0129612 ], [ -36.3924282, -5.9897633 ], [ -36.3796276, -5.986591 ], [ -36.3725191, -5.9775444 ], [ -36.3704492, -5.9696721 ], [ -36.3630856, -5.968924 ], [ -36.3736904, -5.9115356 ], [ -36.3720052, -5.8956044 ], [ -36.3385173, -5.9073624 ], [ -36.3332969, -5.8993363 ], [ -36.3340463, -5.8898 ], [ -36.3323412, -5.8940985 ], [ -36.3206708, -5.8655735 ], [ -36.284752, -5.8592915 ], [ -36.276091099999988, -5.8455465 ], [ -36.2694641, -5.8432208 ], [ -36.26362, -5.833219 ], [ -36.2562108, -5.8303626 ], [ -36.2539636, -5.8310436 ], [ -36.252963, -5.8341219 ], [ -36.2591708, -5.8515188 ], [ -36.2590991, -5.8630683 ], [ -36.2241794, -5.8999534 ], [ -36.2528935, -5.982007 ], [ -36.2813571, -6.044042 ], [ -36.3022169, -6.1153717 ], [ -36.2957003, -6.1221662 ], [ -36.304546699999989, -6.1207389 ], [ -36.320984, -6.1124606 ] ] ] } },
{ "type": "Feature", "properties": { "CD_MUN": "2403004", "NM_MUN": "Cruzeta", "NM_UF": "Rio Grande do Norte", "NM_REGIAO": "Nordeste", "class_electre": 5, "class_label": "C5 (muito alto)", "Priorizacao": "Grupo 4", "class_mc_prob": 5, "ranking_pos": 32.0, "area_deg45_ha": 3750.0 }, "geometry": { "type": "Polygon", "coordinates": [ [ [ -36.7728736, -6.2983874 ], [ -36.7391512, -6.3364231 ], [ -36.7484287, -6.3415683 ], [ -36.7485853, -6.3503232 ], [ -36.75243, -6.3538949 ], [ -36.741753, -6.3776234 ], [ -36.7422584, -6.3929376 ], [ -36.7612286, -6.4785464 ], [ -36.7743156, -6.4729624 ], [ -36.7734991, -6.466474 ], [ -36.7813734, -6.4652754 ], [ -36.7897093, -6.4679345 ], [ -36.8031208, -6.4635774 ], [ -36.8069235, -6.4591314 ], [ -36.8075855, -6.4550981 ], [ -36.8130161, -6.4535926 ], [ -36.8155573, -6.4483944 ], [ -36.8149244, -6.4457273 ], [ -36.8218572, -6.4365168 ], [ -36.8282137, -6.4396098 ], [ -36.8328198, -6.4375313 ], [ -36.8395477, -6.4386486 ], [ -36.8436654, -6.4375364 ], [ -36.8463439, -6.4429166 ], [ -36.8495624, -6.4439799 ], [ -36.8478652, -6.4356177 ], [ -36.8456147, -6.4341552 ], [ -36.8471228, -6.4300859 ], [ -36.8741265, -6.4186713 ], [ -36.8608158, -6.388783 ], [ -36.8733289, -6.3796954 ], [ -36.8863187, -6.342869 ], [ -36.9028053, -6.3417457 ], [ -36.9050456, -6.34027 ], [ -36.9053689, -6.3360686 ], [ -36.9011451, -6.325998 ], [ -36.9021279, -6.3184897 ], [ -36.905621599999989, -6.3148603 ], [ -36.9085565, -6.3147352 ], [ -36.9121974, -6.3077312 ], [ -36.9171425, -6.3051606 ], [ -36.9181783, -6.2999659 ], [ -36.923707899999989, -6.2943955 ], [ -36.9258904, -6.2868415 ], [ -36.9297154, -6.2806107 ], [ -36.9292896, -6.2753777 ], [ -36.9178497, -6.2675059 ], [ -36.914632, -6.2605617 ], [ -36.9133411, -6.2502805 ], [ -36.9109953, -6.2445559 ], [ -36.895322799999988, -6.2394006 ], [ -36.8913783, -6.2409395 ], [ -36.888097, -6.246004 ], [ -36.8800918, -6.2508145 ], [ -36.875946, -6.2510135 ], [ -36.8753563, -6.2527199 ], [ -36.8717785, -6.2513201 ], [ -36.8698961, -6.2523719 ], [ -36.8684943, -6.2576407 ], [ -36.8653572, -6.2592491 ], [ -36.8625113, -6.2582438 ], [ -36.8600491, -6.263875 ], [ -36.854111, -6.2643475 ], [ -36.8517161, -6.269395 ], [ -36.8502689, -6.2694111 ], [ -36.8493343, -6.2653439 ], [ -36.8473736, -6.2645784 ], [ -36.8458501, -6.2676409 ], [ -36.8435444, -6.2664878 ], [ -36.8376811, -6.2698127 ], [ -36.8368067, -6.2722294 ], [ -36.8384367, -6.2755647 ], [ -36.8357234, -6.2789907 ], [ -36.8345064, -6.285714 ], [ -36.8278724, -6.2846663 ], [ -36.825368, -6.2892364 ], [ -36.822164, -6.2888983 ], [ -36.8224098, -6.2925659 ], [ -36.8189269, -6.2966764 ], [ -36.8168356, -6.2964052 ], [ -36.8162169, -6.3036706 ], [ -36.7728736, -6.2983874 ] ] ] } },
{ "type": "Feature", "properties": { "CD_MUN": "2403103", "NM_MUN": "Currais Novos", "NM_UF": "Rio Grande do Norte", "NM_REGIAO": "Nordeste", "class_electre": 5, "class_label": "C5 (muito alto)", "Priorizacao": "Grupo 3", "class_mc_prob": 5, "ranking_pos": 42.0, "area_deg45_ha": 1175.0 }, "geometry": { "type": "Polygon", "coordinates": [ [ [ -36.5974513, -6.2434623 ], [ -36.5994708, -6.2319568 ], [ -36.6068466, -6.2297188 ], [ -36.6055561, -6.2273571 ], [ -36.6009728, -6.2262489 ], [ -36.5991824, -6.2160713 ], [ -36.6041482, -6.212102 ], [ -36.6078136, -6.2036425 ], [ -36.617678, -6.1954124 ], [ -36.6188664, -6.1923689 ], [ -36.6156615, -6.174647 ], [ -36.6182164, -6.168292 ], [ -36.6279435, -6.155342 ], [ -36.6228697, -6.1408513 ], [ -36.6223072, -6.1317646 ], [ -36.6103285, -6.1315971 ], [ -36.6059664, -6.124466 ], [ -36.5995699, -6.1251275 ], [ -36.5925514, -6.1301491 ], [ -36.5926458, -6.1371118 ], [ -36.5910709, -6.1397937 ], [ -36.5886575, -6.139575 ], [ -36.5887108, -6.1367395 ], [ -36.5835093, -6.1313161 ], [ -36.5800748, -6.131571 ], [ -36.5813831, -6.1409878 ], [ -36.5783217, -6.1414123 ], [ -36.5743858, -6.1370161 ], [ -36.5756241, -6.1349148 ], [ -36.5724729, -6.1320266 ], [ -36.5714914, -6.1332917 ], [ -36.564107, -6.131487 ], [ -36.5604107, -6.1342425 ], [ -36.5531594, -6.1313539 ], [ -36.5521982, -6.1366228 ], [ -36.5498649, -6.1371961 ], [ -36.5512857, -6.1405172 ], [ -36.5482577, -6.1415047 ], [ -36.5472332, -6.1437498 ], [ -36.5456977, -6.1378437 ], [ -36.5442901, -6.1410273 ], [ -36.5398854, -6.1389199 ], [ -36.5385851, -6.1365618 ], [ -36.5398428, -6.1345316 ], [ -36.5370791, -6.1335737 ], [ -36.5357579, -6.1311908 ], [ -36.5302878, -6.1303952 ], [ -36.5227727, -6.1168523 ], [ -36.5274966, -6.1168514 ], [ -36.5263051, -6.1138034 ], [ -36.521042, -6.1131729 ], [ -36.5229276, -6.1103062 ], [ -36.5221254, -6.1082389 ], [ -36.516941, -6.1103104 ], [ -36.5146949, -6.1083911 ], [ -36.5158386, -6.104354 ], [ -36.5183617, -6.102262 ], [ -36.5161604, -6.1020813 ], [ -36.5157118, -6.0998711 ], [ -36.5099306, -6.1036587 ], [ -36.5100625, -6.1009305 ], [ -36.5063277, -6.0993067 ], [ -36.505778, -6.1010958 ], [ -36.5026708, -6.0984089 ], [ -36.5029239, -6.101896 ], [ -36.5053543, -6.1028456 ], [ -36.5055534, -6.1045127 ], [ -36.5031035, -6.1079824 ], [ -36.5029379, -6.1030438 ], [ -36.4983169, -6.1048369 ], [ -36.4949667, -6.1034445 ], [ -36.4947163, -6.1075495 ], [ -36.4930205, -6.1051227 ], [ -36.491769, -6.1102659 ], [ -36.4892835, -6.1081275 ], [ -36.4871778, -6.111866 ], [ -36.491847799999988, -6.1114753 ], [ -36.4917896, -6.114937 ], [ -36.4957957, -6.1159332 ], [ -36.4950529, -6.1114506 ], [ -36.4968764, -6.1137068 ], [ -36.4979172, -6.1130467 ], [ -36.4974257, -6.1159001 ], [ -36.5030836, -6.1168855 ], [ -36.5036739, -6.1196612 ], [ -36.5090465, -6.121959 ], [ -36.5032987, -6.137426 ], [ -36.4988294, -6.1351742 ], [ -36.4920433, -6.1366023 ], [ -36.4785141, -6.128327 ], [ -36.4779438, -6.1255307 ], [ -36.4704529, -6.121098 ], [ -36.4674735, -6.1217718 ], [ -36.4599029, -6.1153012 ], [ -36.4571586, -6.1159494 ], [ -36.455607, -6.1139207 ], [ -36.4488521, -6.1121998 ], [ -36.446641, -6.1134404 ], [ -36.447628, -6.1157799 ], [ -36.4446253, -6.1170155 ], [ -36.4289773, -6.1126771 ], [ -36.4291178, -6.1223253 ], [ -36.4270269, -6.1246894 ], [ -36.431358, -6.129608 ], [ -36.4270332, -6.1320308 ], [ -36.4332082, -6.1366842 ], [ -36.434030799999988, -6.1387705 ], [ -36.4321434, -6.1421374 ], [ -36.4276226, -6.1407787 ], [ -36.4242084, -6.130932 ], [ -36.4127914, -6.1293357 ], [ -36.404768, -6.1203697 ], [ -36.398882, -6.1182436 ], [ -36.3992632, -6.1147151 ], [ -36.4047518, -6.1131048 ], [ -36.4056606, -6.1108388 ], [ -36.4108601, -6.1074771 ], [ -36.4116998, -6.1042003 ], [ -36.3433715, -6.0979498 ], [ -36.320984, -6.1124606 ], [ -36.304546699999989, -6.1207389 ], [ -36.2957003, -6.1221662 ], [ -36.2568489, -6.1580152 ], [ -36.2576677, -6.1987909 ], [ -36.2671194, -6.2272785 ], [ -36.259782, -6.2395979 ], [ -36.2586728, -6.2458137 ], [ -36.2656194, -6.2510212 ], [ -36.2690792, -6.2561295 ], [ -36.2786456, -6.2621569 ], [ -36.2818164, -6.2734837 ], [ -36.291094799999989, -6.2770049 ], [ -36.291884, -6.282586 ], [ -36.2937724, -6.2834814 ], [ -36.2934191, -6.2854194 ], [ -36.2953966, -6.2858358 ], [ -36.2949796, -6.2921068 ], [ -36.3035239, -6.2830337 ], [ -36.3075913, -6.2814979 ], [ -36.31364, -6.2833561 ], [ -36.3575767, -6.3099873 ], [ -36.3626048, -6.3099788 ], [ -36.3945614, -6.2939748 ], [ -36.430306, -6.362255 ], [ -36.4998486, -6.3581649 ], [ -36.5002211, -6.3703899 ], [ -36.5043775, -6.3864509 ], [ -36.5178284, -6.3782125 ], [ -36.5380353, -6.3726111 ], [ -36.542425, -6.3729028 ], [ -36.5458384, -6.363805 ], [ -36.5508568, -6.361855 ], [ -36.5508577, -6.3507932 ], [ -36.547984, -6.3443741 ], [ -36.5532322, -6.3398778 ], [ -36.5548242, -6.3308027 ], [ -36.55762, -6.3302351 ], [ -36.5576417, -6.328615 ], [ -36.5599423, -6.3274365 ], [ -36.5644363, -6.3128552 ], [ -36.5758491, -6.3078135 ], [ -36.5847531, -6.3063759 ], [ -36.5858134, -6.3044686 ], [ -36.5842402, -6.3005423 ], [ -36.5924905, -6.296989 ], [ -36.5960588, -6.2882333 ], [ -36.6042722, -6.2904896 ], [ -36.6068218, -6.2894185 ], [ -36.6079042, -6.287067 ], [ -36.6067857, -6.2783215 ], [ -36.5964238, -6.2622568 ], [ -36.591646, -6.2477345 ], [ -36.5918791, -6.2452947 ], [ -36.5974513, -6.2434623 ] ] ] } },
{ "type": "Feature", "properties": { "CD_MUN": "2403400", "NM_MUN": "Equador", "NM_UF": "Rio Grande do Norte", "NM_REGIAO": "Nordeste", "class_electre": 5, "class_label": "C5 (muito alto)", "Priorizacao": "Grupo 3", "class_mc_prob": 5, "ranking_pos": 41.0, "area_deg45_ha": 450.0 }, "geometry": { "type": "Polygon", "coordinates": [ [ [ -36.7260208, -6.8166025 ], [ -36.7109191, -6.8160956 ], [ -36.7024464, -6.8305752 ], [ -36.6950017, -6.8335483 ], [ -36.6927007, -6.8331489 ], [ -36.6893855, -6.8282645 ], [ -36.6761992, -6.8172412 ], [ -36.6721975, -6.8186973 ], [ -36.6702778, -6.8248199 ], [ -36.6602199, -6.8267329 ], [ -36.6570887, -6.8245576 ], [ -36.6557523, -6.8193872 ], [ -36.651717, -6.8173999 ], [ -36.6432539, -6.8161016 ], [ -36.6342789, -6.8176699 ], [ -36.6254529, -6.805435 ], [ -36.6212859, -6.804269 ], [ -36.6170004, -6.8004616 ], [ -36.6114788, -6.7997709 ], [ -36.6012956, -6.8057093 ], [ -36.5748821, -6.8062326 ], [ -36.5730566, -6.81503 ], [ -36.5694676, -6.8202957 ], [ -36.5724357, -6.8257169 ], [ -36.5693025, -6.829043 ], [ -36.5679429, -6.8354643 ], [ -36.562069699999988, -6.8380707 ], [ -36.5601562, -6.8407734 ], [ -36.5697952, -6.8480083 ], [ -36.5740794, -6.8574577 ], [ -36.5726341, -6.8611899 ], [ -36.5667938, -6.8665919 ], [ -36.5669953, -6.8707021 ], [ -36.5692466, -6.8729068 ], [ -36.5679397, -6.8747966 ], [ -36.5731198, -6.8789807 ], [ -36.5767124, -6.8898396 ], [ -36.5899186, -6.908695 ], [ -36.5973222, -6.9165288 ], [ -36.6036081, -6.930457 ], [ -36.6114646, -6.9376562 ], [ -36.6165309, -6.9340159 ], [ -36.6374463, -6.933807 ], [ -36.6608107, -6.9269962 ], [ -36.6732709, -6.9257743 ], [ -36.6892615, -6.9269575 ], [ -36.6946711, -6.9344902 ], [ -36.7092715, -6.9746886 ], [ -36.7139968, -6.9814919 ], [ -36.7185539, -6.9827348 ], [ -36.7441126, -6.9677737 ], [ -36.7567633, -6.95299 ], [ -36.7665439, -6.9358676 ], [ -36.7621014, -6.9268728 ], [ -36.757408, -6.8993641 ], [ -36.75022, -6.8894954 ], [ -36.7428327, -6.874099 ], [ -36.730198, -6.8363961 ], [ -36.7260208, -6.8166025 ] ] ] } },
{ "type": "Feature", "properties": { "CD_MUN": "2405009", "NM_MUN": "Jaçanã", "NM_UF": "Rio Grande do Norte", "NM_REGIAO": "Nordeste", "class_electre": 5, "class_label": "C5 (muito alto)", "Priorizacao": "Grupo 4", "class_mc_prob": 5, "ranking_pos": 30.0, "area_deg45_ha": 1150.0 }, "geometry": { "type": "Polygon", "coordinates": [ [ [ -36.2211971, -6.4028026 ], [ -36.1773434, -6.4072956 ], [ -36.0964811, -6.4202596 ], [ -36.0993786, -6.4220277 ], [ -36.1031143, -6.4215473 ], [ -36.1117924, -6.4293895 ], [ -36.1274128, -6.4252052 ], [ -36.1318123, -6.4281558 ], [ -36.136954, -6.4257085 ], [ -36.1411751, -6.4266691 ], [ -36.1437507, -6.4253246 ], [ -36.171756, -6.4305976 ], [ -36.1803454, -6.4303577 ], [ -36.1885159, -6.4323214 ], [ -36.1948481, -6.4309314 ], [ -36.2497721, -6.4373599 ], [ -36.2511629, -6.4044235 ], [ -36.2590073, -6.4047791 ], [ -36.2615924, -6.4023123 ], [ -36.2690946, -6.4018877 ], [ -36.2770911, -6.3983742 ], [ -36.2952214, -6.3945605 ], [ -36.295431799999989, -6.3901241 ], [ -36.2988575, -6.3846068 ], [ -36.2988131, -6.3765406 ], [ -36.2963384, -6.3704104 ], [ -36.2658325, -6.3798701 ], [ -36.2211971, -6.4028026 ] ] ] } },
{ "type": "Feature", "properties": { "CD_MUN": "2405306", "NM_MUN": "Januário Cicco", "NM_UF": "Rio Grande do Norte", "NM_REGIAO": "Nordeste", "class_electre": 5, "class_label": "C5 (muito alto)", "Priorizacao": "Grupo 5", "class_mc_prob": 5, "ranking_pos": 16.0, "area_deg45_ha": 8150.0 }, "geometry": { "type": "Polygon", "coordinates": [ [ [ -35.5417149, -6.0970755 ], [ -35.5399583, -6.1199834 ], [ -35.5359272, -6.1238874 ], [ -35.5343697, -6.1292479 ], [ -35.5366091, -6.1378523 ], [ -35.535426, -6.1420309 ], [ -35.5504185, -6.1999017 ], [ -35.559615, -6.1982188 ], [ -35.5605687, -6.2015432 ], [ -35.5677211, -6.2057416 ], [ -35.591929, -6.2116324 ], [ -35.5938537, -6.209146 ], [ -35.6039155, -6.2083213 ], [ -35.6055348, -6.2050199 ], [ -35.6103689, -6.2013194 ], [ -35.6114299, -6.1979762 ], [ -35.6160293, -6.197541 ], [ -35.6218082, -6.2052192 ], [ -35.624114, -6.2046816 ], [ -35.6243194, -6.2024306 ], [ -35.6262255, -6.2028533 ], [ -35.6298446, -6.207676 ], [ -35.6393462, -6.2108011 ], [ -35.6480506, -6.2193184 ], [ -35.654711899999988, -6.2220032 ], [ -35.6586951, -6.2207583 ], [ -35.6599873, -6.2222146 ], [ -35.6633165, -6.1979017 ], [ -35.6893202, -6.1959027 ], [ -35.7406454, -6.1826753 ], [ -35.7213801, -6.1731356 ], [ -35.7202114, -6.1764302 ], [ -35.682186, -6.1681726 ], [ -35.6538028, -6.1771941 ], [ -35.6404171, -6.1544501 ], [ -35.638603, -6.1375263 ], [ -35.5888724, -6.0967987 ], [ -35.5735818, -6.0803868 ], [ -35.5707786, -6.0795447 ], [ -35.5577292, -6.0467766 ], [ -35.549823, -6.0493115 ], [ -35.5433751, -6.0581642 ], [ -35.5366481, -6.0753558 ], [ -35.5379346, -6.0807807 ], [ -35.536055, -6.0831225 ], [ -35.5364186, -6.0870075 ], [ -35.5317208, -6.0916413 ], [ -35.5417149, -6.0970755 ] ] ] } },
{ "type": "Feature", "properties": { "CD_MUN": "2405702", "NM_MUN": "Jardim do Seridó", "NM_UF": "Rio Grande do Norte", "NM_REGIAO": "Nordeste", "class_electre": 5, "class_label": "C5 (muito alto)", "Priorizacao": "Grupo 3", "class_mc_prob": 5, "ranking_pos": 36.0, "area_deg45_ha": 2700.0 }, "geometry": { "type": "Polygon", "coordinates": [ [ [ -36.6690962, -6.6103056 ], [ -36.6977712, -6.6196496 ], [ -36.7222678, -6.646713 ], [ -36.7444271, -6.6520796 ], [ -36.7490128, -6.6562933 ], [ -36.7491088, -6.6590602 ], [ -36.7624294, -6.6663543 ], [ -36.764812899999988, -6.6691996 ], [ -36.7862231, -6.6680152 ], [ -36.7879511, -6.6722062 ], [ -36.8160944, -6.6821266 ], [ -36.8186556, -6.6767106 ], [ -36.8234484, -6.6759992 ], [ -36.8360669, -6.6615408 ], [ -36.8435944, -6.6582691 ], [ -36.8445931, -6.6537997 ], [ -36.8524257, -6.6492461 ], [ -36.8581035, -6.6487779 ], [ -36.8664174, -6.6557623 ], [ -36.8699012, -6.6486892 ], [ -36.8684842, -6.6351224 ], [ -36.8705394, -6.6305625 ], [ -36.8832058, -6.6225851 ], [ -36.8923394, -6.6233482 ], [ -36.8930806, -6.6140769 ], [ -36.9025612, -6.6139056 ], [ -36.9045166, -6.6088397 ], [ -36.909994, -6.6076473 ], [ -36.9103963, -6.6049441 ], [ -36.9182996, -6.6007984 ], [ -36.9187394, -6.5905065 ], [ -36.9218272, -6.5875333 ], [ -36.9262306, -6.5871281 ], [ -36.930974899999988, -6.5775926 ], [ -36.9365394, -6.5780987 ], [ -36.9383969, -6.5742588 ], [ -36.9435045, -6.5711048 ], [ -36.9513744, -6.570319 ], [ -36.9402875, -6.5612652 ], [ -36.9509439, -6.5404906 ], [ -36.9513563, -6.5222708 ], [ -36.939249, -6.5133383 ], [ -36.9297538, -6.5170855 ], [ -36.9246129, -6.5228979 ], [ -36.921226, -6.5243989 ], [ -36.9161103, -6.5237987 ], [ -36.9053248, -6.517296 ], [ -36.9023003, -6.5170176 ], [ -36.89593, -6.518282 ], [ -36.8786206, -6.5286312 ], [ -36.8664212, -6.5303608 ], [ -36.8554109, -6.5348122 ], [ -36.8360825, -6.5386491 ], [ -36.8100232, -6.5347063 ], [ -36.8045724, -6.529383 ], [ -36.7952836, -6.526982 ], [ -36.7910835, -6.5209519 ], [ -36.7813131, -6.5265625 ], [ -36.7695292, -6.5151103 ], [ -36.761001899999989, -6.5158326 ], [ -36.7577657, -6.5128332 ], [ -36.7536875, -6.5132722 ], [ -36.7516811, -6.5159676 ], [ -36.7503937, -6.5130399 ], [ -36.7491573, -6.5134176 ], [ -36.7474234, -6.5182144 ], [ -36.7428692, -6.5167295 ], [ -36.7406479, -6.5216721 ], [ -36.7367362, -6.5250294 ], [ -36.7241748, -6.5281071 ], [ -36.7124084, -6.536887 ], [ -36.708718, -6.5355875 ], [ -36.7047899, -6.5393414 ], [ -36.7035158, -6.5381993 ], [ -36.6950618, -6.557893 ], [ -36.6789762, -6.5513388 ], [ -36.679748, -6.5793492 ], [ -36.6690962, -6.6103056 ] ] ] } },
{ "type": "Feature", "properties": { "CD_MUN": "2406007", "NM_MUN": "José da Penha", "NM_UF": "Rio Grande do Norte", "NM_REGIAO": "Nordeste", "class_electre": 5, "class_label": "C5 (muito alto)", "Priorizacao": "Grupo 5", "class_mc_prob": 5, "ranking_pos": 17.0, "area_deg45_ha": 5725.0 }, "geometry": { "type": "Polygon", "coordinates": [ [ [ -38.2752583, -6.3783546 ], [ -38.2988931, -6.3795411 ], [ -38.3095146, -6.3776673 ], [ -38.3147957, -6.3836127 ], [ -38.3166429, -6.3838265 ], [ -38.3365803, -6.3742009 ], [ -38.331297, -6.3287361 ], [ -38.3333596, -6.3115502 ], [ -38.3308226, -6.3089629 ], [ -38.3319554, -6.3034413 ], [ -38.3262987, -6.3008082 ], [ -38.3167883, -6.2895939 ], [ -38.3096685, -6.2907929 ], [ -38.307633, -6.2886252 ], [ -38.3068506, -6.2813072 ], [ -38.3047298, -6.2806798 ], [ -38.3011058, -6.2824876 ], [ -38.2975736, -6.2780668 ], [ -38.2716848, -6.2841358 ], [ -38.2656665, -6.2814474 ], [ -38.2565808, -6.2811334 ], [ -38.2556596, -6.2845918 ], [ -38.2517825, -6.2890263 ], [ -38.2500367, -6.290402 ], [ -38.2476409, -6.2897238 ], [ -38.2474825, -6.3337788 ], [ -38.2370118, -6.3384551 ], [ -38.2253266, -6.3570302 ], [ -38.2380651, -6.370249 ], [ -38.2384518, -6.3855888 ], [ -38.2526778, -6.4183755 ], [ -38.2582453, -6.4054593 ], [ -38.271449, -6.4023684 ], [ -38.2716343, -6.3984211 ], [ -38.2866993, -6.3917571 ], [ -38.2752583, -6.3783546 ] ] ] } },
{ "type": "Feature", "properties": { "CD_MUN": "2406205", "NM_MUN": "Lagoa d'Anta", "NM_UF": "Rio Grande do Norte", "NM_REGIAO": "Nordeste", "class_electre": 5, "class_label": "C5 (muito alto)", "Priorizacao": "Grupo 5", "class_mc_prob": 5, "ranking_pos": 6.0, "area_deg45_ha": 6600.0 }, "geometry": { "type": "Polygon", "coordinates": [ [ [ -35.5586737, -6.4304197 ], [ -35.616476, -6.4256103 ], [ -35.6713009, -6.4141036 ], [ -35.6697569, -6.4156188 ], [ -35.671556, -6.4152326 ], [ -35.672534, -6.4082726 ], [ -35.6781191, -6.4002333 ], [ -35.6811096, -6.3910629 ], [ -35.6768095, -6.3797313 ], [ -35.6792006, -6.3691653 ], [ -35.6829408, -6.3638997 ], [ -35.6830217, -6.3581066 ], [ -35.6822989, -6.3525741 ], [ -35.6699292, -6.3487003 ], [ -35.671417, -6.3145531 ], [ -35.6690539, -6.3094552 ], [ -35.6663703, -6.3087988 ], [ -35.6617986, -6.3145768 ], [ -35.6576385, -6.3152785 ], [ -35.6569267, -6.3187319 ], [ -35.6500514, -6.3189196 ], [ -35.648331, -6.3265427 ], [ -35.6432257, -6.3257564 ], [ -35.6314653, -6.3392211 ], [ -35.6155498, -6.3499337 ], [ -35.5970246, -6.3858399 ], [ -35.5550372, -6.3910185 ], [ -35.544243, -6.4173793 ], [ -35.551757699999989, -6.4235044 ], [ -35.5585648, -6.4223755 ], [ -35.5586737, -6.4304197 ] ] ] } },
{ "type": "Feature", "properties": { "CD_MUN": "2406304", "NM_MUN": "Lagoa de Pedras", "NM_UF": "Rio Grande do Norte", "NM_REGIAO": "Nordeste", "class_electre": 5, "class_label": "C5 (muito alto)", "Priorizacao": "Grupo 5", "class_mc_prob": 5, "ranking_pos": 10.0, "area_deg45_ha": 6625.0 }, "geometry": { "type": "Polygon", "coordinates": [ [ [ -35.4685, -6.2307486 ], [ -35.5677211, -6.2057416 ], [ -35.5605687, -6.2015432 ], [ -35.559615, -6.1982188 ], [ -35.5450033, -6.2008145 ], [ -35.527037799999988, -6.2013121 ], [ -35.5183618, -6.1932997 ], [ -35.5107537, -6.1902597 ], [ -35.4997878, -6.1800602 ], [ -35.4844239, -6.1760115 ], [ -35.4720953, -6.1674544 ], [ -35.4662864, -6.1654735 ], [ -35.457655599999988, -6.1582205 ], [ -35.445491, -6.1541122 ], [ -35.4436327, -6.1492146 ], [ -35.4470621, -6.1449688 ], [ -35.4454766, -6.1419885 ], [ -35.4415305, -6.1390886 ], [ -35.4358426, -6.1402202 ], [ -35.4323941, -6.1354193 ], [ -35.4233197, -6.1326938 ], [ -35.4135105, -6.132416 ], [ -35.3813898, -6.1584597 ], [ -35.40302, -6.2103246 ], [ -35.4364252, -6.2534265 ], [ -35.4685, -6.2307486 ] ] ] } },
{ "type": "Feature", "properties": { "CD_MUN": "2406502", "NM_MUN": "Lagoa Nova", "NM_UF": "Rio Grande do Norte", "NM_REGIAO": "Nordeste", "class_electre": 5, "class_label": "C5 (muito alto)", "Priorizacao": "Grupo 5", "class_mc_prob": 5, "ranking_pos": 8.0, "area_deg45_ha": 10025.0 }, "geometry": { "type": "Polygon", "coordinates": [ [ [ -36.4441675, -6.04142 ], [ -36.426756, -6.0925668 ], [ -36.4199616, -6.0901454 ], [ -36.4156879, -6.0936239 ], [ -36.4108601, -6.1074771 ], [ -36.4056606, -6.1108388 ], [ -36.4047518, -6.1131048 ], [ -36.3992632, -6.1147151 ], [ -36.3985738, -6.1174942 ], [ -36.404768, -6.1203697 ], [ -36.4127914, -6.1293357 ], [ -36.4242084, -6.130932 ], [ -36.4238252, -6.1328058 ], [ -36.4290673, -6.1417894 ], [ -36.4321434, -6.1421374 ], [ -36.434030799999988, -6.1387705 ], [ -36.4270332, -6.1320308 ], [ -36.431358, -6.129608 ], [ -36.4270269, -6.1246894 ], [ -36.4291178, -6.1223253 ], [ -36.4289773, -6.1126771 ], [ -36.4446253, -6.1170155 ], [ -36.447628, -6.1157799 ], [ -36.446641, -6.1134404 ], [ -36.4488521, -6.1121998 ], [ -36.455607, -6.1139207 ], [ -36.4571586, -6.1159494 ], [ -36.4599029, -6.1153012 ], [ -36.4674735, -6.1217718 ], [ -36.4704529, -6.121098 ], [ -36.4779438, -6.1255307 ], [ -36.4785141, -6.128327 ], [ -36.4920433, -6.1366023 ], [ -36.4988294, -6.1351742 ], [ -36.5032987, -6.137426 ], [ -36.5090465, -6.121959 ], [ -36.5036739, -6.1196612 ], [ -36.5030836, -6.1168855 ], [ -36.4974257, -6.1159001 ], [ -36.4979172, -6.1130467 ], [ -36.4968764, -6.1137068 ], [ -36.4950529, -6.1114506 ], [ -36.4957957, -6.1159332 ], [ -36.4917896, -6.114937 ], [ -36.491847799999988, -6.1114753 ], [ -36.4871778, -6.111866 ], [ -36.4892835, -6.1081275 ], [ -36.491769, -6.1102659 ], [ -36.4930205, -6.1051227 ], [ -36.4947163, -6.1075495 ], [ -36.4949667, -6.1034445 ], [ -36.4983169, -6.1048369 ], [ -36.5029379, -6.1030438 ], [ -36.5031035, -6.1079824 ], [ -36.5055534, -6.1045127 ], [ -36.5053543, -6.1028456 ], [ -36.5029239, -6.101896 ], [ -36.5026708, -6.0984089 ], [ -36.505778, -6.1010958 ], [ -36.5063277, -6.0993067 ], [ -36.5100625, -6.1009305 ], [ -36.5099306, -6.1036587 ], [ -36.5157118, -6.0998711 ], [ -36.5161604, -6.1020813 ], [ -36.5183617, -6.102262 ], [ -36.5158386, -6.104354 ], [ -36.5146949, -6.1083911 ], [ -36.516941, -6.1103104 ], [ -36.5221254, -6.1082389 ], [ -36.5229276, -6.1103062 ], [ -36.521042, -6.1131729 ], [ -36.5263051, -6.1138034 ], [ -36.5274966, -6.1168514 ], [ -36.5227727, -6.1168523 ], [ -36.5302878, -6.1303952 ], [ -36.5357579, -6.1311908 ], [ -36.5370791, -6.1335737 ], [ -36.5398428, -6.1345316 ], [ -36.5385851, -6.1365618 ], [ -36.5398854, -6.1389199 ], [ -36.5442901, -6.1410273 ], [ -36.5456977, -6.1378437 ], [ -36.5479811, -6.1437948 ], [ -36.5482577, -6.1415047 ], [ -36.5512857, -6.1405172 ], [ -36.5498649, -6.1371961 ], [ -36.5521982, -6.1366228 ], [ -36.5531594, -6.1313539 ], [ -36.5604107, -6.1342425 ], [ -36.564107, -6.131487 ], [ -36.5714914, -6.1332917 ], [ -36.5724729, -6.1320266 ], [ -36.5756241, -6.1349148 ], [ -36.5743858, -6.1370161 ], [ -36.5783217, -6.1414123 ], [ -36.5813831, -6.1409878 ], [ -36.5800748, -6.131571 ], [ -36.5835093, -6.1313161 ], [ -36.5887108, -6.1367395 ], [ -36.5886575, -6.139575 ], [ -36.5910709, -6.1397937 ], [ -36.5926458, -6.1371118 ], [ -36.5925514, -6.1301491 ], [ -36.5995699, -6.1251275 ], [ -36.6059664, -6.124466 ], [ -36.6103285, -6.1315971 ], [ -36.6223072, -6.1317646 ], [ -36.6238955, -6.1153477 ], [ -36.6272808, -6.1085156 ], [ -36.6344457, -6.1028035 ], [ -36.6387154, -6.0890082 ], [ -36.5217886, -6.0466706 ], [ -36.4706628, -6.0452495 ], [ -36.4441675, -6.04142 ] ] ] } },
{ "type": "Feature", "properties": { "CD_MUN": "2406601", "NM_MUN": "Lagoa Salgada", "NM_UF": "Rio Grande do Norte", "NM_REGIAO": "Nordeste", "class_electre": 5, "class_label": "C5 (muito alto)", "Priorizacao": "Grupo 5", "class_mc_prob": 5, "ranking_pos": 12.0, "area_deg45_ha": 4225.0 }, "geometry": { "type": "Polygon", "coordinates": [ [ [ -35.4788013, -6.1181747 ], [ -35.4737281, -6.1213207 ], [ -35.4655448, -6.1216077 ], [ -35.4437408, -6.1405511 ], [ -35.4470621, -6.1449688 ], [ -35.4438195, -6.1478638 ], [ -35.445491, -6.1541122 ], [ -35.457655599999988, -6.1582205 ], [ -35.4662864, -6.1654735 ], [ -35.4720953, -6.1674544 ], [ -35.4844239, -6.1760115 ], [ -35.4997878, -6.1800602 ], [ -35.5107537, -6.1902597 ], [ -35.5183618, -6.1932997 ], [ -35.527037799999988, -6.2013121 ], [ -35.5504185, -6.1999017 ], [ -35.535426, -6.1420309 ], [ -35.5366091, -6.1378523 ], [ -35.5343697, -6.1292479 ], [ -35.5359272, -6.1238874 ], [ -35.5399583, -6.1199834 ], [ -35.5417149, -6.0970755 ], [ -35.5317208, -6.0916413 ], [ -35.5265216, -6.0905394 ], [ -35.5002211, -6.1121473 ], [ -35.4898717, -6.113521 ], [ -35.485487, -6.1187152 ], [ -35.483233, -6.1144355 ], [ -35.4771627, -6.116041 ], [ -35.4788013, -6.1181747 ] ] ] } },
{ "type": "Feature", "properties": { "CD_MUN": "2407104", "NM_MUN": "Macaíba", "NM_UF": "Rio Grande do Norte", "NM_REGIAO": "Nordeste", "class_electre": 5, "class_label": "C5 (muito alto)", "Priorizacao": "Grupo 4", "class_mc_prob": 5, "ranking_pos": 24.0, "area_deg45_ha": 22800.0 }, "geometry": { "type": "Polygon", "coordinates": [ [ [ -35.3788556, -5.84325 ], [ -35.3086259, -5.8363154 ], [ -35.3045069, -5.8395307 ], [ -35.301080299999988, -5.8397043 ], [ -35.2887686, -5.8312086 ], [ -35.2819698, -5.8294725 ], [ -35.2807069, -5.8365481 ], [ -35.2830506, -5.837995 ], [ -35.2824141, -5.8498172 ], [ -35.2960851, -5.9582385 ], [ -35.305216, -5.9588459 ], [ -35.3153587, -5.9676983 ], [ -35.3297734, -5.9742258 ], [ -35.3438079, -5.9734812 ], [ -35.3662006, -5.9845573 ], [ -35.546735, -6.0539548 ], [ -35.5513208, -6.04833 ], [ -35.5577292, -6.0467766 ], [ -35.5374012, -5.9956844 ], [ -35.5556165, -5.9484955 ], [ -35.5722267, -5.9323081 ], [ -35.5290934, -5.8819135 ], [ -35.4875012, -5.8296879 ], [ -35.43195, -5.8452361 ], [ -35.3788556, -5.84325 ] ] ] } },
{ "type": "Feature", "properties": { "CD_MUN": "2407252", "NM_MUN": "Major Sales", "NM_UF": "Rio Grande do Norte", "NM_REGIAO": "Nordeste", "class_electre": 5, "class_label": "C5 (muito alto)", "Priorizacao": "Grupo 4", "class_mc_prob": 5, "ranking_pos": 19.0, "area_deg45_ha": 1525.0 }, "geometry": { "type": "Polygon", "coordinates": [ [ [ -38.34758, -6.4480136 ], [ -38.3405854, -6.4246131 ], [ -38.3391825, -6.3841233 ], [ -38.3365803, -6.3742009 ], [ -38.3166429, -6.3838265 ], [ -38.3147957, -6.3836127 ], [ -38.3095146, -6.3776673 ], [ -38.2988931, -6.3795411 ], [ -38.2752583, -6.3783546 ], [ -38.2866993, -6.3917571 ], [ -38.2917181, -6.4018738 ], [ -38.2976324, -6.4064384 ], [ -38.2995872, -6.4184485 ], [ -38.3068367, -6.4260803 ], [ -38.34758, -6.4480136 ] ] ] } },
{ "type": "Feature", "properties": { "CD_MUN": "2407708", "NM_MUN": "Montanhas", "NM_UF": "Rio Grande do Norte", "NM_REGIAO": "Nordeste", "class_electre": 5, "class_label": "C5 (muito alto)", "Priorizacao": "Grupo 4", "class_mc_prob": 5, "ranking_pos": 25.0, "area_deg45_ha": 3675.0 }, "geometry": { "type": "Polygon", "coordinates": [ [ [ -35.2753732, -6.4809371 ], [ -35.2244294, -6.5216328 ], [ -35.2297786, -6.5303291 ], [ -35.235804, -6.5327296 ], [ -35.2532105, -6.5340104 ], [ -35.2745652, -6.5438778 ], [ -35.3307729, -6.5443414 ], [ -35.3412638, -6.5386169 ], [ -35.3143609, -6.4496055 ], [ -35.3080148, -6.4488964 ], [ -35.3044299, -6.4468663 ], [ -35.293991, -6.4504118 ], [ -35.2862118, -6.4479709 ], [ -35.2781292, -6.4493011 ], [ -35.2753732, -6.4809371 ] ] ] } },
{ "type": "Feature", "properties": { "CD_MUN": "2407807", "NM_MUN": "Monte Alegre", "NM_UF": "Rio Grande do Norte", "NM_REGIAO": "Nordeste", "class_electre": 5, "class_label": "C5 (muito alto)", "Priorizacao": "Grupo 5", "class_mc_prob": 5, "ranking_pos": 15.0, "area_deg45_ha": 10525.0 }, "geometry": { "type": "Polygon", "coordinates": [ [ [ -35.2986584, -6.0720552 ], [ -35.3154413, -6.1068969 ], [ -35.3226091, -6.1094527 ], [ -35.3260895, -6.1408299 ], [ -35.3304638, -6.1434379 ], [ -35.3425852, -6.1642111 ], [ -35.3404228, -6.1648674 ], [ -35.3523816, -6.1819666 ], [ -35.4135105, -6.132416 ], [ -35.4233197, -6.1326938 ], [ -35.4323941, -6.1354193 ], [ -35.4358426, -6.1402202 ], [ -35.4415305, -6.1390886 ], [ -35.4437408, -6.1405511 ], [ -35.4655448, -6.1216077 ], [ -35.4766291, -6.120234 ], [ -35.4795695, -6.1176936 ], [ -35.4771627, -6.116041 ], [ -35.483233, -6.1144355 ], [ -35.485487, -6.1187152 ], [ -35.4898717, -6.113521 ], [ -35.5002211, -6.1121473 ], [ -35.5265216, -6.0905394 ], [ -35.5311202, -6.0919831 ], [ -35.5341958, -6.0902336 ], [ -35.5379346, -6.0807807 ], [ -35.5366481, -6.0753558 ], [ -35.5453893, -6.0556329 ], [ -35.5373289, -6.0527197 ], [ -35.5214044, -6.0537132 ], [ -35.5087298, -6.05135 ], [ -35.5086789, -6.0533363 ], [ -35.5002353, -6.0551803 ], [ -35.4953828, -6.0608942 ], [ -35.4914052, -6.0607574 ], [ -35.4883849, -6.0629489 ], [ -35.4926364, -6.0745291 ], [ -35.4760762, -6.0719501 ], [ -35.4565571, -6.0784504 ], [ -35.4512857, -6.0774013 ], [ -35.4443528, -6.0703862 ], [ -35.4426375, -6.0619025 ], [ -35.4322079, -6.0654621 ], [ -35.4293922, -6.0504801 ], [ -35.426796, -6.0462172 ], [ -35.4202394, -6.0478817 ], [ -35.4115977, -6.0537865 ], [ -35.3991698, -6.0511054 ], [ -35.3912874, -6.0518424 ], [ -35.3871788, -6.0586673 ], [ -35.3794578, -6.0608911 ], [ -35.3663315, -6.058837 ], [ -35.3651373, -6.0555335 ], [ -35.3605729, -6.0569997 ], [ -35.3534207, -6.0499283 ], [ -35.3232591, -6.0482488 ], [ -35.3194725, -6.0490648 ], [ -35.319519, -6.0548221 ], [ -35.3101293, -6.0618918 ], [ -35.2984258, -6.066399 ], [ -35.2986584, -6.0720552 ] ] ] } },
{ "type": "Feature", "properties": { "CD_MUN": "2408300", "NM_MUN": "Nova Cruz", "NM_UF": "Rio Grande do Norte", "NM_REGIAO": "Nordeste", "class_electre": 5, "class_label": "C5 (muito alto)", "Priorizacao": "Grupo 5", "class_mc_prob": 5, "ranking_pos": 14.0, "area_deg45_ha": 14275.0 }, "geometry": { "type": "Polygon", "coordinates": [ [ [ -35.4348248, -6.488912 ], [ -35.4416221, -6.4877297 ], [ -35.4426522, -6.4793735 ], [ -35.4466974, -6.4868433 ], [ -35.4515931, -6.4849666 ], [ -35.4555389, -6.4785398 ], [ -35.460046, -6.4767784 ], [ -35.4642243, -6.4827119 ], [ -35.473114699999989, -6.4831583 ], [ -35.4771393, -6.4868523 ], [ -35.4842819, -6.4860096 ], [ -35.4860677, -6.482892 ], [ -35.4919826, -6.480085 ], [ -35.4957936, -6.4832599 ], [ -35.5014101, -6.4778026 ], [ -35.5080399, -6.4787016 ], [ -35.5123547, -6.4768156 ], [ -35.5177495, -6.4793993 ], [ -35.5252965, -6.4760978 ], [ -35.5270966, -6.4792738 ], [ -35.5313967, -6.4799398 ], [ -35.5336375, -6.4830322 ], [ -35.5379577, -6.4799052 ], [ -35.540099, -6.4805541 ], [ -35.5407626, -6.4829692 ], [ -35.5466943, -6.4818665 ], [ -35.549815, -6.4849311 ], [ -35.5521001, -6.4908238 ], [ -35.5616681, -6.4926448 ], [ -35.5647956, -6.4917797 ], [ -35.563001, -6.4897285 ], [ -35.5641903, -6.4874688 ], [ -35.5805324, -6.4871114 ], [ -35.5805235, -6.4705572 ], [ -35.5584357, -6.4304395 ], [ -35.5585648, -6.4223755 ], [ -35.551757699999989, -6.4235044 ], [ -35.544243, -6.4173793 ], [ -35.5176141, -6.4062973 ], [ -35.4879351, -6.4047495 ], [ -35.4473787, -6.4144183 ], [ -35.4471483, -6.4057552 ], [ -35.4092084, -6.381516 ], [ -35.386243, -6.3904884 ], [ -35.3729421, -6.4055017 ], [ -35.350219, -6.4088153 ], [ -35.346300899999989, -6.4057755 ], [ -35.3422606, -6.4052904 ], [ -35.3369675, -6.3960931 ], [ -35.3238166, -6.3971829 ], [ -35.3081988, -6.4048626 ], [ -35.3117779, -6.4105055 ], [ -35.3039068, -6.4145049 ], [ -35.3003193, -6.4188655 ], [ -35.3032858, -6.4207937 ], [ -35.3145812, -6.4415973 ], [ -35.3143609, -6.4496055 ], [ -35.3412638, -6.5386169 ], [ -35.3645125, -6.5120405 ], [ -35.3947555, -6.4940336 ], [ -35.4123941, -6.4882475 ], [ -35.4348248, -6.488912 ] ] ] } },
{ "type": "Feature", "properties": { "CD_MUN": "2408508", "NM_MUN": "Ouro Branco", "NM_UF": "Rio Grande do Norte", "NM_REGIAO": "Nordeste", "class_electre": 5, "class_label": "C5 (muito alto)", "Priorizacao": "Grupo 3", "class_mc_prob": 5, "ranking_pos": 39.0, "area_deg45_ha": 1450.0 }, "geometry": { "type": "Polygon", "coordinates": [ [ [ -37.003591199999988, -6.7096123 ], [ -36.9798218, -6.6415649 ], [ -36.9806201, -6.6171364 ], [ -36.9368996, -6.5776849 ], [ -36.930974899999988, -6.5775926 ], [ -36.9262306, -6.5871281 ], [ -36.9195199, -6.5891803 ], [ -36.9192746, -6.5962699 ], [ -36.9174769, -6.5990349 ], [ -36.9182996, -6.6007984 ], [ -36.9103963, -6.6049441 ], [ -36.909994, -6.6076473 ], [ -36.9045166, -6.6088397 ], [ -36.9025612, -6.6139056 ], [ -36.8930806, -6.6140769 ], [ -36.8923394, -6.6233482 ], [ -36.8832058, -6.6225851 ], [ -36.8705394, -6.6305625 ], [ -36.8684842, -6.6351224 ], [ -36.8699012, -6.6486892 ], [ -36.8664174, -6.6557623 ], [ -36.8581035, -6.6487779 ], [ -36.8524257, -6.6492461 ], [ -36.8445931, -6.6537997 ], [ -36.8435944, -6.6582691 ], [ -36.8360669, -6.6615408 ], [ -36.8234484, -6.6759992 ], [ -36.8186556, -6.6767106 ], [ -36.8166882, -6.679581 ], [ -36.8169325, -6.6818731 ], [ -36.8426458, -6.6746238 ], [ -36.850764, -6.6896111 ], [ -36.841354, -6.6986919 ], [ -36.8413383, -6.7024984 ], [ -36.8382938, -6.7062927 ], [ -36.8406659, -6.7074705 ], [ -36.8412684, -6.717816 ], [ -36.8350296, -6.7310709 ], [ -36.9034284, -6.7536148 ], [ -36.931522099999988, -6.7685749 ], [ -36.9571355, -6.7904782 ], [ -36.9590977, -6.7833034 ], [ -36.9526628, -6.7751531 ], [ -36.958144399999988, -6.7756797 ], [ -36.9692314, -6.7704963 ], [ -36.9707082, -6.7682991 ], [ -36.9733324, -6.7581995 ], [ -36.971798, -6.7406454 ], [ -36.9776218, -6.7218552 ], [ -36.9899411, -6.7091501 ], [ -36.9935337, -6.7075374 ], [ -36.9998335, -6.7077129 ], [ -37.003591199999988, -6.7096123 ] ] ] } },
{ "type": "Feature", "properties": { "CD_MUN": "2408904", "NM_MUN": "Parelhas", "NM_UF": "Rio Grande do Norte", "NM_REGIAO": "Nordeste", "class_electre": 5, "class_label": "C5 (muito alto)", "Priorizacao": "Grupo 4", "class_mc_prob": 5, "ranking_pos": 34.0, "area_deg45_ha": 4500.0 }, "geometry": { "type": "Polygon", "coordinates": [ [ [ -36.6342789, -6.8176699 ], [ -36.6432539, -6.8161016 ], [ -36.651717, -6.8173999 ], [ -36.6557523, -6.8193872 ], [ -36.6570887, -6.8245576 ], [ -36.6602199, -6.8267329 ], [ -36.6702778, -6.8248199 ], [ -36.6721975, -6.8186973 ], [ -36.6761992, -6.8172412 ], [ -36.6893855, -6.8282645 ], [ -36.6927007, -6.8331489 ], [ -36.6972539, -6.8333816 ], [ -36.7024464, -6.8305752 ], [ -36.7109191, -6.8160956 ], [ -36.7260208, -6.8166025 ], [ -36.7314975, -6.8024768 ], [ -36.7312611, -6.79214 ], [ -36.727820699999988, -6.7851355 ], [ -36.7235078, -6.7816503 ], [ -36.7145643, -6.762211 ], [ -36.7120882, -6.7531722 ], [ -36.7050497, -6.744345 ], [ -36.7112711, -6.7352526 ], [ -36.7076692, -6.7181317 ], [ -36.7016202, -6.7059531 ], [ -36.706123, -6.7062695 ], [ -36.7077428, -6.7091392 ], [ -36.7163316, -6.7062968 ], [ -36.717568199999988, -6.7036462 ], [ -36.7137628, -6.7022679 ], [ -36.7076365, -6.6954168 ], [ -36.711538, -6.692694 ], [ -36.7066488, -6.6799396 ], [ -36.7163872, -6.6664141 ], [ -36.7238561, -6.6657778 ], [ -36.7342103, -6.6611101 ], [ -36.7278297, -6.6586466 ], [ -36.7226965, -6.650919 ], [ -36.7222678, -6.646713 ], [ -36.6977712, -6.6196496 ], [ -36.6690962, -6.6103056 ], [ -36.679748, -6.5793492 ], [ -36.6515639, -6.5858082 ], [ -36.6472264, -6.5850246 ], [ -36.6364058, -6.5924017 ], [ -36.6311401, -6.5908289 ], [ -36.6267065, -6.5927978 ], [ -36.6240272, -6.592173 ], [ -36.6121354, -6.5850879 ], [ -36.5875073, -6.5847987 ], [ -36.5754923, -6.5979275 ], [ -36.5698362, -6.5974037 ], [ -36.5665427, -6.5999613 ], [ -36.5623084, -6.5978466 ], [ -36.5572108, -6.6002485 ], [ -36.5553547, -6.6043945 ], [ -36.5521004, -6.6050856 ], [ -36.5500253, -6.6080235 ], [ -36.5324546, -6.6070599 ], [ -36.5207427, -6.6106016 ], [ -36.5230071, -6.6190011 ], [ -36.5313057, -6.6348858 ], [ -36.5417461, -6.6660633 ], [ -36.5474152, -6.6951497 ], [ -36.5588804, -6.7091075 ], [ -36.5579422, -6.7125996 ], [ -36.5492197, -6.7220494 ], [ -36.5442045, -6.7312035 ], [ -36.5277658, -6.7349449 ], [ -36.523936, -6.7383132 ], [ -36.5205656, -6.7456815 ], [ -36.5047532, -6.7539395 ], [ -36.5025608, -6.7576247 ], [ -36.5032623, -6.7665423 ], [ -36.5013048, -6.7775693 ], [ -36.5069378, -6.8130054 ], [ -36.5119791, -6.819571 ], [ -36.5313104, -6.8270785 ], [ -36.540991, -6.8407187 ], [ -36.5451461, -6.8430712 ], [ -36.5471033, -6.8405354 ], [ -36.5502051, -6.8435512 ], [ -36.5575449, -6.8423904 ], [ -36.562069699999988, -6.8380707 ], [ -36.5679429, -6.8354643 ], [ -36.5693025, -6.829043 ], [ -36.5724357, -6.8257169 ], [ -36.5694676, -6.8202957 ], [ -36.5730566, -6.81503 ], [ -36.5748821, -6.8062326 ], [ -36.6012956, -6.8057093 ], [ -36.6114788, -6.7997709 ], [ -36.6170004, -6.8004616 ], [ -36.6212859, -6.804269 ], [ -36.6254529, -6.805435 ], [ -36.6342789, -6.8176699 ] ] ] } },
{ "type": "Feature", "properties": { "CD_MUN": "2409100", "NM_MUN": "Passa e Fica", "NM_UF": "Rio Grande do Norte", "NM_REGIAO": "Nordeste", "class_electre": 5, "class_label": "C5 (muito alto)", "Priorizacao": "Grupo 5", "class_mc_prob": 5, "ranking_pos": 2.0, "area_deg45_ha": 3550.0 }, "geometry": { "type": "Polygon", "coordinates": [ [ [ -35.6293108, -6.454872 ], [ -35.6367999, -6.4543894 ], [ -35.6514904, -6.4499943 ], [ -35.6539281, -6.4472487 ], [ -35.6601643, -6.4452787 ], [ -35.6636037, -6.44683 ], [ -35.6653275, -6.4499606 ], [ -35.670578, -6.4318031 ], [ -35.6685461, -6.4263929 ], [ -35.6645916, -6.4243407 ], [ -35.6675114, -6.4226239 ], [ -35.66892, -6.41632 ], [ -35.6713009, -6.4141036 ], [ -35.616476, -6.4256103 ], [ -35.5584357, -6.4304395 ], [ -35.5805235, -6.4705572 ], [ -35.5813826, -6.484058 ], [ -35.5864993, -6.4821063 ], [ -35.5880994, -6.4790253 ], [ -35.591712, -6.4771583 ], [ -35.5921643, -6.4716302 ], [ -35.6001881, -6.4606106 ], [ -35.6049684, -6.4592713 ], [ -35.6168742, -6.462633 ], [ -35.6179701, -6.4620165 ], [ -35.6170232, -6.4587628 ], [ -35.6196533, -6.4572237 ], [ -35.623192, -6.4586571 ], [ -35.6293108, -6.454872 ] ] ] } },
{ "type": "Feature", "properties": { "CD_MUN": "2409209", "NM_MUN": "Passagem", "NM_UF": "Rio Grande do Norte", "NM_REGIAO": "Nordeste", "class_electre": 5, "class_label": "C5 (muito alto)", "Priorizacao": "Grupo 5", "class_mc_prob": 5, "ranking_pos": 7.0, "area_deg45_ha": 2600.0 }, "geometry": { "type": "Polygon", "coordinates": [ [ [ -35.4058934, -6.2640662 ], [ -35.4014947, -6.2541494 ], [ -35.4013602, -6.24539 ], [ -35.3581296, -6.2498125 ], [ -35.3884804, -6.3228452 ], [ -35.4030446, -6.3204602 ], [ -35.4253549, -6.3193624 ], [ -35.4255507, -6.2805772 ], [ -35.4209384, -6.2732311 ], [ -35.4058934, -6.2640662 ] ] ] } },
{ "type": "Feature", "properties": { "CD_MUN": "2409332", "NM_MUN": "Santa Maria", "NM_UF": "Rio Grande do Norte", "NM_REGIAO": "Nordeste", "class_electre": 5, "class_label": "C5 (muito alto)", "Priorizacao": "Grupo 4", "class_mc_prob": 5, "ranking_pos": 28.0, "area_deg45_ha": 8575.0 }, "geometry": { "type": "Polygon", "coordinates": [ [ [ -35.6564982, -5.7181144 ], [ -35.6387698, -5.7900498 ], [ -35.6400628, -5.7890413 ], [ -35.6451042, -5.7930552 ], [ -35.6467263, -5.7914139 ], [ -35.6520497, -5.7921769 ], [ -35.6623627, -5.7968296 ], [ -35.663803, -5.7950077 ], [ -35.6679167, -5.7943097 ], [ -35.6832473, -5.8689804 ], [ -35.6916261, -5.8708919 ], [ -35.6940108, -5.8682042 ], [ -35.697358, -5.8679158 ], [ -35.6984956, -5.8651814 ], [ -35.7038277, -5.864172 ], [ -35.7038664, -5.8614678 ], [ -35.7096889, -5.860892 ], [ -35.7135472, -5.8627038 ], [ -35.7177673, -5.8606685 ], [ -35.7197125, -5.8620111 ], [ -35.72141, -5.8686977 ], [ -35.7362267, -5.8690679 ], [ -35.7387691, -5.8715918 ], [ -35.7421226, -5.872273 ], [ -35.7506481, -5.8706889 ], [ -35.752191, -5.8669629 ], [ -35.7632081, -5.8618813 ], [ -35.765853, -5.8641294 ], [ -35.7737902, -5.8629707 ], [ -35.7761425, -5.8610159 ], [ -35.786245699999988, -5.8589798 ], [ -35.7947516, -5.8532139 ], [ -35.7968181, -5.853289 ], [ -35.7795786, -5.8151814 ], [ -35.7770999, -5.716386 ], [ -35.6564982, -5.7181144 ] ] ] } },
{ "type": "Feature", "properties": { "CD_MUN": "2409407", "NM_MUN": "Pau dos Ferros", "NM_UF": "Rio Grande do Norte", "NM_REGIAO": "Nordeste", "class_electre": 5, "class_label": "C5 (muito alto)", "Priorizacao": "Grupo 4", "class_mc_prob": 5, "ranking_pos": 18.0, "area_deg45_ha": 12500.0 }, "geometry": { "type": "Polygon", "coordinates": [ [ [ -38.1734745, -6.1699835 ], [ -38.2071918, -6.1555703 ], [ -38.2362676, -6.1638657 ], [ -38.249116, -6.1637941 ], [ -38.2495734, -6.1359308 ], [ -38.2669657, -6.1121507 ], [ -38.2619591, -6.102319 ], [ -38.2613341, -6.0748677 ], [ -38.263899, -6.0713431 ], [ -38.2658465, -6.0728625 ], [ -38.2695882, -6.0715792 ], [ -38.2749004, -6.0657988 ], [ -38.2743963, -6.0637854 ], [ -38.2700337, -6.0626692 ], [ -38.2686725, -6.0577466 ], [ -38.2649744, -6.0542479 ], [ -38.2591838, -6.05378 ], [ -38.260832, -6.0514397 ], [ -38.2601674, -6.0497157 ], [ -38.2525691, -6.0431031 ], [ -38.2528743, -6.035209 ], [ -38.2511795, -6.0330545 ], [ -38.2524459, -6.0216998 ], [ -38.2506882, -6.0141086 ], [ -38.2526921, -6.011914 ], [ -38.2521719, -6.0101576 ], [ -38.2154552, -6.0241085 ], [ -38.1777079, -6.0563141 ], [ -38.1476678, -6.0960639 ], [ -38.1035182, -6.1138375 ], [ -38.0654358, -6.1183919 ], [ -38.0437819, -6.1259893 ], [ -38.0416603, -6.1691026 ], [ -38.0549143, -6.1610256 ], [ -38.0573036, -6.1957332 ], [ -38.0814119, -6.1913662 ], [ -38.1291504, -6.1758313 ], [ -38.1696401, -6.1940569 ], [ -38.1661844, -6.1910335 ], [ -38.1655568, -6.1880513 ], [ -38.1618028, -6.1860069 ], [ -38.1631629, -6.1811863 ], [ -38.1734745, -6.1699835 ] ] ] } },
{ "type": "Feature", "properties": { "CD_MUN": "2410306", "NM_MUN": "Serra Caiada", "NM_UF": "Rio Grande do Norte", "NM_REGIAO": "Nordeste", "class_electre": 5, "class_label": "C5 (muito alto)", "Priorizacao": "Grupo 4", "class_mc_prob": 5, "ranking_pos": 23.0, "area_deg45_ha": 10475.0 }, "geometry": { "type": "Polygon", "coordinates": [ [ [ -35.682186, -6.1681726 ], [ -35.7202114, -6.1764302 ], [ -35.7322502, -6.1424914 ], [ -35.8082464, -6.1396583 ], [ -35.8207566, -6.129362 ], [ -35.8258004, -6.0788654 ], [ -35.8053532, -6.0433243 ], [ -35.7840443, -6.0409353 ], [ -35.7842821, -6.0395367 ], [ -35.7817056, -6.0390328 ], [ -35.781562, -6.040704 ], [ -35.6906088, -6.0714959 ], [ -35.6015785, -6.0919584 ], [ -35.5888724, -6.0967987 ], [ -35.638603, -6.1375263 ], [ -35.6404171, -6.1544501 ], [ -35.6538028, -6.1771941 ], [ -35.682186, -6.1681726 ] ] ] } },
{ "type": "Feature", "properties": { "CD_MUN": "2410405", "NM_MUN": "Pureza", "NM_UF": "Rio Grande do Norte", "NM_REGIAO": "Nordeste", "class_electre": 5, "class_label": "C5 (muito alto)", "Priorizacao": "Grupo 5", "class_mc_prob": 5, "ranking_pos": 11.0, "area_deg45_ha": 27825.0 }, "geometry": { "type": "Polygon", "coordinates": [ [ [ -35.5679399, -5.4939245 ], [ -35.5775126, -5.4989907 ], [ -35.5815571, -5.4958788 ], [ -35.5847342, -5.4957096 ], [ -35.5904411, -5.4880353 ], [ -35.5980206, -5.487692 ], [ -35.6079489, -5.4924614 ], [ -35.6115898, -5.49102 ], [ -35.6256414, -5.49226 ], [ -35.6312743, -5.4903215 ], [ -35.6452576, -5.4790728 ], [ -35.6586963, -5.4779274 ], [ -35.6834898, -5.4633536 ], [ -35.7085452, -5.4611438 ], [ -35.7131411, -5.4630239 ], [ -35.7350761, -5.4575907 ], [ -35.7402372, -5.4594707 ], [ -35.7460142, -5.4579991 ], [ -35.750987, -5.459208 ], [ -35.7564917, -5.4556143 ], [ -35.7610349, -5.4549386 ], [ -35.7643789, -5.4516093 ], [ -35.7381418, -5.417126 ], [ -35.7349984, -5.4087483 ], [ -35.7188781, -5.3892406 ], [ -35.6417106, -5.3345055 ], [ -35.5858777, -5.3100607 ], [ -35.580644, -5.3003455 ], [ -35.53444, -5.3387859 ], [ -35.5086017, -5.3348289 ], [ -35.5008087, -5.3375023 ], [ -35.4941436, -5.3352967 ], [ -35.4911075, -5.3318828 ], [ -35.4827723, -5.3327725 ], [ -35.475589, -5.3274293 ], [ -35.4577554, -5.3239391 ], [ -35.4554064, -5.3199661 ], [ -35.446486, -5.3183999 ], [ -35.4448348, -5.3165456 ], [ -35.4404874, -5.3203217 ], [ -35.4408162, -5.3260703 ], [ -35.4374986, -5.3287623 ], [ -35.4338591, -5.3278104 ], [ -35.4312675, -5.330052 ], [ -35.4298856, -5.3284572 ], [ -35.4273995, -5.3287298 ], [ -35.4253022, -5.3308943 ], [ -35.418538, -5.3328406 ], [ -35.501806, -5.4923037 ], [ -35.5078975, -5.4952524 ], [ -35.5175098, -5.5028193 ], [ -35.5190791, -5.5056428 ], [ -35.526401, -5.5071549 ], [ -35.5283284, -5.509848 ], [ -35.5356659, -5.5125408 ], [ -35.5430179, -5.5100067 ], [ -35.5504087, -5.4999397 ], [ -35.5548737, -5.4989673 ], [ -35.5579064, -5.4952266 ], [ -35.5679399, -5.4939245 ] ] ] } },
{ "type": "Feature", "properties": { "CD_MUN": "2411429", "NM_MUN": "Santana do Seridó", "NM_UF": "Rio Grande do Norte", "NM_REGIAO": "Nordeste", "class_electre": 5, "class_label": "C5 (muito alto)", "Priorizacao": "Grupo 3", "class_mc_prob": 5, "ranking_pos": 37.0, "area_deg45_ha": 1400.0 }, "geometry": { "type": "Polygon", "coordinates": [ [ [ -36.8160944, -6.6821266 ], [ -36.7879511, -6.6722062 ], [ -36.7862231, -6.6680152 ], [ -36.764812899999988, -6.6691996 ], [ -36.7624294, -6.6663543 ], [ -36.7491088, -6.6590602 ], [ -36.7490128, -6.6562933 ], [ -36.7444271, -6.6520796 ], [ -36.7222678, -6.646713 ], [ -36.7226965, -6.650919 ], [ -36.7278297, -6.6586466 ], [ -36.7342103, -6.6611101 ], [ -36.7238561, -6.6657778 ], [ -36.7163872, -6.6664141 ], [ -36.7066488, -6.6799396 ], [ -36.711538, -6.692694 ], [ -36.7076365, -6.6954168 ], [ -36.7137628, -6.7022679 ], [ -36.717568199999988, -6.7036462 ], [ -36.7163316, -6.7062968 ], [ -36.7077428, -6.7091392 ], [ -36.706123, -6.7062695 ], [ -36.7016202, -6.7059531 ], [ -36.7076692, -6.7181317 ], [ -36.7112711, -6.7352526 ], [ -36.7050497, -6.744345 ], [ -36.7120882, -6.7531722 ], [ -36.7145643, -6.762211 ], [ -36.7235078, -6.7816503 ], [ -36.727820699999988, -6.7851355 ], [ -36.7312611, -6.79214 ], [ -36.7314975, -6.8024768 ], [ -36.7257735, -6.8154295 ], [ -36.730198, -6.8363961 ], [ -36.7339799, -6.8347926 ], [ -36.7694651, -6.8387481 ], [ -36.7727287, -6.7870652 ], [ -36.8308281, -6.7353256 ], [ -36.8384235, -6.7258933 ], [ -36.8413336, -6.713099 ], [ -36.8406659, -6.7074705 ], [ -36.8382938, -6.7062927 ], [ -36.8413383, -6.7024984 ], [ -36.841354, -6.6986919 ], [ -36.850764, -6.6896111 ], [ -36.8426458, -6.6746238 ], [ -36.8169325, -6.6818731 ], [ -36.8166882, -6.679581 ], [ -36.8160944, -6.6821266 ] ] ] } },
{ "type": "Feature", "properties": { "CD_MUN": "2411502", "NM_MUN": "Santo Antônio", "NM_UF": "Rio Grande do Norte", "NM_REGIAO": "Nordeste", "class_electre": 5, "class_label": "C5 (muito alto)", "Priorizacao": "Grupo 5", "class_mc_prob": 5, "ranking_pos": 9.0, "area_deg45_ha": 17050.0 }, "geometry": { "type": "Polygon", "coordinates": [ [ [ -35.4092084, -6.381516 ], [ -35.4471483, -6.4057552 ], [ -35.4473787, -6.4144183 ], [ -35.4879351, -6.4047495 ], [ -35.5176141, -6.4062973 ], [ -35.544243, -6.4173793 ], [ -35.5550372, -6.3910185 ], [ -35.5970246, -6.3858399 ], [ -35.6155498, -6.3499337 ], [ -35.6362796, -6.3345876 ], [ -35.6374831, -6.3310797 ], [ -35.6432257, -6.3257564 ], [ -35.6428306, -6.3218882 ], [ -35.6399708, -6.3161672 ], [ -35.6348641, -6.3137585 ], [ -35.6329503, -6.309719 ], [ -35.6288739, -6.3077263 ], [ -35.6217592, -6.3064968 ], [ -35.609487, -6.3157362 ], [ -35.6018899, -6.3064135 ], [ -35.6010003, -6.3015724 ], [ -35.5935833, -6.3002029 ], [ -35.5860934, -6.3031659 ], [ -35.5834679, -6.3015639 ], [ -35.5800795, -6.3018606 ], [ -35.5749606, -6.2970657 ], [ -35.5633366, -6.2959292 ], [ -35.5599993, -6.2876123 ], [ -35.5565469, -6.2846561 ], [ -35.5533931, -6.2846716 ], [ -35.5504864, -6.2880787 ], [ -35.5478563, -6.2856362 ], [ -35.5256168, -6.28387 ], [ -35.5192001, -6.286194 ], [ -35.5163855, -6.2892756 ], [ -35.5100997, -6.289798 ], [ -35.5031235, -6.2976941 ], [ -35.4690564, -6.273601 ], [ -35.4685, -6.2307486 ], [ -35.4364252, -6.2534265 ], [ -35.4203796, -6.2737265 ], [ -35.4255507, -6.2805772 ], [ -35.4253549, -6.3193624 ], [ -35.4030446, -6.3204602 ], [ -35.3884804, -6.3228452 ], [ -35.4006612, -6.3415178 ], [ -35.4092084, -6.381516 ] ] ] } },
{ "type": "Feature", "properties": { "CD_MUN": "2412302", "NM_MUN": "São José do Campestre", "NM_UF": "Rio Grande do Norte", "NM_REGIAO": "Nordeste", "class_electre": 5, "class_label": "C5 (muito alto)", "Priorizacao": "Grupo 4", "class_mc_prob": 5, "ranking_pos": 20.0, "area_deg45_ha": 16125.0 }, "geometry": { "type": "Polygon", "coordinates": [ [ [ -35.6633165, -6.1979017 ], [ -35.6599873, -6.2222146 ], [ -35.6664121, -6.23902 ], [ -35.6659701, -6.2425619 ], [ -35.6638733, -6.246204 ], [ -35.6614118, -6.2677783 ], [ -35.6436755, -6.3262433 ], [ -35.648331, -6.3265427 ], [ -35.6500514, -6.3189196 ], [ -35.6569267, -6.3187319 ], [ -35.6576385, -6.3152785 ], [ -35.6617986, -6.3145768 ], [ -35.6663703, -6.3087988 ], [ -35.6690539, -6.3094552 ], [ -35.671417, -6.3145531 ], [ -35.6699292, -6.3487003 ], [ -35.6822989, -6.3525741 ], [ -35.6830217, -6.3581066 ], [ -35.7646792, -6.4186136 ], [ -35.7734498, -6.4076443 ], [ -35.8434425, -6.3777729 ], [ -35.8431886, -6.3766958 ], [ -35.8475787, -6.3774937 ], [ -35.8503329, -6.3800233 ], [ -35.8602919, -6.3799687 ], [ -35.868469, -6.3841731 ], [ -35.8705459, -6.3627822 ], [ -35.8572457, -6.3606853 ], [ -35.8499149, -6.3622473 ], [ -35.8416052, -6.3575612 ], [ -35.8332337, -6.3493635 ], [ -35.8301588, -6.3437216 ], [ -35.8264748, -6.3422345 ], [ -35.827776, -6.3386166 ], [ -35.8204582, -6.3338597 ], [ -35.8029082, -6.3169287 ], [ -35.8014408, -6.3106317 ], [ -35.7959279, -6.3001527 ], [ -35.7964105, -6.2936312 ], [ -35.7933174, -6.2845427 ], [ -35.7994829, -6.2777366 ], [ -35.7936055, -6.2755897 ], [ -35.7844738, -6.2660797 ], [ -35.7860725, -6.2626987 ], [ -35.784827899999989, -6.2585181 ], [ -35.7865556, -6.2566566 ], [ -35.7827183, -6.2477824 ], [ -35.7859351, -6.2436896 ], [ -35.7874393, -6.2374201 ], [ -35.7908569, -6.2341037 ], [ -35.7905191, -6.2298058 ], [ -35.7836018, -6.2231707 ], [ -35.777574, -6.2232423 ], [ -35.7720374, -6.2211239 ], [ -35.7700664, -6.2146493 ], [ -35.7663791, -6.2104125 ], [ -35.7692074, -6.2010178 ], [ -35.7680392, -6.196539 ], [ -35.7654386, -6.1974419 ], [ -35.7633664, -6.2015664 ], [ -35.760759, -6.2012837 ], [ -35.7565802, -6.1948201 ], [ -35.756200199999988, -6.1901909 ], [ -35.7502357, -6.1898148 ], [ -35.7464641, -6.1853496 ], [ -35.7410113, -6.1844141 ], [ -35.7406454, -6.1826753 ], [ -35.6893202, -6.1959027 ], [ -35.6633165, -6.1979017 ] ] ] } },
{ "type": "Feature", "properties": { "CD_MUN": "2412401", "NM_MUN": "São José do Seridó", "NM_UF": "Rio Grande do Norte", "NM_REGIAO": "Nordeste", "class_electre": 5, "class_label": "C5 (muito alto)", "Priorizacao": "Grupo 4", "class_mc_prob": 5, "ranking_pos": 31.0, "area_deg45_ha": 2975.0 }, "geometry": { "type": "Polygon", "coordinates": [ [ [ -36.8974446, -6.5181995 ], [ -36.9053248, -6.517296 ], [ -36.9161103, -6.5237987 ], [ -36.921226, -6.5243989 ], [ -36.9246129, -6.5228979 ], [ -36.9297538, -6.5170855 ], [ -36.939249, -6.5133383 ], [ -36.9513563, -6.5222708 ], [ -36.9627181, -6.5099686 ], [ -36.9577275, -6.4916717 ], [ -36.9364881, -6.4754345 ], [ -36.9048379, -6.4479241 ], [ -36.8741265, -6.4186713 ], [ -36.8471228, -6.4300859 ], [ -36.8456147, -6.4341552 ], [ -36.8478652, -6.4356177 ], [ -36.8495624, -6.4439799 ], [ -36.8463439, -6.4429166 ], [ -36.8436654, -6.4375364 ], [ -36.8395477, -6.4386486 ], [ -36.8328198, -6.4375313 ], [ -36.8282137, -6.4396098 ], [ -36.8218572, -6.4365168 ], [ -36.8149244, -6.4457273 ], [ -36.8155573, -6.4483944 ], [ -36.8130161, -6.4535926 ], [ -36.8075855, -6.4550981 ], [ -36.8069235, -6.4591314 ], [ -36.8031208, -6.4635774 ], [ -36.7897093, -6.4679345 ], [ -36.7813734, -6.4652754 ], [ -36.7729481, -6.4667617 ], [ -36.7743156, -6.4729624 ], [ -36.7683134, -6.5005259 ], [ -36.7657248, -6.5087874 ], [ -36.761001899999989, -6.5158326 ], [ -36.7695292, -6.5151103 ], [ -36.7813131, -6.5265625 ], [ -36.7910835, -6.5209519 ], [ -36.7952836, -6.526982 ], [ -36.8045724, -6.529383 ], [ -36.8100232, -6.5347063 ], [ -36.8360825, -6.5386491 ], [ -36.8807595, -6.5279263 ], [ -36.8974446, -6.5181995 ] ] ] } },
{ "type": "Feature", "properties": { "CD_MUN": "2412708", "NM_MUN": "São Pedro", "NM_UF": "Rio Grande do Norte", "NM_REGIAO": "Nordeste", "class_electre": 5, "class_label": "C5 (muito alto)", "Priorizacao": "Grupo 4", "class_mc_prob": 5, "ranking_pos": 22.0, "area_deg45_ha": 8950.0 }, "geometry": { "type": "Polygon", "coordinates": [ [ [ -35.6354406, -5.803541 ], [ -35.5945259, -5.8674851 ], [ -35.5290102, -5.8818086 ], [ -35.5722267, -5.9323081 ], [ -35.6501929, -5.9764352 ], [ -35.668406, -5.9838887 ], [ -35.6741212, -5.974379 ], [ -35.6874521, -5.9190965 ], [ -35.6853721, -5.8797661 ], [ -35.6830962, -5.8661252 ], [ -35.6679167, -5.7943097 ], [ -35.663803, -5.7950077 ], [ -35.6623627, -5.7968296 ], [ -35.6520497, -5.7921769 ], [ -35.6467263, -5.7914139 ], [ -35.6451042, -5.7930552 ], [ -35.6400628, -5.7890413 ], [ -35.6354406, -5.803541 ] ] ] } },
{ "type": "Feature", "properties": { "CD_MUN": "2413102", "NM_MUN": "Senador Elói de Souza", "NM_UF": "Rio Grande do Norte", "NM_REGIAO": "Nordeste", "class_electre": 5, "class_label": "C5 (muito alto)", "Priorizacao": "Grupo 5", "class_mc_prob": 5, "ranking_pos": 3.0, "area_deg45_ha": 10575.0 }, "geometry": { "type": "Polygon", "coordinates": [ [ [ -35.6129168, -6.0893524 ], [ -35.6906088, -6.0714959 ], [ -35.781562, -6.040704 ], [ -35.7817056, -6.0390328 ], [ -35.7842821, -6.0395367 ], [ -35.7840443, -6.0409353 ], [ -35.7986908, -6.0425774 ], [ -35.7783375, -6.015875 ], [ -35.7092404, -6.0005513 ], [ -35.6501929, -5.9764352 ], [ -35.6474828, -6.0160379 ], [ -35.5707786, -6.0795447 ], [ -35.5735818, -6.0803868 ], [ -35.5888724, -6.0967987 ], [ -35.6129168, -6.0893524 ] ] ] } },
{ "type": "Feature", "properties": { "CD_MUN": "2413359", "NM_MUN": "Serra do Mel", "NM_UF": "Rio Grande do Norte", "NM_REGIAO": "Nordeste", "class_electre": 5, "class_label": "C5 (muito alto)", "Priorizacao": "Grupo 4", "class_mc_prob": 5, "ranking_pos": 21.0, "area_deg45_ha": 29150.0 }, "geometry": { "type": "Polygon", "coordinates": [ [ [ -37.1112567, -5.13271 ], [ -37.1117313, -5.0967826 ], [ -37.0508011, -5.0965867 ], [ -37.0509381, -5.0597725 ], [ -37.0284344, -5.0596855 ], [ -37.0286141, -5.0424589 ], [ -37.0113197, -5.0424056 ], [ -37.0114239, -5.0219464 ], [ -36.9657943, -5.0218677 ], [ -36.965952, -4.9858903 ], [ -36.9082604, -4.9897901 ], [ -36.9086857, -5.0809471 ], [ -36.9525792, -5.0811869 ], [ -36.9751213, -5.1039181 ], [ -36.9751213, -5.1307006 ], [ -36.930097499999988, -5.1310122 ], [ -36.9280504, -5.2937765 ], [ -37.155839, -5.2938916 ], [ -37.1564879, -5.1666626 ], [ -37.111091, -5.1665542 ], [ -37.1110828, -5.1500056 ], [ -37.105482, -5.1499906 ], [ -37.1054099, -5.1326901 ], [ -37.1112567, -5.13271 ] ] ] } },
{ "type": "Feature", "properties": { "CD_MUN": "2413508", "NM_MUN": "Serrinha", "NM_UF": "Rio Grande do Norte", "NM_REGIAO": "Nordeste", "class_electre": 5, "class_label": "C5 (muito alto)", "Priorizacao": "Grupo 4", "class_mc_prob": 5, "ranking_pos": 27.0, "area_deg45_ha": 8075.0 }, "geometry": { "type": "Polygon", "coordinates": [ [ [ -35.5677211, -6.2057416 ], [ -35.4685, -6.2307486 ], [ -35.4690564, -6.273601 ], [ -35.5031235, -6.2976941 ], [ -35.5100997, -6.289798 ], [ -35.5163855, -6.2892756 ], [ -35.5192001, -6.286194 ], [ -35.5256168, -6.28387 ], [ -35.5478563, -6.2856362 ], [ -35.5504864, -6.2880787 ], [ -35.5533931, -6.2846716 ], [ -35.5565469, -6.2846561 ], [ -35.5599993, -6.2876123 ], [ -35.5633366, -6.2959292 ], [ -35.5749606, -6.2970657 ], [ -35.5800795, -6.3018606 ], [ -35.5834679, -6.3015639 ], [ -35.5860934, -6.3031659 ], [ -35.5935833, -6.3002029 ], [ -35.6010003, -6.3015724 ], [ -35.6018899, -6.3064135 ], [ -35.609487, -6.3157362 ], [ -35.6217592, -6.3064968 ], [ -35.6320117, -6.3090221 ], [ -35.6348641, -6.3137585 ], [ -35.6391259, -6.3153297 ], [ -35.6416434, -6.3184341 ], [ -35.6432257, -6.3257564 ], [ -35.6614118, -6.2677783 ], [ -35.6638733, -6.246204 ], [ -35.6659701, -6.2425619 ], [ -35.6664121, -6.23902 ], [ -35.6586951, -6.2207583 ], [ -35.654711899999988, -6.2220032 ], [ -35.6480506, -6.2193184 ], [ -35.6393462, -6.2108011 ], [ -35.6324747, -6.209444 ], [ -35.6247143, -6.2022844 ], [ -35.624114, -6.2046816 ], [ -35.6218082, -6.2052192 ], [ -35.6173626, -6.1984336 ], [ -35.6135746, -6.1974419 ], [ -35.6114299, -6.1979762 ], [ -35.6103689, -6.2013194 ], [ -35.6055348, -6.2050199 ], [ -35.6039155, -6.2083213 ], [ -35.5938537, -6.209146 ], [ -35.591929, -6.2116324 ], [ -35.5677211, -6.2057416 ] ] ] } },
{ "type": "Feature", "properties": { "CD_MUN": "2413607", "NM_MUN": "Severiano Melo", "NM_UF": "Rio Grande do Norte", "NM_REGIAO": "Nordeste", "class_electre": 5, "class_label": "C5 (muito alto)", "Priorizacao": "Grupo 5", "class_mc_prob": 5, "ranking_pos": 13.0, "area_deg45_ha": 8200.0 }, "geometry": { "type": "Polygon", "coordinates": [ [ [ -37.9020173, -5.7498596 ], [ -37.9097543, -5.7842051 ], [ -37.975171, -5.8162992 ], [ -37.9801271, -5.8331795 ], [ -37.9869717, -5.8281782 ], [ -37.9905162, -5.8290824 ], [ -37.997848, -5.8381991 ], [ -38.0021975, -5.8365844 ], [ -38.0065684, -5.8397319 ], [ -38.0092915, -5.8483748 ], [ -38.014307, -5.8540763 ], [ -38.0585928, -5.7548514 ], [ -37.8813202, -5.6969462 ], [ -37.9020173, -5.7498596 ] ] ] } },
{ "type": "Feature", "properties": { "CD_MUN": "2414159", "NM_MUN": "Tenente Laurentino Cruz", "NM_UF": "Rio Grande do Norte", "NM_REGIAO": "Nordeste", "class_electre": 5, "class_label": "C5 (muito alto)", "Priorizacao": "Grupo 4", "class_mc_prob": 4, "ranking_pos": 29.0, "area_deg45_ha": 2200.0 }, "geometry": { "type": "Polygon", "coordinates": [ [ [ -36.7005899, -6.1453327 ], [ -36.7013313, -6.1505399 ], [ -36.6999605, -6.1637547 ], [ -36.7056751, -6.1682882 ], [ -36.7053708, -6.1802045 ], [ -36.707208, -6.1883775 ], [ -36.7150353, -6.1936338 ], [ -36.716037, -6.1962755 ], [ -36.7135167, -6.2052418 ], [ -36.7029678, -6.2208669 ], [ -36.7274497, -6.2137893 ], [ -36.7381026, -6.2135144 ], [ -36.747042, -6.207371 ], [ -36.7700133, -6.2018845 ], [ -36.7774396, -6.1972462 ], [ -36.7854383, -6.1966835 ], [ -36.7867586, -6.1951011 ], [ -36.7808399, -6.1883551 ], [ -36.762784, -6.1807905 ], [ -36.7541448, -6.1633026 ], [ -36.7492563, -6.1648999 ], [ -36.7455566, -6.1638842 ], [ -36.7297386, -6.149766 ], [ -36.7260375, -6.1365233 ], [ -36.7318938, -6.1212513 ], [ -36.7315285, -6.1129138 ], [ -36.732675, -6.1101947 ], [ -36.7393106, -6.1117767 ], [ -36.7300654, -6.1035716 ], [ -36.7266139, -6.1037512 ], [ -36.7256708, -6.1008581 ], [ -36.7198883, -6.0952562 ], [ -36.7149074, -6.099824 ], [ -36.7017522, -6.1044838 ], [ -36.6954557, -6.1054152 ], [ -36.6934134, -6.1037019 ], [ -36.6687465, -6.1123386 ], [ -36.6532703, -6.111835 ], [ -36.6828213, -6.1277437 ], [ -36.7005899, -6.1453327 ] ] ] } },
{ "type": "Feature", "properties": { "CD_MUN": "2414704", "NM_MUN": "Várzea", "NM_UF": "Rio Grande do Norte", "NM_REGIAO": "Nordeste", "class_electre": 5, "class_label": "C5 (muito alto)", "Priorizacao": "Grupo 4", "class_mc_prob": 5, "ranking_pos": 26.0, "area_deg45_ha": 3100.0 }, "geometry": { "type": "Polygon", "coordinates": [ [ [ -35.3388928, -6.3811059 ], [ -35.309618799999988, -6.4031122 ], [ -35.3238166, -6.3971829 ], [ -35.3369675, -6.3960931 ], [ -35.3422606, -6.4052904 ], [ -35.346300899999989, -6.4057755 ], [ -35.350219, -6.4088153 ], [ -35.3729421, -6.4055017 ], [ -35.386243, -6.3904884 ], [ -35.4092084, -6.381516 ], [ -35.4006612, -6.3415178 ], [ -35.3884804, -6.3228452 ], [ -35.3581296, -6.2498125 ], [ -35.3499311, -6.2248793 ], [ -35.3574765, -6.274221 ], [ -35.3622474, -6.2809771 ], [ -35.3626242, -6.2884923 ], [ -35.3657942, -6.2909843 ], [ -35.3649745, -6.2985898 ], [ -35.3673941, -6.2987209 ], [ -35.3674561, -6.2998843 ], [ -35.3606669, -6.3079446 ], [ -35.3489289, -6.3145079 ], [ -35.342209, -6.3152563 ], [ -35.3462145, -6.337101 ], [ -35.3441461, -6.3413563 ], [ -35.3441982, -6.3474865 ], [ -35.3465355, -6.3584182 ], [ -35.3449205, -6.3625763 ], [ -35.3419612, -6.3640511 ], [ -35.342274, -6.3755674 ], [ -35.3388928, -6.3811059 ] ] ] } },
{ "type": "Feature", "properties": { "CD_MUN": "2414803", "NM_MUN": "Vera Cruz", "NM_UF": "Rio Grande do Norte", "NM_REGIAO": "Nordeste", "class_electre": 5, "class_label": "C5 (muito alto)", "Priorizacao": "Grupo 5", "class_mc_prob": 5, "ranking_pos": 4.0, "area_deg45_ha": 6175.0 }, "geometry": { "type": "Polygon", "coordinates": [ [ [ -35.4267438, -6.0462229 ], [ -35.4293922, -6.0504801 ], [ -35.4322079, -6.0654621 ], [ -35.4426375, -6.0619025 ], [ -35.4443528, -6.0703862 ], [ -35.4512857, -6.0774013 ], [ -35.4565571, -6.0784504 ], [ -35.4760762, -6.0719501 ], [ -35.4926364, -6.0745291 ], [ -35.4883849, -6.0629489 ], [ -35.4914052, -6.0607574 ], [ -35.4953828, -6.0608942 ], [ -35.5002353, -6.0551803 ], [ -35.5086789, -6.0533363 ], [ -35.5087298, -6.05135 ], [ -35.5214044, -6.0537132 ], [ -35.5373289, -6.0527197 ], [ -35.5453893, -6.0556329 ], [ -35.546735, -6.0539548 ], [ -35.37344, -5.9873764 ], [ -35.3713996, -5.9880008 ], [ -35.3702842, -6.0052655 ], [ -35.3742191, -6.0129983 ], [ -35.382233, -6.017915 ], [ -35.3821223, -6.0217713 ], [ -35.3718567, -6.0335499 ], [ -35.369122, -6.0389637 ], [ -35.3729141, -6.0409649 ], [ -35.3690878, -6.0535548 ], [ -35.3651373, -6.0555335 ], [ -35.3663315, -6.058837 ], [ -35.3794578, -6.0608911 ], [ -35.3871788, -6.0586673 ], [ -35.3912874, -6.0518424 ], [ -35.3991698, -6.0511054 ], [ -35.4115977, -6.0537865 ], [ -35.4202394, -6.0478817 ], [ -35.4267438, -6.0462229 ] ] ] } },
{ "type": "Feature", "properties": { "CD_MUN": "2500809", "NM_MUN": "Araçagi", "NM_UF": "Paraíba", "NM_REGIAO": "Nordeste", "class_electre": 5, "class_label": "C5 (muito alto)", "Priorizacao": "Grupo 4", "class_mc_prob": 5, "ranking_pos": 27.0, "area_deg45_ha": 9450.0 }, "geometry": { "type": "Polygon", "coordinates": [ [ [ -35.3796377, -6.9346034 ], [ -35.3893077, -6.8564097 ], [ -35.3921631, -6.8546803 ], [ -35.38999, -6.8479568 ], [ -35.394781, -6.8460355 ], [ -35.3991685, -6.8474678 ], [ -35.4003367, -6.844577 ], [ -35.4034221, -6.8478748 ], [ -35.4054214, -6.8329572 ], [ -35.4093191, -6.8360248 ], [ -35.4108252, -6.8353719 ], [ -35.4111842, -6.8309376 ], [ -35.4170834, -6.8313202 ], [ -35.4176938, -6.8335722 ], [ -35.418726, -6.8330538 ], [ -35.4186633, -6.826771 ], [ -35.4168789, -6.8262278 ], [ -35.4210148, -6.8256083 ], [ -35.4220946, -6.822193 ], [ -35.4196834, -6.8176638 ], [ -35.4175573, -6.8172235 ], [ -35.4191207, -6.8156137 ], [ -35.4184178, -6.8135177 ], [ -35.4213752, -6.8137206 ], [ -35.4229352, -6.8160845 ], [ -35.4302882, -6.8155149 ], [ -35.4338092, -6.8134167 ], [ -35.446796, -6.819087 ], [ -35.4518759, -6.8193525 ], [ -35.4585573, -6.8232987 ], [ -35.4645319, -6.8124413 ], [ -35.449639, -6.7988172 ], [ -35.4463565, -6.793023 ], [ -35.4379822, -6.7900208 ], [ -35.4230746, -6.7778752 ], [ -35.4152172, -6.7744834 ], [ -35.4111356, -6.7709454 ], [ -35.4090305, -6.7656787 ], [ -35.4012094, -6.7652647 ], [ -35.3704817, -6.7557596 ], [ -35.357802, -6.7580268 ], [ -35.3557863, -6.7643886 ], [ -35.3537777, -6.7661684 ], [ -35.3535923, -6.7719212 ], [ -35.3506826, -6.7746473 ], [ -35.3434717, -6.7777184 ], [ -35.3412572, -6.7754589 ], [ -35.3353818, -6.7750842 ], [ -35.3331336, -6.7798055 ], [ -35.3265837, -6.7808846 ], [ -35.3239009, -6.7860555 ], [ -35.3210981, -6.7853211 ], [ -35.3198391, -6.7904171 ], [ -35.3158929, -6.7892091 ], [ -35.3235187, -6.8028873 ], [ -35.325025, -6.8206707 ], [ -35.3271726, -6.8253578 ], [ -35.3248692, -6.8251739 ], [ -35.3247894, -6.8278588 ], [ -35.3220779, -6.8292279 ], [ -35.3142491, -6.8279386 ], [ -35.3121623, -6.8302114 ], [ -35.3066063, -6.8309691 ], [ -35.3040144, -6.8344249 ], [ -35.3053436, -6.840167 ], [ -35.302539, -6.8422405 ], [ -35.3006915, -6.8504946 ], [ -35.296743899999989, -6.8516074 ], [ -35.3125899, -6.8575381 ], [ -35.317394, -6.8609017 ], [ -35.317145, -6.8674597 ], [ -35.3115359, -6.8758308 ], [ -35.3032512, -6.882784 ], [ -35.3038636, -6.8899474 ], [ -35.3018103, -6.892536 ], [ -35.3050197, -6.8933431 ], [ -35.3037075, -6.8953269 ], [ -35.3045113, -6.8978779 ], [ -35.3010221, -6.9014305 ], [ -35.3000039, -6.9085623 ], [ -35.2963482, -6.9120761 ], [ -35.2952447, -6.9179506 ], [ -35.2900126, -6.9210421 ], [ -35.2887875, -6.940909 ], [ -35.2855213, -6.9453724 ], [ -35.2753592, -6.9443459 ], [ -35.2731013, -6.9484179 ], [ -35.2662643, -6.9522856 ], [ -35.2635611, -6.9561491 ], [ -35.2779471, -6.9693163 ], [ -35.3155182, -6.9865439 ], [ -35.3243347, -6.9726657 ], [ -35.3299766, -6.9699321 ], [ -35.331583, -6.9643235 ], [ -35.3362113, -6.9613053 ], [ -35.3417257, -6.953925 ], [ -35.3429152, -6.9421657 ], [ -35.3575474, -6.942981 ], [ -35.3796377, -6.9346034 ] ] ] } },
{ "type": "Feature", "properties": { "CD_MUN": "2500908", "NM_MUN": "Arara", "NM_UF": "Paraíba", "NM_REGIAO": "Nordeste", "class_electre": 5, "class_label": "C5 (muito alto)", "Priorizacao": "Grupo 5", "class_mc_prob": 5, "ranking_pos": 18.0, "area_deg45_ha": 4325.0 }, "geometry": { "type": "Polygon", "coordinates": [ [ [ -35.7436207, -6.8751052 ], [ -35.7569347, -6.8767708 ], [ -35.7596425, -6.8755037 ], [ -35.7692402, -6.8787334 ], [ -35.7731196, -6.8761224 ], [ -35.7830076, -6.875135 ], [ -35.7824271, -6.8725625 ], [ -35.7833057, -6.8738064 ], [ -35.7863375, -6.8730952 ], [ -35.8000843, -6.8663151 ], [ -35.8007755, -6.8643558 ], [ -35.8030762, -6.8659018 ], [ -35.8076388, -6.8652576 ], [ -35.8118756, -6.8611839 ], [ -35.80955, -6.8601545 ], [ -35.8098967, -6.8587677 ], [ -35.8059976, -6.8577436 ], [ -35.806019, -6.8539512 ], [ -35.8081952, -6.8519243 ], [ -35.8104941, -6.8526977 ], [ -35.815268, -6.845961 ], [ -35.8125797, -6.8454703 ], [ -35.8134438, -6.8434007 ], [ -35.8110435, -6.8394003 ], [ -35.8074378, -6.8374267 ], [ -35.8077578, -6.8359866 ], [ -35.8021039, -6.8348665 ], [ -35.8001623, -6.8376721 ], [ -35.7955432, -6.8345144 ], [ -35.7952978, -6.8361679 ], [ -35.793623, -6.8362533 ], [ -35.7921295, -6.8335223 ], [ -35.7886304, -6.8324129 ], [ -35.7895905, -6.8284018 ], [ -35.7860702, -6.8285084 ], [ -35.7805817, -6.8242005 ], [ -35.777166799999989, -6.8248188 ], [ -35.7738742, -6.8314472 ], [ -35.7721057, -6.8309008 ], [ -35.769704499999989, -6.8331582 ], [ -35.768396, -6.831289 ], [ -35.766987, -6.8328706 ], [ -35.7656067, -6.8315191 ], [ -35.7664981, -6.8300525 ], [ -35.7649165, -6.8286578 ], [ -35.7670732, -6.8269899 ], [ -35.7656354, -6.8254945 ], [ -35.7635793, -6.827148 ], [ -35.763378, -6.8240711 ], [ -35.761422599999989, -6.8239704 ], [ -35.7624578, -6.8210948 ], [ -35.7608187, -6.8210516 ], [ -35.7602579, -6.8239417 ], [ -35.7519616, -6.8278094 ], [ -35.7515447, -6.8240855 ], [ -35.7531694, -6.823079 ], [ -35.7497474, -6.8186792 ], [ -35.7467135, -6.8192687 ], [ -35.743028, -6.8174579 ], [ -35.7442765, -6.8162383 ], [ -35.7426455, -6.813763 ], [ -35.7401341, -6.8133012 ], [ -35.7401918, -6.815062 ], [ -35.7364392, -6.8170105 ], [ -35.737233, -6.8149466 ], [ -35.7356742, -6.8142538 ], [ -35.7318494, -6.8181652 ], [ -35.7298864, -6.8169095 ], [ -35.7266534, -6.8183817 ], [ -35.7198408, -6.8249921 ], [ -35.7184498, -6.8224793 ], [ -35.7153596, -6.8213122 ], [ -35.7140281, -6.8182056 ], [ -35.7094421, -6.8209342 ], [ -35.7069107, -6.8169235 ], [ -35.700237099999988, -6.8143428 ], [ -35.6910211, -6.8182552 ], [ -35.6955936, -6.8202191 ], [ -35.7000129, -6.8270405 ], [ -35.7047153, -6.8308833 ], [ -35.699531, -6.8383677 ], [ -35.7084736, -6.8362116 ], [ -35.7101926, -6.837399 ], [ -35.7108536, -6.8416777 ], [ -35.7063535, -6.8417468 ], [ -35.6978992, -6.8483095 ], [ -35.696164599999989, -6.8548654 ], [ -35.6926545, -6.8565999 ], [ -35.6928799, -6.8595979 ], [ -35.6909472, -6.8617968 ], [ -35.6847738, -6.8647879 ], [ -35.6804237, -6.864467 ], [ -35.6775172, -6.8682517 ], [ -35.6709421, -6.8655875 ], [ -35.6569837, -6.8683017 ], [ -35.6567988, -6.8739697 ], [ -35.6524638, -6.8778717 ], [ -35.6529469, -6.8826033 ], [ -35.6458482, -6.8831415 ], [ -35.64909, -6.9106889 ], [ -35.6509498, -6.9090877 ], [ -35.6556274, -6.9111892 ], [ -35.6609397, -6.9048477 ], [ -35.6641193, -6.9056821 ], [ -35.6654849, -6.9028743 ], [ -35.672649, -6.8987601 ], [ -35.6784779, -6.8909734 ], [ -35.7369483, -6.8836781 ], [ -35.7404429, -6.8857115 ], [ -35.7401568, -6.882922 ], [ -35.7425784, -6.8818593 ], [ -35.7418427, -6.8773021 ], [ -35.7436207, -6.8751052 ] ] ] } },
{ "type": "Feature", "properties": { "CD_MUN": "2501203", "NM_MUN": "Areial", "NM_UF": "Paraíba", "NM_REGIAO": "Nordeste", "class_electre": 5, "class_label": "C5 (muito alto)", "Priorizacao": "Grupo 5", "class_mc_prob": 5, "ranking_pos": 1.0, "area_deg45_ha": 3350.0 }, "geometry": { "type": "Polygon", "coordinates": [ [ [ -35.9005999, -7.0456143 ], [ -35.9026965, -7.0458039 ], [ -35.9023599, -7.0508179 ], [ -35.8982506, -7.0537071 ], [ -35.8986433, -7.055881 ], [ -35.9049745, -7.0603479 ], [ -35.9040353, -7.0685889 ], [ -35.9019918, -7.0732021 ], [ -35.8982225, -7.0757582 ], [ -35.8981063, -7.0804543 ], [ -35.9619003, -7.0684675 ], [ -35.9674654, -7.0709599 ], [ -35.9704906, -7.0690163 ], [ -35.9652276, -7.0620218 ], [ -35.9593716, -7.0597196 ], [ -35.9584124, -7.0431384 ], [ -35.9509851, -7.0292705 ], [ -35.9557631, -7.0241546 ], [ -35.9617195, -7.0237526 ], [ -35.9546776, -7.0166978 ], [ -35.9483187, -7.0156461 ], [ -35.9477771, -7.0196416 ], [ -35.938153, -7.017249 ], [ -35.9302933, -7.0183556 ], [ -35.9273319, -7.0167224 ], [ -35.919376, -7.0265087 ], [ -35.9133031, -7.0285143 ], [ -35.9082297, -7.0365667 ], [ -35.9027322, -7.040487 ], [ -35.9005999, -7.0456143 ] ] ] } },
{ "type": "Feature", "properties": { "CD_MUN": "2501351", "NM_MUN": "Assunção", "NM_UF": "Paraíba", "NM_REGIAO": "Nordeste", "class_electre": 5, "class_label": "C5 (muito alto)", "Priorizacao": "Grupo 4", "class_mc_prob": 5, "ranking_pos": 33.0, "area_deg45_ha": 1650.0 }, "geometry": { "type": "Polygon", "coordinates": [ [ [ -36.7663436, -7.0977551 ], [ -36.7552778, -7.0838889 ], [ -36.7535037, -7.05692 ], [ -36.7554016, -7.0450801 ], [ -36.7471983, -7.0360133 ], [ -36.7436879, -7.0256643 ], [ -36.7405757, -7.0240167 ], [ -36.7395382, -7.0209959 ], [ -36.7320627, -7.0195618 ], [ -36.7266314, -7.015229 ], [ -36.7287063, -7.0116591 ], [ -36.7256865, -7.0066105 ], [ -36.6900753, -7.0086675 ], [ -36.6783119, -7.0124768 ], [ -36.6700314, -7.0228307 ], [ -36.6563088, -7.0503842 ], [ -36.6585698, -7.0543552 ], [ -36.662433, -7.0561497 ], [ -36.6631807, -7.0593151 ], [ -36.6624579, -7.0612342 ], [ -36.6582707, -7.0628293 ], [ -36.6577337, -7.0668816 ], [ -36.6643345, -7.0673684 ], [ -36.6648772, -7.0713592 ], [ -36.6628339, -7.0733386 ], [ -36.6594497, -7.0724766 ], [ -36.6574863, -7.0741208 ], [ -36.6679591, -7.0786915 ], [ -36.6668441, -7.0870939 ], [ -36.6681785, -7.0903598 ], [ -36.6650832, -7.0960996 ], [ -36.6671426, -7.0999809 ], [ -36.671353, -7.1004561 ], [ -36.6641205, -7.1087489 ], [ -36.6644434, -7.1150248 ], [ -36.6616893, -7.1169746 ], [ -36.660517, -7.1294258 ], [ -36.6679972, -7.1293385 ], [ -36.6755201, -7.1253735 ], [ -36.690368, -7.1248712 ], [ -36.695335899999989, -7.1284312 ], [ -36.6974695, -7.1350613 ], [ -36.7054702, -7.1386213 ], [ -36.7132105, -7.1388942 ], [ -36.7257243, -7.127712 ], [ -36.7366448, -7.1318277 ], [ -36.7416299, -7.1220845 ], [ -36.7514095, -7.1215023 ], [ -36.7623513, -7.1231888 ], [ -36.7616984, -7.1205484 ], [ -36.7658979, -7.1166952 ], [ -36.7657681, -7.1140975 ], [ -36.7716272, -7.1142418 ], [ -36.778689, -7.108875 ], [ -36.7663436, -7.0977551 ] ] ] } },
{ "type": "Feature", "properties": { "CD_MUN": "2501534", "NM_MUN": "Baraúna", "NM_UF": "Paraíba", "NM_REGIAO": "Nordeste", "class_electre": 5, "class_label": "C5 (muito alto)", "Priorizacao": "Grupo 5", "class_mc_prob": 5, "ranking_pos": 8.0, "area_deg45_ha": 3075.0 }, "geometry": { "type": "Polygon", "coordinates": [ [ [ -36.2704874, -6.617022 ], [ -36.2722254, -6.6045668 ], [ -36.274632, -6.6037222 ], [ -36.2914545, -6.5750733 ], [ -36.2972507, -6.5688043 ], [ -36.2993311, -6.5629697 ], [ -36.3002327, -6.5498471 ], [ -36.2981295, -6.5475756 ], [ -36.2932152, -6.5568171 ], [ -36.2779984, -6.5648667 ], [ -36.2715334, -6.5715657 ], [ -36.2509142, -6.5802456 ], [ -36.2435849, -6.5885294 ], [ -36.2317706, -6.5966301 ], [ -36.2501703, -6.6853717 ], [ -36.2686915, -6.6916989 ], [ -36.2740212, -6.6633784 ], [ -36.2765729, -6.6567779 ], [ -36.2722293, -6.6405374 ], [ -36.2704874, -6.617022 ] ] ] } },
{ "type": "Feature", "properties": { "CD_MUN": "2503506", "NM_MUN": "Cacimba de Dentro", "NM_UF": "Paraíba", "NM_REGIAO": "Nordeste", "class_electre": 5, "class_label": "C5 (muito alto)", "Priorizacao": "Grupo 5", "class_mc_prob": 5, "ranking_pos": 10.0, "area_deg45_ha": 9725.0 }, "geometry": { "type": "Polygon", "coordinates": [ [ [ -35.7783894, -6.6908821 ], [ -35.7964703, -6.6850013 ], [ -35.8034553, -6.6806472 ], [ -35.8149945, -6.6800626 ], [ -35.8289338, -6.67617 ], [ -35.8299646, -6.6717082 ], [ -35.832334, -6.6695696 ], [ -35.8341341, -6.6700927 ], [ -35.8350572, -6.6679849 ], [ -35.8381959, -6.6683388 ], [ -35.8403037, -6.6707082 ], [ -35.8461963, -6.6676464 ], [ -35.8502427, -6.6684926 ], [ -35.8496735, -6.6770008 ], [ -35.8468118, -6.681755 ], [ -35.847858, -6.6831243 ], [ -35.8659901, -6.6792838 ], [ -35.8769867, -6.5778017 ], [ -35.8672296, -6.5447171 ], [ -35.8432433, -6.5531687 ], [ -35.8310365, -6.5645126 ], [ -35.7891298, -6.5851722 ], [ -35.7735506, -6.5858251 ], [ -35.740954, -6.5974404 ], [ -35.7407688, -6.6000113 ], [ -35.7373265, -6.601264 ], [ -35.7356488, -6.6052511 ], [ -35.738699, -6.6096739 ], [ -35.7320912, -6.6188167 ], [ -35.7429835, -6.6127096 ], [ -35.7532197, -6.6255082 ], [ -35.7666263, -6.6265703 ], [ -35.7420223, -6.6765976 ], [ -35.74477, -6.6782163 ], [ -35.7461672, -6.6851573 ], [ -35.7595083, -6.690701 ], [ -35.767621, -6.6891686 ], [ -35.7783894, -6.6908821 ] ] ] } },
{ "type": "Feature", "properties": { "CD_MUN": "2503605", "NM_MUN": "Caiçara", "NM_UF": "Paraíba", "NM_REGIAO": "Nordeste", "class_electre": 5, "class_label": "C5 (muito alto)", "Priorizacao": "Grupo 5", "class_mc_prob": 5, "ranking_pos": 23.0, "area_deg45_ha": 5375.0 }, "geometry": { "type": "Polygon", "coordinates": [ [ [ -35.4824129, -6.616764 ], [ -35.4736972, -6.6174613 ], [ -35.4677779, -6.6106248 ], [ -35.462163, -6.6102167 ], [ -35.4571615, -6.6126391 ], [ -35.45419, -6.6123268 ], [ -35.4439015, -6.6302706 ], [ -35.4295876, -6.6175998 ], [ -35.4142554, -6.565768 ], [ -35.4046164, -6.5262484 ], [ -35.4077584, -6.4895836 ], [ -35.3947555, -6.4940336 ], [ -35.3645125, -6.5120405 ], [ -35.395554, -6.562989 ], [ -35.3921532, -6.591461 ], [ -35.3882865, -6.5999768 ], [ -35.3892518, -6.6038211 ], [ -35.3846991, -6.6063832 ], [ -35.3789491, -6.606353 ], [ -35.37874, -6.6029938 ], [ -35.3732695, -6.6019576 ], [ -35.3733025, -6.5991863 ], [ -35.3710656, -6.5982578 ], [ -35.3695174, -6.5996815 ], [ -35.3662308, -6.5981422 ], [ -35.358633399999988, -6.5998871 ], [ -35.356709, -6.5966631 ], [ -35.3532436, -6.596387 ], [ -35.3482973, -6.5987813 ], [ -35.3448797, -6.595595 ], [ -35.3456307, -6.5915885 ], [ -35.3400734, -6.5884584 ], [ -35.3367493, -6.5887665 ], [ -35.3354096, -6.5919906 ], [ -35.3333973, -6.5913169 ], [ -35.3315298, -6.5928319 ], [ -35.3312672, -6.5963385 ], [ -35.3282739, -6.5976953 ], [ -35.3282675, -6.6000671 ], [ -35.3260094, -6.6020135 ], [ -35.3280444, -6.6082996 ], [ -35.3259404, -6.613367 ], [ -35.329069, -6.6147998 ], [ -35.3295022, -6.6179369 ], [ -35.327087, -6.6198666 ], [ -35.3286219, -6.6216636 ], [ -35.3582364, -6.616003 ], [ -35.3604314, -6.6324088 ], [ -35.370403, -6.6287717 ], [ -35.3790461, -6.6306187 ], [ -35.3789933, -6.6467242 ], [ -35.4145499, -6.6761613 ], [ -35.417374, -6.6692719 ], [ -35.421958, -6.6676268 ], [ -35.510925, -6.6476573 ], [ -35.5063288, -6.6477578 ], [ -35.5035946, -6.6459189 ], [ -35.5043002, -6.6345814 ], [ -35.5031476, -6.6329525 ], [ -35.4994921, -6.6320991 ], [ -35.4962924, -6.6351667 ], [ -35.4925802, -6.6338776 ], [ -35.490725, -6.6225529 ], [ -35.4824129, -6.616764 ] ] ] } },
{ "type": "Feature", "properties": { "CD_MUN": "2503803", "NM_MUN": "Caldas Brandão", "NM_UF": "Paraíba", "NM_REGIAO": "Nordeste", "class_electre": 5, "class_label": "C5 (muito alto)", "Priorizacao": "Grupo 5", "class_mc_prob": 5, "ranking_pos": 5.0, "area_deg45_ha": 3725.0 }, "geometry": { "type": "Polygon", "coordinates": [ [ [ -35.3534303, -7.1445677 ], [ -35.3543126, -7.132108 ], [ -35.3485432, -7.1225904 ], [ -35.3406432, -7.1176651 ], [ -35.3499947, -7.1172896 ], [ -35.3509042, -7.1114099 ], [ -35.355236, -7.1097125 ], [ -35.3546809, -7.1046819 ], [ -35.3609028, -7.1036474 ], [ -35.3612586, -7.1005356 ], [ -35.3524627, -7.0947051 ], [ -35.3562659, -7.091768 ], [ -35.3543569, -7.0901893 ], [ -35.3552374, -7.0882141 ], [ -35.3616453, -7.0857763 ], [ -35.3631917, -7.0779781 ], [ -35.3741427, -7.0781397 ], [ -35.3756578, -7.0769013 ], [ -35.3771415, -7.0326621 ], [ -35.3293466, -7.096333 ], [ -35.3214095, -7.1016247 ], [ -35.3208507, -7.1071115 ], [ -35.322959, -7.1079497 ], [ -35.3228066, -7.1099565 ], [ -35.3188185, -7.1108455 ], [ -35.3174722, -7.1087372 ], [ -35.3141446, -7.1102613 ], [ -35.3149575, -7.118212 ], [ -35.3121887, -7.1180341 ], [ -35.3095978, -7.1150622 ], [ -35.3052795, -7.1188724 ], [ -35.3045937, -7.1166117 ], [ -35.3013423, -7.1169673 ], [ -35.3010374, -7.1140969 ], [ -35.2980655, -7.1119632 ], [ -35.293925, -7.1106423 ], [ -35.29108, -7.1127506 ], [ -35.2886061, -7.1094899 ], [ -35.3108188, -7.1501357 ], [ -35.3145681, -7.1529719 ], [ -35.325573, -7.1552732 ], [ -35.3260842, -7.1606569 ], [ -35.3303464, -7.1684515 ], [ -35.3297392, -7.1714258 ], [ -35.334563, -7.1815868 ], [ -35.3343873, -7.1841735 ], [ -35.3466718, -7.1949352 ], [ -35.3489306, -7.1943875 ], [ -35.3522164, -7.1858343 ], [ -35.3520832, -7.1805154 ], [ -35.3542677, -7.1764188 ], [ -35.3516798, -7.1674867 ], [ -35.3546486, -7.165873 ], [ -35.357087, -7.1582907 ], [ -35.3559662, -7.1491222 ], [ -35.3534303, -7.1445677 ] ] ] } },
{ "type": "Feature", "properties": { "CD_MUN": "2503902", "NM_MUN": "Camalaú", "NM_UF": "Paraíba", "NM_REGIAO": "Nordeste", "class_electre": 5, "class_label": "C5 (muito alto)", "Priorizacao": "Grupo 4", "class_mc_prob": 5, "ranking_pos": 42.0, "area_deg45_ha": 1375.0 }, "geometry": { "type": "Polygon", "coordinates": [ [ [ -36.5725882, -7.935975 ], [ -36.8163375, -7.9583379 ], [ -36.8223824, -7.9645082 ], [ -36.8222189, -7.9666515 ], [ -36.824866299999989, -7.9696045 ], [ -36.8317629, -7.9730666 ], [ -36.8339862, -7.9782957 ], [ -36.8402331, -7.9851067 ], [ -36.8424839, -7.9848507 ], [ -36.8514781, -7.9912441 ], [ -36.8639439, -8.0045518 ], [ -36.8682294, -8.0116676 ], [ -36.8745606, -8.0134363 ], [ -36.8788899, -8.0168429 ], [ -36.8857648, -8.0161466 ], [ -36.8905414, -8.0126982 ], [ -36.9054703, -8.019034 ], [ -36.9075037, -8.0243573 ], [ -36.911832, -8.0277925 ], [ -36.9187396, -8.0283854 ], [ -36.9231131, -8.0365039 ], [ -36.9291069, -8.0369272 ], [ -36.925323, -8.0123193 ], [ -36.9287765, -7.9611654 ], [ -36.9288286, -7.9014526 ], [ -36.9309934, -7.8714309 ], [ -36.9609015, -7.8309133 ], [ -36.8184116, -7.8212019 ], [ -36.830835, -7.8412292 ], [ -36.8153369, -7.8303203 ], [ -36.8101578, -7.8298759 ], [ -36.8075788, -7.8275362 ], [ -36.805196, -7.8287026 ], [ -36.800108, -7.8266128 ], [ -36.794144, -7.8307369 ], [ -36.7872199, -7.8249465 ], [ -36.7834004, -7.8271335 ], [ -36.7689914, -7.8168162 ], [ -36.7602522, -7.8178576 ], [ -36.7591939, -7.8157191 ], [ -36.7606797, -7.8078803 ], [ -36.7588085, -7.8034435 ], [ -36.7525151, -7.8007634 ], [ -36.7518493, -7.8029922 ], [ -36.7464179, -7.8034435 ], [ -36.7434184, -7.7942851 ], [ -36.7391854, -7.7921188 ], [ -36.7377347, -7.7883901 ], [ -36.7334667, -7.7890011 ], [ -36.7326958, -7.7824741 ], [ -36.727797, -7.7793703 ], [ -36.7268314, -7.7759315 ], [ -36.6923165, -7.838979 ], [ -36.6786469, -7.8453187 ], [ -36.67722, -7.8511099 ], [ -36.6732534, -7.8533746 ], [ -36.6642944, -7.8673374 ], [ -36.6592865, -7.870639 ], [ -36.652501099999988, -7.8797155 ], [ -36.6405197, -7.884028 ], [ -36.6182599, -7.8975923 ], [ -36.6111915, -7.9056755 ], [ -36.6080967, -7.906417 ], [ -36.606501, -7.9096887 ], [ -36.6009941, -7.9121948 ], [ -36.5899532, -7.9228951 ], [ -36.5725882, -7.935975 ] ] ] } },
{ "type": "Feature", "properties": { "CD_MUN": "2504074", "NM_MUN": "Caraúbas", "NM_UF": "Paraíba", "NM_REGIAO": "Nordeste", "class_electre": 5, "class_label": "C5 (muito alto)", "Priorizacao": "Grupo 4", "class_mc_prob": 5, "ranking_pos": 45.0, "area_deg45_ha": 175.0 }, "geometry": { "type": "Polygon", "coordinates": [ [ [ -36.4924798, -7.9151532 ], [ -36.4993888, -7.9203149 ], [ -36.5128545, -7.9148715 ], [ -36.5314734, -7.9027986 ], [ -36.5364643, -7.9016093 ], [ -36.5677557, -7.860154 ], [ -36.5563067, -7.827381 ], [ -36.5569942, -7.821466 ], [ -36.5595742, -7.818294 ], [ -36.5551835, -7.8118116 ], [ -36.5544375, -7.8080545 ], [ -36.5662651, -7.8009251 ], [ -36.570306, -7.8017566 ], [ -36.5705601, -7.7973791 ], [ -36.5976133, -7.7707107 ], [ -36.6148638, -7.7612028 ], [ -36.6206014, -7.7543057 ], [ -36.6205577, -7.7496595 ], [ -36.6135823, -7.7394002 ], [ -36.616148, -7.7365793 ], [ -36.61897, -7.7062351 ], [ -36.6126414, -7.7024325 ], [ -36.606702, -7.7084398 ], [ -36.5974871, -7.7080117 ], [ -36.59061, -7.7151675 ], [ -36.5775565, -7.7181047 ], [ -36.5802786, -7.7119223 ], [ -36.5771614, -7.7113638 ], [ -36.5604576, -7.6937688 ], [ -36.5521069, -7.6895763 ], [ -36.5531111, -7.6866413 ], [ -36.5507595, -7.6847804 ], [ -36.5531332, -7.6843476 ], [ -36.553343, -7.6829051 ], [ -36.5417092, -7.6795712 ], [ -36.5412677, -7.6777071 ], [ -36.5459968, -7.6757546 ], [ -36.5459951, -7.6688873 ], [ -36.5541628, -7.6622245 ], [ -36.5544259, -7.6600035 ], [ -36.5622284, -7.6583817 ], [ -36.5700966, -7.6519818 ], [ -36.5709003, -7.6492057 ], [ -36.5750061, -7.6477884 ], [ -36.5802077, -7.6400297 ], [ -36.5880906, -7.6369613 ], [ -36.5876859, -7.6333349 ], [ -36.5830508, -7.6323481 ], [ -36.5816379, -7.628685 ], [ -36.5772795, -7.6251937 ], [ -36.5565415, -7.6331181 ], [ -36.5512057, -7.6335838 ], [ -36.5515724, -7.6348864 ], [ -36.548247, -7.6359477 ], [ -36.5403899, -7.6356188 ], [ -36.5356876, -7.6403211 ], [ -36.5276062, -7.6418611 ], [ -36.5234272, -7.6417415 ], [ -36.5177531, -7.6373083 ], [ -36.5115705, -7.63757 ], [ -36.5125798, -7.635387 ], [ -36.5111444, -7.6330322 ], [ -36.4982112, -7.6351628 ], [ -36.4949735, -7.6322829 ], [ -36.4943935, -7.6365538 ], [ -36.4912563, -7.6398493 ], [ -36.4923372, -7.6435402 ], [ -36.4872754, -7.6472838 ], [ -36.4827408, -7.6483384 ], [ -36.4807108, -7.6527411 ], [ -36.4733624, -7.6539318 ], [ -36.4692372, -7.6579498 ], [ -36.4614691, -7.6561819 ], [ -36.4586832, -7.659557 ], [ -36.4565403, -7.6548426 ], [ -36.4539688, -7.6581106 ], [ -36.4508079, -7.6555926 ], [ -36.4491471, -7.6560748 ], [ -36.4505401, -7.6627714 ], [ -36.4456863, -7.6616661 ], [ -36.4466292, -7.6700574 ], [ -36.408379, -7.7634508 ], [ -36.3994284, -7.8104267 ], [ -36.4074226, -7.8140756 ], [ -36.4240476, -7.8157782 ], [ -36.4280333, -7.8196034 ], [ -36.4299642, -7.8271115 ], [ -36.4283491, -7.833406 ], [ -36.43094, -7.8498473 ], [ -36.428945, -7.8584987 ], [ -36.4290573, -7.8670372 ], [ -36.4327214, -7.8730941 ], [ -36.4399209, -7.8761991 ], [ -36.4403836, -7.878251 ], [ -36.4327213, -7.8799868 ], [ -36.4296952, -7.8865592 ], [ -36.436918399999989, -7.9002688 ], [ -36.4457553, -7.9081682 ], [ -36.4441096, -7.9152833 ], [ -36.4463014, -7.9163797 ], [ -36.452715, -7.9148596 ], [ -36.4640999, -7.9153501 ], [ -36.4704468, -7.9178013 ], [ -36.4781222, -7.9248043 ], [ -36.4801364, -7.9247633 ], [ -36.4866644, -7.916355 ], [ -36.4924798, -7.9151532 ] ] ] } },
{ "type": "Feature", "properties": { "CD_MUN": "2504157", "NM_MUN": "Casserengue", "NM_UF": "Paraíba", "NM_REGIAO": "Nordeste", "class_electre": 5, "class_label": "C5 (muito alto)", "Priorizacao": "Grupo 5", "class_mc_prob": 5, "ranking_pos": 15.0, "area_deg45_ha": 10075.0 }, "geometry": { "type": "Polygon", "coordinates": [ [ [ -35.8028139, -6.7895273 ], [ -35.7828331, -6.825191 ], [ -35.7860702, -6.8285084 ], [ -35.7897399, -6.8285511 ], [ -35.7881184, -6.83045 ], [ -35.7886304, -6.8324129 ], [ -35.7921295, -6.8335223 ], [ -35.793623, -6.8362533 ], [ -35.7957672, -6.8345144 ], [ -35.797186, -6.8368187 ], [ -35.8006317, -6.8376721 ], [ -35.8021039, -6.8348665 ], [ -35.8044935, -6.8363066 ], [ -35.8060936, -6.8353892 ], [ -35.8110435, -6.8394003 ], [ -35.8134438, -6.8434007 ], [ -35.8125797, -6.8454703 ], [ -35.8155026, -6.8468571 ], [ -35.8113849, -6.8500734 ], [ -35.8104941, -6.8526977 ], [ -35.8080779, -6.8519723 ], [ -35.8057523, -6.8551513 ], [ -35.8059976, -6.8577436 ], [ -35.8098967, -6.8587677 ], [ -35.80955, -6.8601545 ], [ -35.8118009, -6.8610346 ], [ -35.8106766, -6.8636429 ], [ -35.820932299999988, -6.8616771 ], [ -35.8280536, -6.8582901 ], [ -35.8394297, -6.8461338 ], [ -35.8428312, -6.8380927 ], [ -35.8615274, -6.8239291 ], [ -35.8876992, -6.7952961 ], [ -35.8948214, -6.7928393 ], [ -35.8979474, -6.7939937 ], [ -35.8980608, -6.7924685 ], [ -35.9042138, -6.7886209 ], [ -35.9067996, -6.7839478 ], [ -35.905974, -6.7791345 ], [ -35.9043851, -6.7772497 ], [ -35.900070299999989, -6.7765487 ], [ -35.8987306, -6.7729192 ], [ -35.8989799, -6.7656136 ], [ -35.9026561, -6.7573888 ], [ -35.8963785, -6.750457 ], [ -35.8962072, -6.7482295 ], [ -35.9005843, -6.7416404 ], [ -35.9065348, -6.7408148 ], [ -35.9174855, -6.7325433 ], [ -35.9234671, -6.7303158 ], [ -35.9241128, -6.720999 ], [ -35.9207913, -6.7188107 ], [ -35.9091963, -6.716162 ], [ -35.9076453, -6.710733 ], [ -35.904808, -6.7079151 ], [ -35.8977527, -6.7059614 ], [ -35.9007223, -6.6992737 ], [ -35.895445, -6.6970757 ], [ -35.8941192, -6.6921926 ], [ -35.8887972, -6.6908062 ], [ -35.8725405, -6.6910662 ], [ -35.8682654, -6.6814767 ], [ -35.8649205, -6.6787394 ], [ -35.8575355, -6.6820781 ], [ -35.8473349, -6.6829243 ], [ -35.8508274, -6.6720313 ], [ -35.8507197, -6.669185 ], [ -35.8482426, -6.6676926 ], [ -35.84295, -6.668785 ], [ -35.8409191, -6.6707235 ], [ -35.8375804, -6.6680465 ], [ -35.8350572, -6.6679849 ], [ -35.8341341, -6.6700927 ], [ -35.832334, -6.6695696 ], [ -35.8299646, -6.6717082 ], [ -35.8289338, -6.67617 ], [ -35.8149945, -6.6800626 ], [ -35.8034553, -6.6806472 ], [ -35.7964703, -6.6850013 ], [ -35.7801546, -6.6904828 ], [ -35.7821508, -6.7005056 ], [ -35.7819906, -6.7033438 ], [ -35.7798682, -6.7047705 ], [ -35.7832471, -6.7124393 ], [ -35.7860753, -6.714877 ], [ -35.7853895, -6.7230915 ], [ -35.7883779, -6.7282073 ], [ -35.7885632, -6.749722 ], [ -35.7935439, -6.748841 ], [ -35.7977988, -6.753216 ], [ -35.7934938, -6.7563271 ], [ -35.8079854, -6.7672371 ], [ -35.8028139, -6.7895273 ] ] ] } },
{ "type": "Feature", "properties": { "CD_MUN": "2504355", "NM_MUN": "Caturité", "NM_UF": "Paraíba", "NM_REGIAO": "Nordeste", "class_electre": 5, "class_label": "C5 (muito alto)", "Priorizacao": "Grupo 5", "class_mc_prob": 5, "ranking_pos": 12.0, "area_deg45_ha": 6275.0 }, "geometry": { "type": "Polygon", "coordinates": [ [ [ -36.0154721, -7.4188641 ], [ -36.0164056, -7.4228856 ], [ -36.0148976, -7.4218802 ], [ -36.0037307, -7.4233883 ], [ -36.0054542, -7.4267276 ], [ -36.0052387, -7.4340525 ], [ -36.0076804, -7.439223 ], [ -36.0104093, -7.4398335 ], [ -36.0154362, -7.4374995 ], [ -36.0168365, -7.4402643 ], [ -36.0150053, -7.4421674 ], [ -36.0210376, -7.4441063 ], [ -36.0082549, -7.4496 ], [ -36.0080754, -7.4523648 ], [ -36.0493935, -7.4836071 ], [ -36.0950788, -7.4558013 ], [ -36.093193, -7.4497856 ], [ -36.0991817, -7.4506831 ], [ -36.1029561, -7.4476719 ], [ -36.1057072, -7.4409787 ], [ -36.1032413, -7.4387811 ], [ -36.1002217, -7.4401651 ], [ -36.0972609, -7.4388147 ], [ -36.0979655, -7.4346628 ], [ -36.1033, -7.4304942 ], [ -36.1015134, -7.4258895 ], [ -36.1023102, -7.4183826 ], [ -36.0972358, -7.4148766 ], [ -36.0946943, -7.4095673 ], [ -36.0996587, -7.4036922 ], [ -36.0980492, -7.3925577 ], [ -36.099644, -7.3901398 ], [ -36.1111165, -7.3866341 ], [ -36.115428, -7.3787212 ], [ -36.122039, -7.3753992 ], [ -36.1217916, -7.3706308 ], [ -36.1255058, -7.3657206 ], [ -36.1238615, -7.3619129 ], [ -36.0384528, -7.3663383 ], [ -36.0380211, -7.3679075 ], [ -36.0286395, -7.3716278 ], [ -36.0193792, -7.3812521 ], [ -36.0154162, -7.3795537 ], [ -36.0158611, -7.3821013 ], [ -36.0129091, -7.3871156 ], [ -36.0108063, -7.3866708 ], [ -36.0080161, -7.3825057 ], [ -36.004134, -7.3860642 ], [ -36.0006786, -7.3840708 ], [ -35.9996014, -7.3922574 ], [ -36.0016122, -7.3950222 ], [ -36.0052747, -7.3938014 ], [ -36.0096911, -7.4006595 ], [ -36.0049515, -7.4067277 ], [ -35.9992783, -7.4076254 ], [ -35.9982729, -7.4124368 ], [ -36.0003555, -7.4136218 ], [ -36.0019354, -7.4107133 ], [ -36.0042693, -7.4105338 ], [ -36.009368, -7.4130473 ], [ -36.0154721, -7.4188641 ] ] ] } },
{ "type": "Feature", "properties": { "CD_MUN": "2504702", "NM_MUN": "Congo", "NM_UF": "Paraíba", "NM_REGIAO": "Nordeste", "class_electre": 5, "class_label": "C5 (muito alto)", "Priorizacao": "Grupo 4", "class_mc_prob": 5, "ranking_pos": 44.0, "area_deg45_ha": 150.0 }, "geometry": { "type": "Polygon", "coordinates": [ [ [ -36.6009941, -7.9121948 ], [ -36.606501, -7.9096887 ], [ -36.6080967, -7.906417 ], [ -36.6111915, -7.9056755 ], [ -36.6182599, -7.8975923 ], [ -36.6405197, -7.884028 ], [ -36.652501099999988, -7.8797155 ], [ -36.6592865, -7.870639 ], [ -36.6642944, -7.8673374 ], [ -36.6732534, -7.8533746 ], [ -36.67722, -7.8511099 ], [ -36.6786469, -7.8453187 ], [ -36.6923165, -7.838979 ], [ -36.7268314, -7.7759315 ], [ -36.7652588, -7.7279876 ], [ -36.7608831, -7.7255327 ], [ -36.7598011, -7.7231784 ], [ -36.7543587, -7.7211159 ], [ -36.7526287, -7.7154998 ], [ -36.7445105, -7.7151613 ], [ -36.7320394, -7.708562 ], [ -36.7246753, -7.7010927 ], [ -36.7197841, -7.7012626 ], [ -36.7147054, -7.6983209 ], [ -36.7137442, -7.6946892 ], [ -36.7092485, -7.6954727 ], [ -36.6968187, -7.6937355 ], [ -36.690395, -7.6898246 ], [ -36.6765652, -7.6901608 ], [ -36.6663421, -7.683516 ], [ -36.6610304, -7.6856117 ], [ -36.6452535, -7.684512 ], [ -36.640404, -7.6890402 ], [ -36.6395568, -7.6926042 ], [ -36.6312309, -7.6956133 ], [ -36.624833, -7.7057212 ], [ -36.61897, -7.7062351 ], [ -36.616148, -7.7365793 ], [ -36.6135823, -7.7394002 ], [ -36.6205577, -7.7496595 ], [ -36.6206014, -7.7543057 ], [ -36.6148638, -7.7612028 ], [ -36.5976133, -7.7707107 ], [ -36.5705601, -7.7973791 ], [ -36.570306, -7.8017566 ], [ -36.5662651, -7.8009251 ], [ -36.5544375, -7.8080545 ], [ -36.5551835, -7.8118116 ], [ -36.5595742, -7.818294 ], [ -36.5569942, -7.821466 ], [ -36.5563067, -7.827381 ], [ -36.5677557, -7.860154 ], [ -36.5364643, -7.9016093 ], [ -36.5430425, -7.9023178 ], [ -36.5520196, -7.8987141 ], [ -36.5638789, -7.9009977 ], [ -36.571706, -7.9044956 ], [ -36.5760394, -7.9094649 ], [ -36.5781999, -7.9152476 ], [ -36.5776221, -7.9212724 ], [ -36.5725343, -7.9305672 ], [ -36.5725882, -7.935975 ], [ -36.5899532, -7.9228951 ], [ -36.6009941, -7.9121948 ] ] ] } },
{ "type": "Feature", "properties": { "CD_MUN": "2505006", "NM_MUN": "Cubati", "NM_UF": "Paraíba", "NM_REGIAO": "Nordeste", "class_electre": 5, "class_label": "C5 (muito alto)", "Priorizacao": "Grupo 5", "class_mc_prob": 5, "ranking_pos": 13.0, "area_deg45_ha": 8400.0 }, "geometry": { "type": "Polygon", "coordinates": [ [ [ -36.3292035, -6.9351359 ], [ -36.334159, -6.9260166 ], [ -36.3520735, -6.9158948 ], [ -36.3602213, -6.9131687 ], [ -36.3648812, -6.9067627 ], [ -36.3700824, -6.9040668 ], [ -36.3755754, -6.8966677 ], [ -36.3777414, -6.8885996 ], [ -36.3880601, -6.8814144 ], [ -36.3996754, -6.8691198 ], [ -36.4004629, -6.8623678 ], [ -36.4048056, -6.856 ], [ -36.4061225, -6.8468311 ], [ -36.4034887, -6.8463953 ], [ -36.4003427, -6.85079 ], [ -36.394819, -6.8492282 ], [ -36.3939213, -6.8435908 ], [ -36.3906821, -6.8391116 ], [ -36.3827628, -6.8379548 ], [ -36.3845144, -6.8339178 ], [ -36.3811309, -6.8301461 ], [ -36.3835226, -6.8297899 ], [ -36.3831357, -6.8284838 ], [ -36.3792738, -6.8277085 ], [ -36.3766851, -6.8240696 ], [ -36.3650782, -6.8217437 ], [ -36.3645436, -6.8199137 ], [ -36.3663515, -6.8177834 ], [ -36.3643467, -6.8147485 ], [ -36.352979, -6.8135332 ], [ -36.35175, -6.8115278 ], [ -36.3526902, -6.8078301 ], [ -36.3484831, -6.807458 ], [ -36.3473419, -6.804363 ], [ -36.3443101, -6.803788 ], [ -36.3443612, -6.8007098 ], [ -36.342692, -6.7998135 ], [ -36.341653, -6.7959235 ], [ -36.3378547, -6.7963294 ], [ -36.3333752, -6.79408 ], [ -36.3304285, -6.7949256 ], [ -36.3294917, -6.7970228 ], [ -36.32755, -6.7940292 ], [ -36.3205666, -6.7914669 ], [ -36.3207965, -6.7890229 ], [ -36.318957, -6.7882196 ], [ -36.3143369, -6.793006 ], [ -36.3073492, -6.793729 ], [ -36.3033551, -6.7990524 ], [ -36.2913002, -6.8040374 ], [ -36.2861904, -6.8087053 ], [ -36.2774867, -6.8089844 ], [ -36.2746593, -6.8070733 ], [ -36.2737055, -6.8097793 ], [ -36.2667221, -6.8095087 ], [ -36.2677781, -6.8116565 ], [ -36.265632, -6.8125022 ], [ -36.2591258, -6.8095825 ], [ -36.2608745, -6.836796 ], [ -36.2775881, -6.8811367 ], [ -36.2992932, -6.9318504 ], [ -36.3046998, -6.940757 ], [ -36.3292035, -6.9351359 ] ] ] } },
{ "type": "Feature", "properties": { "CD_MUN": "2505279", "NM_MUN": "Curral de Cima", "NM_UF": "Paraíba", "NM_REGIAO": "Nordeste", "class_electre": 5, "class_label": "C5 (muito alto)", "Priorizacao": "Grupo 5", "class_mc_prob": 5, "ranking_pos": 21.0, "area_deg45_ha": 3875.0 }, "geometry": { "type": "Polygon", "coordinates": [ [ [ -35.275009, -6.7056539 ], [ -35.270372099999989, -6.7062042 ], [ -35.2635034, -6.7103213 ], [ -35.2592028, -6.7067545 ], [ -35.2569812, -6.7078653 ], [ -35.2522832, -6.703473 ], [ -35.2493074, -6.7032692 ], [ -35.2485737, -6.7007316 ], [ -35.244589, -6.7000896 ], [ -35.2424556, -6.6952696 ], [ -35.2372272, -6.6950007 ], [ -35.2376351, -6.693638 ], [ -35.234409, -6.692405 ], [ -35.2323417, -6.687603 ], [ -35.2278549, -6.6878719 ], [ -35.2291024, -6.6909317 ], [ -35.2270943, -6.6959277 ], [ -35.2221105, -6.6986828 ], [ -35.2221105, -6.7028584 ], [ -35.2152778, -6.7127646 ], [ -35.2159372, -6.7255039 ], [ -35.2206985, -6.7332096 ], [ -35.2214542, -6.7433501 ], [ -35.2199806, -6.7517804 ], [ -35.223253299999989, -6.753254 ], [ -35.2230544, -6.7548904 ], [ -35.2261524, -6.7578339 ], [ -35.2290031, -6.7582411 ], [ -35.230888, -6.7611654 ], [ -35.2338363, -6.7604322 ], [ -35.2402584, -6.7517096 ], [ -35.2445512, -6.7527096 ], [ -35.2462445, -6.7509268 ], [ -35.2512377, -6.7510916 ], [ -35.2546571, -6.7524758 ], [ -35.2552256, -6.7573207 ], [ -35.2680629, -6.7592406 ], [ -35.2704277, -6.7580293 ], [ -35.2744157, -6.7609791 ], [ -35.2766239, -6.7581447 ], [ -35.2815924, -6.7566533 ], [ -35.2871457, -6.7522616 ], [ -35.3123457, -6.7639269 ], [ -35.3492824, -6.7748932 ], [ -35.3535923, -6.7719212 ], [ -35.3537777, -6.7661684 ], [ -35.3557863, -6.7643886 ], [ -35.357802, -6.7580268 ], [ -35.3704817, -6.7557596 ], [ -35.3517333, -6.7518867 ], [ -35.3485811, -6.7499353 ], [ -35.3454782, -6.7432751 ], [ -35.3460818, -6.7215585 ], [ -35.3410707, -6.7183454 ], [ -35.3382188, -6.7134747 ], [ -35.3378983, -6.709373 ], [ -35.3367768, -6.709373 ], [ -35.3392121, -6.7080591 ], [ -35.3366486, -6.707963 ], [ -35.336007699999989, -6.7053033 ], [ -35.3321944, -6.7019066 ], [ -35.3273557, -6.7028038 ], [ -35.3255291, -6.7070017 ], [ -35.32617, -6.7096293 ], [ -35.3238308, -6.7107509 ], [ -35.3212992, -6.7105266 ], [ -35.3201111, -6.708644 ], [ -35.3172809, -6.7100462 ], [ -35.3120224, -6.7071417 ], [ -35.309597, -6.7086908 ], [ -35.3112275, -6.7122066 ], [ -35.3093422, -6.7146321 ], [ -35.3061626, -6.7134601 ], [ -35.3044913, -6.7151518 ], [ -35.3012404, -6.7134601 ], [ -35.2982952, -6.717832 ], [ -35.2955335, -6.7150091 ], [ -35.2915081, -6.7152232 ], [ -35.2911718, -6.7135416 ], [ -35.2873502, -6.7124003 ], [ -35.287289, -6.7092003 ], [ -35.284619, -6.7070602 ], [ -35.2783516, -6.7092716 ], [ -35.2761096, -6.7089048 ], [ -35.276680299999988, -6.706673 ], [ -35.275009, -6.7056539 ] ] ] } },
{ "type": "Feature", "properties": { "CD_MUN": "2505808", "NM_MUN": "Duas Estradas", "NM_UF": "Paraíba", "NM_REGIAO": "Nordeste", "class_electre": 5, "class_label": "C5 (muito alto)", "Priorizacao": "Grupo 5", "class_mc_prob": 5, "ranking_pos": 24.0, "area_deg45_ha": 1125.0 }, "geometry": { "type": "Polygon", "coordinates": [ [ [ -35.371393, -6.7481217 ], [ -35.3984498, -6.7344318 ], [ -35.4123101, -6.7326669 ], [ -35.4219854, -6.722837 ], [ -35.4272815, -6.7144054 ], [ -35.4326008, -6.7106689 ], [ -35.4340059, -6.7075666 ], [ -35.4300615, -6.7070301 ], [ -35.4249876, -6.6998628 ], [ -35.4241361, -6.6931568 ], [ -35.4150173, -6.6809512 ], [ -35.4145499, -6.6761613 ], [ -35.409056, -6.6767303 ], [ -35.3996336, -6.7108734 ], [ -35.3888816, -6.7172522 ], [ -35.3776936, -6.7193851 ], [ -35.3691818, -6.7235236 ], [ -35.3660293, -6.7300298 ], [ -35.359925499999989, -6.7351744 ], [ -35.3578798, -6.7391721 ], [ -35.3543651, -6.7409361 ], [ -35.3518565, -6.7472411 ], [ -35.3485811, -6.7499353 ], [ -35.3517333, -6.7518867 ], [ -35.3741494, -6.7571468 ], [ -35.371393, -6.7481217 ] ] ] } },
{ "type": "Feature", "properties": { "CD_MUN": "2506004", "NM_MUN": "Esperança", "NM_UF": "Paraíba", "NM_REGIAO": "Nordeste", "class_electre": 5, "class_label": "C5 (muito alto)", "Priorizacao": "Grupo 5", "class_mc_prob": 5, "ranking_pos": 17.0, "area_deg45_ha": 7575.0 }, "geometry": { "type": "Polygon", "coordinates": [ [ [ -35.7768823, -7.0212109 ], [ -35.7807205, -7.0243104 ], [ -35.7803927, -7.0264131 ], [ -35.7836146, -7.0244008 ], [ -35.785733, -7.0270786 ], [ -35.7911028, -7.0273441 ], [ -35.7921704, -7.0298901 ], [ -35.7926597, -7.0258872 ], [ -35.7947592, -7.0267879 ], [ -35.7978643, -7.024857 ], [ -35.8008299, -7.025843 ], [ -35.8011858, -7.0279328 ], [ -35.805397, -7.0284037 ], [ -35.8052487, -7.0310821 ], [ -35.8075174, -7.0323919 ], [ -35.8128999, -7.0302139 ], [ -35.821829099999988, -7.0297611 ], [ -35.8273815, -7.0265638 ], [ -35.8302569, -7.0284744 ], [ -35.833839, -7.0250402 ], [ -35.8363949, -7.0253277 ], [ -35.8381521, -7.02371 ], [ -35.8381338, -7.0272652 ], [ -35.8409179, -7.0272107 ], [ -35.8421362, -7.0299315 ], [ -35.8408874, -7.0320416 ], [ -35.8417342, -7.0349196 ], [ -35.8393857, -7.0370206 ], [ -35.8509391, -7.0457692 ], [ -35.8527302, -7.0509928 ], [ -35.8591156, -7.0525573 ], [ -35.8644808, -7.0574451 ], [ -35.867982, -7.0561728 ], [ -35.8711322, -7.0582987 ], [ -35.875018, -7.057772 ], [ -35.8798513, -7.0536331 ], [ -35.8847481, -7.054585 ], [ -35.8973529, -7.0796432 ], [ -35.8982225, -7.0757582 ], [ -35.9019918, -7.0732021 ], [ -35.904341, -7.0672975 ], [ -35.9049827, -7.0594294 ], [ -35.8986433, -7.055881 ], [ -35.8981384, -7.0539034 ], [ -35.9023599, -7.0508179 ], [ -35.9026965, -7.0458039 ], [ -35.9005999, -7.0456143 ], [ -35.9033638, -7.0397534 ], [ -35.9082297, -7.0365667 ], [ -35.9133031, -7.0285143 ], [ -35.9168222, -7.0280776 ], [ -35.9216516, -7.0225676 ], [ -35.9241095, -7.0220382 ], [ -35.9273319, -7.0167224 ], [ -35.9302933, -7.0183556 ], [ -35.938153, -7.017249 ], [ -35.9477771, -7.0196416 ], [ -35.9483187, -7.0156461 ], [ -35.9563955, -7.0174556 ], [ -35.9600416, -7.0150401 ], [ -35.9687797, -7.0036922 ], [ -35.9769337, -6.9862331 ], [ -35.9824181, -6.9846184 ], [ -35.9818951, -6.9824525 ], [ -35.983858, -6.9811097 ], [ -35.9798512, -6.979948 ], [ -35.9761776, -6.9811049 ], [ -35.9732061, -6.9774368 ], [ -35.976821799999989, -6.9756019 ], [ -35.9763572, -6.9685347 ], [ -35.9718355, -6.9669384 ], [ -35.9715539, -6.969038 ], [ -35.9687534, -6.9698055 ], [ -35.9590397, -6.9637604 ], [ -35.9572821, -6.9598613 ], [ -35.9521835, -6.9588755 ], [ -35.9494119, -6.9599819 ], [ -35.945621, -6.9523638 ], [ -35.9367283, -6.9475091 ], [ -35.9416471, -6.9440238 ], [ -35.9411722, -6.94092 ], [ -35.9432553, -6.93853 ], [ -35.9413553, -6.9390034 ], [ -35.9377457, -6.9342683 ], [ -35.9260689, -6.9347081 ], [ -35.9127238, -6.9379708 ], [ -35.909305, -6.9373288 ], [ -35.9076508, -6.9351373 ], [ -35.8983783, -6.9449972 ], [ -35.8953736, -6.9518261 ], [ -35.8883583, -6.9556785 ], [ -35.8857085, -6.9607691 ], [ -35.878136, -6.9577873 ], [ -35.8684624, -6.9580912 ], [ -35.8545648, -6.967414 ], [ -35.8390005, -6.9716878 ], [ -35.8329925, -6.9756909 ], [ -35.8228449, -6.9793673 ], [ -35.8067425, -6.9785015 ], [ -35.8087315, -6.98098 ], [ -35.8136582, -6.9824179 ], [ -35.8164427, -6.9897497 ], [ -35.8162582, -7.000798 ], [ -35.8127665, -7.0040941 ], [ -35.8109831, -7.0102285 ], [ -35.806515, -7.0125698 ], [ -35.8033332, -7.0170192 ], [ -35.8006165, -7.016229 ], [ -35.7998889, -7.0183787 ], [ -35.7932228, -7.0141162 ], [ -35.7768823, -7.0212109 ] ] ] } },
{ "type": "Feature", "properties": { "CD_MUN": "2506301", "NM_MUN": "Guarabira", "NM_UF": "Paraíba", "NM_REGIAO": "Nordeste", "class_electre": 5, "class_label": "C5 (muito alto)", "Priorizacao": "Grupo 4", "class_mc_prob": 5, "ranking_pos": 26.0, "area_deg45_ha": 6700.0 }, "geometry": { "type": "Polygon", "coordinates": [ [ [ -35.4996164, -6.8873355 ], [ -35.4996451, -6.8795491 ], [ -35.5051672, -6.8758282 ], [ -35.5253296, -6.8667563 ], [ -35.5347717, -6.8717733 ], [ -35.5390181, -6.8674152 ], [ -35.533365499999988, -6.8620467 ], [ -35.5345283, -6.8608051 ], [ -35.5336632, -6.8593738 ], [ -35.5268794, -6.858332 ], [ -35.5215572, -6.8544886 ], [ -35.519904, -6.8500935 ], [ -35.5172493, -6.8483421 ], [ -35.5088661, -6.826137 ], [ -35.5031309, -6.8205582 ], [ -35.4966838, -6.8214336 ], [ -35.4923965, -6.8247725 ], [ -35.4856079, -6.8190281 ], [ -35.4645319, -6.8124413 ], [ -35.4585573, -6.8232987 ], [ -35.4518759, -6.8193525 ], [ -35.446796, -6.819087 ], [ -35.4338092, -6.8134167 ], [ -35.4302882, -6.8155149 ], [ -35.4229352, -6.8160845 ], [ -35.4213752, -6.8137206 ], [ -35.4184178, -6.8135177 ], [ -35.4191207, -6.8156137 ], [ -35.4175573, -6.8172235 ], [ -35.4196834, -6.8176638 ], [ -35.4220946, -6.822193 ], [ -35.4210148, -6.8256083 ], [ -35.4168789, -6.8262278 ], [ -35.4186633, -6.826771 ], [ -35.418726, -6.8330538 ], [ -35.4176938, -6.8335722 ], [ -35.4170834, -6.8313202 ], [ -35.4111842, -6.8309376 ], [ -35.4108252, -6.8353719 ], [ -35.4093191, -6.8360248 ], [ -35.4054214, -6.8329572 ], [ -35.4034221, -6.8478748 ], [ -35.4003367, -6.844577 ], [ -35.3991685, -6.8474678 ], [ -35.394781, -6.8460355 ], [ -35.38999, -6.8479568 ], [ -35.3921631, -6.8546803 ], [ -35.3893077, -6.8564097 ], [ -35.3804494, -6.932459 ], [ -35.3820729, -6.9333215 ], [ -35.389025, -6.9299158 ], [ -35.3929169, -6.9306189 ], [ -35.3981838, -6.9285842 ], [ -35.4088038, -6.9316586 ], [ -35.4109596, -6.9300477 ], [ -35.415432, -6.9326062 ], [ -35.4212018, -6.9320081 ], [ -35.4270519, -6.9361219 ], [ -35.4270267, -6.9433968 ], [ -35.4413782, -6.9441294 ], [ -35.4412444, -6.9460675 ], [ -35.4443554, -6.9477702 ], [ -35.44366, -6.9535923 ], [ -35.448, -6.9534699 ], [ -35.4495635, -6.9582616 ], [ -35.4528359, -6.9591196 ], [ -35.4516313, -6.9607977 ], [ -35.4534295, -6.9626133 ], [ -35.4592485, -6.9632621 ], [ -35.457489, -6.9582855 ], [ -35.464498, -6.9539547 ], [ -35.4657206, -6.9462682 ], [ -35.4713547, -6.9360296 ], [ -35.4724959, -6.9188478 ], [ -35.4816163, -6.9180502 ], [ -35.483394, -6.9104228 ], [ -35.4796501, -6.9078981 ], [ -35.4812985, -6.9024992 ], [ -35.4996164, -6.8873355 ] ] ] } },
{ "type": "Feature", "properties": { "CD_MUN": "2506806", "NM_MUN": "Ingá", "NM_UF": "Paraíba", "NM_REGIAO": "Nordeste", "class_electre": 5, "class_label": "C5 (muito alto)", "Priorizacao": "Grupo 5", "class_mc_prob": 5, "ranking_pos": 25.0, "area_deg45_ha": 10675.0 }, "geometry": { "type": "Polygon", "coordinates": [ [ [ -35.6276008, -7.3349388 ], [ -35.6286017, -7.3326375 ], [ -35.6320403, -7.3309296 ], [ -35.6369081, -7.330766 ], [ -35.641305, -7.3424874 ], [ -35.6436178, -7.3390644 ], [ -35.6484126, -7.3379897 ], [ -35.653832, -7.3417514 ], [ -35.7032111, -7.3374356 ], [ -35.7057261, -7.339809 ], [ -35.711235099999989, -7.3376433 ], [ -35.7174632, -7.3411196 ], [ -35.7209813, -7.3388044 ], [ -35.7290653, -7.3372831 ], [ -35.7430901, -7.3412672 ], [ -35.7043225, -7.2600921 ], [ -35.6836615, -7.2706529 ], [ -35.6789159, -7.2697601 ], [ -35.6754386, -7.271316 ], [ -35.6712166, -7.2678952 ], [ -35.6685244, -7.2691965 ], [ -35.6618022, -7.2632371 ], [ -35.6569699, -7.2624263 ], [ -35.652938, -7.2639497 ], [ -35.6510883, -7.2518911 ], [ -35.6488911, -7.2506899 ], [ -35.6450141, -7.2527121 ], [ -35.6413879, -7.2502158 ], [ -35.6399512, -7.252206 ], [ -35.6356578, -7.2502669 ], [ -35.6334963, -7.2536807 ], [ -35.6314912, -7.253237 ], [ -35.629344, -7.2551502 ], [ -35.631713, -7.2514057 ], [ -35.6309248, -7.2449827 ], [ -35.6329019, -7.2406148 ], [ -35.6295565, -7.2340994 ], [ -35.6243218, -7.2316836 ], [ -35.6224656, -7.2322299 ], [ -35.6235042, -7.2263141 ], [ -35.6267898, -7.2256167 ], [ -35.6324719, -7.2281193 ], [ -35.6346087, -7.2235541 ], [ -35.6415371, -7.2251744 ], [ -35.6438254, -7.2220724 ], [ -35.6463299, -7.2223257 ], [ -35.6503181, -7.2164285 ], [ -35.6712994, -7.2088309 ], [ -35.6584726, -7.190055 ], [ -35.6051495, -7.1694163 ], [ -35.6105562, -7.1722375 ], [ -35.615986, -7.1790991 ], [ -35.6142565, -7.1804576 ], [ -35.6141192, -7.1843226 ], [ -35.6102678, -7.1847765 ], [ -35.6064604, -7.1876244 ], [ -35.6036202, -7.1963136 ], [ -35.6011958, -7.1963759 ], [ -35.5954309, -7.2015735 ], [ -35.5935588, -7.2015022 ], [ -35.5937248, -7.1991798 ], [ -35.5905313, -7.1986426 ], [ -35.5903929, -7.1972869 ], [ -35.583806, -7.1952484 ], [ -35.5827258, -7.1912306 ], [ -35.580976, -7.1918322 ], [ -35.5786524, -7.1892932 ], [ -35.5791667, -7.1872844 ], [ -35.5758159, -7.1864634 ], [ -35.5727151, -7.1905048 ], [ -35.5693543, -7.1904721 ], [ -35.5689293, -7.1883836 ], [ -35.5642701, -7.1876571 ], [ -35.5631004, -7.1903918 ], [ -35.5595959, -7.1918316 ], [ -35.5588797, -7.1947034 ], [ -35.5554717, -7.1949288 ], [ -35.5542407, -7.1932362 ], [ -35.5530407, -7.1949181 ], [ -35.550105099999989, -7.1948677 ], [ -35.5499388, -7.196653 ], [ -35.548592, -7.1959807 ], [ -35.5469414, -7.1985876 ], [ -35.548185599999989, -7.1993818 ], [ -35.5472537, -7.2022821 ], [ -35.5428336, -7.2013459 ], [ -35.5447554, -7.2097064 ], [ -35.5435737, -7.2123215 ], [ -35.5458808, -7.2148014 ], [ -35.545954, -7.2190052 ], [ -35.5445774, -7.2245234 ], [ -35.5423087, -7.2259581 ], [ -35.542228, -7.2292823 ], [ -35.5395058, -7.2310585 ], [ -35.5391206, -7.2362033 ], [ -35.5482748, -7.2401537 ], [ -35.5501123, -7.2430041 ], [ -35.5526619, -7.2429236 ], [ -35.5536446, -7.2459577 ], [ -35.5525702, -7.2567371 ], [ -35.5613941, -7.3016823 ], [ -35.5370612, -7.3857549 ], [ -35.5769437, -7.3640302 ], [ -35.6187428, -7.3328607 ], [ -35.6236609, -7.33189 ], [ -35.6276008, -7.3349388 ] ] ] } },
{ "type": "Feature", "properties": { "CD_MUN": "2506905", "NM_MUN": "Itabaiana", "NM_UF": "Paraíba", "NM_REGIAO": "Nordeste", "class_electre": 5, "class_label": "C5 (muito alto)", "Priorizacao": "Grupo 5", "class_mc_prob": 5, "ranking_pos": 16.0, "area_deg45_ha": 10275.0 }, "geometry": { "type": "Polygon", "coordinates": [ [ [ -35.3242697, -7.2893711 ], [ -35.3142187, -7.3013616 ], [ -35.3089111, -7.3229964 ], [ -35.2912865, -7.3211029 ], [ -35.2710465, -7.3646537 ], [ -35.2723017, -7.3683605 ], [ -35.277923799999989, -7.3716372 ], [ -35.2792811, -7.37481 ], [ -35.2861212, -7.3785614 ], [ -35.2801757, -7.3876553 ], [ -35.2908002, -7.3975509 ], [ -35.3090486, -7.4090439 ], [ -35.316156899999989, -7.4056899 ], [ -35.3193202, -7.4100539 ], [ -35.3240983, -7.4113201 ], [ -35.3308307, -7.4066043 ], [ -35.3350206, -7.4068039 ], [ -35.3350422, -7.410864 ], [ -35.3329875, -7.4133023 ], [ -35.3319074, -7.4191481 ], [ -35.3335179, -7.4227567 ], [ -35.3386311, -7.4213082 ], [ -35.3523559, -7.4223977 ], [ -35.3515137, -7.4290654 ], [ -35.3485986, -7.4349417 ], [ -35.3496884, -7.4388006 ], [ -35.3529916, -7.4412657 ], [ -35.3629031, -7.4427973 ], [ -35.3588855, -7.4346411 ], [ -35.3769062, -7.4316447 ], [ -35.3802326, -7.4301491 ], [ -35.381315, -7.4268693 ], [ -35.3833866, -7.4256719 ], [ -35.3894854, -7.4271151 ], [ -35.387657, -7.4207205 ], [ -35.390447, -7.4164999 ], [ -35.3874478, -7.4118524 ], [ -35.4010472, -7.4118488 ], [ -35.4052275, -7.408265 ], [ -35.4118346, -7.3795119 ], [ -35.4168559, -7.3685344 ], [ -35.4128728, -7.3612684 ], [ -35.41396, -7.3550991 ], [ -35.409393, -7.3464598 ], [ -35.410157, -7.3435111 ], [ -35.4069685, -7.3429579 ], [ -35.40604, -7.3378084 ], [ -35.4010021, -7.3354994 ], [ -35.418216, -7.3214297 ], [ -35.4339144, -7.3197878 ], [ -35.4318037, -7.3180208 ], [ -35.4123431, -7.318972 ], [ -35.4002397, -7.3174111 ], [ -35.4089198, -7.3013056 ], [ -35.4131842, -7.2988877 ], [ -35.4136262, -7.2842836 ], [ -35.4161309, -7.2770848 ], [ -35.4220583, -7.2742743 ], [ -35.422411, -7.2727181 ], [ -35.4158021, -7.2730057 ], [ -35.4134397, -7.2687423 ], [ -35.4065353, -7.267663 ], [ -35.4024332, -7.2642274 ], [ -35.3978136, -7.2636313 ], [ -35.390302, -7.2593115 ], [ -35.3847524, -7.259617 ], [ -35.3819426, -7.256602 ], [ -35.3819161, -7.2525555 ], [ -35.3785578, -7.2515682 ], [ -35.3755391, -7.2577463 ], [ -35.3754663, -7.2624348 ], [ -35.34454, -7.2755649 ], [ -35.3242697, -7.2893711 ] ] ] } },
{ "type": "Feature", "properties": { "CD_MUN": "2507200", "NM_MUN": "Itatuba", "NM_UF": "Paraíba", "NM_REGIAO": "Nordeste", "class_electre": 5, "class_label": "C5 (muito alto)", "Priorizacao": "Grupo 5", "class_mc_prob": 5, "ranking_pos": 14.0, "area_deg45_ha": 12850.0 }, "geometry": { "type": "Polygon", "coordinates": [ [ [ -35.6283079, -7.3344284 ], [ -35.6236609, -7.33189 ], [ -35.6187428, -7.3328607 ], [ -35.5769437, -7.3640302 ], [ -35.5370612, -7.3857549 ], [ -35.534233, -7.3941919 ], [ -35.5368543, -7.3999266 ], [ -35.5404355, -7.402634 ], [ -35.5455952, -7.4132497 ], [ -35.5421299, -7.4191577 ], [ -35.5445059, -7.4266622 ], [ -35.5469178, -7.4288107 ], [ -35.5459355, -7.4343415 ], [ -35.5482612, -7.4401644 ], [ -35.5570364, -7.4445081 ], [ -35.5638194, -7.4394694 ], [ -35.5674255, -7.4393488 ], [ -35.5713227, -7.4434909 ], [ -35.5858783, -7.4515435 ], [ -35.586451, -7.44742 ], [ -35.5884669, -7.446939 ], [ -35.593919, -7.4542466 ], [ -35.6017535, -7.4506271 ], [ -35.6145591, -7.4497108 ], [ -35.6241804, -7.45191 ], [ -35.6317401, -7.4508791 ], [ -35.634993, -7.4538114 ], [ -35.6453933, -7.4541779 ], [ -35.646447, -7.4562854 ], [ -35.6516471, -7.4572247 ], [ -35.6551062, -7.4599507 ], [ -35.6597795, -7.4592406 ], [ -35.6635822, -7.4647843 ], [ -35.666881, -7.4661817 ], [ -35.6699506, -7.4624706 ], [ -35.6748071, -7.4604547 ], [ -35.6776248, -7.4615314 ], [ -35.6774416, -7.4665711 ], [ -35.6792971, -7.4688161 ], [ -35.6812443, -7.4697553 ], [ -35.6836496, -7.4677394 ], [ -35.685299, -7.4683121 ], [ -35.6851157, -7.4742682 ], [ -35.6872233, -7.4774066 ], [ -35.6940728, -7.4766965 ], [ -35.6950349, -7.472069 ], [ -35.6984253, -7.4690223 ], [ -35.7042668, -7.4733061 ], [ -35.7074968, -7.4736268 ], [ -35.7126053, -7.4706946 ], [ -35.7197755, -7.4746806 ], [ -35.7221809, -7.4726417 ], [ -35.7210813, -7.4703738 ], [ -35.7231888, -7.4655403 ], [ -35.7342992, -7.4751387 ], [ -35.7358111, -7.4743598 ], [ -35.7370711, -7.4683808 ], [ -35.7437831, -7.4709465 ], [ -35.7464175, -7.4749325 ], [ -35.7496934, -7.4721607 ], [ -35.755701, -7.4723053 ], [ -35.7032111, -7.3374356 ], [ -35.653832, -7.3417514 ], [ -35.6484126, -7.3379897 ], [ -35.6436178, -7.3390644 ], [ -35.641305, -7.3424874 ], [ -35.6369081, -7.330766 ], [ -35.6320403, -7.3309296 ], [ -35.6286017, -7.3326375 ], [ -35.6283079, -7.3344284 ] ] ] } },
{ "type": "Feature", "properties": { "CD_MUN": "2507705", "NM_MUN": "Juazeirinho", "NM_UF": "Paraíba", "NM_REGIAO": "Nordeste", "class_electre": 5, "class_label": "C5 (muito alto)", "Priorizacao": "Grupo 4", "class_mc_prob": 5, "ranking_pos": 30.0, "area_deg45_ha": 12200.0 }, "geometry": { "type": "Polygon", "coordinates": [ [ [ -36.5920579, -7.1731046 ], [ -36.6126377, -7.1297238 ], [ -36.660517, -7.1294258 ], [ -36.6616893, -7.1169746 ], [ -36.6644434, -7.1150248 ], [ -36.6641205, -7.1087489 ], [ -36.671353, -7.1004561 ], [ -36.6671426, -7.0999809 ], [ -36.6650832, -7.0960996 ], [ -36.6681785, -7.0903598 ], [ -36.6668441, -7.0870939 ], [ -36.6679591, -7.0786915 ], [ -36.6574863, -7.0741208 ], [ -36.6594497, -7.0724766 ], [ -36.6628339, -7.0733386 ], [ -36.6648772, -7.0713592 ], [ -36.6643345, -7.0673684 ], [ -36.6577337, -7.0668816 ], [ -36.6582707, -7.0628293 ], [ -36.6624579, -7.0612342 ], [ -36.6631807, -7.0593151 ], [ -36.662433, -7.0561497 ], [ -36.6585698, -7.0543552 ], [ -36.6563088, -7.0503842 ], [ -36.6700314, -7.0228307 ], [ -36.6756278, -7.0158199 ], [ -36.6616138, -7.0144362 ], [ -36.6523879, -7.009341 ], [ -36.6518338, -7.011668 ], [ -36.6443769, -7.0149197 ], [ -36.6404567, -7.0199832 ], [ -36.6345291, -7.0202999 ], [ -36.6321185, -7.0160748 ], [ -36.6329265, -7.0136115 ], [ -36.6293096, -7.0084749 ], [ -36.624115, -7.0044458 ], [ -36.6205366, -7.0044267 ], [ -36.6176892, -7.0023644 ], [ -36.617997, -6.9939432 ], [ -36.615342, -6.9938095 ], [ -36.6146879, -6.9909833 ], [ -36.6075502, -6.9908496 ], [ -36.6065113, -6.9888445 ], [ -36.6021632, -6.9888063 ], [ -36.5984116, -6.9868394 ], [ -36.5978922, -6.9808241 ], [ -36.5912137, -6.9791832 ], [ -36.594287, -6.9761357 ], [ -36.5933873, -6.9704318 ], [ -36.5958942, -6.9575112 ], [ -36.5977045, -6.9550813 ], [ -36.5964443, -6.9382984 ], [ -36.5898881, -6.9350764 ], [ -36.5840246, -6.9267655 ], [ -36.5778864, -6.9256872 ], [ -36.5732095, -6.918239 ], [ -36.5705965, -6.9169883 ], [ -36.562335, -6.9213721 ], [ -36.5530724, -6.9166605 ], [ -36.5520372, -6.914228 ], [ -36.5538582, -6.9120482 ], [ -36.5535811, -6.9011007 ], [ -36.5559743, -6.8940932 ], [ -36.472326099999989, -6.9493292 ], [ -36.476708, -6.9942084 ], [ -36.4899383, -7.0344595 ], [ -36.4743453, -7.1293929 ], [ -36.4884403, -7.1664166 ], [ -36.4850727, -7.1886969 ], [ -36.5634667, -7.1821442 ], [ -36.5920579, -7.1731046 ] ] ] } },
{ "type": "Feature", "properties": { "CD_MUN": "2507804", "NM_MUN": "Junco do Seridó", "NM_UF": "Paraíba", "NM_REGIAO": "Nordeste", "class_electre": 5, "class_label": "C5 (muito alto)", "Priorizacao": "Grupo 4", "class_mc_prob": 5, "ranking_pos": 38.0, "area_deg45_ha": 1475.0 }, "geometry": { "type": "Polygon", "coordinates": [ [ [ -36.7441126, -6.9677737 ], [ -36.7243661, -6.9803828 ], [ -36.7158709, -6.9825585 ], [ -36.7092715, -6.9746886 ], [ -36.6946711, -6.9344902 ], [ -36.6892615, -6.9269575 ], [ -36.6732709, -6.9257743 ], [ -36.6548792, -6.9282388 ], [ -36.659238, -6.9301898 ], [ -36.6607304, -6.9541527 ], [ -36.6669387, -6.9715229 ], [ -36.6872622, -6.9898363 ], [ -36.6920172, -7.0007352 ], [ -36.7010539, -7.0077133 ], [ -36.7256865, -7.0066105 ], [ -36.7287063, -7.0116591 ], [ -36.726295799999988, -7.0144357 ], [ -36.727974, -7.0164801 ], [ -36.7320627, -7.0195618 ], [ -36.7387144, -7.0202026 ], [ -36.7405757, -7.0240167 ], [ -36.7436879, -7.0256643 ], [ -36.7444129, -7.0291923 ], [ -36.7544752, -7.0281515 ], [ -36.7648841, -7.0420398 ], [ -36.7727231, -7.0429828 ], [ -36.779072, -7.0392536 ], [ -36.7899344, -7.0408181 ], [ -36.7972551, -7.0390821 ], [ -36.8034961, -7.0423184 ], [ -36.8087006, -7.0423184 ], [ -36.8183104, -7.0475264 ], [ -36.8214633, -7.0470549 ], [ -36.8279202, -7.0514055 ], [ -36.8416979, -7.0517485 ], [ -36.8653733, -7.0630001 ], [ -36.8753686, -7.0210826 ], [ -36.7744715, -6.9149058 ], [ -36.7599982, -6.9145399 ], [ -36.7621014, -6.9268728 ], [ -36.766499, -6.9343454 ], [ -36.7649713, -6.9402614 ], [ -36.7545519, -6.9560025 ], [ -36.7441126, -6.9677737 ] ] ] } },
{ "type": "Feature", "properties": { "CD_MUN": "2508208", "NM_MUN": "Lagoa de Dentro", "NM_UF": "Paraíba", "NM_REGIAO": "Nordeste", "class_electre": 5, "class_label": "C5 (muito alto)", "Priorizacao": "Grupo 4", "class_mc_prob": 5, "ranking_pos": 28.0, "area_deg45_ha": 3400.0 }, "geometry": { "type": "Polygon", "coordinates": [ [ [ -35.3778344, -6.7193516 ], [ -35.3888816, -6.7172522 ], [ -35.3996336, -6.7108734 ], [ -35.409056, -6.6767303 ], [ -35.4145499, -6.6761613 ], [ -35.3789933, -6.6467242 ], [ -35.3790461, -6.6306187 ], [ -35.370403, -6.6287717 ], [ -35.3604314, -6.6324088 ], [ -35.3582364, -6.616003 ], [ -35.3286219, -6.6216636 ], [ -35.3404451, -6.6487962 ], [ -35.3335791, -6.6525773 ], [ -35.3196076, -6.6710561 ], [ -35.3201111, -6.708644 ], [ -35.3212992, -6.7105266 ], [ -35.32617, -6.7096293 ], [ -35.326138, -6.7048547 ], [ -35.3302717, -6.7013618 ], [ -35.3353348, -6.7045663 ], [ -35.3366486, -6.707963 ], [ -35.3392121, -6.7080591 ], [ -35.3367768, -6.7092127 ], [ -35.3385072, -6.7109431 ], [ -35.3382188, -6.7134747 ], [ -35.3410707, -6.7183454 ], [ -35.3460915, -6.7215975 ], [ -35.3454782, -6.7432751 ], [ -35.3485677, -6.7498601 ], [ -35.3518565, -6.7472411 ], [ -35.3543651, -6.7409361 ], [ -35.3578798, -6.7391721 ], [ -35.359925499999989, -6.7351744 ], [ -35.3660293, -6.7300298 ], [ -35.3689806, -6.7237047 ], [ -35.3778344, -6.7193516 ] ] ] } },
{ "type": "Feature", "properties": { "CD_MUN": "2508554", "NM_MUN": "Logradouro", "NM_UF": "Paraíba", "NM_REGIAO": "Nordeste", "class_electre": 5, "class_label": "C5 (muito alto)", "Priorizacao": "Grupo 5", "class_mc_prob": 5, "ranking_pos": 9.0, "area_deg45_ha": 2575.0 }, "geometry": { "type": "Polygon", "coordinates": [ [ [ -35.4393679, -6.5016011 ], [ -35.4420995, -6.4865923 ], [ -35.4348248, -6.488912 ], [ -35.416832, -6.4878278 ], [ -35.4077584, -6.4895836 ], [ -35.4046164, -6.5262484 ], [ -35.4142554, -6.565768 ], [ -35.4295876, -6.6175998 ], [ -35.4439015, -6.6302706 ], [ -35.45419, -6.6123268 ], [ -35.4482578, -6.6032079 ], [ -35.4486256, -6.5977968 ], [ -35.4453779, -6.5904877 ], [ -35.4465397, -6.5860869 ], [ -35.443281399999989, -6.5765802 ], [ -35.4436654, -6.5744372 ], [ -35.4483924, -6.5732308 ], [ -35.4486038, -6.5703561 ], [ -35.4440663, -6.5642364 ], [ -35.4359868, -6.5596553 ], [ -35.4358695, -6.5470904 ], [ -35.431150099999989, -6.5382103 ], [ -35.4356845, -6.5321592 ], [ -35.4290715, -6.5277961 ], [ -35.4290956, -6.5210906 ], [ -35.4261364, -6.5149629 ], [ -35.4275069, -6.5070676 ], [ -35.4296385, -6.5051415 ], [ -35.4366186, -6.5039246 ], [ -35.4393679, -6.5016011 ] ] ] } },
{ "type": "Feature", "properties": { "CD_MUN": "2509107", "NM_MUN": "Mari", "NM_UF": "Paraíba", "NM_REGIAO": "Nordeste", "class_electre": 5, "class_label": "C5 (muito alto)", "Priorizacao": "Grupo 5", "class_mc_prob": 5, "ranking_pos": 11.0, "area_deg45_ha": 9000.0 }, "geometry": { "type": "Polygon", "coordinates": [ [ [ -35.3212063, -7.1021328 ], [ -35.3293466, -7.096333 ], [ -35.3771415, -7.0326621 ], [ -35.3769808, -7.0230715 ], [ -35.3730422, -7.0229301 ], [ -35.3729386, -7.0204355 ], [ -35.3704899, -7.0181595 ], [ -35.3723426, -7.0155235 ], [ -35.3697357, -7.0071106 ], [ -35.3666486, -7.0016751 ], [ -35.3589756, -6.9981538 ], [ -35.3585627, -6.9907188 ], [ -35.3566785, -6.9894102 ], [ -35.3484036, -6.9906541 ], [ -35.3448157, -6.9846732 ], [ -35.3381538, -6.9917394 ], [ -35.3351824, -6.9925623 ], [ -35.3184742, -6.9884212 ], [ -35.2779471, -6.9693163 ], [ -35.2635611, -6.9561491 ], [ -35.2618922, -6.9572931 ], [ -35.2628659, -6.9614222 ], [ -35.2618243, -6.9661931 ], [ -35.2547017, -6.9781068 ], [ -35.252396, -6.9852116 ], [ -35.252497, -6.9930937 ], [ -35.2559909, -6.9971428 ], [ -35.2564107, -7.0176776 ], [ -35.2558491, -7.0226234 ], [ -35.2503275, -7.0289327 ], [ -35.2504914, -7.0355165 ], [ -35.2484206, -7.0407904 ], [ -35.2486459, -7.0483551 ], [ -35.2541865, -7.0615541 ], [ -35.2545491, -7.0678562 ], [ -35.2663415, -7.0795149 ], [ -35.265843499999988, -7.0840009 ], [ -35.2710145, -7.0883029 ], [ -35.2789215, -7.1032088 ], [ -35.2898862, -7.1100835 ], [ -35.29108, -7.1127506 ], [ -35.293925, -7.1106423 ], [ -35.2963127, -7.1111757 ], [ -35.3010374, -7.1140969 ], [ -35.3016725, -7.1172721 ], [ -35.3045937, -7.1166117 ], [ -35.3052795, -7.1188724 ], [ -35.3095978, -7.1150622 ], [ -35.3121887, -7.1180341 ], [ -35.3149575, -7.118212 ], [ -35.313916, -7.1106677 ], [ -35.3174722, -7.1087372 ], [ -35.3188185, -7.1108455 ], [ -35.3228066, -7.1099565 ], [ -35.322959, -7.1079497 ], [ -35.3208507, -7.1071115 ], [ -35.3212063, -7.1021328 ] ] ] } },
{ "type": "Feature", "properties": { "CD_MUN": "2509404", "NM_MUN": "Mogeiro", "NM_UF": "Paraíba", "NM_REGIAO": "Nordeste", "class_electre": 5, "class_label": "C5 (muito alto)", "Priorizacao": "Grupo 5", "class_mc_prob": 5, "ranking_pos": 20.0, "area_deg45_ha": 9825.0 }, "geometry": { "type": "Polygon", "coordinates": [ [ [ -35.4136262, -7.2842836 ], [ -35.4131842, -7.2988877 ], [ -35.4089198, -7.3013056 ], [ -35.4002397, -7.3174111 ], [ -35.4123431, -7.318972 ], [ -35.421963, -7.3175844 ], [ -35.435833, -7.3183826 ], [ -35.4445339, -7.3253102 ], [ -35.4553846, -7.3290699 ], [ -35.4477048, -7.3477407 ], [ -35.4449073, -7.3496014 ], [ -35.4433392, -7.3539987 ], [ -35.451787, -7.3549606 ], [ -35.4638431, -7.3609735 ], [ -35.4777857, -7.3653938 ], [ -35.4859234, -7.3650385 ], [ -35.4918077, -7.3673008 ], [ -35.5003572, -7.3739213 ], [ -35.518023299999989, -7.3774508 ], [ -35.5239925, -7.3836819 ], [ -35.5244882, -7.3889205 ], [ -35.534233, -7.3941919 ], [ -35.5613941, -7.3016823 ], [ -35.5525702, -7.2567371 ], [ -35.5536446, -7.2459577 ], [ -35.5526619, -7.2429236 ], [ -35.5501123, -7.2430041 ], [ -35.5482748, -7.2401537 ], [ -35.5391206, -7.2362033 ], [ -35.5395058, -7.2310585 ], [ -35.542228, -7.2292823 ], [ -35.5423087, -7.2259581 ], [ -35.5445774, -7.2245234 ], [ -35.545954, -7.2190052 ], [ -35.5458808, -7.2148014 ], [ -35.5435737, -7.2123215 ], [ -35.5447554, -7.2097064 ], [ -35.5424066, -7.1997443 ], [ -35.5409511, -7.200017 ], [ -35.5397461, -7.1977087 ], [ -35.5371721, -7.1993104 ], [ -35.5366008, -7.1976898 ], [ -35.5358814, -7.1994498 ], [ -35.5338223, -7.1983699 ], [ -35.5288021, -7.2022671 ], [ -35.5238942, -7.1995327 ], [ -35.5207892, -7.2009388 ], [ -35.520139, -7.2031334 ], [ -35.518974, -7.2005602 ], [ -35.5147517, -7.2038504 ], [ -35.5149927, -7.2057854 ], [ -35.4915952, -7.206044 ], [ -35.4881456, -7.2103951 ], [ -35.4879728, -7.2262041 ], [ -35.4840569, -7.2351274 ], [ -35.4684708, -7.24763 ], [ -35.4526709, -7.2548022 ], [ -35.450578799999988, -7.2544475 ], [ -35.4422363, -7.2612564 ], [ -35.4243276, -7.269628 ], [ -35.4220583, -7.2742743 ], [ -35.4161309, -7.2770848 ], [ -35.4136262, -7.2842836 ] ] ] } },
{ "type": "Feature", "properties": { "CD_MUN": "2509503", "NM_MUN": "Montadas", "NM_UF": "Paraíba", "NM_REGIAO": "Nordeste", "class_electre": 5, "class_label": "C5 (muito alto)", "Priorizacao": "Grupo 5", "class_mc_prob": 5, "ranking_pos": 2.0, "area_deg45_ha": 2875.0 }, "geometry": { "type": "Polygon", "coordinates": [ [ [ -35.9661225, -7.1127237 ], [ -35.9777837, -7.1010206 ], [ -35.9851233, -7.0974798 ], [ -35.9772143, -7.0792889 ], [ -35.9674654, -7.0709599 ], [ -35.9619003, -7.0684675 ], [ -35.8981063, -7.0804543 ], [ -35.895155, -7.0855579 ], [ -35.8958601, -7.0922463 ], [ -35.9034437, -7.0925983 ], [ -35.9081838, -7.0954324 ], [ -35.9079472, -7.0979675 ], [ -35.9107743, -7.101732 ], [ -35.9163187, -7.1049002 ], [ -35.9209228, -7.1032771 ], [ -35.9255596, -7.104072 ], [ -35.9294015, -7.1069865 ], [ -35.937802, -7.1093324 ], [ -35.9416505, -7.1068371 ], [ -35.9488729, -7.1089193 ], [ -35.9527921, -7.1080607 ], [ -35.9531364, -7.1108279 ], [ -35.9589706, -7.1126664 ], [ -35.9661225, -7.1127237 ] ] ] } },
{ "type": "Feature", "properties": { "CD_MUN": "2509701", "NM_MUN": "Monteiro", "NM_UF": "Paraíba", "NM_REGIAO": "Nordeste", "class_electre": 5, "class_label": "C5 (muito alto)", "Priorizacao": "Grupo 4", "class_mc_prob": 4, "ranking_pos": 36.0, "area_deg45_ha": 8725.0 }, "geometry": { "type": "Polygon", "coordinates": [ [ [ -37.1285355, -8.0265989 ], [ -37.1492789, -8.0242084 ], [ -37.1517946, -8.0094148 ], [ -37.160418899999989, -7.9971529 ], [ -37.1677572, -7.9953725 ], [ -37.17531, -7.9968584 ], [ -37.1783922, -7.990586 ], [ -37.1853532, -7.9906121 ], [ -37.1882753, -7.9829588 ], [ -37.1933946, -7.9828667 ], [ -37.191573, -7.9684025 ], [ -37.1926756, -7.9605982 ], [ -37.2027625, -7.9562434 ], [ -37.2079199, -7.9518661 ], [ -37.2172775, -7.9563883 ], [ -37.2208941, -7.9598554 ], [ -37.221517, -7.9634521 ], [ -37.2183949, -7.9707407 ], [ -37.2195888, -7.9727934 ], [ -37.2287838, -7.9725942 ], [ -37.2307612, -7.9693971 ], [ -37.2373419, -7.9733068 ], [ -37.2469831, -7.9693563 ], [ -37.2579747, -7.9704451 ], [ -37.2635355, -7.9681773 ], [ -37.2774025, -7.9719788 ], [ -37.2840053, -7.9707939 ], [ -37.2917793, -7.9653109 ], [ -37.2955755, -7.964921 ], [ -37.3008181, -7.9661971 ], [ -37.3033368, -7.9702123 ], [ -37.3124268, -7.9677585 ], [ -37.3169937, -7.9680652 ], [ -37.3271703, -7.9745039 ], [ -37.3397846, -7.9798045 ], [ -37.3412842, -7.9745288 ], [ -37.3573685, -7.974956 ], [ -37.3520104, -7.9685223 ], [ -37.3511741, -7.9609879 ], [ -37.3479235, -7.9554115 ], [ -37.3499037, -7.9466445 ], [ -37.3434534, -7.9470209 ], [ -37.3347317, -7.9430464 ], [ -37.3303104, -7.944742 ], [ -37.3229758, -7.941708 ], [ -37.317624, -7.94277 ], [ -37.3147026, -7.935934 ], [ -37.3089764, -7.9341762 ], [ -37.3080669, -7.9321836 ], [ -37.3080542, -7.9270606 ], [ -37.3114007, -7.9216489 ], [ -37.3079842, -7.9149863 ], [ -37.3098591, -7.912405 ], [ -37.3132594, -7.9113856 ], [ -37.3218098, -7.9133457 ], [ -37.3231204, -7.9121626 ], [ -37.3221725, -7.910502 ], [ -37.3157047, -7.9075614 ], [ -37.3080088, -7.9079392 ], [ -37.3036514, -7.9041757 ], [ -37.2957279, -7.9058126 ], [ -37.2873944, -7.9038765 ], [ -37.2635106, -7.8875677 ], [ -37.2617907, -7.8839468 ], [ -37.2543372, -7.8824262 ], [ -37.2523317, -7.8778333 ], [ -37.244648, -7.8749 ], [ -37.2468678, -7.8681789 ], [ -37.2449256, -7.8615858 ], [ -37.25037, -7.8536551 ], [ -37.2476192, -7.850841 ], [ -37.2471503, -7.8468039 ], [ -37.2383399, -7.8439312 ], [ -37.2258677, -7.8446785 ], [ -37.2220929, -7.84225 ], [ -37.2281054, -7.8211535 ], [ -37.2404614, -7.8230943 ], [ -37.2436561, -7.8190018 ], [ -37.2301771, -7.8131091 ], [ -37.2305618, -7.806741 ], [ -37.2230007, -7.8040615 ], [ -37.217416, -7.8066859 ], [ -37.1979578, -7.7989161 ], [ -37.1915385, -7.7911694 ], [ -37.1830353, -7.7907172 ], [ -37.174383, -7.7997214 ], [ -37.1706681, -7.8002297 ], [ -37.169454, -7.7987974 ], [ -37.1713661, -7.7951704 ], [ -37.1637631, -7.7958395 ], [ -37.1584813, -7.7923324 ], [ -37.1519507, -7.7798442 ], [ -37.1343554, -7.7812488 ], [ -37.1281375, -7.7743985 ], [ -37.1247266, -7.775907 ], [ -37.1229642, -7.7787973 ], [ -37.1201365, -7.7762623 ], [ -37.1175832, -7.7699196 ], [ -37.0994106, -7.7708992 ], [ -37.0965599, -7.7697349 ], [ -37.0943954, -7.7633105 ], [ -37.090479599999988, -7.760941 ], [ -37.0863192, -7.765485 ], [ -37.0786995, -7.7630712 ], [ -37.0685179, -7.753355 ], [ -37.0572908, -7.7505521 ], [ -37.054815, -7.7447812 ], [ -37.0446693, -7.7387309 ], [ -37.0399812, -7.7341946 ], [ -37.0382906, -7.7297864 ], [ -37.0312534, -7.7258594 ], [ -37.026156, -7.7168947 ], [ -37.0135914, -7.7494147 ], [ -36.9609015, -7.8309133 ], [ -36.9309934, -7.8714309 ], [ -36.9288286, -7.9014526 ], [ -36.9287765, -7.9611654 ], [ -36.925323, -8.0123193 ], [ -36.9291069, -8.0369272 ], [ -36.9360283, -8.0467255 ], [ -36.9468258, -8.0470531 ], [ -36.9524803, -8.0544854 ], [ -36.9586594, -8.0556513 ], [ -36.9650527, -8.0597525 ], [ -36.9760327, -8.0568545 ], [ -36.9844127, -8.0525615 ], [ -36.9870601, -8.0538391 ], [ -36.9923526, -8.0531748 ], [ -36.996106, -8.0498118 ], [ -37.0017874, -8.0499995 ], [ -37.0065012, -8.0470745 ], [ -37.0134205, -8.0471332 ], [ -37.018597199999988, -8.0426669 ], [ -37.0247529, -8.0434819 ], [ -37.0272759, -8.0410645 ], [ -37.03592, -8.0448505 ], [ -37.0412752, -8.0442828 ], [ -37.0461506, -8.0415938 ], [ -37.0490977, -8.0370463 ], [ -37.0532482, -8.0359602 ], [ -37.0574994, -8.0372384 ], [ -37.0642968, -8.0321284 ], [ -37.0674719, -8.0329338 ], [ -37.0712506, -8.0393845 ], [ -37.0768425, -8.0438097 ], [ -37.0955337, -8.0521243 ], [ -37.1068616, -8.0479707 ], [ -37.1124499, -8.0421558 ], [ -37.122796, -8.0420047 ], [ -37.1310276, -8.0339997 ], [ -37.1285355, -8.0265989 ] ] ] } },
{ "type": "Feature", "properties": { "CD_MUN": "2510659", "NM_MUN": "Parari", "NM_UF": "Paraíba", "NM_REGIAO": "Nordeste", "class_electre": 5, "class_label": "C5 (muito alto)", "Priorizacao": "Grupo 4", "class_mc_prob": 5, "ranking_pos": 43.0, "area_deg45_ha": 175.0 }, "geometry": { "type": "Polygon", "coordinates": [ [ [ -36.629947, -7.3928565 ], [ -36.6635118, -7.3892284 ], [ -36.6738267, -7.3824811 ], [ -36.6855894, -7.3868558 ], [ -36.6895799, -7.3817251 ], [ -36.6989544, -7.3827386 ], [ -36.7088356, -7.3795082 ], [ -36.7402619, -7.3482397 ], [ -36.7771886, -7.320246 ], [ -36.775725, -7.3162033 ], [ -36.7712999, -7.3133262 ], [ -36.7714797, -7.3080099 ], [ -36.7700412, -7.306759 ], [ -36.7469478, -7.3049741 ], [ -36.7294544, -7.2622533 ], [ -36.727138, -7.2647706 ], [ -36.7201172, -7.2660132 ], [ -36.7157709, -7.2695459 ], [ -36.714467, -7.2726886 ], [ -36.7085049, -7.2701923 ], [ -36.6972075, -7.2701513 ], [ -36.6916478, -7.2660995 ], [ -36.6831282, -7.2677234 ], [ -36.6772045, -7.2668714 ], [ -36.669385, -7.2695753 ], [ -36.6665291, -7.2679114 ], [ -36.6633479, -7.2700337 ], [ -36.6616371, -7.2801854 ], [ -36.6601862, -7.2809227 ], [ -36.6574497, -7.2768441 ], [ -36.6547133, -7.2766692 ], [ -36.654614099999989, -7.2802374 ], [ -36.6503369, -7.2826667 ], [ -36.6507841, -7.2855774 ], [ -36.6117091, -7.2839255 ], [ -36.5873665, -7.2928263 ], [ -36.5558211, -7.3210431 ], [ -36.5681382, -7.3254304 ], [ -36.5750666, -7.3237155 ], [ -36.583033, -7.3325193 ], [ -36.5829298, -7.3373829 ], [ -36.5911429, -7.3379507 ], [ -36.6080738, -7.3441851 ], [ -36.6010519, -7.3521898 ], [ -36.6010549, -7.3778894 ], [ -36.6042705, -7.3825664 ], [ -36.6069453, -7.381948 ], [ -36.6124881, -7.3867332 ], [ -36.6227852, -7.3879314 ], [ -36.629947, -7.3928565 ] ] ] } },
{ "type": "Feature", "properties": { "CD_MUN": "2511509", "NM_MUN": "Pilar", "NM_UF": "Paraíba", "NM_REGIAO": "Nordeste", "class_electre": 5, "class_label": "C5 (muito alto)", "Priorizacao": "Grupo 5", "class_mc_prob": 5, "ranking_pos": 19.0, "area_deg45_ha": 4875.0 }, "geometry": { "type": "Polygon", "coordinates": [ [ [ -35.2698817, -7.2138516 ], [ -35.2586564, -7.2132937 ], [ -35.2543531, -7.2110979 ], [ -35.2530958, -7.2136156 ], [ -35.2509622, -7.2128572 ], [ -35.2493311, -7.2143296 ], [ -35.2490698, -7.2128338 ], [ -35.2434169, -7.2110454 ], [ -35.2371842, -7.2112969 ], [ -35.2359116, -7.2107141 ], [ -35.2356582, -7.2057986 ], [ -35.232704, -7.2050982 ], [ -35.2336006, -7.2076405 ], [ -35.2298433, -7.2158237 ], [ -35.2338824, -7.2186511 ], [ -35.2366063, -7.223493 ], [ -35.2391554, -7.237051 ], [ -35.2415728, -7.2411314 ], [ -35.2217695, -7.2940735 ], [ -35.2225343, -7.2957149 ], [ -35.2193301, -7.3001999 ], [ -35.2228497, -7.3022725 ], [ -35.2233156, -7.3042827 ], [ -35.227924, -7.3027141 ], [ -35.2282856, -7.3068233 ], [ -35.2337983, -7.3095042 ], [ -35.2349527, -7.3133318 ], [ -35.2377342, -7.3145318 ], [ -35.2395243, -7.3273596 ], [ -35.2461003, -7.3304587 ], [ -35.2445192, -7.3319266 ], [ -35.2455669, -7.333307 ], [ -35.244608, -7.3347832 ], [ -35.2488685, -7.3369755 ], [ -35.2483864, -7.334619 ], [ -35.2494245, -7.3346367 ], [ -35.2518186, -7.3366115 ], [ -35.2500702, -7.3378942 ], [ -35.2512997, -7.340038 ], [ -35.2552146, -7.3399367 ], [ -35.2535927, -7.3432828 ], [ -35.2559824, -7.3446478 ], [ -35.2561782, -7.3465048 ], [ -35.2619835, -7.3502372 ], [ -35.2644836, -7.3496091 ], [ -35.2679175, -7.3533132 ], [ -35.2711587, -7.3597065 ], [ -35.2710987, -7.3639538 ], [ -35.2912865, -7.3211029 ], [ -35.3089111, -7.3229964 ], [ -35.3142187, -7.3013616 ], [ -35.3208403, -7.2934388 ], [ -35.3159412, -7.28614 ], [ -35.3127708, -7.284324 ], [ -35.3083329, -7.2850823 ], [ -35.3019666, -7.290212 ], [ -35.2966178, -7.2898574 ], [ -35.2907145, -7.2825725 ], [ -35.2877584, -7.2732056 ], [ -35.2867091, -7.2655107 ], [ -35.2921825, -7.2416715 ], [ -35.2961478, -7.2334711 ], [ -35.3013436, -7.2298114 ], [ -35.3019474, -7.2252974 ], [ -35.306249799999989, -7.2268135 ], [ -35.303561, -7.21464 ], [ -35.2990935, -7.2140081 ], [ -35.29695, -7.2161622 ], [ -35.294073, -7.2141724 ], [ -35.2899984, -7.2167534 ], [ -35.2898477, -7.2144718 ], [ -35.285226099999988, -7.2125316 ], [ -35.2854592, -7.2149192 ], [ -35.2815405, -7.2159286 ], [ -35.280853, -7.2127661 ], [ -35.2746121, -7.209705 ], [ -35.2698817, -7.2138516 ] ] ] } },
{ "type": "Feature", "properties": { "CD_MUN": "2512408", "NM_MUN": "Puxinanã", "NM_UF": "Paraíba", "NM_REGIAO": "Nordeste", "class_electre": 5, "class_label": "C5 (muito alto)", "Priorizacao": "Grupo 5", "class_mc_prob": 5, "ranking_pos": 7.0, "area_deg45_ha": 4575.0 }, "geometry": { "type": "Polygon", "coordinates": [ [ [ -35.9389135, -7.175275 ], [ -35.9402161, -7.192782 ], [ -35.9425374, -7.1942049 ], [ -35.9495593, -7.1936825 ], [ -35.9556308, -7.1972848 ], [ -35.9641228, -7.1944908 ], [ -35.9709684, -7.186386 ], [ -35.972169799999989, -7.1788837 ], [ -35.978448, -7.1729861 ], [ -35.9867498, -7.1609067 ], [ -35.9895854, -7.1633135 ], [ -35.9958452, -7.1647967 ], [ -35.9970285, -7.1626477 ], [ -36.0086416, -7.1651448 ], [ -36.0193717, -7.1654715 ], [ -36.0202328, -7.1669207 ], [ -36.0253522, -7.1663737 ], [ -35.9794597, -7.1004211 ], [ -35.9661225, -7.1127237 ], [ -35.9531364, -7.1108279 ], [ -35.9527921, -7.1080607 ], [ -35.9488729, -7.1089193 ], [ -35.9416505, -7.1068371 ], [ -35.937802, -7.1093324 ], [ -35.9304612, -7.1074049 ], [ -35.9298107, -7.1285087 ], [ -35.9341501, -7.1362516 ], [ -35.9308016, -7.1377283 ], [ -35.9223743, -7.1493615 ], [ -35.9211734, -7.1551353 ], [ -35.91534, -7.158715 ], [ -35.9087303, -7.168358 ], [ -35.9089011, -7.1765679 ], [ -35.9060805, -7.1812989 ], [ -35.9389135, -7.175275 ] ] ] } },
{ "type": "Feature", "properties": { "CD_MUN": "2512762", "NM_MUN": "Riachão do Poço", "NM_UF": "Paraíba", "NM_REGIAO": "Nordeste", "class_electre": 5, "class_label": "C5 (muito alto)", "Priorizacao": "Grupo 5", "class_mc_prob": 5, "ranking_pos": 6.0, "area_deg45_ha": 2600.0 }, "geometry": { "type": "Polygon", "coordinates": [ [ [ -35.2807297, -7.188178 ], [ -35.3256342, -7.1776582 ], [ -35.3317668, -7.1748072 ], [ -35.3297392, -7.1714258 ], [ -35.3303464, -7.1684515 ], [ -35.3260842, -7.1606569 ], [ -35.325573, -7.1552732 ], [ -35.3145681, -7.1529719 ], [ -35.3108188, -7.1501357 ], [ -35.3060269, -7.1434276 ], [ -35.2985976, -7.1266546 ], [ -35.2886061, -7.1094899 ], [ -35.2872287, -7.1092664 ], [ -35.2834971, -7.1104558 ], [ -35.2856082, -7.1144699 ], [ -35.2843148, -7.1168635 ], [ -35.2791559, -7.115689 ], [ -35.2761973, -7.1184543 ], [ -35.2728374, -7.1157931 ], [ -35.2747552, -7.1218589 ], [ -35.2706222, -7.1320725 ], [ -35.2666229, -7.1333362 ], [ -35.2642739, -7.1375734 ], [ -35.2560553, -7.1402421 ], [ -35.2554353, -7.1451294 ], [ -35.2588901, -7.1587539 ], [ -35.2581601, -7.1642192 ], [ -35.2621552, -7.1664967 ], [ -35.2807297, -7.188178 ] ] ] } },
{ "type": "Feature", "properties": { "CD_MUN": "2513000", "NM_MUN": "Salgadinho", "NM_UF": "Paraíba", "NM_REGIAO": "Nordeste", "class_electre": 5, "class_label": "C5 (muito alto)", "Priorizacao": "Grupo 4", "class_mc_prob": 5, "ranking_pos": 35.0, "area_deg45_ha": 1800.0 }, "geometry": { "type": "Polygon", "coordinates": [ [ [ -36.7535037, -7.05692 ], [ -36.7552778, -7.0838889 ], [ -36.7663436, -7.0977551 ], [ -36.778689, -7.108875 ], [ -36.8028663, -7.143964 ], [ -36.8091003, -7.143478 ], [ -36.818384, -7.1399287 ], [ -36.8295285, -7.1444217 ], [ -36.8457179, -7.1477247 ], [ -36.8492536, -7.150125 ], [ -36.8514039, -7.1493865 ], [ -36.8675107, -7.1532023 ], [ -36.8691441, -7.155418 ], [ -36.8742098, -7.1564643 ], [ -36.8790273, -7.1596851 ], [ -36.8853336, -7.1587414 ], [ -36.8973051, -7.1631111 ], [ -36.898587, -7.1595415 ], [ -36.8975532, -7.1577772 ], [ -36.9033839, -7.1546384 ], [ -36.9117164, -7.1523202 ], [ -36.9190979, -7.1552949 ], [ -36.9225921, -7.1550487 ], [ -36.9305316, -7.1498385 ], [ -36.9259849, -7.1231613 ], [ -36.9223303, -7.1194706 ], [ -36.923027499999989, -7.1167656 ], [ -36.9267183, -7.1161645 ], [ -36.9257806, -7.1138924 ], [ -36.9272112, -7.110971 ], [ -36.9318156, -7.1102016 ], [ -36.9300724, -7.1081579 ], [ -36.9251554, -7.1078694 ], [ -36.9217652, -7.1027119 ], [ -36.9223182, -7.0933949 ], [ -36.9209958, -7.0913993 ], [ -36.922558699999989, -7.0887544 ], [ -36.9190242, -7.082515 ], [ -36.9148477, -7.0803297 ], [ -36.913954, -7.0780396 ], [ -36.8998278, -7.070653 ], [ -36.8926513, -7.0692366 ], [ -36.8736964, -7.0604466 ], [ -36.8653733, -7.0630001 ], [ -36.8416979, -7.0517485 ], [ -36.8279202, -7.0514055 ], [ -36.8214633, -7.0470549 ], [ -36.8183104, -7.0475264 ], [ -36.8087006, -7.0423184 ], [ -36.8034961, -7.0423184 ], [ -36.7972551, -7.0390821 ], [ -36.7899344, -7.0408181 ], [ -36.779072, -7.0392536 ], [ -36.7727231, -7.0429828 ], [ -36.7648841, -7.0420398 ], [ -36.7544752, -7.0281515 ], [ -36.7444129, -7.0291923 ], [ -36.7466271, -7.0315106 ], [ -36.7471983, -7.0360133 ], [ -36.7554016, -7.0450801 ], [ -36.7535037, -7.05692 ] ] ] } },
{ "type": "Feature", "properties": { "CD_MUN": "2513851", "NM_MUN": "Santo André", "NM_UF": "Paraíba", "NM_REGIAO": "Nordeste", "class_electre": 5, "class_label": "C5 (muito alto)", "Priorizacao": "Grupo 4", "class_mc_prob": 5, "ranking_pos": 32.0, "area_deg45_ha": 3075.0 }, "geometry": { "type": "Polygon", "coordinates": [ [ [ -36.5430092, -7.2159045 ], [ -36.5446847, -7.2194994 ], [ -36.5411818, -7.2201688 ], [ -36.5338314, -7.2260007 ], [ -36.5292303, -7.2261442 ], [ -36.5255652, -7.2288224 ], [ -36.5297995, -7.2316297 ], [ -36.5384608, -7.2340703 ], [ -36.5482363, -7.2339411 ], [ -36.5513536, -7.2376227 ], [ -36.5525575, -7.236887 ], [ -36.556255899999989, -7.2437759 ], [ -36.5674668, -7.2449893 ], [ -36.5688151, -7.252271 ], [ -36.5721797, -7.2560838 ], [ -36.5627831, -7.2650343 ], [ -36.5558211, -7.3210431 ], [ -36.5873665, -7.2928263 ], [ -36.6117091, -7.2839255 ], [ -36.6507841, -7.2855774 ], [ -36.6503369, -7.2826667 ], [ -36.654614099999989, -7.2802374 ], [ -36.6547133, -7.2766692 ], [ -36.6574497, -7.2768441 ], [ -36.6601862, -7.2809227 ], [ -36.6616371, -7.2801854 ], [ -36.6633479, -7.2700337 ], [ -36.6665291, -7.2679114 ], [ -36.669385, -7.2695753 ], [ -36.6772045, -7.2668714 ], [ -36.6831282, -7.2677234 ], [ -36.6916478, -7.2660995 ], [ -36.6972075, -7.2701513 ], [ -36.7066778, -7.2700734 ], [ -36.6729105, -7.2322868 ], [ -36.672833, -7.2251691 ], [ -36.6704285, -7.2239071 ], [ -36.670824, -7.2201674 ], [ -36.6675663, -7.2127724 ], [ -36.6724587, -7.2065152 ], [ -36.6589025, -7.1926794 ], [ -36.6555093, -7.1870754 ], [ -36.6598986, -7.1749775 ], [ -36.6596258, -7.168766 ], [ -36.6568815, -7.1641093 ], [ -36.6590099, -7.1569926 ], [ -36.658659, -7.1511367 ], [ -36.656632, -7.1478413 ], [ -36.6602105, -7.145273 ], [ -36.6595868, -7.1397805 ], [ -36.6623935, -7.1378311 ], [ -36.660517, -7.1294258 ], [ -36.6126377, -7.1297238 ], [ -36.5920579, -7.1731046 ], [ -36.5617957, -7.1824042 ], [ -36.5508399, -7.1884154 ], [ -36.5462922, -7.2119041 ], [ -36.5430092, -7.2159045 ] ] ] } },
{ "type": "Feature", "properties": { "CD_MUN": "2514453", "NM_MUN": "São José dos Ramos", "NM_UF": "Paraíba", "NM_REGIAO": "Nordeste", "class_electre": 5, "class_label": "C5 (muito alto)", "Priorizacao": "Grupo 5", "class_mc_prob": 5, "ranking_pos": 4.0, "area_deg45_ha": 6850.0 }, "geometry": { "type": "Polygon", "coordinates": [ [ [ -35.3755391, -7.2577463 ], [ -35.3785578, -7.2515682 ], [ -35.3809567, -7.2518461 ], [ -35.3823807, -7.2535126 ], [ -35.3819426, -7.256602 ], [ -35.3847524, -7.259617 ], [ -35.390302, -7.2593115 ], [ -35.3978136, -7.2636313 ], [ -35.4024332, -7.2642274 ], [ -35.4065353, -7.267663 ], [ -35.4134397, -7.2687423 ], [ -35.4158021, -7.2730057 ], [ -35.422411, -7.2727181 ], [ -35.4243276, -7.269628 ], [ -35.4422363, -7.2612564 ], [ -35.4479294, -7.2567358 ], [ -35.4261201, -7.2469714 ], [ -35.4240637, -7.2432695 ], [ -35.4186956, -7.2393559 ], [ -35.4116917, -7.2420629 ], [ -35.4044133, -7.2426664 ], [ -35.4025617, -7.2397125 ], [ -35.4000723, -7.239006 ], [ -35.3906906, -7.2384296 ], [ -35.3905945, -7.2400154 ], [ -35.3886641, -7.2403541 ], [ -35.374369699999988, -7.2389468 ], [ -35.3829588, -7.2102328 ], [ -35.348651, -7.1945575 ], [ -35.3462325, -7.1947205 ], [ -35.33673, -7.1873947 ], [ -35.3330326, -7.179346 ], [ -35.3217627, -7.1872425 ], [ -35.3125753, -7.199516 ], [ -35.3038164, -7.2155751 ], [ -35.306249799999989, -7.2268135 ], [ -35.3019474, -7.2252974 ], [ -35.3013436, -7.2298114 ], [ -35.2961478, -7.2334711 ], [ -35.2921825, -7.2416715 ], [ -35.2867091, -7.2655107 ], [ -35.2877584, -7.2732056 ], [ -35.2907145, -7.2825725 ], [ -35.2966178, -7.2898574 ], [ -35.3019666, -7.290212 ], [ -35.3083329, -7.2850823 ], [ -35.3127708, -7.284324 ], [ -35.3159412, -7.28614 ], [ -35.3208403, -7.2934388 ], [ -35.3242697, -7.2893711 ], [ -35.34454, -7.2755649 ], [ -35.3754663, -7.2624348 ], [ -35.3755391, -7.2577463 ] ] ] } },
{ "type": "Feature", "properties": { "CD_MUN": "2514701", "NM_MUN": "São José do Sabugi", "NM_UF": "Paraíba", "NM_REGIAO": "Nordeste", "class_electre": 5, "class_label": "C5 (muito alto)", "Priorizacao": "Grupo 4", "class_mc_prob": 5, "ranking_pos": 37.0, "area_deg45_ha": 1750.0 }, "geometry": { "type": "Polygon", "coordinates": [ [ [ -36.8649119, -6.8568541 ], [ -36.8636385, -6.8403306 ], [ -36.8664577, -6.8370426 ], [ -36.8701478, -6.8367873 ], [ -36.8744968, -6.8322887 ], [ -36.8782905, -6.8329027 ], [ -36.8838466, -6.8301507 ], [ -36.8902743, -6.8255547 ], [ -36.8925205, -6.8202189 ], [ -36.8967246, -6.817784 ], [ -36.9006389, -6.8175927 ], [ -36.9102162, -6.7569298 ], [ -36.8743336, -6.7431834 ], [ -36.8350296, -6.7310709 ], [ -36.7727287, -6.7870652 ], [ -36.7694651, -6.8387481 ], [ -36.7339799, -6.8347926 ], [ -36.730198, -6.8363961 ], [ -36.7449889, -6.879514 ], [ -36.757408, -6.8993641 ], [ -36.7599982, -6.9145399 ], [ -36.7744715, -6.9149058 ], [ -36.7765921, -6.9084403 ], [ -36.7834114, -6.9052709 ], [ -36.7859757, -6.8946688 ], [ -36.7925808, -6.8944075 ], [ -36.7950036, -6.8873452 ], [ -36.7972351, -6.8853296 ], [ -36.8043671, -6.8846126 ], [ -36.8081902, -6.8817943 ], [ -36.8152465, -6.8815122 ], [ -36.8176345, -6.8743769 ], [ -36.821497099999988, -6.8751135 ], [ -36.8309219, -6.8850267 ], [ -36.8331284, -6.8855564 ], [ -36.8363949, -6.8837864 ], [ -36.8351716, -6.8777241 ], [ -36.8373504, -6.8712902 ], [ -36.8364179, -6.8690799 ], [ -36.8429175, -6.8730209 ], [ -36.8473825, -6.8713484 ], [ -36.8649119, -6.8568541 ] ] ] } },
{ "type": "Feature", "properties": { "CD_MUN": "2514800", "NM_MUN": "São José dos Cordeiros", "NM_UF": "Paraíba", "NM_REGIAO": "Nordeste", "class_electre": 5, "class_label": "C5 (muito alto)", "Priorizacao": "Grupo 4", "class_mc_prob": 5, "ranking_pos": 40.0, "area_deg45_ha": 1825.0 }, "geometry": { "type": "Polygon", "coordinates": [ [ [ -36.8299066, -7.3781049 ], [ -36.789891, -7.3724818 ], [ -36.7797233, -7.3744659 ], [ -36.7740815, -7.3739 ], [ -36.7771886, -7.320246 ], [ -36.7402619, -7.3482397 ], [ -36.7088356, -7.3795082 ], [ -36.6989544, -7.3827386 ], [ -36.6895799, -7.3817251 ], [ -36.6855894, -7.3868558 ], [ -36.6738267, -7.3824811 ], [ -36.677172, -7.3867464 ], [ -36.6851302, -7.3902439 ], [ -36.6922039, -7.3870167 ], [ -36.6969367, -7.3874356 ], [ -36.7017304, -7.3890374 ], [ -36.7030689, -7.3920931 ], [ -36.7129031, -7.3958416 ], [ -36.7151625, -7.40153 ], [ -36.719623, -7.4044259 ], [ -36.7257346, -7.4058318 ], [ -36.7262565, -7.4118019 ], [ -36.7301331, -7.4134682 ], [ -36.735525, -7.4217132 ], [ -36.7352583, -7.4248522 ], [ -36.7391816, -7.4297564 ], [ -36.7403426, -7.436634 ], [ -36.849728, -7.4992526 ], [ -36.8781074, -7.5387818 ], [ -36.9780482, -7.4543146 ], [ -36.9887099, -7.460835 ], [ -36.9896084, -7.4667745 ], [ -36.9921589, -7.4701505 ], [ -36.9908529, -7.471892 ], [ -36.9859786, -7.4705838 ], [ -36.9854232, -7.475602 ], [ -36.9954527, -7.4725901 ], [ -36.9940627, -7.4647108 ], [ -36.9973104, -7.4593931 ], [ -37.0033387, -7.4548895 ], [ -37.010731, -7.4536355 ], [ -37.013177299999988, -7.4449837 ], [ -37.0212258, -7.440197 ], [ -37.0236157, -7.4338675 ], [ -37.0145082, -7.4303681 ], [ -37.0175645, -7.4245727 ], [ -37.0259781, -7.4224628 ], [ -37.0236933, -7.4158076 ], [ -37.0137014, -7.4037925 ], [ -37.0021473, -7.4013986 ], [ -36.9745912, -7.3873663 ], [ -36.9527811, -7.3826809 ], [ -36.9290122, -7.3816711 ], [ -36.9251197, -7.3867656 ], [ -36.916653, -7.3863882 ], [ -36.9122331, -7.3881439 ], [ -36.894588, -7.3836899 ], [ -36.8840531, -7.3849114 ], [ -36.8571373, -7.3761534 ], [ -36.8476772, -7.3760995 ], [ -36.8436255, -7.3733782 ], [ -36.8299066, -7.3781049 ] ] ] } },
{ "type": "Feature", "properties": { "CD_MUN": "2515500", "NM_MUN": "Serra Branca", "NM_UF": "Paraíba", "NM_REGIAO": "Nordeste", "class_electre": 5, "class_label": "C5 (muito alto)", "Priorizacao": "Grupo 4", "class_mc_prob": 5, "ranking_pos": 39.0, "area_deg45_ha": 4000.0 }, "geometry": { "type": "Polygon", "coordinates": [ [ [ -36.629947, -7.3928565 ], [ -36.5300947, -7.5281499 ], [ -36.5989119, -7.5837782 ], [ -36.7156287, -7.5912424 ], [ -36.7005229, -7.6769456 ], [ -36.6984635, -7.6752856 ], [ -36.6972934, -7.6777839 ], [ -36.6936145, -7.6793756 ], [ -36.6880276, -7.67576 ], [ -36.68009, -7.677162 ], [ -36.6700758, -7.6834973 ], [ -36.6647103, -7.6799554 ], [ -36.6603883, -7.681368 ], [ -36.6573789, -7.6857033 ], [ -36.6663421, -7.683516 ], [ -36.6765652, -7.6901608 ], [ -36.690395, -7.6898246 ], [ -36.6968187, -7.6937355 ], [ -36.7092485, -7.6954727 ], [ -36.7137442, -7.6946892 ], [ -36.7147054, -7.6983209 ], [ -36.7197841, -7.7012626 ], [ -36.7246753, -7.7010927 ], [ -36.7320394, -7.708562 ], [ -36.7445105, -7.7151613 ], [ -36.7526287, -7.7154998 ], [ -36.7543587, -7.7211159 ], [ -36.7598011, -7.7231784 ], [ -36.7608831, -7.7255327 ], [ -36.7652588, -7.7279876 ], [ -36.7964472, -7.6735999 ], [ -36.8051511, -7.6693418 ], [ -36.8053283, -7.6681564 ], [ -36.7916838, -7.6623171 ], [ -36.7888929, -7.6578827 ], [ -36.7859248, -7.6571802 ], [ -36.8037335, -7.6417253 ], [ -36.806716, -7.6321314 ], [ -36.826238, -7.6041342 ], [ -36.8293833, -7.6060716 ], [ -36.8338576, -7.602427 ], [ -36.8367814, -7.6025148 ], [ -36.8427176, -7.5972016 ], [ -36.8325534, -7.547479 ], [ -36.8348503, -7.5463734 ], [ -36.8341904, -7.5418131 ], [ -36.8403176, -7.5416262 ], [ -36.8412052, -7.5402454 ], [ -36.8781074, -7.5387818 ], [ -36.849728, -7.4992526 ], [ -36.7403426, -7.436634 ], [ -36.7391816, -7.4297564 ], [ -36.7352583, -7.4248522 ], [ -36.735525, -7.4217132 ], [ -36.7301331, -7.4134682 ], [ -36.7262565, -7.4118019 ], [ -36.7257346, -7.4058318 ], [ -36.7178694, -7.4035753 ], [ -36.7146861, -7.4009677 ], [ -36.7129031, -7.3958416 ], [ -36.7030689, -7.3920931 ], [ -36.7017304, -7.3890374 ], [ -36.6922039, -7.3870167 ], [ -36.6851302, -7.3902439 ], [ -36.677172, -7.3867464 ], [ -36.6738267, -7.3824811 ], [ -36.6635118, -7.3892284 ], [ -36.629947, -7.3928565 ] ] ] } },
{ "type": "Feature", "properties": { "CD_MUN": "2515971", "NM_MUN": "Sobrado", "NM_UF": "Paraíba", "NM_REGIAO": "Nordeste", "class_electre": 5, "class_label": "C5 (muito alto)", "Priorizacao": "Grupo 5", "class_mc_prob": 5, "ranking_pos": 3.0, "area_deg45_ha": 4275.0 }, "geometry": { "type": "Polygon", "coordinates": [ [ [ -35.210155, -7.187514 ], [ -35.22631, -7.1920757 ], [ -35.2307655, -7.1986397 ], [ -35.232704, -7.2050982 ], [ -35.2356582, -7.2057986 ], [ -35.2359116, -7.2107141 ], [ -35.2371842, -7.2112969 ], [ -35.2434169, -7.2110454 ], [ -35.2490698, -7.2128338 ], [ -35.2493311, -7.2143296 ], [ -35.2509622, -7.2128572 ], [ -35.2530958, -7.2136156 ], [ -35.2543531, -7.2110979 ], [ -35.2586564, -7.2132937 ], [ -35.2690958, -7.2139536 ], [ -35.2748334, -7.2097202 ], [ -35.280853, -7.2127661 ], [ -35.2815405, -7.2159286 ], [ -35.2854592, -7.2149192 ], [ -35.285226099999988, -7.2125316 ], [ -35.2898477, -7.2144718 ], [ -35.2893006, -7.2164542 ], [ -35.2908503, -7.2167491 ], [ -35.294073, -7.2141724 ], [ -35.29695, -7.2161622 ], [ -35.2990935, -7.2140081 ], [ -35.3030753, -7.2141517 ], [ -35.3038164, -7.2155751 ], [ -35.3125753, -7.199516 ], [ -35.3217627, -7.1872425 ], [ -35.3330326, -7.179346 ], [ -35.3317668, -7.1748072 ], [ -35.3256342, -7.1776582 ], [ -35.2807297, -7.188178 ], [ -35.2621552, -7.1664967 ], [ -35.2581601, -7.1642192 ], [ -35.2588901, -7.1587539 ], [ -35.2554353, -7.1451294 ], [ -35.2560553, -7.1402421 ], [ -35.2604575, -7.1392859 ], [ -35.2610923, -7.1290603 ], [ -35.2523927, -7.122314 ], [ -35.2473367, -7.1230023 ], [ -35.2394248, -7.1179286 ], [ -35.2361066, -7.1228861 ], [ -35.2389332, -7.1302681 ], [ -35.2370645, -7.1378648 ], [ -35.2319241, -7.1423044 ], [ -35.2334569, -7.1443205 ], [ -35.2322092, -7.1486957 ], [ -35.2301183, -7.1506543 ], [ -35.22667, -7.1505421 ], [ -35.228339, -7.1528252 ], [ -35.2275136, -7.1559066 ], [ -35.228974, -7.1604364 ], [ -35.2274048, -7.1615782 ], [ -35.2166342, -7.158808 ], [ -35.215965, -7.1606788 ], [ -35.21775, -7.1641234 ], [ -35.2162021, -7.1658116 ], [ -35.2114509, -7.1656573 ], [ -35.2124, -7.1692674 ], [ -35.2101562, -7.1745072 ], [ -35.1998804, -7.1727573 ], [ -35.199809, -7.1751403 ], [ -35.1969253, -7.1749308 ], [ -35.1909738, -7.1706488 ], [ -35.1894942, -7.1730551 ], [ -35.1904429, -7.1756981 ], [ -35.1871829, -7.1764747 ], [ -35.2012296, -7.1869319 ], [ -35.210155, -7.187514 ] ] ] } },
{ "type": "Feature", "properties": { "CD_MUN": "2516003", "NM_MUN": "Solânea", "NM_UF": "Paraíba", "NM_REGIAO": "Nordeste", "class_electre": 5, "class_label": "C5 (muito alto)", "Priorizacao": "Grupo 4", "class_mc_prob": 5, "ranking_pos": 29.0, "area_deg45_ha": 9350.0 }, "geometry": { "type": "Polygon", "coordinates": [ [ [ -35.6473694, -6.7583411 ], [ -35.6441928, -6.7749757 ], [ -35.6417158, -6.8006758 ], [ -35.6691625, -6.8110794 ], [ -35.6729193, -6.8138344 ], [ -35.6728859, -6.8164224 ], [ -35.6812804, -6.8256934 ], [ -35.6878007, -6.8220944 ], [ -35.6910211, -6.8182552 ], [ -35.700237099999988, -6.8143428 ], [ -35.7069107, -6.8169235 ], [ -35.7094421, -6.8209342 ], [ -35.7140281, -6.8182056 ], [ -35.7153596, -6.8213122 ], [ -35.7184498, -6.8224793 ], [ -35.7198408, -6.8249921 ], [ -35.7266534, -6.8183817 ], [ -35.7298864, -6.8169095 ], [ -35.7318494, -6.8181652 ], [ -35.7361794, -6.8141527 ], [ -35.7367567, -6.8169239 ], [ -35.7401918, -6.815062 ], [ -35.7403506, -6.8132434 ], [ -35.7433383, -6.8140806 ], [ -35.7434466, -6.8177755 ], [ -35.7498911, -6.818823 ], [ -35.7532701, -6.8232515 ], [ -35.7515447, -6.8240855 ], [ -35.7519616, -6.8278094 ], [ -35.7602579, -6.8239417 ], [ -35.7608187, -6.8210516 ], [ -35.762731, -6.8212529 ], [ -35.761422599999989, -6.8239704 ], [ -35.763378, -6.8240711 ], [ -35.7635793, -6.827148 ], [ -35.7656354, -6.8254945 ], [ -35.7670732, -6.8269899 ], [ -35.7649165, -6.8286578 ], [ -35.7664981, -6.8300525 ], [ -35.7656067, -6.8315191 ], [ -35.766987, -6.8328706 ], [ -35.768396, -6.831289 ], [ -35.769704499999989, -6.8331582 ], [ -35.7721057, -6.8309008 ], [ -35.7738742, -6.8314472 ], [ -35.777166799999989, -6.8248188 ], [ -35.7828331, -6.825191 ], [ -35.8036805, -6.7880009 ], [ -35.8079854, -6.7672371 ], [ -35.7934938, -6.7563271 ], [ -35.7977988, -6.753216 ], [ -35.7935439, -6.748841 ], [ -35.7885632, -6.749722 ], [ -35.7883779, -6.7282073 ], [ -35.7853895, -6.7230915 ], [ -35.7860753, -6.714877 ], [ -35.7832471, -6.7124393 ], [ -35.7798682, -6.7047705 ], [ -35.7819906, -6.7033438 ], [ -35.7821508, -6.7005056 ], [ -35.7801546, -6.6904828 ], [ -35.7760493, -6.6915123 ], [ -35.767621, -6.6891686 ], [ -35.7595083, -6.690701 ], [ -35.7470687, -6.6856981 ], [ -35.74477, -6.6782163 ], [ -35.7404516, -6.674371 ], [ -35.7359225, -6.675438 ], [ -35.7339956, -6.6720101 ], [ -35.7218414, -6.6707469 ], [ -35.7141843, -6.6634863 ], [ -35.7139131, -6.6595454 ], [ -35.7055104, -6.6581143 ], [ -35.7020659, -6.6553401 ], [ -35.698351, -6.6585986 ], [ -35.6914159, -6.657169 ], [ -35.6835459, -6.6594811 ], [ -35.6835391, -6.6622611 ], [ -35.6809809, -6.6625595 ], [ -35.6774006, -6.6595092 ], [ -35.6764104, -6.6606011 ], [ -35.6772483, -6.6677108 ], [ -35.6755915, -6.670961 ], [ -35.6826914, -6.673607 ], [ -35.6848, -6.6724073 ], [ -35.6887262, -6.6790602 ], [ -35.6872917, -6.6822058 ], [ -35.6831404, -6.6844037 ], [ -35.6766435, -6.6842214 ], [ -35.672464, -6.685934 ], [ -35.6735795, -6.6882936 ], [ -35.6765375, -6.6883899 ], [ -35.674914, -6.690151 ], [ -35.6769228, -6.6932741 ], [ -35.6717772, -6.7080092 ], [ -35.6737859, -6.7120955 ], [ -35.6725053, -6.719487 ], [ -35.6739815, -6.7202647 ], [ -35.676056, -6.727718 ], [ -35.672472, -6.7337372 ], [ -35.6706559, -6.7338473 ], [ -35.6712819, -6.7354983 ], [ -35.6687847, -6.7394951 ], [ -35.6627918, -6.7420211 ], [ -35.6592659, -6.7454447 ], [ -35.6473694, -6.7583411 ] ] ] } },
{ "type": "Feature", "properties": { "CD_MUN": "2516300", "NM_MUN": "Sumé", "NM_UF": "Paraíba", "NM_REGIAO": "Nordeste", "class_electre": 5, "class_label": "C5 (muito alto)", "Priorizacao": "Grupo 4", "class_mc_prob": 5, "ranking_pos": 41.0, "area_deg45_ha": 2675.0 }, "geometry": { "type": "Polygon", "coordinates": [ [ [ -36.8184116, -7.8212019 ], [ -36.9609015, -7.8309133 ], [ -37.0135914, -7.7494147 ], [ -37.026156, -7.7168947 ], [ -37.0042308, -7.6551666 ], [ -37.0298697, -7.6356718 ], [ -37.037532, -7.6349701 ], [ -37.0371471, -7.6297734 ], [ -37.039331, -7.6275571 ], [ -37.0437126, -7.6276246 ], [ -37.0627494, -7.6160843 ], [ -37.0669408, -7.6163274 ], [ -37.0726673, -7.6113785 ], [ -37.0769519, -7.6118599 ], [ -37.0794812, -7.6100883 ], [ -37.080228, -7.6046422 ], [ -37.0765548, -7.5995151 ], [ -37.0735344, -7.601372 ], [ -37.0751822, -7.6041749 ], [ -37.0710118, -7.605364 ], [ -37.0707825, -7.6092455 ], [ -37.0610319, -7.6110291 ], [ -37.0561312, -7.6086764 ], [ -37.0544039, -7.6102501 ], [ -37.0443958, -7.6099354 ], [ -36.9978314, -7.6254183 ], [ -36.9871859, -7.6181551 ], [ -36.990756, -7.6118944 ], [ -36.9936363, -7.612179 ], [ -36.9989829, -7.6068928 ], [ -36.9975082, -7.6008822 ], [ -36.9984827, -7.587395 ], [ -36.9970943, -7.583868 ], [ -37.000841199999989, -7.5814922 ], [ -36.9998237, -7.5775254 ], [ -37.0016173, -7.568074 ], [ -36.9992663, -7.5641354 ], [ -36.9782989, -7.5434921 ], [ -37.0060149, -7.5123083 ], [ -37.0097847, -7.5102461 ], [ -37.0119696, -7.503982 ], [ -37.0228791, -7.5036668 ], [ -37.0257039, -7.4971085 ], [ -37.0216743, -7.4966878 ], [ -37.0105617, -7.489557 ], [ -37.0072842, -7.4944392 ], [ -37.0032533, -7.4963885 ], [ -36.9842256, -7.4822617 ], [ -36.9859786, -7.4705838 ], [ -36.9908529, -7.471892 ], [ -36.9921589, -7.4701505 ], [ -36.9896084, -7.4667745 ], [ -36.9887099, -7.460835 ], [ -36.9780482, -7.4543146 ], [ -36.8781074, -7.5387818 ], [ -36.8412052, -7.5402454 ], [ -36.8403176, -7.5416262 ], [ -36.8341904, -7.5418131 ], [ -36.8348503, -7.5463734 ], [ -36.8325534, -7.547479 ], [ -36.8427176, -7.5972016 ], [ -36.8367814, -7.6025148 ], [ -36.8338576, -7.602427 ], [ -36.8293833, -7.6060716 ], [ -36.826238, -7.6041342 ], [ -36.806716, -7.6321314 ], [ -36.8037335, -7.6417253 ], [ -36.7859248, -7.6571802 ], [ -36.7888929, -7.6578827 ], [ -36.7916838, -7.6623171 ], [ -36.8053283, -7.6681564 ], [ -36.8051511, -7.6693418 ], [ -36.7964472, -7.6735999 ], [ -36.7652588, -7.7279876 ], [ -36.7268314, -7.7759315 ], [ -36.727797, -7.7793703 ], [ -36.7326958, -7.7824741 ], [ -36.7334667, -7.7890011 ], [ -36.7377347, -7.7883901 ], [ -36.7391854, -7.7921188 ], [ -36.7434184, -7.7942851 ], [ -36.7464179, -7.8034435 ], [ -36.7518493, -7.8029922 ], [ -36.7525151, -7.8007634 ], [ -36.7588085, -7.8034435 ], [ -36.7606797, -7.8078803 ], [ -36.7591939, -7.8157191 ], [ -36.7602522, -7.8178576 ], [ -36.7689914, -7.8168162 ], [ -36.7834004, -7.8271335 ], [ -36.7872199, -7.8249465 ], [ -36.794144, -7.8307369 ], [ -36.800108, -7.8266128 ], [ -36.805196, -7.8287026 ], [ -36.8075788, -7.8275362 ], [ -36.8101578, -7.8298759 ], [ -36.8153369, -7.8303203 ], [ -36.8311475, -7.8411931 ], [ -36.8184116, -7.8212019 ] ] ] } },
{ "type": "Feature", "properties": { "CD_MUN": "2516409", "NM_MUN": "Tacima", "NM_UF": "Paraíba", "NM_REGIAO": "Nordeste", "class_electre": 5, "class_label": "C5 (muito alto)", "Priorizacao": "Grupo 5", "class_mc_prob": 5, "ranking_pos": 22.0, "area_deg45_ha": 10575.0 }, "geometry": { "type": "Polygon", "coordinates": [ [ [ -35.5245572, -6.6079005 ], [ -35.532037699999989, -6.6038334 ], [ -35.5365406, -6.5967886 ], [ -35.5404241, -6.5963231 ], [ -35.5447355, -6.5918906 ], [ -35.5484917, -6.5789401 ], [ -35.5543783, -6.5774088 ], [ -35.5600478, -6.5712366 ], [ -35.566832, -6.5705663 ], [ -35.5691292, -6.5677454 ], [ -35.5738542, -6.5677774 ], [ -35.5735338, -6.5663254 ], [ -35.564645899999988, -6.5659336 ], [ -35.5642032, -6.557946 ], [ -35.5538638, -6.5501346 ], [ -35.5756145, -6.5269871 ], [ -35.5838775, -6.5220777 ], [ -35.6527578, -6.4920051 ], [ -35.6367999, -6.4543894 ], [ -35.6293108, -6.454872 ], [ -35.623192, -6.4586571 ], [ -35.6196533, -6.4572237 ], [ -35.6170232, -6.4587628 ], [ -35.6179701, -6.4620165 ], [ -35.6168742, -6.462633 ], [ -35.6049684, -6.4592713 ], [ -35.6001881, -6.4606106 ], [ -35.5921643, -6.4716302 ], [ -35.591712, -6.4771583 ], [ -35.5880994, -6.4790253 ], [ -35.5864993, -6.4821063 ], [ -35.5827555, -6.4827886 ], [ -35.5805324, -6.4871114 ], [ -35.5641903, -6.4874688 ], [ -35.563001, -6.4897285 ], [ -35.5647956, -6.4917797 ], [ -35.5616681, -6.4926448 ], [ -35.5521001, -6.4908238 ], [ -35.549815, -6.4849311 ], [ -35.5466943, -6.4818665 ], [ -35.5407626, -6.4829692 ], [ -35.540099, -6.4805541 ], [ -35.5379577, -6.4799052 ], [ -35.5336375, -6.4830322 ], [ -35.5313967, -6.4799398 ], [ -35.5270966, -6.4792738 ], [ -35.5252965, -6.4760978 ], [ -35.5177495, -6.4793993 ], [ -35.5123547, -6.4768156 ], [ -35.5080399, -6.4787016 ], [ -35.5014101, -6.4778026 ], [ -35.4957936, -6.4832599 ], [ -35.4919826, -6.480085 ], [ -35.4860677, -6.482892 ], [ -35.4842819, -6.4860096 ], [ -35.4793201, -6.4867926 ], [ -35.4771393, -6.4868523 ], [ -35.4715248, -6.4826542 ], [ -35.4642243, -6.4827119 ], [ -35.460046, -6.4767784 ], [ -35.4555389, -6.4785398 ], [ -35.4515931, -6.4849666 ], [ -35.4466974, -6.4868433 ], [ -35.4426522, -6.4793735 ], [ -35.4393679, -6.5016011 ], [ -35.4366186, -6.5039246 ], [ -35.4285717, -6.5058792 ], [ -35.4261364, -6.5149629 ], [ -35.4290956, -6.5210906 ], [ -35.4290715, -6.5277961 ], [ -35.4356845, -6.5321592 ], [ -35.431150099999989, -6.5382103 ], [ -35.4358695, -6.5470904 ], [ -35.4359868, -6.5596553 ], [ -35.4440663, -6.5642364 ], [ -35.4486038, -6.5703561 ], [ -35.4483924, -6.5732308 ], [ -35.4436654, -6.5744372 ], [ -35.443281399999989, -6.5765802 ], [ -35.4465397, -6.5860869 ], [ -35.4453779, -6.5904877 ], [ -35.4486256, -6.5977968 ], [ -35.4482578, -6.6032079 ], [ -35.4530301, -6.6111293 ], [ -35.4562907, -6.6128613 ], [ -35.4607472, -6.6104417 ], [ -35.4677779, -6.6106248 ], [ -35.4745713, -6.6178929 ], [ -35.4811579, -6.6164433 ], [ -35.4891367, -6.6209806 ], [ -35.4920492, -6.6258157 ], [ -35.4919235, -6.633336 ], [ -35.4962924, -6.6351667 ], [ -35.4994921, -6.6320991 ], [ -35.503859299999988, -6.6336028 ], [ -35.5032621, -6.6448308 ], [ -35.507856, -6.6480225 ], [ -35.5264229, -6.6452007 ], [ -35.527317, -6.6375321 ], [ -35.5247024, -6.6331019 ], [ -35.5258645, -6.6272917 ], [ -35.5245572, -6.6079005 ] ] ] } },
{ "type": "Feature", "properties": { "CD_MUN": "2516508", "NM_MUN": "Taperoá", "NM_UF": "Paraíba", "NM_REGIAO": "Nordeste", "class_electre": 5, "class_label": "C5 (muito alto)", "Priorizacao": "Grupo 4", "class_mc_prob": 5, "ranking_pos": 34.0, "area_deg45_ha": 6525.0 }, "geometry": { "type": "Polygon", "coordinates": [ [ [ -36.6729105, -7.2322868 ], [ -36.7072233, -7.2705043 ], [ -36.714467, -7.2726886 ], [ -36.7157709, -7.2695459 ], [ -36.7201172, -7.2660132 ], [ -36.727138, -7.2647706 ], [ -36.7294544, -7.2622533 ], [ -36.7469478, -7.3049741 ], [ -36.7665648, -7.3058598 ], [ -36.7789301, -7.3009106 ], [ -36.798134499999989, -7.3307933 ], [ -36.8561296, -7.3217657 ], [ -36.9623839, -7.2861499 ], [ -37.0146826, -7.2489112 ], [ -37.035227, -7.1887685 ], [ -37.0202675, -7.1909816 ], [ -37.0197801, -7.1935997 ], [ -37.0178496, -7.1937892 ], [ -37.0133965, -7.1914679 ], [ -37.0118173, -7.1921641 ], [ -37.0108659, -7.1884335 ], [ -37.0012735, -7.1852199 ], [ -36.995595, -7.1811515 ], [ -36.9874198, -7.1808518 ], [ -36.9830665, -7.1789106 ], [ -36.9759251, -7.1798812 ], [ -36.9715622, -7.1771448 ], [ -36.961347, -7.1772478 ], [ -36.9568935, -7.1733132 ], [ -36.948277, -7.1746007 ], [ -36.9340368, -7.1727793 ], [ -36.9305316, -7.1498385 ], [ -36.9225921, -7.1550487 ], [ -36.9190979, -7.1552949 ], [ -36.9117164, -7.1523202 ], [ -36.9033839, -7.1546384 ], [ -36.8975532, -7.1577772 ], [ -36.898587, -7.1595415 ], [ -36.8973051, -7.1631111 ], [ -36.8853336, -7.1587414 ], [ -36.8790273, -7.1596851 ], [ -36.8742098, -7.1564643 ], [ -36.8691441, -7.155418 ], [ -36.8675107, -7.1532023 ], [ -36.8514039, -7.1493865 ], [ -36.8492536, -7.150125 ], [ -36.8457179, -7.1477247 ], [ -36.8295285, -7.1444217 ], [ -36.818384, -7.1399287 ], [ -36.8091003, -7.143478 ], [ -36.8028663, -7.143964 ], [ -36.778689, -7.108875 ], [ -36.7716272, -7.1142418 ], [ -36.7657681, -7.1140975 ], [ -36.7658979, -7.1166952 ], [ -36.7616984, -7.1205484 ], [ -36.7623513, -7.1231888 ], [ -36.7514095, -7.1215023 ], [ -36.7416299, -7.1220845 ], [ -36.7366448, -7.1318277 ], [ -36.7257243, -7.127712 ], [ -36.7132105, -7.1388942 ], [ -36.7054702, -7.1386213 ], [ -36.6974695, -7.1350613 ], [ -36.695335899999989, -7.1284312 ], [ -36.690368, -7.1248712 ], [ -36.6755201, -7.1253735 ], [ -36.6679972, -7.1293385 ], [ -36.660517, -7.1294258 ], [ -36.6623935, -7.1378311 ], [ -36.6595868, -7.1397805 ], [ -36.6602105, -7.145273 ], [ -36.656632, -7.1478413 ], [ -36.658659, -7.1511367 ], [ -36.6590099, -7.1569926 ], [ -36.6568815, -7.1641093 ], [ -36.6596258, -7.168766 ], [ -36.6598986, -7.1749775 ], [ -36.6554157, -7.1866809 ], [ -36.6589025, -7.1926794 ], [ -36.6724587, -7.2065152 ], [ -36.6675663, -7.2127724 ], [ -36.670824, -7.2201674 ], [ -36.6704285, -7.2239071 ], [ -36.672833, -7.2251691 ], [ -36.6729105, -7.2322868 ] ] ] } },
{ "type": "Feature", "properties": { "CD_MUN": "2516755", "NM_MUN": "Tenório", "NM_UF": "Paraíba", "NM_REGIAO": "Nordeste", "class_electre": 5, "class_label": "C5 (muito alto)", "Priorizacao": "Grupo 4", "class_mc_prob": 5, "ranking_pos": 31.0, "area_deg45_ha": 1900.0 }, "geometry": { "type": "Polygon", "coordinates": [ [ [ -36.5912137, -6.9791832 ], [ -36.5978922, -6.9808241 ], [ -36.5984116, -6.9868394 ], [ -36.6002778, -6.9882716 ], [ -36.6065113, -6.9888445 ], [ -36.6075502, -6.9908496 ], [ -36.6146879, -6.9909833 ], [ -36.615342, -6.9938095 ], [ -36.617997, -6.9939432 ], [ -36.6176892, -7.0023644 ], [ -36.6205366, -7.0044267 ], [ -36.624115, -7.0044458 ], [ -36.6293096, -7.0084749 ], [ -36.6329265, -7.0136115 ], [ -36.6321185, -7.0160748 ], [ -36.6345291, -7.0202999 ], [ -36.6404567, -7.0199832 ], [ -36.6443769, -7.0149197 ], [ -36.6518338, -7.011668 ], [ -36.6523879, -7.009341 ], [ -36.6616138, -7.0144362 ], [ -36.6756278, -7.0158199 ], [ -36.6786149, -7.0121867 ], [ -36.6816777, -7.0111034 ], [ -36.7010539, -7.0077133 ], [ -36.6920172, -7.0007352 ], [ -36.6872622, -6.9898363 ], [ -36.6669387, -6.9715229 ], [ -36.6607304, -6.9541527 ], [ -36.659238, -6.9301898 ], [ -36.6548792, -6.9282388 ], [ -36.6374463, -6.933807 ], [ -36.6165309, -6.9340159 ], [ -36.6114646, -6.9376562 ], [ -36.6097942, -6.9368371 ], [ -36.6036081, -6.930457 ], [ -36.5973222, -6.9165288 ], [ -36.5899186, -6.908695 ], [ -36.5767124, -6.8898396 ], [ -36.5731198, -6.8789807 ], [ -36.5679397, -6.8747966 ], [ -36.5559743, -6.8940932 ], [ -36.5535811, -6.9011007 ], [ -36.5538582, -6.9120482 ], [ -36.5520372, -6.914228 ], [ -36.5530724, -6.9166605 ], [ -36.562335, -6.9213721 ], [ -36.5705965, -6.9169883 ], [ -36.5732095, -6.918239 ], [ -36.5778864, -6.9256872 ], [ -36.5840246, -6.9267655 ], [ -36.5898881, -6.9350764 ], [ -36.5964443, -6.9382984 ], [ -36.5977045, -6.9550813 ], [ -36.5958942, -6.9575112 ], [ -36.5933873, -6.9704318 ], [ -36.594287, -6.9761357 ], [ -36.5912137, -6.9791832 ] ] ] } },
{ "type": "Feature", "properties": { "CD_MUN": "2600500", "NM_MUN": "Águas Belas", "NM_UF": "Pernambuco", "NM_REGIAO": "Nordeste", "class_electre": 5, "class_label": "C5 (muito alto)", "Priorizacao": "Grupo 5", "class_mc_prob": 5, "ranking_pos": 9.0, "area_deg45_ha": 36125.0 }, "geometry": { "type": "Polygon", "coordinates": [ [ [ -37.0986084, -9.2440838 ], [ -37.1081737, -9.2387156 ], [ -37.1164756, -9.2409306 ], [ -37.1262621, -9.2529524 ], [ -37.1299203, -9.2600634 ], [ -37.1423939, -9.2680793 ], [ -37.1643357, -9.2757055 ], [ -37.1693881, -9.272434 ], [ -37.1697216, -9.2579634 ], [ -37.1682826, -9.2518259 ], [ -37.1607509, -9.2439694 ], [ -37.1589467, -9.2391017 ], [ -37.1983152, -9.2154825 ], [ -37.1950707, -9.2038261 ], [ -37.1853938, -9.2003169 ], [ -37.1855722, -9.1948633 ], [ -37.1817368, -9.185675 ], [ -37.170245099999988, -9.169013 ], [ -37.1666224, -9.1511109 ], [ -37.160713, -9.1402462 ], [ -37.1591219, -9.1264066 ], [ -37.1619868, -9.123053 ], [ -37.162301, -9.1181992 ], [ -37.1628443, -9.0946227 ], [ -37.1606743, -9.0914197 ], [ -37.1623602, -9.0730969 ], [ -37.155587, -9.0535531 ], [ -37.149816199999989, -9.0475393 ], [ -37.1472426, -9.046884 ], [ -37.1423952, -9.0371181 ], [ -37.131268, -9.0298487 ], [ -37.12677, -9.0211522 ], [ -37.1260978, -9.0165658 ], [ -37.1160328, -9.0105641 ], [ -37.115373, -9.0069177 ], [ -37.1105996, -9.0026485 ], [ -37.1111389, -8.9969196 ], [ -37.1063825, -8.993036 ], [ -37.1059691, -8.9845041 ], [ -37.1005537, -8.9766467 ], [ -37.0993435, -8.9710332 ], [ -37.0964821, -8.9714015 ], [ -37.0947231, -8.9674496 ], [ -37.0879623, -8.9645021 ], [ -37.0864263, -8.960759 ], [ -37.0836186, -8.9593894 ], [ -37.0778629, -8.9513136 ], [ -37.0782718, -8.9482296 ], [ -37.0741993, -8.9433836 ], [ -37.0692718, -8.9431208 ], [ -37.0631108, -8.9357405 ], [ -37.0569903, -8.9368895 ], [ -37.0528354, -8.9346412 ], [ -37.0510182, -8.9319703 ], [ -37.0523763, -8.928005 ], [ -37.051340599999989, -8.9257025 ], [ -37.045275, -8.9198381 ], [ -37.0402408, -8.9204871 ], [ -37.032929, -8.9167742 ], [ -37.0271467, -8.9173834 ], [ -37.0252005, -8.9128886 ], [ -37.0171336, -8.9115653 ], [ -37.0064315, -8.9067854 ], [ -36.9931329, -8.8966033 ], [ -36.9742638, -8.8953795 ], [ -36.9665248, -8.8990322 ], [ -36.9542499, -8.901526 ], [ -36.950953, -8.898172 ], [ -36.9415634, -8.8977225 ], [ -36.9208765, -8.9014586 ], [ -36.9095206, -8.907698 ], [ -36.9014538, -8.9090623 ], [ -36.8963043, -8.8972625 ], [ -36.8799654, -8.8941179 ], [ -36.8757655, -8.890723 ], [ -36.8739086, -8.8857616 ], [ -36.8655902, -8.8881915 ], [ -36.8710081, -8.89546 ], [ -36.873191, -8.907269 ], [ -36.8804426, -8.912944 ], [ -36.8838744, -8.9257065 ], [ -36.8880534, -8.9311085 ], [ -36.8847589, -8.9425361 ], [ -36.886565, -8.9525021 ], [ -36.8851399, -8.9562369 ], [ -36.8890386, -8.9615318 ], [ -36.8879939, -8.9690399 ], [ -36.8948339, -8.975371 ], [ -36.8962353, -8.9821183 ], [ -36.8983951, -8.9834872 ], [ -36.9015596, -8.9971317 ], [ -36.9085358, -9.0050866 ], [ -36.9096703, -9.0117107 ], [ -36.9140214, -9.0172207 ], [ -36.916661, -9.0182151 ], [ -36.920141, -9.0242486 ], [ -36.9251966, -9.0254799 ], [ -36.92996, -9.0315969 ], [ -36.9275305, -9.0335364 ], [ -36.9288866, -9.0412865 ], [ -36.9315116, -9.0446865 ], [ -36.9311044, -9.0495697 ], [ -36.9333617, -9.0519135 ], [ -36.9397431, -9.0522496 ], [ -36.939997, -9.0675121 ], [ -36.9516069, -9.0796799 ], [ -36.9523361, -9.0841209 ], [ -36.956849, -9.0884304 ], [ -36.9579838, -9.0947512 ], [ -36.9619525, -9.1013892 ], [ -36.9659088, -9.1035896 ], [ -36.9688167, -9.1102228 ], [ -36.9736338, -9.1139342 ], [ -36.9726509, -9.1212199 ], [ -36.9745227, -9.1243881 ], [ -36.9860924, -9.1306172 ], [ -36.9864519, -9.1339996 ], [ -36.9772408, -9.1518435 ], [ -36.9767866, -9.158682 ], [ -36.969276, -9.1631521 ], [ -36.9675489, -9.1672011 ], [ -36.956865, -9.1786414 ], [ -36.953171, -9.1764419 ], [ -36.9488461, -9.1791983 ], [ -36.9454875, -9.1780514 ], [ -36.9436599, -9.1804461 ], [ -36.9460439, -9.1864751 ], [ -36.9501426, -9.1904828 ], [ -36.9495841, -9.1952919 ], [ -36.9534145, -9.2064391 ], [ -36.9525517, -9.2119961 ], [ -36.9664191, -9.224273 ], [ -36.9660971, -9.2363554 ], [ -36.9703957, -9.238784 ], [ -36.9754604, -9.245804 ], [ -36.9823398, -9.2460692 ], [ -36.9853495, -9.2485669 ], [ -36.995957, -9.2518596 ], [ -37.0008444, -9.2569236 ], [ -37.0027411, -9.262197 ], [ -37.0110501, -9.2642732 ], [ -37.0141608, -9.2688767 ], [ -37.024373, -9.2623174 ], [ -37.0307697, -9.2677647 ], [ -37.0380812, -9.2787066 ], [ -37.0376573, -9.2872002 ], [ -37.0424036, -9.290683 ], [ -37.047583, -9.2910863 ], [ -37.0543223, -9.3023161 ], [ -37.057584399999989, -9.3175402 ], [ -37.0616712, -9.304162 ], [ -37.0619255, -9.2973688 ], [ -37.0583322, -9.2913456 ], [ -37.0571996, -9.2817884 ], [ -37.0673033, -9.2672403 ], [ -37.0781134, -9.2562648 ], [ -37.0906725, -9.2463621 ], [ -37.0986084, -9.2440838 ] ] ] } },
{ "type": "Feature", "properties": { "CD_MUN": "2601102", "NM_MUN": "Araripina", "NM_UF": "Pernambuco", "NM_REGIAO": "Nordeste", "class_electre": 5, "class_label": "C5 (muito alto)", "Priorizacao": "Grupo 4", "class_mc_prob": 5, "ranking_pos": 18.0, "area_deg45_ha": 52950.0 }, "geometry": { "type": "Polygon", "coordinates": [ [ [ -40.272498399999989, -7.5621313 ], [ -40.3240125, -7.646623 ], [ -40.3597522, -7.7095735 ], [ -40.3533009, -7.8249163 ], [ -40.3504504, -7.8356708 ], [ -40.3436206, -7.8431924 ], [ -40.3450365, -7.8487405 ], [ -40.4276441, -7.8717837 ], [ -40.4418969, -7.8724611 ], [ -40.4531514, -7.8764201 ], [ -40.4572381, -7.8817851 ], [ -40.4557013, -7.8839447 ], [ -40.4574533, -7.88589 ], [ -40.4545405, -7.8878153 ], [ -40.4547439, -7.8893967 ], [ -40.4583996, -7.8938002 ], [ -40.4661453, -7.8979382 ], [ -40.4647777, -7.9048917 ], [ -40.4745687, -7.9053932 ], [ -40.4793845, -7.9096743 ], [ -40.480136, -7.9137701 ], [ -40.486266, -7.9136684 ], [ -40.4889643, -7.9164108 ], [ -40.4933119, -7.9167521 ], [ -40.4953577, -7.9186635 ], [ -40.4960062, -7.9252665 ], [ -40.5002432, -7.9289199 ], [ -40.5053195, -7.9437064 ], [ -40.5108794, -7.9440487 ], [ -40.5197588, -7.9517559 ], [ -40.517375, -7.9577329 ], [ -40.520436, -7.9646177 ], [ -40.5199001, -7.9797394 ], [ -40.5233154, -7.9879054 ], [ -40.5229602, -7.9907469 ], [ -40.5262774, -7.9941742 ], [ -40.5263074, -7.9972901 ], [ -40.560663, -7.9972865 ], [ -40.5442221, -7.9645971 ], [ -40.5459081, -7.9369216 ], [ -40.541475, -7.8869333 ], [ -40.537943, -7.8691947 ], [ -40.538124, -7.8569373 ], [ -40.5420618, -7.8384807 ], [ -40.551296, -7.8224311 ], [ -40.5590935, -7.814846 ], [ -40.5684048, -7.8087586 ], [ -40.6451665, -7.786799 ], [ -40.663785, -7.7747618 ], [ -40.6735695, -7.7616719 ], [ -40.6755978, -7.7478178 ], [ -40.6718643, -7.7356058 ], [ -40.6665529, -7.7263613 ], [ -40.6610257, -7.7205493 ], [ -40.6437776, -7.7081482 ], [ -40.6337583, -7.6968618 ], [ -40.6277497, -7.6849895 ], [ -40.6244089, -7.673313 ], [ -40.6219897, -7.6513599 ], [ -40.6265611, -7.6316836 ], [ -40.636735, -7.6085172 ], [ -40.6491182, -7.5907642 ], [ -40.6626574, -7.5794999 ], [ -40.6773208, -7.5629432 ], [ -40.6940806, -7.5387189 ], [ -40.7012039, -7.5257858 ], [ -40.715294, -7.487954 ], [ -40.7132264, -7.473004 ], [ -40.7060893, -7.4600452 ], [ -40.7012014, -7.4563563 ], [ -40.6657054, -7.4509456 ], [ -40.6571655, -7.4398017 ], [ -40.6540558, -7.4380838 ], [ -40.6523232, -7.4333422 ], [ -40.5484637, -7.3926915 ], [ -40.5405405, -7.3448498 ], [ -40.5415082, -7.3322691 ], [ -40.5237232, -7.3184505 ], [ -40.5102865, -7.3228302 ], [ -40.5004686, -7.3279953 ], [ -40.449055, -7.3611255 ], [ -40.4335917, -7.3671782 ], [ -40.4110261, -7.3685584 ], [ -40.3874805, -7.3670348 ], [ -40.3727696, -7.3624404 ], [ -40.3609839, -7.3556007 ], [ -40.3554554, -7.3472757 ], [ -40.3507936, -7.3341714 ], [ -40.3453514, -7.3291623 ], [ -40.272498399999989, -7.5621313 ] ] ] } },
{ "type": "Feature", "properties": { "CD_MUN": "2601607", "NM_MUN": "Belém do São Francisco", "NM_UF": "Pernambuco", "NM_REGIAO": "Nordeste", "class_electre": 5, "class_label": "C5 (muito alto)", "Priorizacao": "Grupo 4", "class_mc_prob": 5, "ranking_pos": 23.0, "area_deg45_ha": 6450.0 }, "geometry": { "type": "Polygon", "coordinates": [ [ [ -39.1030172, -8.4524757 ], [ -39.0970399, -8.4512345 ], [ -39.0956427, -8.448211 ], [ -39.0883914, -8.4492109 ], [ -39.0885112, -8.4429196 ], [ -39.0839907, -8.4424667 ], [ -39.0831697, -8.4336052 ], [ -39.0900267, -8.4299733 ], [ -39.0882954, -8.4277057 ], [ -39.0894645, -8.4225177 ], [ -39.0850471, -8.4188319 ], [ -39.0824378, -8.4137811 ], [ -39.0692645, -8.4155236 ], [ -39.0629896, -8.4102902 ], [ -39.0670372, -8.4051507 ], [ -39.063838, -8.401174 ], [ -39.0629868, -8.3969639 ], [ -39.063865, -8.3930931 ], [ -39.0675839, -8.3903533 ], [ -39.0666342, -8.3857273 ], [ -39.0603462, -8.3862252 ], [ -39.0558867, -8.3838984 ], [ -39.0518352, -8.3848512 ], [ -39.0491646, -8.3803445 ], [ -39.0414599, -8.3805005 ], [ -39.0406438, -8.3779704 ], [ -39.0365168, -8.3785553 ], [ -39.0303053, -8.3734961 ], [ -39.0258123, -8.3751696 ], [ -39.0191525, -8.3738617 ], [ -39.0151181, -8.3751701 ], [ -39.0109913, -8.3803659 ], [ -39.0091605, -8.3783003 ], [ -38.9954353, -8.3729635 ], [ -38.9948435, -8.3709742 ], [ -38.9970734, -8.3659087 ], [ -38.9936999, -8.3549922 ], [ -38.9906379, -8.3569944 ], [ -38.9877617, -8.353851 ], [ -38.9827549, -8.3537994 ], [ -38.9815751, -8.3565296 ], [ -38.9791214, -8.3565454 ], [ -38.9748323, -8.3526886 ], [ -38.9682704, -8.3544605 ], [ -38.9671781, -8.3523786 ], [ -38.9641652, -8.3513622 ], [ -38.9611921, -8.3545706 ], [ -38.9531728, -8.3570385 ], [ -38.9502702, -8.3546915 ], [ -38.9443028, -8.3540441 ], [ -38.9399375, -8.355358 ], [ -38.9364334, -8.3536382 ], [ -38.9283445, -8.3565324 ], [ -38.9236784, -8.3483824 ], [ -38.9159884, -8.3413727 ], [ -38.9151354, -8.3338885 ], [ -38.9111637, -8.330451 ], [ -38.8885752, -8.3475719 ], [ -38.8859292, -8.3584264 ], [ -38.8876491, -8.3629674 ], [ -38.886663, -8.3680454 ], [ -38.8811964, -8.3735593 ], [ -38.8785742, -8.3742951 ], [ -38.8762225, -8.3792906 ], [ -38.8766009, -8.3847495 ], [ -38.8730745, -8.3899367 ], [ -38.8750152, -8.3957238 ], [ -38.8724182, -8.3967585 ], [ -38.8719789, -8.4001618 ], [ -38.8688085, -8.4018356 ], [ -38.8703942, -8.4031166 ], [ -38.8702016, -8.4088201 ], [ -38.8592947, -8.4147397 ], [ -38.8591016, -8.4177451 ], [ -38.8501909, -8.4258463 ], [ -38.8507888, -8.4278787 ], [ -38.8471008, -8.4314682 ], [ -38.8453202, -8.437446 ], [ -38.8407818, -8.4397701 ], [ -38.8493822, -8.467615 ], [ -38.8378976, -8.4806178 ], [ -38.8361783, -8.4798858 ], [ -38.8363931, -8.4768867 ], [ -38.8322956, -8.4771438 ], [ -38.8321027, -8.4930828 ], [ -38.829281, -8.4957405 ], [ -38.8313035, -8.4974304 ], [ -38.8308079, -8.5019767 ], [ -38.8346351, -8.5050563 ], [ -38.8340325, -8.5077224 ], [ -38.8294038, -8.5054959 ], [ -38.8176093, -8.505386 ], [ -38.8062809, -8.5128936 ], [ -38.798892, -8.5140416 ], [ -38.7915312, -8.5262934 ], [ -38.7880889, -8.529592 ], [ -38.7849167, -8.5285754 ], [ -38.7825427, -8.5296913 ], [ -38.7801013, -8.534711 ], [ -38.7768705, -8.5362841 ], [ -38.7769981, -8.5426166 ], [ -38.7739006, -8.548692 ], [ -38.7768625, -8.5507914 ], [ -38.7761984, -8.5543358 ], [ -38.7714597, -8.5559394 ], [ -38.7696017, -8.5629964 ], [ -38.7663747, -8.5631244 ], [ -38.765226, -8.5667087 ], [ -38.7675159, -8.5678497 ], [ -38.7670528, -8.5697996 ], [ -38.7570805, -8.5751353 ], [ -38.7439689, -8.5743618 ], [ -38.7399885, -8.5770164 ], [ -38.7236165, -8.5806692 ], [ -38.7161683, -8.5841914 ], [ -38.7096552, -8.584233 ], [ -38.7063607, -8.5873554 ], [ -38.6816941, -8.591499 ], [ -38.6773599, -8.5944897 ], [ -38.6681325, -8.595398 ], [ -38.6626095, -8.6023449 ], [ -38.6528447, -8.5995434 ], [ -38.6511846, -8.6020342 ], [ -38.6562753, -8.6070393 ], [ -38.6503348, -8.60897 ], [ -38.6514154, -8.6135653 ], [ -38.6368225, -8.6143934 ], [ -38.6342563, -8.6171529 ], [ -38.6291951, -8.6155564 ], [ -38.6267473, -8.6200214 ], [ -38.8435146, -8.6955729 ], [ -38.8455574, -8.7153123 ], [ -38.8480653, -8.7211669 ], [ -38.8534633, -8.725485 ], [ -38.8547984, -8.7293009 ], [ -38.8509135, -8.7400336 ], [ -38.8521676, -8.7458672 ], [ -38.8508107, -8.7555146 ], [ -38.8519493, -8.7652894 ], [ -38.8488106, -8.7675638 ], [ -38.8570359, -8.7739769 ], [ -38.8567268, -8.77827 ], [ -38.853698, -8.7815074 ], [ -38.8549334, -8.7845272 ], [ -38.8681044, -8.7838654 ], [ -38.8847696, -8.7896049 ], [ -38.9249375, -8.7947475 ], [ -38.9436929, -8.8042355 ], [ -38.9539427, -8.8040633 ], [ -38.9651323, -8.7942819 ], [ -38.977432, -8.7930867 ], [ -38.9919113, -8.7675519 ], [ -38.9993776, -8.7610923 ], [ -39.014657799999988, -8.7538674 ], [ -39.0236321, -8.7470439 ], [ -39.0283675, -8.7400208 ], [ -39.0375772, -8.7346909 ], [ -39.0646857, -8.7316005 ], [ -39.1021809, -8.7200477 ], [ -39.1439462, -8.7125191 ], [ -39.1566858, -8.7068094 ], [ -39.1687128, -8.6915045 ], [ -39.1740454, -8.7013449 ], [ -39.1809958, -8.7063009 ], [ -39.1903831, -8.7067023 ], [ -39.200781, -8.7109876 ], [ -39.2176314, -8.7084597 ], [ -39.2222408, -8.7116674 ], [ -39.2285219, -8.7103153 ], [ -39.234268, -8.7053364 ], [ -39.2454926, -8.6841059 ], [ -39.2456613, -8.6762592 ], [ -39.2480178, -8.6687677 ], [ -39.2454991, -8.6623557 ], [ -39.2466624, -8.6475905 ], [ -39.2416445, -8.6417514 ], [ -39.24188, -8.6363074 ], [ -39.2478833, -8.6249988 ], [ -39.2532227, -8.6199838 ], [ -39.2634051, -8.6152185 ], [ -39.2677439, -8.6088458 ], [ -39.2726983, -8.5964936 ], [ -39.2726237, -8.583791 ], [ -39.2655978, -8.5787253 ], [ -39.2560391, -8.5667865 ], [ -39.2409324, -8.5403796 ], [ -39.2356632, -8.5364421 ], [ -39.2323214, -8.5420262 ], [ -39.2297079, -8.5428375 ], [ -39.2280801, -8.5384404 ], [ -39.2198815, -8.5323946 ], [ -39.211201, -8.5324597 ], [ -39.2094391, -8.527683 ], [ -39.2142932, -8.5250174 ], [ -39.2145939, -8.5221742 ], [ -39.202754299999988, -8.5122611 ], [ -39.1998415, -8.5115361 ], [ -39.1961997, -8.5150479 ], [ -39.192407, -8.5158032 ], [ -39.189555, -8.5153826 ], [ -39.1873668, -8.512178 ], [ -39.1837567, -8.5106958 ], [ -39.1736218, -8.5141496 ], [ -39.1727814, -8.5120837 ], [ -39.1759546, -8.5043804 ], [ -39.1714316, -8.5033244 ], [ -39.1665427, -8.4982125 ], [ -39.1604788, -8.5039616 ], [ -39.1522029, -8.5039931 ], [ -39.1524062, -8.5112257 ], [ -39.149313, -8.51637 ], [ -39.1465522, -8.5147657 ], [ -39.1453374, -8.5103503 ], [ -39.1334691, -8.5068152 ], [ -39.1348039, -8.5035488 ], [ -39.1251206, -8.4964428 ], [ -39.1297615, -8.4887296 ], [ -39.1288816, -8.4857966 ], [ -39.1215397, -8.4785685 ], [ -39.1175599, -8.4811101 ], [ -39.110733, -8.4796923 ], [ -39.1112166, -8.4765471 ], [ -39.1162206, -8.4690141 ], [ -39.1126093, -8.4652352 ], [ -39.1056904, -8.466023 ], [ -39.1019575, -8.463028 ], [ -39.1009253, -8.4605485 ], [ -39.1054768, -8.4577662 ], [ -39.1030172, -8.4524757 ] ] ] } },
{ "type": "Feature", "properties": { "CD_MUN": "2603207", "NM_MUN": "Caetés", "NM_UF": "Pernambuco", "NM_REGIAO": "Nordeste", "class_electre": 5, "class_label": "C5 (muito alto)", "Priorizacao": "Grupo 5", "class_mc_prob": 5, "ranking_pos": 5.0, "area_deg45_ha": 16175.0 }, "geometry": { "type": "Polygon", "coordinates": [ [ [ -36.6314961, -8.8866737 ], [ -36.6450362, -8.8737023 ], [ -36.6454369, -8.8696755 ], [ -36.649075499999988, -8.8698642 ], [ -36.6509073, -8.8665401 ], [ -36.6658935, -8.8686758 ], [ -36.6669204, -8.8616431 ], [ -36.6715641, -8.8547525 ], [ -36.67112, -8.8486756 ], [ -36.6673914, -8.8454129 ], [ -36.6656218, -8.8394932 ], [ -36.6674372, -8.8325221 ], [ -36.7594798, -8.8338082 ], [ -36.7547063, -8.8280762 ], [ -36.7676141, -8.8190454 ], [ -36.7802414, -8.7986205 ], [ -36.7785046, -8.7920105 ], [ -36.76213, -8.7843431 ], [ -36.7592044, -8.7746602 ], [ -36.7740897, -8.7617778 ], [ -36.7713126, -8.7352617 ], [ -36.7731973, -8.7319138 ], [ -36.7022223, -8.723862 ], [ -36.6282808, -8.7560964 ], [ -36.6264202, -8.7630203 ], [ -36.6206078, -8.770493 ], [ -36.6179506, -8.7717156 ], [ -36.6102831, -8.772099 ], [ -36.5986829, -8.7694341 ], [ -36.5931304, -8.7724032 ], [ -36.5882326, -8.769581 ], [ -36.5814387, -8.7717037 ], [ -36.5800664, -8.7700795 ], [ -36.5777851, -8.7703329 ], [ -36.5731776, -8.7621889 ], [ -36.5660605, -8.760056 ], [ -36.5613385, -8.7613444 ], [ -36.5575268, -8.7576217 ], [ -36.555038, -8.7587117 ], [ -36.5506921, -8.7693542 ], [ -36.545923699999989, -8.7739061 ], [ -36.5400752, -8.7838493 ], [ -36.5475365, -8.7874865 ], [ -36.5495614, -8.7950425 ], [ -36.5597424, -8.8057704 ], [ -36.5660695, -8.8084041 ], [ -36.5722678, -8.8160786 ], [ -36.5743755, -8.8223822 ], [ -36.5818313, -8.8257462 ], [ -36.5841763, -8.8284581 ], [ -36.5795952, -8.8313204 ], [ -36.5756656, -8.8385031 ], [ -36.5674448, -8.8450277 ], [ -36.5432551, -8.8811989 ], [ -36.5512844, -8.8872699 ], [ -36.5624752, -8.8908469 ], [ -36.5742887, -8.8881878 ], [ -36.5835074, -8.8912244 ], [ -36.5980547, -8.8907396 ], [ -36.6072363, -8.892298 ], [ -36.6082968, -8.8956628 ], [ -36.6134597, -8.8955064 ], [ -36.6117257, -8.9025964 ], [ -36.61247, -8.9068252 ], [ -36.6161564, -8.9038717 ], [ -36.6192032, -8.8966982 ], [ -36.6251508, -8.892962 ], [ -36.6280393, -8.8879485 ], [ -36.6314961, -8.8866737 ] ] ] } },
{ "type": "Feature", "properties": { "CD_MUN": "2603306", "NM_MUN": "Calçado", "NM_UF": "Pernambuco", "NM_REGIAO": "Nordeste", "class_electre": 5, "class_label": "C5 (muito alto)", "Priorizacao": "Grupo 5", "class_mc_prob": 5, "ranking_pos": 1.0, "area_deg45_ha": 8725.0 }, "geometry": { "type": "Polygon", "coordinates": [ [ [ -36.3287843, -8.7992573 ], [ -36.3716951, -8.7439437 ], [ -36.3690054, -8.6875064 ], [ -36.3824066, -8.6352678 ], [ -36.2494284, -8.7868605 ], [ -36.2995801, -8.8324103 ], [ -36.3004, -8.8297358 ], [ -36.3077697, -8.8287353 ], [ -36.3089235, -8.8258211 ], [ -36.3106408, -8.8281087 ], [ -36.3123862, -8.827873 ], [ -36.3164162, -8.8230777 ], [ -36.316708, -8.819207 ], [ -36.3151166, -8.8175559 ], [ -36.3179413, -8.8160938 ], [ -36.3182861, -8.8079894 ], [ -36.3152691, -8.8061693 ], [ -36.3147121, -8.8026798 ], [ -36.322059, -8.8078949 ], [ -36.3251489, -8.8050089 ], [ -36.3253876, -8.7975609 ], [ -36.3287843, -8.7992573 ] ] ] } },
{ "type": "Feature", "properties": { "CD_MUN": "2603926", "NM_MUN": "Carnaubeira da Penha", "NM_UF": "Pernambuco", "NM_REGIAO": "Nordeste", "class_electre": 5, "class_label": "C5 (muito alto)", "Priorizacao": "Grupo 3", "class_mc_prob": 5, "ranking_pos": 25.0, "area_deg45_ha": 700.0 }, "geometry": { "type": "Polygon", "coordinates": [ [ [ -38.7880889, -8.529592 ], [ -38.798892, -8.5140416 ], [ -38.8062809, -8.5128936 ], [ -38.8176093, -8.505386 ], [ -38.8294038, -8.5054959 ], [ -38.8340325, -8.5077224 ], [ -38.8346351, -8.5050563 ], [ -38.8308079, -8.5019767 ], [ -38.8313035, -8.4974304 ], [ -38.829281, -8.4957405 ], [ -38.8321027, -8.4930828 ], [ -38.8322956, -8.4771438 ], [ -38.8363931, -8.4768867 ], [ -38.8361783, -8.4798858 ], [ -38.8378976, -8.4806178 ], [ -38.8493822, -8.467615 ], [ -38.8407818, -8.4397701 ], [ -38.8453202, -8.437446 ], [ -38.8471008, -8.4314682 ], [ -38.8507888, -8.4278787 ], [ -38.8501909, -8.4258463 ], [ -38.8591016, -8.4177451 ], [ -38.8592947, -8.4147397 ], [ -38.8702016, -8.4088201 ], [ -38.8703942, -8.4031166 ], [ -38.8688085, -8.4018356 ], [ -38.8719789, -8.4001618 ], [ -38.8724182, -8.3967585 ], [ -38.8750152, -8.3957238 ], [ -38.8730745, -8.3899367 ], [ -38.8766009, -8.3847495 ], [ -38.8762225, -8.3792906 ], [ -38.8785742, -8.3742951 ], [ -38.8811964, -8.3735593 ], [ -38.886663, -8.3680454 ], [ -38.8876491, -8.3629674 ], [ -38.8859292, -8.3584264 ], [ -38.8885752, -8.3475719 ], [ -38.9111637, -8.330451 ], [ -38.9097468, -8.3281031 ], [ -38.9071722, -8.3274747 ], [ -38.9066012, -8.3248203 ], [ -38.9019694, -8.3208189 ], [ -38.898316099999988, -8.3204808 ], [ -38.8932226, -8.3139097 ], [ -38.8897738, -8.3131059 ], [ -38.887389, -8.3097018 ], [ -38.8630473, -8.2922632 ], [ -38.8610475, -8.2921828 ], [ -38.8579422, -8.2866692 ], [ -38.850267699999989, -8.2856799 ], [ -38.8431592, -8.27643 ], [ -38.8391073, -8.2749606 ], [ -38.8389702, -8.2712445 ], [ -38.8364753, -8.2698419 ], [ -38.8373814, -8.2675512 ], [ -38.8315894, -8.2595461 ], [ -38.8259684, -8.2551123 ], [ -38.820677, -8.2468462 ], [ -38.817018399999988, -8.2451932 ], [ -38.8165192, -8.2410444 ], [ -38.8125344, -8.2352053 ], [ -38.7393057, -8.2450225 ], [ -38.7199604, -8.2580292 ], [ -38.7012493, -8.2627138 ], [ -38.6976732, -8.2680981 ], [ -38.6802091, -8.2761147 ], [ -38.6775864, -8.2804795 ], [ -38.6710166, -8.2817252 ], [ -38.6665398, -8.2853758 ], [ -38.6598893, -8.2848947 ], [ -38.6529034, -8.2889988 ], [ -38.6496402, -8.2914958 ], [ -38.6487764, -8.2956551 ], [ -38.6457653, -8.2972236 ], [ -38.6446147, -8.3027397 ], [ -38.6285615, -8.3108311 ], [ -38.61842, -8.3084917 ], [ -38.6140301, -8.3104075 ], [ -38.6070481, -8.30516 ], [ -38.5877577, -8.3037998 ], [ -38.5773218, -8.2970589 ], [ -38.571104, -8.2993636 ], [ -38.5549521, -8.293088 ], [ -38.552562, -8.2884299 ], [ -38.5494524, -8.288318 ], [ -38.6281258, -8.6163808 ], [ -38.6297134, -8.61557 ], [ -38.6342563, -8.6171529 ], [ -38.6368225, -8.6143934 ], [ -38.6514154, -8.6135653 ], [ -38.6503348, -8.60897 ], [ -38.6562753, -8.6070393 ], [ -38.6511846, -8.6020342 ], [ -38.6528447, -8.5995434 ], [ -38.6626095, -8.6023449 ], [ -38.6681325, -8.595398 ], [ -38.6773599, -8.5944897 ], [ -38.6816941, -8.591499 ], [ -38.7063607, -8.5873554 ], [ -38.7096552, -8.584233 ], [ -38.7161683, -8.5841914 ], [ -38.7236165, -8.5806692 ], [ -38.7399885, -8.5770164 ], [ -38.7439689, -8.5743618 ], [ -38.7570805, -8.5751353 ], [ -38.7670528, -8.5697996 ], [ -38.7675159, -8.5678497 ], [ -38.765226, -8.5667087 ], [ -38.7663747, -8.5631244 ], [ -38.7696017, -8.5629964 ], [ -38.7714597, -8.5559394 ], [ -38.7761984, -8.5543358 ], [ -38.7768625, -8.5507914 ], [ -38.7739006, -8.548692 ], [ -38.7769981, -8.5426166 ], [ -38.7768705, -8.5362841 ], [ -38.7801013, -8.534711 ], [ -38.7825427, -8.5296913 ], [ -38.7849167, -8.5285754 ], [ -38.7880889, -8.529592 ] ] ] } },
{ "type": "Feature", "properties": { "CD_MUN": "2604304", "NM_MUN": "Cedro", "NM_UF": "Pernambuco", "NM_REGIAO": "Nordeste", "class_electre": 5, "class_label": "C5 (muito alto)", "Priorizacao": "Grupo 5", "class_mc_prob": 5, "ranking_pos": 11.0, "area_deg45_ha": 5975.0 }, "geometry": { "type": "Polygon", "coordinates": [ [ [ -39.1920231, -7.6973445 ], [ -39.1811337, -7.7094777 ], [ -39.1777211, -7.7095656 ], [ -39.1710014, -7.7152403 ], [ -39.1673819, -7.7138779 ], [ -39.1628857, -7.7168077 ], [ -39.1437127, -7.718547 ], [ -39.1356409, -7.7233751 ], [ -39.1238533, -7.743246 ], [ -39.1063539, -7.7602263 ], [ -39.1026171, -7.7710382 ], [ -39.1158637, -7.7766185 ], [ -39.2704852, -7.7893481 ], [ -39.274261, -7.7869554 ], [ -39.2723128, -7.7810442 ], [ -39.2734847, -7.7760099 ], [ -39.2706501, -7.7745785 ], [ -39.2709946, -7.7711478 ], [ -39.2773529, -7.7641584 ], [ -39.2775896, -7.7604374 ], [ -39.2830813, -7.7516503 ], [ -39.2776185, -7.7451792 ], [ -39.2769939, -7.7389827 ], [ -39.2784431, -7.7328361 ], [ -39.2652544, -7.7242885 ], [ -39.265673, -7.7193744 ], [ -39.2615416, -7.7154613 ], [ -39.2603116, -7.7079818 ], [ -39.2575467, -7.7023606 ], [ -39.2578862, -7.7007275 ], [ -39.2627943, -7.6989979 ], [ -39.2595474, -7.6966169 ], [ -39.2597733, -7.6895552 ], [ -39.2697208, -7.6826195 ], [ -39.2681335, -7.6765227 ], [ -39.2687468, -7.6717246 ], [ -39.2663959, -7.6647654 ], [ -39.265338, -7.669831 ], [ -39.252816, -7.6772868 ], [ -39.2497404, -7.6835446 ], [ -39.2500624, -7.6880152 ], [ -39.2474637, -7.6906486 ], [ -39.2501201, -7.6929326 ], [ -39.2484223, -7.6967092 ], [ -39.2525649, -7.7049309 ], [ -39.2441724, -7.7053431 ], [ -39.2347382, -7.696801 ], [ -39.2286317, -7.6956854 ], [ -39.2227425, -7.6968037 ], [ -39.2083352, -7.6894803 ], [ -39.2007761, -7.6955088 ], [ -39.1920231, -7.6973445 ] ] ] } },
{ "type": "Feature", "properties": { "CD_MUN": "2605152", "NM_MUN": "Dormentes", "NM_UF": "Pernambuco", "NM_REGIAO": "Nordeste", "class_electre": 5, "class_label": "C5 (muito alto)", "Priorizacao": "Grupo 4", "class_mc_prob": 5, "ranking_pos": 17.0, "area_deg45_ha": 40525.0 }, "geometry": { "type": "Polygon", "coordinates": [ [ [ -40.5792634, -8.6672634 ], [ -40.7617214, -8.6226067 ], [ -40.7715499, -8.6181454 ], [ -40.7779993, -8.610416 ], [ -40.7844264, -8.6131881 ], [ -40.7840913, -8.6090359 ], [ -40.7857484, -8.6055349 ], [ -40.7829776, -8.6007969 ], [ -40.7911502, -8.5985885 ], [ -40.7927472, -8.5953401 ], [ -40.7954037, -8.5957692 ], [ -40.7984179, -8.5991224 ], [ -40.8010079, -8.5988581 ], [ -40.8020923, -8.5942893 ], [ -40.8040629, -8.5969253 ], [ -40.8085175, -8.5968095 ], [ -40.8105824, -8.5925819 ], [ -40.8105095, -8.58387 ], [ -40.819082, -8.5796748 ], [ -40.8245797, -8.5732623 ], [ -40.8308288, -8.5720364 ], [ -40.8371614, -8.5684508 ], [ -40.8409571, -8.5625497 ], [ -40.8398995, -8.5600703 ], [ -40.8418967, -8.5546491 ], [ -40.8481844, -8.5547261 ], [ -40.8524072, -8.445582 ], [ -40.8617895, -8.3706546 ], [ -40.8573459, -8.3756445 ], [ -40.8592639, -8.3777102 ], [ -40.8585913, -8.3796108 ], [ -40.8502121, -8.3805283 ], [ -40.8439015, -8.3791338 ], [ -40.8374015, -8.381126 ], [ -40.8287036, -8.3737806 ], [ -40.8234318, -8.3653917 ], [ -40.8193187, -8.3623573 ], [ -40.8207603, -8.3566184 ], [ -40.8191461, -8.3491166 ], [ -40.8226767, -8.3377232 ], [ -40.8184023, -8.3301442 ], [ -40.8195092, -8.3219089 ], [ -40.8178961, -8.3204902 ], [ -40.8024208, -8.3219398 ], [ -40.7927877, -8.3200313 ], [ -40.7911807, -8.3133215 ], [ -40.7864339, -8.3064406 ], [ -40.7798798, -8.3019327 ], [ -40.7800896, -8.2962729 ], [ -40.7712086, -8.2971828 ], [ -40.7667856, -8.2992814 ], [ -40.7638411, -8.3030638 ], [ -40.7613797, -8.314826 ], [ -40.7622019, -8.3182526 ], [ -40.7561445, -8.3263498 ], [ -40.7577914, -8.329321 ], [ -40.757976, -8.3369324 ], [ -40.7552223, -8.3422727 ], [ -40.7494692, -8.3425772 ], [ -40.7466924, -8.3386534 ], [ -40.7426631, -8.337111 ], [ -40.7285511, -8.3474957 ], [ -40.7169242, -8.3512038 ], [ -40.7032144, -8.3473088 ], [ -40.6926109, -8.3552071 ], [ -40.6861213, -8.3580745 ], [ -40.6865537, -8.3633074 ], [ -40.6810646, -8.3652097 ], [ -40.6824678, -8.3693984 ], [ -40.6795841, -8.3715068 ], [ -40.6786657, -8.3746296 ], [ -40.6761824, -8.3744326 ], [ -40.6715095, -8.3698889 ], [ -40.6672661, -8.3706509 ], [ -40.6641471, -8.3690847 ], [ -40.6583648, -8.3722853 ], [ -40.6578221, -8.375963 ], [ -40.6592513, -8.3790756 ], [ -40.6556617, -8.3807038 ], [ -40.6523423, -8.3796799 ], [ -40.6455102, -8.3810258 ], [ -40.6456866, -8.3786121 ], [ -40.6423206, -8.376027 ], [ -40.6376125, -8.3769547 ], [ -40.635627, -8.3745905 ], [ -40.6310307, -8.3757765 ], [ -40.6300812, -8.3718068 ], [ -40.6262275, -8.3724366 ], [ -40.621254799999988, -8.3680393 ], [ -40.6148681, -8.369381 ], [ -40.6111923, -8.3724428 ], [ -40.6087839, -8.3712444 ], [ -40.6086206, -8.3683133 ], [ -40.6069998, -8.3673497 ], [ -40.6030226, -8.3688668 ], [ -40.6004795, -8.3680657 ], [ -40.5991596, -8.3643582 ], [ -40.5973684, -8.3639582 ], [ -40.5941921, -8.368199 ], [ -40.5915639, -8.3681474 ], [ -40.5890942, -8.3675381 ], [ -40.5861145, -8.3637813 ], [ -40.5775309, -8.3644261 ], [ -40.5731262, -8.3629574 ], [ -40.5654821, -8.3662007 ], [ -40.5649064, -8.3713997 ], [ -40.5628738, -8.3726343 ], [ -40.5583323, -8.3718558 ], [ -40.5481585, -8.3764801 ], [ -40.543723, -8.3764624 ], [ -40.5405318, -8.3842913 ], [ -40.5332327, -8.3812921 ], [ -40.5347618, -8.3767753 ], [ -40.5288911, -8.3665314 ], [ -40.5237078, -8.3663656 ], [ -40.5208362, -8.3702562 ], [ -40.5164372, -8.3696425 ], [ -40.5130338, -8.3712326 ], [ -40.5103368, -8.3683478 ], [ -40.5055162, -8.3689784 ], [ -40.5025226, -8.3657227 ], [ -40.5001137, -8.3689247 ], [ -40.4952181, -8.3701127 ], [ -40.4889887, -8.3638796 ], [ -40.4843768, -8.3661231 ], [ -40.4771121, -8.3616406 ], [ -40.4715811, -8.3625334 ], [ -40.4684649, -8.3659243 ], [ -40.4649164, -8.3643762 ], [ -40.4642184, -8.3614649 ], [ -40.4624636, -8.3609142 ], [ -40.4528029, -8.3635322 ], [ -40.4442776, -8.3706364 ], [ -40.4423404, -8.3757504 ], [ -40.4390052, -8.3783568 ], [ -40.4364805, -8.3886761 ], [ -40.4298502, -8.395446 ], [ -40.4278898, -8.400143 ], [ -40.4210677, -8.4043506 ], [ -40.4176774, -8.4022713 ], [ -40.408845, -8.4020808 ], [ -40.4084417, -8.4063461 ], [ -40.4047456, -8.4085568 ], [ -40.397156599999988, -8.4076528 ], [ -40.3954211, -8.4106014 ], [ -40.3953792, -8.4162225 ], [ -40.386168, -8.4115799 ], [ -40.3862125, -8.4145441 ], [ -40.3801294, -8.4162625 ], [ -40.3802816, -8.4223191 ], [ -40.3739065, -8.42927 ], [ -40.3687043, -8.428593 ], [ -40.3649195, -8.4314752 ], [ -40.3668051, -8.4381583 ], [ -40.3631513, -8.4404316 ], [ -40.3606987, -8.4446509 ], [ -40.3582803, -8.4537803 ], [ -40.3596256, -8.4624095 ], [ -40.3535273, -8.4676282 ], [ -40.3574258, -8.4813931 ], [ -40.353968, -8.4903447 ], [ -40.3571017, -8.4931781 ], [ -40.3576205, -8.4963867 ], [ -40.3563823, -8.4996963 ], [ -40.3528967, -8.5005473 ], [ -40.3504342, -8.5077795 ], [ -40.3465385, -8.5093608 ], [ -40.3611243, -8.5068505 ], [ -40.3652473, -8.5046138 ], [ -40.3688436, -8.5061984 ], [ -40.3711214, -8.5019217 ], [ -40.3755019, -8.5027293 ], [ -40.3755142, -8.5101606 ], [ -40.3798427, -8.520004 ], [ -40.3806522, -8.5259609 ], [ -40.3791989, -8.5283549 ], [ -40.3836471, -8.5363322 ], [ -40.3938999, -8.5462091 ], [ -40.409014, -8.5524795 ], [ -40.411735, -8.5564144 ], [ -40.4184476, -8.5612438 ], [ -40.4201005, -8.574235 ], [ -40.4248705, -8.5804502 ], [ -40.426512, -8.5903723 ], [ -40.430683, -8.5958049 ], [ -40.4331955, -8.6033801 ], [ -40.446275199999988, -8.6191158 ], [ -40.4461015, -8.6229998 ], [ -40.4429732, -8.6277085 ], [ -40.4430245, -8.6328761 ], [ -40.4374409, -8.6364672 ], [ -40.4321543, -8.6437839 ], [ -40.4294821, -8.6445141 ], [ -40.5792634, -8.6672634 ] ] ] } },
{ "type": "Feature", "properties": { "CD_MUN": "2605707", "NM_MUN": "Floresta", "NM_UF": "Pernambuco", "NM_REGIAO": "Nordeste", "class_electre": 5, "class_label": "C5 (muito alto)", "Priorizacao": "Grupo 4", "class_mc_prob": 5, "ranking_pos": 24.0, "area_deg45_ha": 1825.0 }, "geometry": { "type": "Polygon", "coordinates": [ [ [ -38.0393579, -8.6587793 ], [ -38.0410271, -8.6654346 ], [ -38.0400192, -8.6747045 ], [ -38.0513497, -8.6875813 ], [ -38.0567764, -8.6908773 ], [ -38.062475, -8.6917871 ], [ -38.0647092, -8.6894021 ], [ -38.0654554, -8.684416 ], [ -38.0730534, -8.6799522 ], [ -38.081959499999989, -8.6811361 ], [ -38.0840393, -8.6863759 ], [ -38.0947918, -8.6891164 ], [ -38.0975537, -8.6943587 ], [ -38.1005671, -8.6960137 ], [ -38.1092803, -8.6963233 ], [ -38.1111804, -8.6944883 ], [ -38.1162938, -8.6946931 ], [ -38.121071, -8.6917956 ], [ -38.1314979, -8.6910441 ], [ -38.137232499999989, -8.6920269 ], [ -38.1418444, -8.6971759 ], [ -38.1458861, -8.6967974 ], [ -38.1490047, -8.694963 ], [ -38.1550884, -8.6953614 ], [ -38.1585587, -8.6901325 ], [ -38.1628426, -8.6896605 ], [ -38.1698127, -8.685605 ], [ -38.1731691, -8.6867773 ], [ -38.1772646, -8.6831959 ], [ -38.1821855, -8.6816561 ], [ -38.1852119, -8.6777831 ], [ -38.1903235, -8.676924 ], [ -38.1996147, -8.6806255 ], [ -38.2034563, -8.6850978 ], [ -38.2095299, -8.6875309 ], [ -38.2277321, -8.6896039 ], [ -38.2328452, -8.6881599 ], [ -38.240963, -8.6952532 ], [ -38.2480376, -8.6970641 ], [ -38.2521488, -8.7002192 ], [ -38.2535981, -8.7050698 ], [ -38.2598736, -8.7078934 ], [ -38.2628213, -8.7199207 ], [ -38.2657836, -8.7229325 ], [ -38.2615386, -8.727383 ], [ -38.2610916, -8.7323257 ], [ -38.266878299999988, -8.7366026 ], [ -38.264728, -8.7402843 ], [ -38.2657752, -8.7523059 ], [ -38.2747769, -8.7551355 ], [ -38.2831071, -8.7529213 ], [ -38.2857745, -8.7584509 ], [ -38.288888, -8.7601055 ], [ -38.2935154, -8.7588554 ], [ -38.2955578, -8.7601197 ], [ -38.2955126, -8.7580836 ], [ -38.3053068, -8.7544176 ], [ -38.3078795, -8.7586871 ], [ -38.3074843, -8.7615967 ], [ -38.3132753, -8.7638351 ], [ -38.3160427, -8.7679136 ], [ -38.3211519, -8.7686 ], [ -38.3256256, -8.7727773 ], [ -38.3243006, -8.7783027 ], [ -38.3284345, -8.781024 ], [ -38.3395825, -8.7779417 ], [ -38.3455705, -8.7834765 ], [ -38.3548173, -8.7847537 ], [ -38.3593359, -8.7920318 ], [ -38.3652809, -8.7902969 ], [ -38.3700978, -8.7917591 ], [ -38.3745332, -8.7899252 ], [ -38.3771601, -8.7909933 ], [ -38.3902934, -8.8005157 ], [ -38.3912594, -8.8048822 ], [ -38.4023536, -8.8091663 ], [ -38.4052155, -8.8172177 ], [ -38.4126146, -8.8180039 ], [ -38.4414263, -8.8295856 ], [ -38.4450671, -8.8371535 ], [ -38.4540292, -8.8373595 ], [ -38.4619996, -8.8490044 ], [ -38.4666028, -8.8639377 ], [ -38.4698071, -8.8657423 ], [ -38.4707922, -8.8616253 ], [ -38.4798345, -8.8500889 ], [ -38.5024395, -8.8353562 ], [ -38.5124067, -8.8305859 ], [ -38.5482146, -8.8227351 ], [ -38.5550678, -8.8233578 ], [ -38.5625509, -8.8263462 ], [ -38.5704286, -8.8303691 ], [ -38.5769653, -8.837128 ], [ -38.6038243, -8.8805906 ], [ -38.6075857, -8.893264 ], [ -38.6070123, -8.9175078 ], [ -38.6092398, -8.955121 ], [ -38.6240985, -8.9800469 ], [ -38.6306849, -8.9851673 ], [ -38.6407103, -8.9872682 ], [ -38.6575971, -8.9824777 ], [ -38.6725158, -8.9739755 ], [ -38.6892326, -8.9473956 ], [ -38.6938007, -8.9318892 ], [ -38.6936284, -8.9187044 ], [ -38.6734029, -8.9101972 ], [ -38.6620986, -8.8984948 ], [ -38.6595922, -8.8923347 ], [ -38.6578008, -8.8764278 ], [ -38.660014, -8.8625061 ], [ -38.6574538, -8.8297556 ], [ -38.6637382, -8.8066131 ], [ -38.6596186, -8.7955769 ], [ -38.6484347, -8.7278933 ], [ -38.6409623, -8.7109038 ], [ -38.6397295, -8.704965 ], [ -38.6406015, -8.6988909 ], [ -38.6325992, -8.6876373 ], [ -38.6270212, -8.6838786 ], [ -38.6253373, -8.6735646 ], [ -38.6204373, -8.6666433 ], [ -38.6262826, -8.6605456 ], [ -38.62646, -8.6579265 ], [ -38.6233225, -8.6541751 ], [ -38.6290246, -8.6461676 ], [ -38.627865, -8.6372052 ], [ -38.6330078, -8.6354592 ], [ -38.6366774, -8.6305346 ], [ -38.6285062, -8.6288431 ], [ -38.6262554, -8.6224862 ], [ -38.6281258, -8.6163808 ], [ -38.5494524, -8.288318 ], [ -38.5465957, -8.289559 ], [ -38.5399307, -8.2873765 ], [ -38.5361104, -8.2885211 ], [ -38.5164527, -8.3034786 ], [ -38.506811, -8.3066713 ], [ -38.5034701, -8.3122856 ], [ -38.5046146, -8.3183881 ], [ -38.5032781, -8.319475 ], [ -38.4995206, -8.3201938 ], [ -38.491948, -8.3148084 ], [ -38.486676, -8.31474 ], [ -38.4852669, -8.3253116 ], [ -38.4878643, -8.3337131 ], [ -38.490952, -8.3369186 ], [ -38.5005912, -8.3361443 ], [ -38.506462, -8.343221 ], [ -38.5093639, -8.3497483 ], [ -38.5094214, -8.3517436 ], [ -38.5044435, -8.3578973 ], [ -38.5046208, -8.3618247 ], [ -38.5173684, -8.3986334 ], [ -38.5137799, -8.4048524 ], [ -38.5159466, -8.4186296 ], [ -38.5140549, -8.4294399 ], [ -38.5184668, -8.4415911 ], [ -38.5150139, -8.4385036 ], [ -38.5087058, -8.439464 ], [ -38.4997989, -8.4346068 ], [ -38.4975577, -8.4320059 ], [ -38.4941149, -8.4211889 ], [ -38.4890234, -8.4217852 ], [ -38.4875091, -8.4200306 ], [ -38.487755, -8.4170112 ], [ -38.4855735, -8.4151945 ], [ -38.479935399999988, -8.4146451 ], [ -38.4787279, -8.4117434 ], [ -38.4715195, -8.4063574 ], [ -38.4689799, -8.4020034 ], [ -38.468685, -8.3944524 ], [ -38.4628114, -8.3902766 ], [ -38.4585216, -8.3793343 ], [ -38.4534978, -8.3729846 ], [ -38.4531388, -8.3697235 ], [ -38.449928, -8.3671209 ], [ -38.4419824, -8.3703082 ], [ -38.4363042, -8.3561642 ], [ -38.4315744, -8.3570036 ], [ -38.427030699999989, -8.3547618 ], [ -38.4309799, -8.3486664 ], [ -38.4267452, -8.3444319 ], [ -38.4234085, -8.3450902 ], [ -38.4232903, -8.3426743 ], [ -38.4165638, -8.3406704 ], [ -38.4187502, -8.3383778 ], [ -38.4179244, -8.3223067 ], [ -38.4122798, -8.3158003 ], [ -38.4101764, -8.3156491 ], [ -38.4066096, -8.3057959 ], [ -38.3866301, -8.2933213 ], [ -38.376876, -8.290224 ], [ -38.3676763, -8.2807881 ], [ -38.3636801, -8.279691 ], [ -38.3588829, -8.284579 ], [ -38.3474273, -8.2872781 ], [ -38.3377318, -8.2830344 ], [ -38.3336055, -8.2862896 ], [ -38.3329343, -8.2903171 ], [ -38.3231714, -8.2915885 ], [ -38.3143215, -8.2916944 ], [ -38.3117193, -8.2887291 ], [ -38.3046336, -8.2859977 ], [ -38.3028164, -8.2858721 ], [ -38.3011135, -8.2884095 ], [ -38.296693, -8.2868892 ], [ -38.2949926, -8.287733 ], [ -38.2907541, -8.285067 ], [ -38.2821662, -8.2750245 ], [ -38.279451, -8.2689178 ], [ -38.2747256, -8.2666132 ], [ -38.2631748, -8.2533617 ], [ -38.2506115, -8.262945 ], [ -38.2432807, -8.2615405 ], [ -38.2340552, -8.2684103 ], [ -38.2319877, -8.2719109 ], [ -38.2275641, -8.2723253 ], [ -38.2066939, -8.2854496 ], [ -38.1977904, -8.2790926 ], [ -38.1921889, -8.2804487 ], [ -38.1868843, -8.2779682 ], [ -38.1786691, -8.2766656 ], [ -38.1777589, -8.2778858 ], [ -38.180112, -8.2808755 ], [ -38.1828157, -8.2801145 ], [ -38.1845268, -8.2838759 ], [ -38.1922166, -8.2890511 ], [ -38.1925095, -8.2957597 ], [ -38.1899972, -8.3009105 ], [ -38.1935696, -8.3054665 ], [ -38.1950266, -8.3138394 ], [ -38.194242, -8.3186072 ], [ -38.1907533, -8.3240868 ], [ -38.1895379, -8.3330217 ], [ -38.1875026, -8.335451 ], [ -38.1857947, -8.3478066 ], [ -38.1822017, -8.3510741 ], [ -38.182826, -8.3566598 ], [ -38.1769192, -8.3590302 ], [ -38.174110399999989, -8.3631203 ], [ -38.1723381, -8.371364 ], [ -38.1695683, -8.374087 ], [ -38.1700398, -8.3794164 ], [ -38.1665915, -8.387888 ], [ -38.1688684, -8.3947227 ], [ -38.1677606, -8.3978734 ], [ -38.1612538, -8.3993009 ], [ -38.1579757, -8.4029559 ], [ -38.138709, -8.4083059 ], [ -38.1323049, -8.4084616 ], [ -38.1228115, -8.4061637 ], [ -38.1139351, -8.4085074 ], [ -38.1069744, -8.4124528 ], [ -38.0949535, -8.413531 ], [ -38.087873, -8.4161623 ], [ -38.0866032, -8.4204003 ], [ -38.0808806, -8.4219788 ], [ -38.0797127, -8.4331598 ], [ -38.0737653, -8.439304 ], [ -38.0698301, -8.4395596 ], [ -38.0695045, -8.4424175 ], [ -38.0721474, -8.4450351 ], [ -38.0649669, -8.4430817 ], [ -38.0624151, -8.448925 ], [ -38.0607657, -8.449569 ], [ -38.0579, -8.4477577 ], [ -38.0546519, -8.4505783 ], [ -38.0499645, -8.4501982 ], [ -38.0464274, -8.4565923 ], [ -38.0395053, -8.4571518 ], [ -38.0367346, -8.4599584 ], [ -38.0325984, -8.4596963 ], [ -38.0299803, -8.4577718 ], [ -38.0277195, -8.4594809 ], [ -38.0251732, -8.452586 ], [ -38.0223888, -8.4502314 ], [ -38.0123108, -8.4527773 ], [ -38.0083195, -8.4550438 ], [ -38.0071465, -8.4574613 ], [ -38.0015833, -8.4528396 ], [ -37.9984463, -8.4564798 ], [ -37.9923706, -8.4549071 ], [ -37.978255, -8.4592287 ], [ -37.9666512, -8.4585825 ], [ -37.9603644, -8.4521323 ], [ -37.954125499999989, -8.4520986 ], [ -37.9306498, -8.4382707 ], [ -37.9303441, -8.4348706 ], [ -37.9322918, -8.4324681 ], [ -37.9312078, -8.429675 ], [ -37.9250333, -8.4254477 ], [ -37.9152555, -8.4093733 ], [ -37.9090654, -8.4029832 ], [ -37.8941347, -8.3928393 ], [ -37.8887411, -8.3999731 ], [ -37.8718427, -8.4075776 ], [ -37.8632029, -8.4067645 ], [ -37.8562691, -8.4026292 ], [ -37.8438117, -8.3989056 ], [ -37.8343991, -8.388431 ], [ -37.8311178, -8.3883616 ], [ -37.8257094, -8.3849925 ], [ -37.8200524, -8.3857009 ], [ -37.8128235, -8.3831978 ], [ -37.801372, -8.3728984 ], [ -37.7851143, -8.3834166 ], [ -37.7923356, -8.3970052 ], [ -37.7986176, -8.4209903 ], [ -37.7864816, -8.4138404 ], [ -37.8307466, -8.5332346 ], [ -37.8577053, -8.5956226 ], [ -37.8907277, -8.6055712 ], [ -37.8998167, -8.6044228 ], [ -37.9079753, -8.6112284 ], [ -37.9152403, -8.613058 ], [ -37.9179671, -8.6121599 ], [ -37.9320373, -8.6176256 ], [ -37.9515295, -8.6344113 ], [ -37.9524286, -8.6384835 ], [ -37.9492384, -8.6420911 ], [ -37.9483155, -8.6466117 ], [ -37.9528453, -8.6520504 ], [ -37.9750948, -8.6575357 ], [ -37.9932996, -8.6471848 ], [ -38.0136575, -8.6472582 ], [ -38.0172894, -8.6500147 ], [ -38.0393579, -8.6587793 ] ] ] } },
{ "type": "Feature", "properties": { "CD_MUN": "2605806", "NM_MUN": "Frei Miguelinho", "NM_UF": "Pernambuco", "NM_REGIAO": "Nordeste", "class_electre": 5, "class_label": "C5 (muito alto)", "Priorizacao": "Grupo 5", "class_mc_prob": 5, "ranking_pos": 8.0, "area_deg45_ha": 9025.0 }, "geometry": { "type": "Polygon", "coordinates": [ [ [ -35.8239631, -7.9834124 ], [ -35.8433623, -7.9840081 ], [ -35.8482637, -7.9933604 ], [ -35.852957, -7.9955058 ], [ -35.8650114, -7.9941268 ], [ -35.8733236, -7.9895292 ], [ -35.8784736, -7.9898048 ], [ -35.884994, -7.9965279 ], [ -35.8842791, -8.0059815 ], [ -35.8892508, -8.0082369 ], [ -35.8965865, -8.0034766 ], [ -35.9072239, -8.0092562 ], [ -35.9160917, -8.005587 ], [ -35.9196939, -8.0013947 ], [ -35.9245735, -8.0006031 ], [ -35.9285592, -7.9931824 ], [ -35.9416954, -7.9961181 ], [ -35.9492811, -7.9921065 ], [ -35.9581173, -7.9902035 ], [ -35.9596996, -7.9866637 ], [ -35.9587177, -7.9778601 ], [ -35.9684567, -7.9737295 ], [ -35.9657827, -7.9688177 ], [ -35.9643872, -7.9676553 ], [ -35.9630973, -7.9685354 ], [ -35.9619524, -7.9664085 ], [ -35.9628114, -7.9645985 ], [ -35.9666848, -7.964389 ], [ -35.9643935, -7.9601058 ], [ -35.9653023, -7.9554203 ], [ -35.9611695, -7.9522301 ], [ -35.9627799, -7.9467005 ], [ -35.956304599999989, -7.9446008 ], [ -35.9582625, -7.9383264 ], [ -35.9631236, -7.9393583 ], [ -35.9644293, -7.9374994 ], [ -35.9714305, -7.9348128 ], [ -35.9657006, -7.9303327 ], [ -35.9650468, -7.9274523 ], [ -35.9667073, -7.9237745 ], [ -35.9665892, -7.9078332 ], [ -35.9596063, -7.9037182 ], [ -35.9565891, -7.8984562 ], [ -35.910879, -7.8952092 ], [ -35.9113299, -7.8791425 ], [ -35.8738746, -7.8635419 ], [ -35.8457722, -7.8637032 ], [ -35.822036, -7.8595362 ], [ -35.824078, -7.8611741 ], [ -35.8239857, -7.8630843 ], [ -35.8215884, -7.8660953 ], [ -35.81738, -7.8872039 ], [ -35.815123, -7.8905703 ], [ -35.8176097, -7.8929503 ], [ -35.8176857, -7.8962314 ], [ -35.8114408, -7.9022662 ], [ -35.8136251, -7.9131061 ], [ -35.8081478, -7.9173669 ], [ -35.8116266, -7.9289461 ], [ -35.8181791, -7.9305879 ], [ -35.8193296, -7.9363969 ], [ -35.8143221, -7.9433064 ], [ -35.8142877, -7.9476934 ], [ -35.8171851, -7.9524105 ], [ -35.8175644, -7.9566416 ], [ -35.809676, -7.9614989 ], [ -35.8088757, -7.9700456 ], [ -35.8050193, -7.973557 ], [ -35.8080589, -7.9805918 ], [ -35.8239631, -7.9834124 ] ] ] } },
{ "type": "Feature", "properties": { "CD_MUN": "2607000", "NM_MUN": "Inajá", "NM_UF": "Pernambuco", "NM_REGIAO": "Nordeste", "class_electre": 5, "class_label": "C5 (muito alto)", "Priorizacao": "Grupo 4", "class_mc_prob": 5, "ranking_pos": 21.0, "area_deg45_ha": 13825.0 }, "geometry": { "type": "Polygon", "coordinates": [ [ [ -37.6326646, -8.9017814 ], [ -37.699079, -8.9359147 ], [ -37.7039225, -8.9219266 ], [ -37.7193877, -8.9081 ], [ -37.7213774, -8.897068 ], [ -37.7251499, -8.8960436 ], [ -37.7277208, -8.8910398 ], [ -37.7307743, -8.8908822 ], [ -37.7310895, -8.8879666 ], [ -37.7290308, -8.8857504 ], [ -37.7320055, -8.8796631 ], [ -37.7331087, -8.8809042 ], [ -37.7381223, -8.8798503 ], [ -37.7401908, -8.8761762 ], [ -37.7416683, -8.8760777 ], [ -37.7423677, -8.8679811 ], [ -37.7443136, -8.8672889 ], [ -37.7457572, -8.8603985 ], [ -37.7502259, -8.8583701 ], [ -37.7553619, -8.8463637 ], [ -37.761, -8.8480846 ], [ -37.7659034, -8.8544637 ], [ -37.7736496, -8.8530329 ], [ -37.7791373, -8.8591734 ], [ -37.7855219, -8.8597415 ], [ -37.7864394, -8.8661821 ], [ -37.7918501, -8.8685277 ], [ -37.7929336, -8.8739101 ], [ -37.7947029, -8.8749931 ], [ -37.8097479, -8.8771066 ], [ -37.8167656, -8.882584 ], [ -37.8246288, -8.8859573 ], [ -37.825382, -8.8898552 ], [ -37.8203593, -8.9002083 ], [ -37.8203593, -8.9087038 ], [ -37.8294885, -8.9190528 ], [ -37.8293351, -8.9223933 ], [ -37.833637, -8.9264118 ], [ -37.826233699999989, -8.9327168 ], [ -37.8485152, -8.9406038 ], [ -37.8584011, -8.9541504 ], [ -37.864856, -8.9595259 ], [ -37.8679208, -8.9592417 ], [ -37.8824222, -8.9505874 ], [ -37.891967, -8.9637877 ], [ -37.8965081, -8.9651778 ], [ -37.9066002, -8.976442 ], [ -37.9223081, -8.9866358 ], [ -37.9330569, -8.9982395 ], [ -37.9372316, -8.9968524 ], [ -37.9419997, -8.9987248 ], [ -37.9614799, -8.9996809 ], [ -37.9635932, -9.0041226 ], [ -37.9707783, -9.0098021 ], [ -37.9780853, -9.0197123 ], [ -37.9884932, -9.0005744 ], [ -37.993715, -8.9966338 ], [ -37.9991215, -8.975257 ], [ -38.0054931, -8.9628362 ], [ -38.006482, -8.6800517 ], [ -38.0098693, -8.6678873 ], [ -38.0247335, -8.6523101 ], [ -38.0172894, -8.6500147 ], [ -38.0136575, -8.6472582 ], [ -38.0006347, -8.6467856 ], [ -37.9932996, -8.6471848 ], [ -37.9750948, -8.6575357 ], [ -37.9528453, -8.6520504 ], [ -37.9483155, -8.6466117 ], [ -37.9492384, -8.6420911 ], [ -37.9524286, -8.6384835 ], [ -37.9515295, -8.6344113 ], [ -37.9320373, -8.6176256 ], [ -37.9179671, -8.6121599 ], [ -37.9152403, -8.613058 ], [ -37.9079753, -8.6112284 ], [ -37.8998167, -8.6044228 ], [ -37.8907277, -8.6055712 ], [ -37.8577053, -8.5956226 ], [ -37.8784375, -8.6467538 ], [ -37.8744484, -8.6484928 ], [ -37.8726206, -8.6537309 ], [ -37.8689028, -8.6551201 ], [ -37.864841, -8.6537177 ], [ -37.857723, -8.6564961 ], [ -37.854772499999989, -8.6619273 ], [ -37.8555664, -8.6661015 ], [ -37.8535293, -8.6698513 ], [ -37.8439234, -8.6797192 ], [ -37.8220002, -8.6830301 ], [ -37.8181766, -8.6804766 ], [ -37.8115239, -8.6793146 ], [ -37.8084665, -8.6745096 ], [ -37.7989748, -8.672469 ], [ -37.7848853, -8.6758128 ], [ -37.7819116, -8.6783533 ], [ -37.7750619, -8.6782512 ], [ -37.7717936, -8.6821459 ], [ -37.7506673, -8.6907216 ], [ -37.7350708, -8.6890664 ], [ -37.722403, -8.6937198 ], [ -37.7027627, -8.6919557 ], [ -37.6970367, -8.6900889 ], [ -37.6939388, -8.6915519 ], [ -37.6865711, -8.6904596 ], [ -37.6841947, -8.6919242 ], [ -37.6814211, -8.6900509 ], [ -37.6763108, -8.692242 ], [ -37.6704419, -8.6977035 ], [ -37.6675161, -8.6982345 ], [ -37.6622401, -8.7032113 ], [ -37.6601186, -8.7086797 ], [ -37.6547237, -8.7133232 ], [ -37.6548032, -8.7174306 ], [ -37.6572788, -8.7212633 ], [ -37.6552989, -8.7265296 ], [ -37.656964, -8.7326083 ], [ -37.6551029, -8.7405064 ], [ -37.6562758, -8.7436734 ], [ -37.6619743, -8.7458397 ], [ -37.6750574, -8.7565186 ], [ -37.6760336, -8.7712265 ], [ -37.6742388, -8.7719275 ], [ -37.6716481, -8.7691077 ], [ -37.6673101, -8.769625 ], [ -37.6628948, -8.7672343 ], [ -37.6599171, -8.7702625 ], [ -37.6488886, -8.7749734 ], [ -37.6464346, -8.7787893 ], [ -37.6404198, -8.7817802 ], [ -37.592559, -8.8245404 ], [ -37.5861018, -8.8196132 ], [ -37.583639, -8.8145449 ], [ -37.5784152, -8.8101767 ], [ -37.5753728, -8.8129805 ], [ -37.5680089, -8.8133351 ], [ -37.5671737, -8.8145878 ], [ -37.5634553, -8.8133285 ], [ -37.5609034, -8.8154296 ], [ -37.5549446, -8.8155854 ], [ -37.553619, -8.8081154 ], [ -37.5426956, -8.8042362 ], [ -37.5416351, -8.8026288 ], [ -37.5346204, -8.8023298 ], [ -37.5425844, -8.8069324 ], [ -37.565905099999988, -8.8294487 ], [ -37.5776293, -8.844168 ], [ -37.5843106, -8.8471536 ], [ -37.5834487, -8.8499558 ], [ -37.5930363, -8.8577677 ], [ -37.6326646, -8.9017814 ] ] ] } },
{ "type": "Feature", "properties": { "CD_MUN": "2607406", "NM_MUN": "Itacuruba", "NM_UF": "Pernambuco", "NM_REGIAO": "Nordeste", "class_electre": 5, "class_label": "C5 (muito alto)", "Priorizacao": "Grupo 3", "class_mc_prob": 5, "ranking_pos": 26.0, "area_deg45_ha": 50.0 }, "geometry": { "type": "Polygon", "coordinates": [ [ [ -38.6484347, -8.7278933 ], [ -38.6596186, -8.7955769 ], [ -38.6637382, -8.8066131 ], [ -38.6574538, -8.8297556 ], [ -38.660014, -8.8625061 ], [ -38.6578008, -8.8764278 ], [ -38.6595922, -8.8923347 ], [ -38.6620986, -8.8984948 ], [ -38.6734029, -8.9101972 ], [ -38.6936284, -8.9187044 ], [ -38.6936588, -8.9029688 ], [ -38.6960708, -8.8905259 ], [ -38.7049871, -8.8654095 ], [ -38.7087153, -8.8601555 ], [ -38.717096399999988, -8.8531518 ], [ -38.7396837, -8.8448477 ], [ -38.7625529, -8.8259672 ], [ -38.771465, -8.8172913 ], [ -38.7746904, -8.8120724 ], [ -38.7887155, -8.7996581 ], [ -38.8040699, -8.7891811 ], [ -38.8163043, -8.786181 ], [ -38.8549334, -8.7845272 ], [ -38.853698, -8.7815074 ], [ -38.8567268, -8.77827 ], [ -38.8573035, -8.7751359 ], [ -38.8488106, -8.7675638 ], [ -38.8519493, -8.7652894 ], [ -38.8508107, -8.7555146 ], [ -38.8521676, -8.7458672 ], [ -38.8509135, -8.7400336 ], [ -38.8547984, -8.7293009 ], [ -38.8534633, -8.725485 ], [ -38.8480653, -8.7211669 ], [ -38.8455574, -8.7153123 ], [ -38.8435146, -8.6955729 ], [ -38.6267473, -8.6200214 ], [ -38.6285062, -8.6288431 ], [ -38.6360908, -8.6297571 ], [ -38.636704699999989, -8.6313395 ], [ -38.6330078, -8.6354592 ], [ -38.627865, -8.6372052 ], [ -38.6290246, -8.6461676 ], [ -38.6233225, -8.6541751 ], [ -38.62646, -8.6579265 ], [ -38.6262826, -8.6605456 ], [ -38.6204373, -8.6666433 ], [ -38.6253373, -8.6735646 ], [ -38.6270212, -8.6838786 ], [ -38.6325992, -8.6876373 ], [ -38.6406015, -8.6988909 ], [ -38.6397295, -8.704965 ], [ -38.6409623, -8.7109038 ], [ -38.6484347, -8.7278933 ] ] ] } },
{ "type": "Feature", "properties": { "CD_MUN": "2607505", "NM_MUN": "Itaíba", "NM_UF": "Pernambuco", "NM_REGIAO": "Nordeste", "class_electre": 5, "class_label": "C5 (muito alto)", "Priorizacao": "Grupo 5", "class_mc_prob": 5, "ranking_pos": 6.0, "area_deg45_ha": 52675.0 }, "geometry": { "type": "Polygon", "coordinates": [ [ [ -37.4041952, -9.014277 ], [ -37.4165025, -9.0065641 ], [ -37.4311974, -9.0076828 ], [ -37.4532652, -9.0015557 ], [ -37.4611238, -9.0008782 ], [ -37.4681995, -8.9985786 ], [ -37.4778099, -8.9926247 ], [ -37.479891, -8.9928936 ], [ -37.4839796, -8.9889758 ], [ -37.4932054, -8.9933596 ], [ -37.4923447, -8.9875552 ], [ -37.4958565, -8.9807615 ], [ -37.4965078, -8.9715159 ], [ -37.5043893, -8.9653873 ], [ -37.5074193, -8.967544 ], [ -37.5162391, -8.9656125 ], [ -37.519111099999989, -8.9683333 ], [ -37.5199277, -8.9644031 ], [ -37.5176694, -8.9615972 ], [ -37.5197073, -8.9598943 ], [ -37.5199501, -8.9550371 ], [ -37.5150111, -8.9373972 ], [ -37.5097338, -8.938139 ], [ -37.5043064, -8.9357221 ], [ -37.5021738, -8.9295933 ], [ -37.4872398, -8.9303795 ], [ -37.4774239, -8.9244222 ], [ -37.473523, -8.9284503 ], [ -37.4725149, -8.933521 ], [ -37.4650799, -8.9307559 ], [ -37.4618361, -8.9328335 ], [ -37.4521368, -8.9268761 ], [ -37.4523594, -8.9210671 ], [ -37.4595465, -8.9175478 ], [ -37.4542396, -8.9110371 ], [ -37.455794, -8.9082195 ], [ -37.4700037, -8.907875 ], [ -37.4606852, -8.8926102 ], [ -37.4697493, -8.8847239 ], [ -37.4680397, -8.8802964 ], [ -37.4684769, -8.8757239 ], [ -37.4775604, -8.8733419 ], [ -37.4743286, -8.8611488 ], [ -37.4842718, -8.8584987 ], [ -37.4916496, -8.8476439 ], [ -37.4851649, -8.8431404 ], [ -37.4811941, -8.8434674 ], [ -37.4783956, -8.8445133 ], [ -37.476106, -8.8488665 ], [ -37.4703677, -8.8518911 ], [ -37.4693218, -8.8540395 ], [ -37.4572515, -8.8554246 ], [ -37.4539725, -8.8542656 ], [ -37.4502863, -8.8454346 ], [ -37.4425611, -8.8438202 ], [ -37.4396177, -8.8462514 ], [ -37.4456135, -8.8502806 ], [ -37.4430739, -8.8529594 ], [ -37.4431349, -8.8562416 ], [ -37.4255013, -8.8559162 ], [ -37.4238214, -8.8606296 ], [ -37.4185492, -8.8644589 ], [ -37.4218601, -8.868198 ], [ -37.4213436, -8.8720876 ], [ -37.4133141, -8.8735641 ], [ -37.4114606, -8.8760582 ], [ -37.4031328, -8.8753151 ], [ -37.3988192, -8.8791251 ], [ -37.396235, -8.8741846 ], [ -37.3977971, -8.8715334 ], [ -37.3958242, -8.8710145 ], [ -37.3963593, -8.8680417 ], [ -37.3943486, -8.8662121 ], [ -37.3985376, -8.8575864 ], [ -37.3976319, -8.8428629 ], [ -37.3994411, -8.8389446 ], [ -37.3945402, -8.8342031 ], [ -37.3938754, -8.8272764 ], [ -37.3915728, -8.8233199 ], [ -37.3874947, -8.8187999 ], [ -37.3794965, -8.8145636 ], [ -37.3755399, -8.8080005 ], [ -37.3656389, -8.7983081 ], [ -37.3652076, -8.813573 ], [ -37.3634939, -8.8199118 ], [ -37.3556063, -8.8256139 ], [ -37.3497164, -8.8260669 ], [ -37.3467504, -8.8328862 ], [ -37.3382128, -8.837865 ], [ -37.335596, -8.8372302 ], [ -37.3355519, -8.8346772 ], [ -37.3247876, -8.838509 ], [ -37.3210797, -8.8356336 ], [ -37.321403499999988, -8.8335109 ], [ -37.3181279, -8.8276001 ], [ -37.3118893, -8.827544 ], [ -37.3106202, -8.824959 ], [ -37.3073147, -8.8256241 ], [ -37.3032236, -8.8232826 ], [ -37.2973872, -8.8227179 ], [ -37.2897168, -8.8254864 ], [ -37.2838921, -8.8225426 ], [ -37.2820355, -8.8182848 ], [ -37.2775107, -8.8167667 ], [ -37.2770457, -8.8189116 ], [ -37.2726497, -8.821215 ], [ -37.2674097, -8.8154932 ], [ -37.2635564, -8.8173185 ], [ -37.2549843, -8.8122666 ], [ -37.2475101, -8.8142963 ], [ -37.2502894, -8.8164078 ], [ -37.2495621, -8.8198891 ], [ -37.2456847, -8.8207784 ], [ -37.2467588, -8.8226535 ], [ -37.2416622, -8.8227157 ], [ -37.2356489, -8.8269613 ], [ -37.2371032, -8.8290134 ], [ -37.2329348, -8.8374119 ], [ -37.2355619, -8.8413644 ], [ -37.2335648, -8.8423738 ], [ -37.2342418, -8.8440766 ], [ -37.2325192, -8.8466775 ], [ -37.2249662, -8.8541795 ], [ -37.2259316, -8.8548082 ], [ -37.2242032, -8.8591065 ], [ -37.2274085, -8.8612499 ], [ -37.2279555, -8.8662404 ], [ -37.2223424, -8.8668652 ], [ -37.22471, -8.8719193 ], [ -37.2204972, -8.8778803 ], [ -37.2213663, -8.8802948 ], [ -37.22009, -8.884992 ], [ -37.2182653, -8.8849913 ], [ -37.2153189, -8.8882275 ], [ -37.2128708, -8.8879341 ], [ -37.2055032, -8.8979037 ], [ -37.1985712, -8.9002209 ], [ -37.1974718, -8.9094832 ], [ -37.1953753, -8.9129014 ], [ -37.1925281, -8.9130019 ], [ -37.1915439, -8.9157744 ], [ -37.1875766, -8.9178217 ], [ -37.1859485, -8.9244485 ], [ -37.1803302, -8.9255814 ], [ -37.1795209, -8.9284603 ], [ -37.1772636, -8.9296767 ], [ -37.1753878, -8.9342657 ], [ -37.1729922, -8.9348422 ], [ -37.1727405, -8.9374552 ], [ -37.1693717, -8.9410585 ], [ -37.1644078, -8.9393123 ], [ -37.158441499999988, -8.9395941 ], [ -37.155338, -8.9456882 ], [ -37.1521004, -8.9468371 ], [ -37.1476771, -8.9452871 ], [ -37.1436879, -8.9467963 ], [ -37.139837, -8.9456732 ], [ -37.124479, -8.9537553 ], [ -37.1222901, -8.9573168 ], [ -37.1182714, -8.9572728 ], [ -37.1144457, -8.9599691 ], [ -37.1074192, -8.9582038 ], [ -37.1012279, -8.9602797 ], [ -37.0993435, -8.9710332 ], [ -37.1005537, -8.9766467 ], [ -37.1059691, -8.9845041 ], [ -37.1063825, -8.993036 ], [ -37.1111389, -8.9969196 ], [ -37.1105996, -9.0026485 ], [ -37.115373, -9.0069177 ], [ -37.1160328, -9.0105641 ], [ -37.1260978, -9.0165658 ], [ -37.12677, -9.0211522 ], [ -37.131268, -9.0298487 ], [ -37.1423952, -9.0371181 ], [ -37.1447998, -9.043437 ], [ -37.155587, -9.0535531 ], [ -37.1593194, -9.0612719 ], [ -37.1623602, -9.0730969 ], [ -37.1606743, -9.0914197 ], [ -37.1628443, -9.0946227 ], [ -37.1619868, -9.123053 ], [ -37.1591219, -9.1264066 ], [ -37.160713, -9.1402462 ], [ -37.1666224, -9.1511109 ], [ -37.170245099999988, -9.169013 ], [ -37.1817368, -9.185675 ], [ -37.1855722, -9.1948633 ], [ -37.1853938, -9.2003169 ], [ -37.1950707, -9.2038261 ], [ -37.1983152, -9.2154825 ], [ -37.2006451, -9.2174132 ], [ -37.2065278, -9.2176516 ], [ -37.2121705, -9.2211168 ], [ -37.216167, -9.2262643 ], [ -37.2203067, -9.2280314 ], [ -37.2343415, -9.2401754 ], [ -37.2338914, -9.2321489 ], [ -37.2303988, -9.2303503 ], [ -37.2287839, -9.225536 ], [ -37.232356, -9.2223171 ], [ -37.2335552, -9.2065858 ], [ -37.2348117, -9.204532 ], [ -37.2391711, -9.2033187 ], [ -37.2406185, -9.1984751 ], [ -37.2467853, -9.1903823 ], [ -37.2432315, -9.186038 ], [ -37.2470816, -9.1790184 ], [ -37.2620086, -9.1637119 ], [ -37.2625595, -9.1588817 ], [ -37.2682001, -9.1582424 ], [ -37.2778082, -9.1533204 ], [ -37.2822858, -9.1488418 ], [ -37.2965722, -9.1209173 ], [ -37.303653, -9.1169815 ], [ -37.3110581, -9.1075449 ], [ -37.3106995, -9.1004188 ], [ -37.3148041, -9.0949652 ], [ -37.3174531, -9.0924019 ], [ -37.3238681, -9.0940401 ], [ -37.3308896, -9.090706 ], [ -37.3334571, -9.0870066 ], [ -37.3344427, -9.0818626 ], [ -37.3586391, -9.0538891 ], [ -37.3914131, -9.0269832 ], [ -37.3955683, -9.0280975 ], [ -37.3968833, -9.0249071 ], [ -37.3961404, -9.0201121 ], [ -37.4021181, -9.0185226 ], [ -37.4041952, -9.014277 ] ] ] } },
{ "type": "Feature", "properties": { "CD_MUN": "2608255", "NM_MUN": "Jucati", "NM_UF": "Pernambuco", "NM_REGIAO": "Nordeste", "class_electre": 5, "class_label": "C5 (muito alto)", "Priorizacao": "Grupo 5", "class_mc_prob": 5, "ranking_pos": 2.0, "area_deg45_ha": 7975.0 }, "geometry": { "type": "Polygon", "coordinates": [ [ [ -36.4482229, -8.6577887 ], [ -36.4009053, -8.7770798 ], [ -36.4063943, -8.7790308 ], [ -36.4077593, -8.7828392 ], [ -36.4152668, -8.7867718 ], [ -36.4217472, -8.7961611 ], [ -36.4257229, -8.7957106 ], [ -36.4267235, -8.7987984 ], [ -36.4327732, -8.7971518 ], [ -36.4405144, -8.797963 ], [ -36.4469598, -8.8020203 ], [ -36.4499946, -8.8007216 ], [ -36.4529632, -8.801974 ], [ -36.455255799999989, -8.7991645 ], [ -36.4577294, -8.8013384 ], [ -36.4615674, -8.7998264 ], [ -36.4695233, -8.800652 ], [ -36.4698543, -8.7991427 ], [ -36.4734377, -8.801336 ], [ -36.4815136, -8.7962497 ], [ -36.4876537, -8.7953608 ], [ -36.4906088, -8.79208 ], [ -36.4911664, -8.7889443 ], [ -36.4938778, -8.7893244 ], [ -36.4950366, -8.7863625 ], [ -36.4986626, -8.7852332 ], [ -36.5002373, -8.7805164 ], [ -36.5039201, -8.7813341 ], [ -36.5087224, -8.7745732 ], [ -36.5156201, -8.7709712 ], [ -36.515246, -8.7659373 ], [ -36.5171496, -8.7617417 ], [ -36.5122774, -8.7584 ], [ -36.5069451, -8.744129 ], [ -36.509053, -8.7401025 ], [ -36.5150358, -8.7362011 ], [ -36.5146952, -8.7324948 ], [ -36.509385, -8.727208 ], [ -36.5024504, -8.7232034 ], [ -36.4982696, -8.7169595 ], [ -36.5086711, -8.7081401 ], [ -36.5024624, -8.7056658 ], [ -36.4937628, -8.7064586 ], [ -36.483424, -8.703439 ], [ -36.4787899, -8.6971117 ], [ -36.4676944, -8.6905262 ], [ -36.4665179, -8.6850189 ], [ -36.4683483, -8.6806007 ], [ -36.4664359, -8.6783178 ], [ -36.4667403, -8.6724367 ], [ -36.4635442, -8.6678079 ], [ -36.4661867, -8.664554 ], [ -36.460074, -8.6673746 ], [ -36.4523749, -8.6644331 ], [ -36.4482229, -8.6577887 ] ] ] } },
{ "type": "Feature", "properties": { "CD_MUN": "2608305", "NM_MUN": "Jupi", "NM_UF": "Pernambuco", "NM_REGIAO": "Nordeste", "class_electre": 5, "class_label": "C5 (muito alto)", "Priorizacao": "Grupo 5", "class_mc_prob": 5, "ranking_pos": 3.0, "area_deg45_ha": 6625.0 }, "geometry": { "type": "Polygon", "coordinates": [ [ [ -36.4009053, -8.7770798 ], [ -36.4482229, -8.6577887 ], [ -36.3824806, -8.6349761 ], [ -36.3690054, -8.6875064 ], [ -36.3716951, -8.7439437 ], [ -36.3287843, -8.7992573 ], [ -36.3327828, -8.8028513 ], [ -36.3331275, -8.8063575 ], [ -36.3350827, -8.8031297 ], [ -36.3381515, -8.8031959 ], [ -36.3421218, -8.8008297 ], [ -36.3460323, -8.801688 ], [ -36.3454756, -8.7949357 ], [ -36.3486769, -8.7914891 ], [ -36.3470332, -8.7892886 ], [ -36.3491674, -8.7847964 ], [ -36.3610449, -8.7920458 ], [ -36.361774, -8.794992 ], [ -36.3597989, -8.7962862 ], [ -36.3601236, -8.7978338 ], [ -36.3646771, -8.7942646 ], [ -36.3694295, -8.7942248 ], [ -36.3701586, -8.7976085 ], [ -36.373002, -8.7998835 ], [ -36.3742746, -8.7984718 ], [ -36.3726269, -8.7931696 ], [ -36.3760376, -8.793413 ], [ -36.3788248, -8.790471 ], [ -36.3811077, -8.7940601 ], [ -36.3894362, -8.7908398 ], [ -36.392588, -8.7907368 ], [ -36.3938025, -8.7929801 ], [ -36.4005947, -8.7912389 ], [ -36.4009791, -8.7894625 ], [ -36.3991365, -8.7879348 ], [ -36.400999, -8.7834824 ], [ -36.3944704, -8.7844302 ], [ -36.3925548, -8.7812371 ], [ -36.3948084, -8.7804616 ], [ -36.3942792, -8.7771921 ], [ -36.3966264, -8.7781996 ], [ -36.4009053, -8.7770798 ] ] ] } },
{ "type": "Feature", "properties": { "CD_MUN": "2608800", "NM_MUN": "Lajedo", "NM_UF": "Pernambuco", "NM_REGIAO": "Nordeste", "class_electre": 5, "class_label": "C5 (muito alto)", "Priorizacao": "Grupo 5", "class_mc_prob": 5, "ranking_pos": 4.0, "area_deg45_ha": 11225.0 }, "geometry": { "type": "Polygon", "coordinates": [ [ [ -36.2494284, -8.7868605 ], [ -36.3824806, -8.6349761 ], [ -36.331892, -8.6147402 ], [ -36.2751295, -8.562012 ], [ -36.2737946, -8.5623537 ], [ -36.2927904, -8.6312578 ], [ -36.2683271, -8.6243995 ], [ -36.2483116, -8.6553362 ], [ -36.1948149, -8.7124079 ], [ -36.2186444, -8.7138494 ], [ -36.2494284, -8.7868605 ] ] ] } },
{ "type": "Feature", "properties": { "CD_MUN": "2609154", "NM_MUN": "Manari", "NM_UF": "Pernambuco", "NM_REGIAO": "Nordeste", "class_electre": 5, "class_label": "C5 (muito alto)", "Priorizacao": "Grupo 4", "class_mc_prob": 5, "ranking_pos": 15.0, "area_deg45_ha": 11225.0 }, "geometry": { "type": "Polygon", "coordinates": [ [ [ -37.4916496, -8.8476439 ], [ -37.4842718, -8.8584987 ], [ -37.4743286, -8.8611488 ], [ -37.4775604, -8.8733419 ], [ -37.4684769, -8.8757239 ], [ -37.4680397, -8.8802964 ], [ -37.4697493, -8.8847239 ], [ -37.4606852, -8.8926102 ], [ -37.4700037, -8.907875 ], [ -37.455794, -8.9082195 ], [ -37.4542396, -8.9110371 ], [ -37.4595465, -8.9175478 ], [ -37.4523594, -8.9210671 ], [ -37.4522746, -8.9273743 ], [ -37.4618361, -8.9328335 ], [ -37.4650799, -8.9307559 ], [ -37.4725149, -8.933521 ], [ -37.473523, -8.9284503 ], [ -37.4774239, -8.9244222 ], [ -37.4872398, -8.9303795 ], [ -37.5021738, -8.9295933 ], [ -37.5043064, -8.9357221 ], [ -37.5097338, -8.938139 ], [ -37.5150111, -8.9373972 ], [ -37.5202298, -8.9566143 ], [ -37.5197073, -8.9598943 ], [ -37.5176694, -8.9615972 ], [ -37.5199277, -8.9644031 ], [ -37.519111099999989, -8.9683333 ], [ -37.5280278, -8.9604167 ], [ -37.5331213, -8.9598622 ], [ -37.5459722, -8.9609444 ], [ -37.5559444, -8.9704722 ], [ -37.5597791, -8.9719389 ], [ -37.572442, -8.9720345 ], [ -37.5970513, -8.9690718 ], [ -37.6101667, -8.9878611 ], [ -37.6340593, -9.0028621 ], [ -37.6395979, -9.0030899 ], [ -37.6409709, -9.000159 ], [ -37.6398952, -8.9951328 ], [ -37.6431861, -8.9930201 ], [ -37.6523274, -8.9950109 ], [ -37.6577778, -8.9926667 ], [ -37.6580875, -8.9857964 ], [ -37.6821528, -8.9973324 ], [ -37.6870711, -8.9877354 ], [ -37.6913853, -8.9908595 ], [ -37.6940818, -8.9895603 ], [ -37.69467, -8.9909327 ], [ -37.6982482, -8.9906715 ], [ -37.6998306, -8.9840556 ], [ -37.6971467, -8.9848702 ], [ -37.6952974, -8.9815324 ], [ -37.6906387, -8.9814144 ], [ -37.684646, -8.9765048 ], [ -37.6787754, -8.9771599 ], [ -37.6719167, -8.9745 ], [ -37.6894167, -8.9556111 ], [ -37.6897196, -8.9494926 ], [ -37.6988417, -8.9447222 ], [ -37.699079, -8.9359147 ], [ -37.6326646, -8.9017814 ], [ -37.5930363, -8.8577677 ], [ -37.5834487, -8.8499558 ], [ -37.5843106, -8.8471536 ], [ -37.5776293, -8.844168 ], [ -37.565905099999988, -8.8294487 ], [ -37.5425844, -8.8069324 ], [ -37.5346204, -8.8023298 ], [ -37.5315867, -8.8025228 ], [ -37.5312313, -8.8005853 ], [ -37.5253211, -8.7973957 ], [ -37.5222503, -8.7930993 ], [ -37.5143114, -8.7900572 ], [ -37.5019337, -8.7926665 ], [ -37.4947136, -8.7898339 ], [ -37.3656389, -8.7983081 ], [ -37.3755399, -8.8080005 ], [ -37.3794965, -8.8145636 ], [ -37.3874947, -8.8187999 ], [ -37.3915728, -8.8233199 ], [ -37.3938754, -8.8272764 ], [ -37.3945402, -8.8342031 ], [ -37.3994411, -8.8389446 ], [ -37.3976319, -8.8428629 ], [ -37.3985376, -8.8575864 ], [ -37.3943486, -8.8662121 ], [ -37.3963593, -8.8680417 ], [ -37.3958242, -8.8710145 ], [ -37.3977971, -8.8715334 ], [ -37.396235, -8.8741846 ], [ -37.3988192, -8.8791251 ], [ -37.4031328, -8.8753151 ], [ -37.4114606, -8.8760582 ], [ -37.4133141, -8.8735641 ], [ -37.4213436, -8.8720876 ], [ -37.4218601, -8.868198 ], [ -37.4185492, -8.8644589 ], [ -37.4238214, -8.8606296 ], [ -37.4255013, -8.8559162 ], [ -37.4431349, -8.8562416 ], [ -37.4430739, -8.8529594 ], [ -37.4456135, -8.8502806 ], [ -37.4396177, -8.8462514 ], [ -37.4425611, -8.8438202 ], [ -37.4502863, -8.8454346 ], [ -37.4539725, -8.8542656 ], [ -37.4572515, -8.8554246 ], [ -37.4693218, -8.8540395 ], [ -37.4703677, -8.8518911 ], [ -37.476106, -8.8488665 ], [ -37.4783956, -8.8445133 ], [ -37.4811941, -8.8434674 ], [ -37.4851649, -8.8431404 ], [ -37.4916496, -8.8476439 ] ] ] } },
{ "type": "Feature", "properties": { "CD_MUN": "2610301", "NM_MUN": "Paranatama", "NM_UF": "Pernambuco", "NM_REGIAO": "Nordeste", "class_electre": 5, "class_label": "C5 (muito alto)", "Priorizacao": "Grupo 5", "class_mc_prob": 5, "ranking_pos": 12.0, "area_deg45_ha": 6700.0 }, "geometry": { "type": "Polygon", "coordinates": [ [ [ -36.6502062, -8.9343983 ], [ -36.6613807, -8.9341969 ], [ -36.7087374, -8.9408795 ], [ -36.7136828, -8.951349 ], [ -36.7248958, -8.9522176 ], [ -36.7289732, -8.9540504 ], [ -36.7358198, -8.9495724 ], [ -36.8780889, -8.8828583 ], [ -36.8498297, -8.8817889 ], [ -36.8400253, -8.8837403 ], [ -36.7780464, -8.9274461 ], [ -36.7479814, -8.8874748 ], [ -36.7479842, -8.8834419 ], [ -36.7561901, -8.8788745 ], [ -36.7769287, -8.8862851 ], [ -36.7666157, -8.842377 ], [ -36.759698199999988, -8.8340705 ], [ -36.6674372, -8.8325221 ], [ -36.6656218, -8.8394932 ], [ -36.6673914, -8.8454129 ], [ -36.67112, -8.8486756 ], [ -36.6715641, -8.8547525 ], [ -36.6669204, -8.8616431 ], [ -36.6658935, -8.8686758 ], [ -36.6561661, -8.8681336 ], [ -36.6516074, -8.8663278 ], [ -36.649075499999988, -8.8698642 ], [ -36.6454369, -8.8696755 ], [ -36.6450362, -8.8737023 ], [ -36.6381634, -8.8788032 ], [ -36.6314961, -8.8866737 ], [ -36.6280393, -8.8879485 ], [ -36.6251508, -8.892962 ], [ -36.6192032, -8.8966982 ], [ -36.6142144, -8.9063499 ], [ -36.6108429, -8.9071361 ], [ -36.6054193, -8.9125046 ], [ -36.6061901, -8.9215959 ], [ -36.612968699999989, -8.922214 ], [ -36.614341, -8.9250561 ], [ -36.6125967, -8.9283249 ], [ -36.6092115, -8.9265512 ], [ -36.607044, -8.933579 ], [ -36.6049948, -8.9345322 ], [ -36.6068898, -8.9418141 ], [ -36.6255367, -8.9465423 ], [ -36.6308605, -8.9564975 ], [ -36.6352465, -8.9439842 ], [ -36.6412173, -8.9378645 ], [ -36.6502062, -8.9343983 ] ] ] } },
{ "type": "Feature", "properties": { "CD_MUN": "2611705", "NM_MUN": "Riacho das Almas", "NM_UF": "Pernambuco", "NM_REGIAO": "Nordeste", "class_electre": 5, "class_label": "C5 (muito alto)", "Priorizacao": "Grupo 5", "class_mc_prob": 5, "ranking_pos": 10.0, "area_deg45_ha": 12475.0 }, "geometry": { "type": "Polygon", "coordinates": [ [ [ -35.8799435, -8.2062913 ], [ -35.9170038, -8.1870802 ], [ -35.9198884, -8.1917681 ], [ -35.9209454, -8.2020754 ], [ -35.9225401, -8.2032746 ], [ -35.9762206, -8.1667469 ], [ -35.9851191, -8.1440976 ], [ -35.9160917, -8.005587 ], [ -35.9072239, -8.0092562 ], [ -35.8965865, -8.0034766 ], [ -35.8903731, -8.0079441 ], [ -35.8862038, -8.0076514 ], [ -35.8838833, -8.0043495 ], [ -35.885396, -8.0022621 ], [ -35.884994, -7.9965279 ], [ -35.8784736, -7.9898048 ], [ -35.8733236, -7.9895292 ], [ -35.8650114, -7.9941268 ], [ -35.852957, -7.9955058 ], [ -35.8482637, -7.9933604 ], [ -35.8427018, -7.9836604 ], [ -35.8239631, -7.9834124 ], [ -35.8114959, -7.9815539 ], [ -35.8069582, -7.9794059 ], [ -35.807225, -7.9763703 ], [ -35.8043943, -7.9732265 ], [ -35.7988557, -7.9731335 ], [ -35.7866353, -7.9690416 ], [ -35.7733861, -7.9706339 ], [ -35.7639514, -7.9788141 ], [ -35.7577564, -7.9749365 ], [ -35.7568085, -7.9836303 ], [ -35.7601375, -7.9898979 ], [ -35.7556917, -7.9929828 ], [ -35.7628972, -7.9957371 ], [ -35.7610592, -7.9978678 ], [ -35.7640195, -8.0011209 ], [ -35.7639761, -8.0037938 ], [ -35.7672562, -8.0044119 ], [ -35.7648273, -8.0082396 ], [ -35.7623062, -8.0080932 ], [ -35.7616556, -8.0150114 ], [ -35.7648327, -8.0162692 ], [ -35.7660797, -8.0147078 ], [ -35.7744184, -8.0145776 ], [ -35.7804799, -8.0176355 ], [ -35.7870944, -8.0177548 ], [ -35.7893715, -8.0249494 ], [ -35.7968047, -8.0291404 ], [ -35.7968264, -8.0342098 ], [ -35.8001879, -8.0352399 ], [ -35.8039696, -8.031282 ], [ -35.8041105, -8.0347248 ], [ -35.7999358, -8.0391815 ], [ -35.8020177, -8.0408297 ], [ -35.8008358, -8.0443213 ], [ -35.8040129, -8.0444948 ], [ -35.8037744, -8.0471189 ], [ -35.8127528, -8.0539829 ], [ -35.8161793, -8.0594913 ], [ -35.8249409, -8.0620287 ], [ -35.8277818, -8.0608576 ], [ -35.8287469, -8.057366 ], [ -35.8348626, -8.0638721 ], [ -35.8323686, -8.0688601 ], [ -35.8366518, -8.0692396 ], [ -35.8420952, -8.0746722 ], [ -35.8400458, -8.0759951 ], [ -35.8374109, -8.0845723 ], [ -35.8360012, -8.0850169 ], [ -35.8391783, -8.1006098 ], [ -35.8314361, -8.1083792 ], [ -35.8357518, -8.1090081 ], [ -35.8357193, -8.1132154 ], [ -35.8377795, -8.1131178 ], [ -35.8361747, -8.1179052 ], [ -35.8391946, -8.1192877 ], [ -35.8382838, -8.1215594 ], [ -35.8432663, -8.122557 ], [ -35.845765799999988, -8.1263414 ], [ -35.8445892, -8.1293505 ], [ -35.8477772, -8.132918 ], [ -35.8500056, -8.1405301 ], [ -35.8478369, -8.1415494 ], [ -35.8483682, -8.1465157 ], [ -35.8466441, -8.1491507 ], [ -35.8507538, -8.1500399 ], [ -35.849702, -8.156058 ], [ -35.8524887, -8.1578363 ], [ -35.8514234, -8.161027 ], [ -35.8578481, -8.1652993 ], [ -35.8604018, -8.1648005 ], [ -35.8664389, -8.1682759 ], [ -35.8674527, -8.1673488 ], [ -35.8697705, -8.16865 ], [ -35.8765694, -8.1651367 ], [ -35.8868649, -8.17088 ], [ -35.8897418, -8.174856 ], [ -35.8908044, -8.1792436 ], [ -35.8883471, -8.1895595 ], [ -35.8799435, -8.2062913 ] ] ] } },
{ "type": "Feature", "properties": { "CD_MUN": "2612455", "NM_MUN": "Santa Cruz", "NM_UF": "Pernambuco", "NM_REGIAO": "Nordeste", "class_electre": 5, "class_label": "C5 (muito alto)", "Priorizacao": "Grupo 4", "class_mc_prob": 5, "ranking_pos": 22.0, "area_deg45_ha": 10400.0 }, "geometry": { "type": "Polygon", "coordinates": [ [ [ -40.3736507, -8.4294878 ], [ -40.3802816, -8.4223191 ], [ -40.3801294, -8.4162625 ], [ -40.3862125, -8.4145441 ], [ -40.386168, -8.4115799 ], [ -40.3953792, -8.4162225 ], [ -40.3964824, -8.4080489 ], [ -40.4002732, -8.4071657 ], [ -40.4049657, -8.4084751 ], [ -40.4084417, -8.4063461 ], [ -40.4077859, -8.4043104 ], [ -40.4096895, -8.4018618 ], [ -40.4176774, -8.4022713 ], [ -40.4213443, -8.4042685 ], [ -40.4278898, -8.400143 ], [ -40.4298502, -8.395446 ], [ -40.434806, -8.3907516 ], [ -40.4325412, -8.376349 ], [ -40.4300086, -8.3747874 ], [ -40.4318874, -8.3727544 ], [ -40.432586, -8.3644691 ], [ -40.429961, -8.3614244 ], [ -40.4348495, -8.357594 ], [ -40.4330191, -8.352395 ], [ -40.437101, -8.3453809 ], [ -40.4404715, -8.3425004 ], [ -40.4457249, -8.3426339 ], [ -40.4478777, -8.3400469 ], [ -40.4477734, -8.3371224 ], [ -40.4438708, -8.3337349 ], [ -40.4474338, -8.3276205 ], [ -40.4463133, -8.3246544 ], [ -40.448634, -8.316449 ], [ -40.454071, -8.3151063 ], [ -40.4554383, -8.3114202 ], [ -40.4605006, -8.3085868 ], [ -40.459687, -8.3015662 ], [ -40.4563713, -8.2984733 ], [ -40.4557018, -8.2883252 ], [ -40.4455086, -8.2746666 ], [ -40.4285148, -8.0697496 ], [ -40.4250029, -8.073853 ], [ -40.4197291, -8.0761396 ], [ -40.4187048, -8.0802016 ], [ -40.4123045, -8.0833864 ], [ -40.3982176, -8.0837069 ], [ -40.3981662, -8.0808762 ], [ -40.3948833, -8.0781223 ], [ -40.3884761, -8.0798275 ], [ -40.3812705, -8.0747154 ], [ -40.3745619, -8.0752541 ], [ -40.3730256, -8.0773378 ], [ -40.3751388, -8.0789342 ], [ -40.3685334, -8.0819747 ], [ -40.368081, -8.0842668 ], [ -40.3664507, -8.0832299 ], [ -40.3541473, -8.0871842 ], [ -40.3454209, -8.0731853 ], [ -40.3456828, -8.0709153 ], [ -40.3334944, -8.0639418 ], [ -40.3339393, -8.0661659 ], [ -40.3310565, -8.0652601 ], [ -40.3276216, -8.0678316 ], [ -40.3244538, -8.0631573 ], [ -40.320402, -8.062672 ], [ -40.3178613, -8.0572061 ], [ -40.3109958, -8.058333 ], [ -40.29249, -8.0667158 ], [ -40.2907288, -8.0644738 ], [ -40.2894645, -8.0669551 ], [ -40.2871208, -8.0647575 ], [ -40.2858102, -8.0658622 ], [ -40.2718541, -8.0642629 ], [ -40.2660883, -8.060139 ], [ -40.2629764, -8.059669 ], [ -40.2628414, -8.0565459 ], [ -40.260607, -8.0554508 ], [ -40.255024, -8.0638039 ], [ -40.2492655, -8.0665393 ], [ -40.2493357, -8.068849 ], [ -40.2432891, -8.0770876 ], [ -40.24101, -8.0774485 ], [ -40.2352001, -8.0744277 ], [ -40.2275085, -8.0776348 ], [ -40.2248447, -8.0746237 ], [ -40.222302, -8.0744666 ], [ -40.2223308, -8.0772339 ], [ -40.2165016, -8.0834384 ], [ -40.2223244, -8.0886 ], [ -40.2249176, -8.0971866 ], [ -40.2278281, -8.0997811 ], [ -40.2299203, -8.1088291 ], [ -40.2370275, -8.1188401 ], [ -40.2403095, -8.1198611 ], [ -40.2423561, -8.1269421 ], [ -40.2503985, -8.1293928 ], [ -40.2575139, -8.1422264 ], [ -40.2548128, -8.1445251 ], [ -40.2556055, -8.1496405 ], [ -40.2529585, -8.1549468 ], [ -40.2485826, -8.1585553 ], [ -40.2383505, -8.1617652 ], [ -40.2338161, -8.1664728 ], [ -40.2333377, -8.1741092 ], [ -40.2186167, -8.2210056 ], [ -40.1973716, -8.2210822 ], [ -40.2006818, -8.2559466 ], [ -40.0873357, -8.3372144 ], [ -40.1110521, -8.3432082 ], [ -40.1087241, -8.3480915 ], [ -40.1339892, -8.3607177 ], [ -40.1369639, -8.3724267 ], [ -40.1411139, -8.3779534 ], [ -40.1394866, -8.3824489 ], [ -40.1460019, -8.394625 ], [ -40.1490361, -8.3959724 ], [ -40.1492613, -8.3993487 ], [ -40.1518705, -8.4013905 ], [ -40.1524885, -8.4065175 ], [ -40.1545348, -8.4068424 ], [ -40.155727899999988, -8.4048902 ], [ -40.1595935, -8.4057082 ], [ -40.1646954, -8.412393 ], [ -40.1657625, -8.4180683 ], [ -40.1680195, -8.4190391 ], [ -40.1691724, -8.4176124 ], [ -40.1707428, -8.4218118 ], [ -40.1732934, -8.4222234 ], [ -40.1781544, -8.419497 ], [ -40.1822654, -8.4229631 ], [ -40.1818806, -8.4268178 ], [ -40.1858255, -8.4343189 ], [ -40.1885903, -8.4448981 ], [ -40.1934722, -8.4487329 ], [ -40.194201199999988, -8.4555186 ], [ -40.1973512, -8.4614174 ], [ -40.1928636, -8.4772171 ], [ -40.1942381, -8.4811222 ], [ -40.1901213, -8.4878695 ], [ -40.1919163, -8.498483 ], [ -40.1905985, -8.5040886 ], [ -40.1941007, -8.5117053 ], [ -40.1992453, -8.5109557 ], [ -40.2086479, -8.5027295 ], [ -40.2190193, -8.5056995 ], [ -40.2275225, -8.5036127 ], [ -40.2373569, -8.5109119 ], [ -40.2401841, -8.510829 ], [ -40.2442048, -8.5080044 ], [ -40.2504655, -8.5072388 ], [ -40.256071, -8.4967555 ], [ -40.2634183, -8.4987011 ], [ -40.2635944, -8.5063335 ], [ -40.2703339, -8.5099017 ], [ -40.2745115, -8.5077452 ], [ -40.2836763, -8.5077097 ], [ -40.286895, -8.5033468 ], [ -40.2875247, -8.4994619 ], [ -40.2901037, -8.4987499 ], [ -40.2966146, -8.501623 ], [ -40.296405899999989, -8.508338 ], [ -40.2995773, -8.5119308 ], [ -40.3145715, -8.5153354 ], [ -40.3243736, -8.5134308 ], [ -40.3295616, -8.5171595 ], [ -40.3399901, -8.5155926 ], [ -40.3436473, -8.5098293 ], [ -40.3504342, -8.5077795 ], [ -40.3528967, -8.5005473 ], [ -40.3563823, -8.4996963 ], [ -40.3571845, -8.4933154 ], [ -40.3547429, -8.4921228 ], [ -40.3539392, -8.4896917 ], [ -40.3574258, -8.4813931 ], [ -40.3535824, -8.4673277 ], [ -40.3596256, -8.4624095 ], [ -40.3582803, -8.4537803 ], [ -40.3606987, -8.4446509 ], [ -40.3631513, -8.4404316 ], [ -40.3668051, -8.4381583 ], [ -40.3649195, -8.4314752 ], [ -40.3687043, -8.428593 ], [ -40.3736507, -8.4294878 ] ] ] } },
{ "type": "Feature", "properties": { "CD_MUN": "2612554", "NM_MUN": "Santa Filomena", "NM_UF": "Pernambuco", "NM_REGIAO": "Nordeste", "class_electre": 5, "class_label": "C5 (muito alto)", "Priorizacao": "Grupo 4", "class_mc_prob": 5, "ranking_pos": 20.0, "area_deg45_ha": 12275.0 }, "geometry": { "type": "Polygon", "coordinates": [ [ [ -40.5628738, -8.3726343 ], [ -40.5649064, -8.3713997 ], [ -40.5654821, -8.3662007 ], [ -40.5731262, -8.3629574 ], [ -40.5775309, -8.3644261 ], [ -40.5861145, -8.3637813 ], [ -40.5890942, -8.3675381 ], [ -40.5915639, -8.3681474 ], [ -40.5941921, -8.368199 ], [ -40.5973684, -8.3639582 ], [ -40.5991596, -8.3643582 ], [ -40.6004795, -8.3680657 ], [ -40.6030226, -8.3688668 ], [ -40.605338, -8.3669143 ], [ -40.6086206, -8.3683133 ], [ -40.6099243, -8.3721498 ], [ -40.621254799999988, -8.3680393 ], [ -40.6262275, -8.3724366 ], [ -40.6300812, -8.3718068 ], [ -40.6310307, -8.3757765 ], [ -40.635627, -8.3745905 ], [ -40.6376125, -8.3769547 ], [ -40.6408283, -8.3753637 ], [ -40.6456866, -8.3786121 ], [ -40.6455102, -8.3810258 ], [ -40.6523423, -8.3796799 ], [ -40.6556617, -8.3807038 ], [ -40.6592513, -8.3790756 ], [ -40.6578221, -8.375963 ], [ -40.6583648, -8.3722853 ], [ -40.6641471, -8.3690847 ], [ -40.6672661, -8.3706509 ], [ -40.6715095, -8.3698889 ], [ -40.6761824, -8.3744326 ], [ -40.6786657, -8.3746296 ], [ -40.6795841, -8.3715068 ], [ -40.6824678, -8.3693984 ], [ -40.6810646, -8.3652097 ], [ -40.6865537, -8.3633074 ], [ -40.6861213, -8.3580745 ], [ -40.6926109, -8.3552071 ], [ -40.7032144, -8.3473088 ], [ -40.7169242, -8.3512038 ], [ -40.7285511, -8.3474957 ], [ -40.7426631, -8.337111 ], [ -40.7466924, -8.3386534 ], [ -40.7494692, -8.3425772 ], [ -40.7552223, -8.3422727 ], [ -40.757976, -8.3369324 ], [ -40.7577914, -8.329321 ], [ -40.7561445, -8.3263498 ], [ -40.7622019, -8.3182526 ], [ -40.7613797, -8.314826 ], [ -40.7638411, -8.3030638 ], [ -40.7667856, -8.2992814 ], [ -40.7712086, -8.2971828 ], [ -40.7800896, -8.2962729 ], [ -40.7816784, -8.2931154 ], [ -40.7782354, -8.2861378 ], [ -40.7812569, -8.2800725 ], [ -40.7802582, -8.2758088 ], [ -40.7839827, -8.2618487 ], [ -40.7835651, -8.2554352 ], [ -40.7811266, -8.2525904 ], [ -40.7728427, -8.2510008 ], [ -40.7668384, -8.2479842 ], [ -40.7631677, -8.243211 ], [ -40.7445047, -8.2400719 ], [ -40.7423971, -8.2349483 ], [ -40.7368689, -8.2282322 ], [ -40.7291979, -8.2249147 ], [ -40.7227262, -8.2232452 ], [ -40.711061099999988, -8.2250615 ], [ -40.7072558, -8.2234936 ], [ -40.7034233, -8.2171297 ], [ -40.7036424, -8.2085981 ], [ -40.700588, -8.2026077 ], [ -40.6943739, -8.2008763 ], [ -40.6844121, -8.1877765 ], [ -40.6752563, -8.1848616 ], [ -40.6690293, -8.1774809 ], [ -40.6664782, -8.1615894 ], [ -40.6585057, -8.1565563 ], [ -40.6435661, -8.1575368 ], [ -40.6427805, -8.1500745 ], [ -40.639063, -8.1481526 ], [ -40.6368416, -8.1420956 ], [ -40.6339512, -8.1394488 ], [ -40.6287023, -8.1410733 ], [ -40.6244821, -8.1403538 ], [ -40.6144226, -8.1465025 ], [ -40.6013179, -8.1501705 ], [ -40.6011403, -8.1440503 ], [ -40.5975589, -8.1411708 ], [ -40.5896984, -8.1388083 ], [ -40.5912353, -8.1235163 ], [ -40.5993447, -8.1156246 ], [ -40.6011811, -8.1074971 ], [ -40.6038677, -8.1036877 ], [ -40.6015335, -8.0996225 ], [ -40.6031232, -8.0953304 ], [ -40.5987568, -8.0808577 ], [ -40.57574, -8.0304683 ], [ -40.4342905, -8.0318633 ], [ -40.4299153, -8.0334016 ], [ -40.4260676, -8.0365695 ], [ -40.4249897, -8.0455869 ], [ -40.4253103, -8.0483931 ], [ -40.4294944, -8.051777 ], [ -40.4304511, -8.0570756 ], [ -40.4285148, -8.0697496 ], [ -40.4455086, -8.2746666 ], [ -40.4557018, -8.2883252 ], [ -40.4563713, -8.2984733 ], [ -40.459687, -8.3015662 ], [ -40.4605006, -8.3085868 ], [ -40.4554383, -8.3114202 ], [ -40.454071, -8.3151063 ], [ -40.448634, -8.316449 ], [ -40.4463133, -8.3246544 ], [ -40.4474338, -8.3276205 ], [ -40.4438708, -8.3337349 ], [ -40.4477734, -8.3371224 ], [ -40.4478777, -8.3400469 ], [ -40.4457249, -8.3426339 ], [ -40.4404715, -8.3425004 ], [ -40.437101, -8.3453809 ], [ -40.4330191, -8.352395 ], [ -40.4348495, -8.357594 ], [ -40.429961, -8.3614244 ], [ -40.432586, -8.3644691 ], [ -40.4318874, -8.3727544 ], [ -40.4300086, -8.3747874 ], [ -40.4325412, -8.376349 ], [ -40.4348932, -8.3893712 ], [ -40.4379225, -8.3854026 ], [ -40.4390052, -8.3783568 ], [ -40.4423404, -8.3757504 ], [ -40.4442776, -8.3706364 ], [ -40.4528029, -8.3635322 ], [ -40.4624636, -8.3609142 ], [ -40.4642184, -8.3614649 ], [ -40.4649164, -8.3643762 ], [ -40.4684649, -8.3659243 ], [ -40.4715811, -8.3625334 ], [ -40.4771121, -8.3616406 ], [ -40.4843768, -8.3661231 ], [ -40.4889887, -8.3638796 ], [ -40.4952181, -8.3701127 ], [ -40.5001137, -8.3689247 ], [ -40.5025226, -8.3657227 ], [ -40.5055162, -8.3689784 ], [ -40.5103368, -8.3683478 ], [ -40.5130338, -8.3712326 ], [ -40.5164372, -8.3696425 ], [ -40.5208362, -8.3702562 ], [ -40.5237078, -8.3663656 ], [ -40.5288911, -8.3665314 ], [ -40.5347618, -8.3767753 ], [ -40.5327472, -8.3805511 ], [ -40.5397672, -8.3842298 ], [ -40.543723, -8.3764624 ], [ -40.5481585, -8.3764801 ], [ -40.5583323, -8.3718558 ], [ -40.5628738, -8.3726343 ] ] ] } },
{ "type": "Feature", "properties": { "CD_MUN": "2612703", "NM_MUN": "Santa Maria do Cambucá", "NM_UF": "Pernambuco", "NM_REGIAO": "Nordeste", "class_electre": 5, "class_label": "C5 (muito alto)", "Priorizacao": "Grupo 5", "class_mc_prob": 5, "ranking_pos": 7.0, "area_deg45_ha": 4500.0 }, "geometry": { "type": "Polygon", "coordinates": [ [ [ -35.8469878, -7.8636554 ], [ -35.8738746, -7.8635419 ], [ -35.9113299, -7.8791425 ], [ -35.9138324, -7.872683 ], [ -35.921946, -7.8670248 ], [ -35.9223791, -7.8640407 ], [ -35.919966, -7.8618826 ], [ -35.9148028, -7.8463832 ], [ -35.9433546, -7.7899879 ], [ -35.9386625, -7.7889041 ], [ -35.9356104, -7.7850966 ], [ -35.9328815, -7.7844259 ], [ -35.9093578, -7.7925091 ], [ -35.904415, -7.7922397 ], [ -35.8982455, -7.7889171 ], [ -35.8917444, -7.779958 ], [ -35.8838261, -7.7747796 ], [ -35.8810445, -7.7663411 ], [ -35.8768779, -7.7691312 ], [ -35.8746082, -7.7681524 ], [ -35.8714501, -7.7699815 ], [ -35.8710088, -7.7717909 ], [ -35.8529807, -7.7850122 ], [ -35.8458525, -7.8087257 ], [ -35.822036, -7.8595362 ], [ -35.8469878, -7.8636554 ] ] ] } },
{ "type": "Feature", "properties": { "CD_MUN": "2613206", "NM_MUN": "São João", "NM_UF": "Pernambuco", "NM_REGIAO": "Nordeste", "class_electre": 5, "class_label": "C5 (muito alto)", "Priorizacao": "Grupo 4", "class_mc_prob": 5, "ranking_pos": 14.0, "area_deg45_ha": 9050.0 }, "geometry": { "type": "Polygon", "coordinates": [ [ [ -36.3423402, -8.8008794 ], [ -36.315336, -8.843303 ], [ -36.3224193, -8.8686558 ], [ -36.3060424, -8.9531626 ], [ -36.3094096, -8.9566731 ], [ -36.3118908, -8.9656756 ], [ -36.3265954, -8.9757496 ], [ -36.3366174, -8.9804378 ], [ -36.3398667, -8.9802569 ], [ -36.3420032, -8.9845482 ], [ -36.3448721, -8.9862959 ], [ -36.3527175, -8.9856593 ], [ -36.368852, -8.9914941 ], [ -36.377643, -8.9892222 ], [ -36.3840776, -8.9791835 ], [ -36.3894198, -8.9768295 ], [ -36.4002053, -8.9563101 ], [ -36.3976572, -8.9461577 ], [ -36.3979371, -8.9392785 ], [ -36.4054322, -8.9336426 ], [ -36.4112709, -8.9247657 ], [ -36.4095231, -8.9177268 ], [ -36.4108486, -8.9119516 ], [ -36.4178307, -8.9059216 ], [ -36.4307774, -8.9028441 ], [ -36.4484556, -8.8820371 ], [ -36.4623928, -8.8454343 ], [ -36.4601926, -8.8407111 ], [ -36.4581037, -8.8262492 ], [ -36.4525098, -8.8225393 ], [ -36.451847, -8.8181086 ], [ -36.4477245, -8.8136083 ], [ -36.4477245, -8.8089125 ], [ -36.4442648, -8.8049656 ], [ -36.4444684, -8.7996389 ], [ -36.4327732, -8.7971518 ], [ -36.4267235, -8.7987984 ], [ -36.4257229, -8.7957106 ], [ -36.4214159, -8.7959358 ], [ -36.4152668, -8.7867718 ], [ -36.4077593, -8.7828392 ], [ -36.4065401, -8.7791368 ], [ -36.401954, -8.777228 ], [ -36.3942792, -8.7771921 ], [ -36.3948084, -8.7804616 ], [ -36.3925548, -8.7812371 ], [ -36.3944704, -8.7844302 ], [ -36.400999, -8.7834824 ], [ -36.3991365, -8.7879348 ], [ -36.4009791, -8.7894625 ], [ -36.4005947, -8.7912389 ], [ -36.3938025, -8.7929801 ], [ -36.392588, -8.7907368 ], [ -36.3894362, -8.7908398 ], [ -36.3811077, -8.7940601 ], [ -36.3788248, -8.790471 ], [ -36.3760376, -8.793413 ], [ -36.3726269, -8.7931696 ], [ -36.3742746, -8.7984718 ], [ -36.373002, -8.7998835 ], [ -36.3701586, -8.7976085 ], [ -36.3694295, -8.7942248 ], [ -36.3646771, -8.7942646 ], [ -36.3601236, -8.7978338 ], [ -36.3597989, -8.7962862 ], [ -36.361774, -8.794992 ], [ -36.3610449, -8.7920458 ], [ -36.3491674, -8.7847964 ], [ -36.3470332, -8.7892886 ], [ -36.3486769, -8.7914891 ], [ -36.3454756, -8.7949357 ], [ -36.3460323, -8.801688 ], [ -36.3423402, -8.8008794 ] ] ] } },
{ "type": "Feature", "properties": { "CD_MUN": "2614501", "NM_MUN": "Surubim", "NM_UF": "Pernambuco", "NM_REGIAO": "Nordeste", "class_electre": 5, "class_label": "C5 (muito alto)", "Priorizacao": "Grupo 4", "class_mc_prob": 5, "ranking_pos": 13.0, "area_deg45_ha": 9075.0 }, "geometry": { "type": "Polygon", "coordinates": [ [ [ -35.7639514, -7.9788141 ], [ -35.7755377, -7.9697638 ], [ -35.7866353, -7.9690416 ], [ -35.7988557, -7.9731335 ], [ -35.8050193, -7.973557 ], [ -35.8088757, -7.9700456 ], [ -35.809676, -7.9614989 ], [ -35.8173917, -7.9571241 ], [ -35.8143221, -7.9433064 ], [ -35.8193296, -7.9363969 ], [ -35.8181791, -7.9305879 ], [ -35.8116266, -7.9289461 ], [ -35.808944, -7.9231883 ], [ -35.8082209, -7.9164552 ], [ -35.8136251, -7.9131061 ], [ -35.8114408, -7.9022662 ], [ -35.8176857, -7.8962314 ], [ -35.8176097, -7.8929503 ], [ -35.815123, -7.8905703 ], [ -35.81738, -7.8872039 ], [ -35.8215884, -7.8660953 ], [ -35.8239857, -7.8630843 ], [ -35.824078, -7.8611741 ], [ -35.822036, -7.8595362 ], [ -35.8458525, -7.8087257 ], [ -35.8435253, -7.8088969 ], [ -35.8431894, -7.8127822 ], [ -35.8393112, -7.8150868 ], [ -35.8304545, -7.8135056 ], [ -35.8288322, -7.8112233 ], [ -35.8230331, -7.8087466 ], [ -35.8213761, -7.8086839 ], [ -35.8190333, -7.81182 ], [ -35.8135213, -7.8111647 ], [ -35.8022227, -7.8034134 ], [ -35.7973893, -7.8070669 ], [ -35.7928466, -7.8064001 ], [ -35.7896471, -7.8112274 ], [ -35.7782295, -7.8098509 ], [ -35.7764586, -7.8119425 ], [ -35.7731561, -7.8125317 ], [ -35.7537816, -7.8088213 ], [ -35.7523239, -7.8092518 ], [ -35.7508034, -7.8139526 ], [ -35.7442545, -7.8165598 ], [ -35.7419773, -7.8257792 ], [ -35.7386903, -7.8219117 ], [ -35.7385094, -7.8168731 ], [ -35.7343331, -7.8158988 ], [ -35.7304272, -7.8225931 ], [ -35.7256088, -7.8253389 ], [ -35.7216438, -7.8315805 ], [ -35.7178519, -7.829386 ], [ -35.7170938, -7.82625 ], [ -35.7116048, -7.8308836 ], [ -35.7079315, -7.830664 ], [ -35.7062406, -7.8327134 ], [ -35.700726, -7.8342912 ], [ -35.6976763, -7.842703 ], [ -35.699742, -7.848488 ], [ -35.6917287, -7.8455603 ], [ -35.6878715, -7.8468251 ], [ -35.6874784, -7.8538911 ], [ -35.6850077, -7.8577167 ], [ -35.6874135, -7.8645658 ], [ -35.6853722, -7.8698038 ], [ -35.6903317, -7.8778202 ], [ -35.6891309, -7.889737 ], [ -35.6949318, -7.8940937 ], [ -35.6917926, -7.8966321 ], [ -35.6939233, -7.8999762 ], [ -35.6901443, -7.9021475 ], [ -35.690335, -7.904038 ], [ -35.6873259, -7.9076388 ], [ -35.6754983, -7.911723 ], [ -35.6770524, -7.9194316 ], [ -35.6707885, -7.9175688 ], [ -35.6637045, -7.9250999 ], [ -35.6564451, -7.9253702 ], [ -35.6563061, -7.9278291 ], [ -35.6509599, -7.9346437 ], [ -35.6555527, -7.9412914 ], [ -35.6541793, -7.9443117 ], [ -35.6669269, -7.9462583 ], [ -35.6722782, -7.9521517 ], [ -35.6754228, -7.9524987 ], [ -35.6849, -7.9588747 ], [ -35.6878711, -7.9563481 ], [ -35.6910049, -7.9585494 ], [ -35.6978037, -7.9564891 ], [ -35.7060014, -7.9574975 ], [ -35.7447126, -7.9678531 ], [ -35.7639514, -7.9788141 ] ] ] } },
{ "type": "Feature", "properties": { "CD_MUN": "2615607", "NM_MUN": "Trindade", "NM_UF": "Pernambuco", "NM_REGIAO": "Nordeste", "class_electre": 5, "class_label": "C5 (muito alto)", "Priorizacao": "Grupo 4", "class_mc_prob": 5, "ranking_pos": 19.0, "area_deg45_ha": 7500.0 }, "geometry": { "type": "Polygon", "coordinates": [ [ [ -40.272498399999989, -7.5621313 ], [ -40.2383611, -7.6851667 ], [ -40.2370344, -7.8185805 ], [ -40.3450365, -7.8487405 ], [ -40.3436206, -7.8431924 ], [ -40.3504504, -7.8356708 ], [ -40.3533009, -7.8249163 ], [ -40.3597522, -7.7095735 ], [ -40.3240125, -7.646623 ], [ -40.272498399999989, -7.5621313 ] ] ] } },
{ "type": "Feature", "properties": { "CD_MUN": "2616209", "NM_MUN": "Vertentes", "NM_UF": "Pernambuco", "NM_REGIAO": "Nordeste", "class_electre": 5, "class_label": "C5 (muito alto)", "Priorizacao": "Grupo 4", "class_mc_prob": 5, "ranking_pos": 16.0, "area_deg45_ha": 5350.0 }, "geometry": { "type": "Polygon", "coordinates": [ [ [ -35.9433546, -7.7899879 ], [ -35.9148028, -7.8463832 ], [ -35.919966, -7.8618826 ], [ -35.9223791, -7.8640407 ], [ -35.921946, -7.8670248 ], [ -35.9138324, -7.872683 ], [ -35.9113299, -7.8791425 ], [ -35.910879, -7.8952092 ], [ -35.9565891, -7.8984562 ], [ -35.9596063, -7.9037182 ], [ -35.9665892, -7.9078332 ], [ -35.9667073, -7.9237745 ], [ -35.9650468, -7.9274523 ], [ -35.9657006, -7.9303327 ], [ -35.9714305, -7.9348128 ], [ -35.9644293, -7.9374994 ], [ -35.9631236, -7.9393583 ], [ -35.9582625, -7.9383264 ], [ -35.956304599999989, -7.9446008 ], [ -35.9627799, -7.9467005 ], [ -35.9611695, -7.9522301 ], [ -35.9653023, -7.9554203 ], [ -35.9643935, -7.9601058 ], [ -35.9666848, -7.964389 ], [ -35.9628114, -7.9645985 ], [ -35.9619524, -7.9664085 ], [ -35.9630973, -7.9685354 ], [ -35.9643872, -7.9676553 ], [ -35.9657827, -7.9688177 ], [ -35.9684567, -7.9737295 ], [ -35.9587177, -7.9778601 ], [ -35.9596996, -7.9866637 ], [ -35.9581808, -7.9900638 ], [ -35.9771842, -7.984406 ], [ -35.9899152, -7.9832184 ], [ -36.0054091, -7.9763393 ], [ -36.0110176, -7.9797685 ], [ -36.011802, -7.9875641 ], [ -36.0150372, -7.9855286 ], [ -36.01839, -7.9862365 ], [ -36.020486, -7.9843952 ], [ -36.0263284, -7.9852209 ], [ -36.0262901, -7.9838366 ], [ -36.0284008, -7.9834381 ], [ -36.0322371, -7.9849798 ], [ -36.0362708, -7.9842795 ], [ -36.0387241, -7.9882395 ], [ -36.0420747, -7.9892381 ], [ -36.0447245, -7.9871346 ], [ -36.0505505, -7.9867958 ], [ -36.0556869, -7.9795778 ], [ -36.0709332, -7.980708 ], [ -36.051171499999988, -7.9578167 ], [ -36.0507435, -7.9528338 ], [ -36.0373988, -7.9310578 ], [ -36.0228754, -7.9221001 ], [ -36.0253265, -7.9211247 ], [ -36.0267069, -7.9183341 ], [ -36.0294815, -7.9179174 ], [ -36.0309672, -7.9149222 ], [ -36.026313, -7.9102006 ], [ -36.0267852, -7.9073131 ], [ -36.017752, -7.9033631 ], [ -36.0132734, -7.896376 ], [ -36.0098763, -7.8771107 ], [ -36.0133909, -7.8535735 ], [ -36.015427, -7.8487831 ], [ -36.0192852, -7.8454901 ], [ -36.0163439, -7.8420104 ], [ -36.0165015, -7.8375766 ], [ -36.0206082, -7.8373719 ], [ -36.019045, -7.8346993 ], [ -36.0216909, -7.8326624 ], [ -36.0214542, -7.8274521 ], [ -36.0252176, -7.824196 ], [ -36.0238577, -7.8197936 ], [ -36.01764, -7.8175423 ], [ -36.0149462, -7.8141819 ], [ -36.0110446, -7.8146586 ], [ -36.006209, -7.8178675 ], [ -36.0020098, -7.8162513 ], [ -36.0032905, -7.8128344 ], [ -35.9972418, -7.8133782 ], [ -35.9970975, -7.8059503 ], [ -35.992749, -7.8004651 ], [ -35.9813674, -7.803194 ], [ -35.978116199999988, -7.8004371 ], [ -35.9740165, -7.7919953 ], [ -35.9699596, -7.7894606 ], [ -35.9590266, -7.7872629 ], [ -35.9549953, -7.7893855 ], [ -35.9433546, -7.7899879 ] ] ] } },
{ "type": "Feature", "properties": { "CD_MUN": "2700102", "NM_MUN": "Água Branca", "NM_UF": "Alagoas", "NM_REGIAO": "Nordeste", "class_electre": 5, "class_label": "C5 (muito alto)", "Priorizacao": "Grupo 4", "class_mc_prob": 5, "ranking_pos": 11.0, "area_deg45_ha": 9350.0 }, "geometry": { "type": "Polygon", "coordinates": [ [ [ -37.8722833, -9.4066333 ], [ -38.0002374, -9.3361175 ], [ -37.9832568, -9.3300866 ], [ -37.9807332, -9.3135281 ], [ -37.9778427, -9.3103919 ], [ -37.97727, -9.3056555 ], [ -37.980674, -9.3019588 ], [ -37.9754891, -9.2984805 ], [ -37.9778507, -9.2953764 ], [ -37.9778944, -9.2909148 ], [ -37.9825098, -9.2857466 ], [ -37.9824498, -9.2833852 ], [ -37.9786551, -9.277659 ], [ -37.976982, -9.266712 ], [ -37.9700894, -9.262824 ], [ -37.9674611, -9.2576972 ], [ -37.9626701, -9.2536757 ], [ -37.9616611, -9.2500694 ], [ -37.9655183, -9.250206 ], [ -37.9666653, -9.245768 ], [ -37.9596248, -9.241053 ], [ -37.9612234, -9.2387026 ], [ -37.971925, -9.241152 ], [ -37.9802338, -9.2406355 ], [ -37.9881971, -9.2334647 ], [ -37.9884218, -9.2318213 ], [ -37.9837793, -9.2259837 ], [ -37.979628, -9.2239922 ], [ -37.9771989, -9.2195566 ], [ -37.9714528, -9.2159722 ], [ -37.973267, -9.207102 ], [ -37.9731039, -9.1955707 ], [ -37.9835192, -9.1916729 ], [ -37.9871495, -9.1876982 ], [ -37.9832472, -9.1779417 ], [ -37.9854186, -9.1761722 ], [ -37.9889647, -9.1768075 ], [ -37.9936376, -9.1725098 ], [ -37.9964135, -9.1733222 ], [ -38.0020501, -9.170747 ], [ -38.0005882, -9.1664162 ], [ -38.003216099999989, -9.1651865 ], [ -38.0026142, -9.1626241 ], [ -38.0077641, -9.1604357 ], [ -38.012107199999988, -9.1560431 ], [ -37.9994823, -9.1522436 ], [ -37.9909862, -9.1553762 ], [ -37.9875402, -9.1536859 ], [ -37.9846522, -9.1497898 ], [ -37.9785629, -9.147662 ], [ -37.9762023, -9.1361899 ], [ -37.9717584, -9.1310419 ], [ -37.9712002, -9.1243418 ], [ -37.9615824, -9.1201299 ], [ -37.9575682, -9.1156298 ], [ -37.95485, -9.1113146 ], [ -37.9515962, -9.0973095 ], [ -37.9467151, -9.0947717 ], [ -37.8333585, -9.221231 ], [ -37.7688245, -9.288778 ], [ -37.7681321, -9.2910732 ], [ -37.7707402, -9.2942659 ], [ -37.7708425, -9.3010217 ], [ -37.7736934, -9.3039288 ], [ -37.7742382, -9.316937 ], [ -37.7770405, -9.3243157 ], [ -37.7829094, -9.3273835 ], [ -37.7851585, -9.3258961 ], [ -37.7928536, -9.3284287 ], [ -37.7972651, -9.326472 ], [ -37.8022048, -9.3295092 ], [ -37.8045325, -9.327642 ], [ -37.8086717, -9.3295839 ], [ -37.8138811, -9.3358619 ], [ -37.8181982, -9.3350343 ], [ -37.8200992, -9.3390702 ], [ -37.8233817, -9.3411772 ], [ -37.8248778, -9.3497294 ], [ -37.8331268, -9.3527327 ], [ -37.8336752, -9.3631048 ], [ -37.8446725, -9.372513 ], [ -37.846095, -9.3758641 ], [ -37.8450564, -9.3776258 ], [ -37.8498747, -9.3873488 ], [ -37.8497748, -9.3908344 ], [ -37.8529167, -9.3927509 ], [ -37.8537138, -9.3952727 ], [ -37.8589903, -9.3965541 ], [ -37.8583106, -9.4004508 ], [ -37.8605717, -9.4017127 ], [ -37.8634641, -9.4007561 ], [ -37.8650355, -9.404329 ], [ -37.8676826, -9.4058538 ], [ -37.8708471, -9.4035495 ], [ -37.8726999, -9.4050723 ], [ -37.8722833, -9.4066333 ] ] ] } },
{ "type": "Feature", "properties": { "CD_MUN": "2701605", "NM_MUN": "Canapi", "NM_UF": "Alagoas", "NM_REGIAO": "Nordeste", "class_electre": 5, "class_label": "C5 (muito alto)", "Priorizacao": "Grupo 4", "class_mc_prob": 5, "ranking_pos": 9.0, "area_deg45_ha": 17300.0 }, "geometry": { "type": "Polygon", "coordinates": [ [ [ -37.4247581, -9.1525525 ], [ -37.4221328, -9.1615287 ], [ -37.4333738, -9.1754978 ], [ -37.4352277, -9.182841 ], [ -37.4443725, -9.1925813 ], [ -37.4566982, -9.1975922 ], [ -37.4578375, -9.2022345 ], [ -37.4633142, -9.2027638 ], [ -37.4660322, -9.2082411 ], [ -37.4687377, -9.2084308 ], [ -37.4701699, -9.2114593 ], [ -37.4756348, -9.2110177 ], [ -37.4804895, -9.2167166 ], [ -37.4800751, -9.2238606 ], [ -37.483762, -9.2257061 ], [ -37.4883413, -9.2254065 ], [ -37.489686, -9.2302647 ], [ -37.4957825, -9.231881 ], [ -37.4999472, -9.2349201 ], [ -37.5061055, -9.2358756 ], [ -37.5109763, -9.2408212 ], [ -37.5172928, -9.2422421 ], [ -37.5202002, -9.2444666 ], [ -37.5238068, -9.2540929 ], [ -37.527832, -9.2582607 ], [ -37.5317107, -9.2599682 ], [ -37.5365394, -9.2576816 ], [ -37.5422856, -9.2592428 ], [ -37.5486268, -9.2671094 ], [ -37.5646137, -9.2734781 ], [ -37.5711067, -9.2825764 ], [ -37.5770122, -9.2832141 ], [ -37.5802645, -9.2863299 ], [ -37.5899884, -9.2864132 ], [ -37.5929248, -9.2883738 ], [ -37.5959221, -9.2869253 ], [ -37.5971397, -9.2840891 ], [ -37.6054456, -9.2795024 ], [ -37.6092522, -9.2701755 ], [ -37.6056601, -9.2625222 ], [ -37.6068744, -9.2555587 ], [ -37.6097792, -9.2522289 ], [ -37.6100018, -9.2492782 ], [ -37.6183274, -9.2466274 ], [ -37.6178977, -9.2376665 ], [ -37.6082577, -9.2319239 ], [ -37.6080705, -9.2275399 ], [ -37.6113252, -9.2248174 ], [ -37.6218843, -9.193002 ], [ -37.6562181, -9.1887549 ], [ -37.6824583, -9.1790389 ], [ -37.6632222, -9.1593889 ], [ -37.6594833, -9.1376556 ], [ -37.6539722, -9.128525 ], [ -37.6373889, -9.1083056 ], [ -37.6166056, -9.0874472 ], [ -37.583012, -9.0601582 ], [ -37.5460167, -9.0003333 ], [ -37.5169477, -8.9658486 ], [ -37.51503, -8.9654764 ], [ -37.5074193, -8.967544 ], [ -37.5043893, -8.9653873 ], [ -37.4965078, -8.9715159 ], [ -37.4958565, -8.9807615 ], [ -37.4923447, -8.9875552 ], [ -37.4932054, -8.9933596 ], [ -37.4839796, -8.9889758 ], [ -37.479891, -8.9928936 ], [ -37.4778099, -8.9926247 ], [ -37.4681995, -8.9985786 ], [ -37.4601951, -9.0011436 ], [ -37.4532652, -9.0015557 ], [ -37.4311974, -9.0076828 ], [ -37.4165025, -9.0065641 ], [ -37.4061811, -9.0123367 ], [ -37.4021181, -9.0185226 ], [ -37.3961404, -9.0201121 ], [ -37.3957999, -9.034353 ], [ -37.3937895, -9.0382883 ], [ -37.3947733, -9.0420953 ], [ -37.398652, -9.0425859 ], [ -37.403436, -9.0484164 ], [ -37.4058549, -9.0544646 ], [ -37.4062573, -9.0619371 ], [ -37.410913199999989, -9.0627993 ], [ -37.415205, -9.0720536 ], [ -37.4197611, -9.075845 ], [ -37.4198894, -9.0893535 ], [ -37.4236928, -9.0941553 ], [ -37.4272119, -9.1033649 ], [ -37.4254753, -9.1049164 ], [ -37.4263661, -9.1208204 ], [ -37.4231375, -9.1256295 ], [ -37.4247808, -9.1299358 ], [ -37.4232872, -9.1330566 ], [ -37.4186558, -9.1358705 ], [ -37.4247581, -9.1525525 ] ] ] } },
{ "type": "Feature", "properties": { "CD_MUN": "2701803", "NM_MUN": "Carneiros", "NM_UF": "Alagoas", "NM_REGIAO": "Nordeste", "class_electre": 5, "class_label": "C5 (muito alto)", "Priorizacao": "Grupo 5", "class_mc_prob": 5, "ranking_pos": 1.0, "area_deg45_ha": 9025.0 }, "geometry": { "type": "Polygon", "coordinates": [ [ [ -37.3337442, -9.4154414 ], [ -37.2671444, -9.449675 ], [ -37.2733172, -9.4646144 ], [ -37.2792639, -9.4564694 ], [ -37.3802929, -9.5028808 ], [ -37.3730977, -9.5247824 ], [ -37.4469278, -9.4785 ], [ -37.4374889, -9.4483389 ], [ -37.4246538, -9.4457306 ], [ -37.4143373, -9.4395516 ], [ -37.3956586, -9.4369286 ], [ -37.3786233, -9.4303345 ], [ -37.3696676, -9.4291866 ], [ -37.363655, -9.4255024 ], [ -37.3469574, -9.4237586 ], [ -37.3337442, -9.4154414 ] ] ] } },
{ "type": "Feature", "properties": { "CD_MUN": "2702355", "NM_MUN": "Craíbas", "NM_UF": "Alagoas", "NM_REGIAO": "Nordeste", "class_electre": 5, "class_label": "C5 (muito alto)", "Priorizacao": "Grupo 5", "class_mc_prob": 5, "ranking_pos": 3.0, "area_deg45_ha": 21825.0 }, "geometry": { "type": "Polygon", "coordinates": [ [ [ -36.7469119, -9.5744624 ], [ -36.7263535, -9.5811693 ], [ -36.7239286, -9.5825775 ], [ -36.7262831, -9.5845304 ], [ -36.7157297, -9.5884829 ], [ -36.7110256, -9.5851982 ], [ -36.6951916, -9.5791476 ], [ -36.6984196, -9.5991415 ], [ -36.6888083, -9.5977247 ], [ -36.6802401, -9.6021142 ], [ -36.6851952, -9.6194787 ], [ -36.6869856, -9.652108 ], [ -36.7118748, -9.6633278 ], [ -36.7341818, -9.6850041 ], [ -36.7745964, -9.7295743 ], [ -36.7897018, -9.7125841 ], [ -36.7992615, -9.7081537 ], [ -36.807456699999989, -9.7015196 ], [ -36.8143221, -9.6992638 ], [ -36.8121145, -9.6928242 ], [ -36.8160085, -9.6918364 ], [ -36.8170067, -9.6868671 ], [ -36.8369029, -9.6776014 ], [ -36.8498435, -9.6682848 ], [ -36.8563168, -9.6684453 ], [ -36.8651478, -9.6652335 ], [ -36.875720199999989, -9.6523845 ], [ -36.8745779, -9.6468025 ], [ -36.9039007, -9.6275109 ], [ -36.8999341, -9.623754 ], [ -36.9039575, -9.61976 ], [ -36.9045865, -9.6165271 ], [ -36.8998034, -9.6144038 ], [ -36.8942223, -9.6072783 ], [ -36.8884705, -9.6073711 ], [ -36.8872291, -9.597837 ], [ -36.8795142, -9.597889 ], [ -36.8754657, -9.5927832 ], [ -36.8733741, -9.5858133 ], [ -36.8672432, -9.5807614 ], [ -36.85775, -9.5778061 ], [ -36.8492173, -9.5696175 ], [ -36.8421037, -9.5733086 ], [ -36.8411239, -9.5715928 ], [ -36.842598, -9.5665654 ], [ -36.8364866, -9.5606439 ], [ -36.8366909, -9.5571923 ], [ -36.8318768, -9.5547269 ], [ -36.8314509, -9.5519346 ], [ -36.8247381, -9.5576239 ], [ -36.8161397, -9.5602039 ], [ -36.8160058, -9.5626336 ], [ -36.8126965, -9.5640666 ], [ -36.811281099999988, -9.5613224 ], [ -36.80464, -9.5598209 ], [ -36.8039546, -9.5560423 ], [ -36.8002496, -9.5546578 ], [ -36.7974016, -9.5576246 ], [ -36.7925582, -9.5530758 ], [ -36.785556, -9.5502193 ], [ -36.7773627, -9.5538105 ], [ -36.7743084, -9.5574902 ], [ -36.770307, -9.5563891 ], [ -36.7639213, -9.5579851 ], [ -36.7611941, -9.5625797 ], [ -36.757061199999988, -9.5645398 ], [ -36.7553451, -9.575523 ], [ -36.7537825, -9.576488 ], [ -36.7520381, -9.5774996 ], [ -36.7469119, -9.5744624 ] ] ] } },
{ "type": "Feature", "properties": { "CD_MUN": "2702405", "NM_MUN": "Delmiro Gouveia", "NM_UF": "Alagoas", "NM_REGIAO": "Nordeste", "class_electre": 5, "class_label": "C5 (muito alto)", "Priorizacao": "Grupo 3", "class_mc_prob": 5, "ranking_pos": 14.0, "area_deg45_ha": 10575.0 }, "geometry": { "type": "Polygon", "coordinates": [ [ [ -38.0221548, -9.4699909 ], [ -38.0361068, -9.4658 ], [ -38.0431631, -9.4685988 ], [ -38.0551123, -9.4622775 ], [ -38.0575557, -9.4592017 ], [ -38.0678462, -9.4585026 ], [ -38.0702501, -9.4479819 ], [ -38.0797087, -9.4403868 ], [ -38.1089424, -9.4356214 ], [ -38.1133817, -9.4361792 ], [ -38.1181198, -9.4422607 ], [ -38.1301809, -9.4386991 ], [ -38.1419281, -9.4377629 ], [ -38.1549496, -9.4434161 ], [ -38.1572696, -9.4403982 ], [ -38.1745173, -9.4302781 ], [ -38.1776999, -9.4253864 ], [ -38.1839016, -9.4253269 ], [ -38.2047642, -9.4186743 ], [ -38.2018679, -9.4003829 ], [ -38.1941767, -9.3943858 ], [ -38.1959244, -9.3905113 ], [ -38.1944756, -9.3849346 ], [ -38.2002931, -9.3794301 ], [ -38.208067899999989, -9.3601097 ], [ -38.2148237, -9.3530254 ], [ -38.2235974, -9.3469064 ], [ -38.23759, -9.3297945 ], [ -38.2030806, -9.2969016 ], [ -38.1916985, -9.295858 ], [ -38.179554, -9.2912502 ], [ -38.1735592, -9.2851378 ], [ -38.1658171, -9.2713186 ], [ -38.1579827, -9.2638296 ], [ -38.156374, -9.2500702 ], [ -37.8722833, -9.4066333 ], [ -37.8747586, -9.419234 ], [ -37.8774951, -9.4191959 ], [ -37.8813067, -9.4227172 ], [ -37.8822509, -9.4320991 ], [ -37.8842434, -9.4346882 ], [ -37.8893058, -9.4331028 ], [ -37.8892559, -9.4430384 ], [ -37.894379, -9.4487244 ], [ -37.8924167, -9.4532716 ], [ -37.8900794, -9.4547311 ], [ -37.8897565, -9.4599723 ], [ -37.8926779, -9.46633 ], [ -37.8918119, -9.4704486 ], [ -37.8947198, -9.473152 ], [ -37.8956966, -9.4786261 ], [ -37.8934319, -9.5049892 ], [ -37.8958351, -9.5113533 ], [ -37.8942315, -9.5178719 ], [ -37.8886135, -9.5190666 ], [ -37.8907476, -9.5245302 ], [ -37.8884864, -9.5301433 ], [ -37.8945569, -9.5354057 ], [ -37.8941417, -9.5395273 ], [ -37.9100352, -9.54715 ], [ -37.9171436, -9.5489542 ], [ -37.9224297, -9.5478353 ], [ -37.935399, -9.5419124 ], [ -37.9481872, -9.5388191 ], [ -37.9562952, -9.5340827 ], [ -37.9777971, -9.5314543 ], [ -37.9852927, -9.5272288 ], [ -37.9893302, -9.5273587 ], [ -38.0032899, -9.5150299 ], [ -38.0022284, -9.5066225 ], [ -37.9979494, -9.4992833 ], [ -37.9988657, -9.497656 ], [ -38.0109255, -9.4787311 ], [ -38.019942, -9.4759174 ], [ -38.0221548, -9.4699909 ] ] ] } },
{ "type": "Feature", "properties": { "CD_MUN": "2702553", "NM_MUN": "Estrela de Alagoas", "NM_UF": "Alagoas", "NM_REGIAO": "Nordeste", "class_electre": 5, "class_label": "C5 (muito alto)", "Priorizacao": "Grupo 5", "class_mc_prob": 5, "ranking_pos": 5.0, "area_deg45_ha": 19625.0 }, "geometry": { "type": "Polygon", "coordinates": [ [ [ -36.7238626, -9.3902994 ], [ -36.7225014, -9.4332483 ], [ -36.7171665, -9.4391672 ], [ -36.7166134, -9.4460315 ], [ -36.7197034, -9.4533707 ], [ -36.721251699999989, -9.4684111 ], [ -36.7155276, -9.475455 ], [ -36.709641, -9.4780375 ], [ -36.708904, -9.484833 ], [ -36.7928389, -9.4866139 ], [ -36.8347016, -9.5089886 ], [ -36.831145, -9.5015138 ], [ -36.8433106, -9.4865367 ], [ -36.8414704, -9.4792011 ], [ -36.8438362, -9.4753745 ], [ -36.8394377, -9.4700123 ], [ -36.8419588, -9.4660282 ], [ -36.845307, -9.4522513 ], [ -36.8457759, -9.4422004 ], [ -36.8293068, -9.4280618 ], [ -36.8277224, -9.4155431 ], [ -36.828473099999989, -9.4121091 ], [ -36.8328904, -9.4082399 ], [ -36.8302213, -9.4065895 ], [ -36.8300574, -9.3972515 ], [ -36.8268825, -9.3915581 ], [ -36.8029169, -9.3680532 ], [ -36.7968053, -9.3564724 ], [ -36.7983114, -9.350612 ], [ -36.7968326, -9.2804232 ], [ -36.7617725, -9.271457 ], [ -36.6997475, -9.2930058 ], [ -36.7016641, -9.294825 ], [ -36.7014193, -9.2978446 ], [ -36.7072759, -9.304564 ], [ -36.7087222, -9.310377 ], [ -36.7124985, -9.3139969 ], [ -36.7140889, -9.3203237 ], [ -36.7133059, -9.3274795 ], [ -36.7166163, -9.3360746 ], [ -36.7174773, -9.344854 ], [ -36.7204142, -9.3484701 ], [ -36.7214699, -9.356926 ], [ -36.7203873, -9.3629753 ], [ -36.7142232, -9.3680186 ], [ -36.7123311, -9.3778817 ], [ -36.7173015, -9.3875658 ], [ -36.7238626, -9.3902994 ] ] ] } },
{ "type": "Feature", "properties": { "CD_MUN": "2702900", "NM_MUN": "Girau do Ponciano", "NM_UF": "Alagoas", "NM_REGIAO": "Nordeste", "class_electre": 5, "class_label": "C5 (muito alto)", "Priorizacao": "Grupo 5", "class_mc_prob": 5, "ranking_pos": 6.0, "area_deg45_ha": 37725.0 }, "geometry": { "type": "Polygon", "coordinates": [ [ [ -36.7948896, -9.9500317 ], [ -36.794413, -9.9551905 ], [ -36.7981914, -9.958063 ], [ -36.8059456, -9.9603882 ], [ -36.8140807, -9.9585018 ], [ -36.8263982, -9.9457992 ], [ -36.8466155, -9.9313096 ], [ -36.9018736, -9.8977991 ], [ -36.9251718, -9.88942 ], [ -36.9495375, -9.8586374 ], [ -36.9341272, -9.8420199 ], [ -36.9351228, -9.8284673 ], [ -36.9306024, -9.8225642 ], [ -36.917246, -9.8167117 ], [ -36.9071686, -9.7967732 ], [ -36.9068164, -9.7909193 ], [ -36.9050439, -9.7924075 ], [ -36.8991278, -9.7911397 ], [ -36.8979127, -9.7816451 ], [ -36.9012919, -9.7790044 ], [ -36.8934429, -9.7695269 ], [ -36.89258, -9.7577118 ], [ -36.8845758, -9.7509571 ], [ -36.9692049, -9.6939879 ], [ -36.9655744, -9.6762364 ], [ -36.959402, -9.6732069 ], [ -36.9582633, -9.6652023 ], [ -36.9523948, -9.6621383 ], [ -36.9530782, -9.6549258 ], [ -36.9496146, -9.6493373 ], [ -36.9520164, -9.645965 ], [ -36.9520354, -9.6429137 ], [ -36.9420998, -9.6403728 ], [ -36.9463523, -9.6341652 ], [ -36.9413066, -9.6277056 ], [ -36.9345677, -9.6257477 ], [ -36.9250493, -9.6281112 ], [ -36.9182071, -9.6258719 ], [ -36.9079495, -9.6285141 ], [ -36.9039007, -9.6275109 ], [ -36.8745779, -9.6468025 ], [ -36.875720199999989, -9.6523845 ], [ -36.8651478, -9.6652335 ], [ -36.8563168, -9.6684453 ], [ -36.8498435, -9.6682848 ], [ -36.8369029, -9.6776014 ], [ -36.8170067, -9.6868671 ], [ -36.8160085, -9.6918364 ], [ -36.8121145, -9.6928242 ], [ -36.8143221, -9.6992638 ], [ -36.807456699999989, -9.7015196 ], [ -36.7992615, -9.7081537 ], [ -36.7894565, -9.7127823 ], [ -36.7434712, -9.7640401 ], [ -36.7527049, -9.7778626 ], [ -36.7536507, -9.7817424 ], [ -36.7590378, -9.7850584 ], [ -36.7607983, -9.7934471 ], [ -36.766885, -9.7981941 ], [ -36.7703623, -9.7990506 ], [ -36.7646583, -9.8029509 ], [ -36.7611513, -9.8114722 ], [ -36.7616734, -9.8166736 ], [ -36.7574408, -9.8220905 ], [ -36.7606015, -9.8246004 ], [ -36.7584448, -9.838721 ], [ -36.7632777, -9.8447539 ], [ -36.7661399, -9.8528251 ], [ -36.7601219, -9.8606458 ], [ -36.7489653, -9.8662085 ], [ -36.7470228, -9.8774462 ], [ -36.7527614, -9.8826163 ], [ -36.7520979, -9.8869776 ], [ -36.7595757, -9.8947665 ], [ -36.7606024, -9.9008248 ], [ -36.7646597, -9.901531 ], [ -36.7711071, -9.9090093 ], [ -36.7778715, -9.9104031 ], [ -36.7819364, -9.9129503 ], [ -36.7828227, -9.9188243 ], [ -36.7853078, -9.9231341 ], [ -36.7901856, -9.9261201 ], [ -36.7923622, -9.9430971 ], [ -36.7948896, -9.9500317 ] ] ] } },
{ "type": "Feature", "properties": { "CD_MUN": "2705002", "NM_MUN": "Mata Grande", "NM_UF": "Alagoas", "NM_REGIAO": "Nordeste", "class_electre": 5, "class_label": "C5 (muito alto)", "Priorizacao": "Grupo 4", "class_mc_prob": 5, "ranking_pos": 12.0, "area_deg45_ha": 17600.0 }, "geometry": { "type": "Polygon", "coordinates": [ [ [ -37.6539722, -9.128525 ], [ -37.6594833, -9.1376556 ], [ -37.6632222, -9.1593889 ], [ -37.6824583, -9.1790389 ], [ -37.73147, -9.1837551 ], [ -37.7436464, -9.1967019 ], [ -37.7919642, -9.1938014 ], [ -37.7951269, -9.197818 ], [ -37.8231377, -9.2186214 ], [ -37.8296389, -9.217058 ], [ -37.8333585, -9.221231 ], [ -37.9467151, -9.0947717 ], [ -37.9426843, -9.0922189 ], [ -37.9425444, -9.0881164 ], [ -37.9376767, -9.0801151 ], [ -37.9297917, -9.0712799 ], [ -37.9078751, -9.0522184 ], [ -37.9049326, -9.0402359 ], [ -37.8897677, -9.0347943 ], [ -37.8877066, -9.0350739 ], [ -37.8837906, -9.0400554 ], [ -37.8809834, -9.0403468 ], [ -37.8775694, -9.035376 ], [ -37.8752276, -9.024622 ], [ -37.8795981, -9.0154139 ], [ -37.8744864, -9.011515 ], [ -37.8671519, -9.0116311 ], [ -37.8530933, -9.0001398 ], [ -37.8460084, -8.9847709 ], [ -37.8390986, -8.9783812 ], [ -37.8253338, -8.9324283 ], [ -37.833637, -8.9264118 ], [ -37.8293351, -8.9223933 ], [ -37.8294885, -8.9190528 ], [ -37.8203593, -8.9087038 ], [ -37.8203593, -8.9002083 ], [ -37.825382, -8.8898552 ], [ -37.8246288, -8.8859573 ], [ -37.8167656, -8.882584 ], [ -37.8097479, -8.8771066 ], [ -37.7984151, -8.8760976 ], [ -37.7929336, -8.8739101 ], [ -37.7918501, -8.8685277 ], [ -37.7864394, -8.8661821 ], [ -37.7855219, -8.8597415 ], [ -37.7791373, -8.8591734 ], [ -37.7736496, -8.8530329 ], [ -37.7659034, -8.8544637 ], [ -37.761, -8.8480846 ], [ -37.7553619, -8.8463637 ], [ -37.7502259, -8.8583701 ], [ -37.7457572, -8.8603985 ], [ -37.7443136, -8.8672889 ], [ -37.7423677, -8.8679811 ], [ -37.7416683, -8.8760777 ], [ -37.7401908, -8.8761762 ], [ -37.7381223, -8.8798503 ], [ -37.7331087, -8.8809042 ], [ -37.7320055, -8.8796631 ], [ -37.7290308, -8.8857504 ], [ -37.7310895, -8.8879666 ], [ -37.7307743, -8.8908822 ], [ -37.7277208, -8.8910398 ], [ -37.7251499, -8.8960436 ], [ -37.7213774, -8.897068 ], [ -37.7193877, -8.9081 ], [ -37.7039225, -8.9219266 ], [ -37.6992109, -8.9336261 ], [ -37.6988417, -8.9447222 ], [ -37.6897196, -8.9494926 ], [ -37.6894167, -8.9556111 ], [ -37.6719167, -8.9745 ], [ -37.6787754, -8.9771599 ], [ -37.684646, -8.9765048 ], [ -37.6906387, -8.9814144 ], [ -37.6952974, -8.9815324 ], [ -37.6971467, -8.9848702 ], [ -37.6998306, -8.9840556 ], [ -37.6977418, -8.9912051 ], [ -37.6943702, -8.9908513 ], [ -37.6940818, -8.9895603 ], [ -37.6913853, -8.9908595 ], [ -37.6870711, -8.9877354 ], [ -37.6821528, -8.9973324 ], [ -37.6580875, -8.9857964 ], [ -37.6577778, -8.9926667 ], [ -37.6549276, -8.9942796 ], [ -37.648874, -8.9944827 ], [ -37.6448518, -8.9925732 ], [ -37.640464, -8.9944827 ], [ -37.6409181, -9.0006079 ], [ -37.6376667, -9.0037778 ], [ -37.6287082, -9.0004514 ], [ -37.626586, -8.9974535 ], [ -37.6101667, -8.9878611 ], [ -37.5970513, -8.9690718 ], [ -37.572442, -8.9720345 ], [ -37.5597791, -8.9719389 ], [ -37.5559444, -8.9704722 ], [ -37.5459722, -8.9609444 ], [ -37.5331213, -8.9598622 ], [ -37.5280278, -8.9604167 ], [ -37.519111099999989, -8.9683333 ], [ -37.5460167, -9.0003333 ], [ -37.583012, -9.0601582 ], [ -37.6166056, -9.0874472 ], [ -37.6373889, -9.1083056 ], [ -37.6539722, -9.128525 ] ] ] } },
{ "type": "Feature", "properties": { "CD_MUN": "2705309", "NM_MUN": "Minador do Negrão", "NM_UF": "Alagoas", "NM_REGIAO": "Nordeste", "class_electre": 5, "class_label": "C5 (muito alto)", "Priorizacao": "Grupo 5", "class_mc_prob": 5, "ranking_pos": 4.0, "area_deg45_ha": 12850.0 }, "geometry": { "type": "Polygon", "coordinates": [ [ [ -36.8360412, -9.2886286 ], [ -36.7968326, -9.2804232 ], [ -36.7983114, -9.350612 ], [ -36.7968053, -9.3564724 ], [ -36.8029169, -9.3680532 ], [ -36.8265364, -9.3909593 ], [ -36.865141, -9.3927696 ], [ -36.9014221, -9.3977768 ], [ -36.9368499, -9.3774254 ], [ -36.9304372, -9.3700363 ], [ -36.9367676, -9.3612142 ], [ -36.937877, -9.3528213 ], [ -36.9350583, -9.3487494 ], [ -36.925347, -9.3436326 ], [ -36.9210285, -9.3355177 ], [ -36.9209434, -9.3324874 ], [ -36.9267882, -9.3272059 ], [ -36.9267626, -9.3228919 ], [ -36.9223204, -9.3181658 ], [ -36.921415, -9.3095578 ], [ -36.9158205, -9.2990208 ], [ -36.9008277, -9.2829084 ], [ -36.8979454, -9.2811981 ], [ -36.8897937, -9.2836387 ], [ -36.8747725, -9.2769608 ], [ -36.8797816, -9.2763747 ], [ -36.875078, -9.274348 ], [ -36.8729627, -9.2686826 ], [ -36.8712594, -9.2680846 ], [ -36.8560139, -9.2729086 ], [ -36.8531993, -9.2761514 ], [ -36.84837, -9.2766952 ], [ -36.8397124, -9.2882139 ], [ -36.8360412, -9.2886286 ] ] ] } },
{ "type": "Feature", "properties": { "CD_MUN": "2705804", "NM_MUN": "Olho d'Água do Casado", "NM_UF": "Alagoas", "NM_REGIAO": "Nordeste", "class_electre": 5, "class_label": "C5 (muito alto)", "Priorizacao": "Grupo 4", "class_mc_prob": 5, "ranking_pos": 10.0, "area_deg45_ha": 8300.0 }, "geometry": { "type": "Polygon", "coordinates": [ [ [ -37.7963621, -9.5048265 ], [ -37.796419, -9.5107132 ], [ -37.7929138, -9.5129069 ], [ -37.7879191, -9.5228401 ], [ -37.7886948, -9.5293824 ], [ -37.7916894, -9.5308796 ], [ -37.795264, -9.5368336 ], [ -37.7919593, -9.5396977 ], [ -37.7941972, -9.5438401 ], [ -37.796462, -9.5420831 ], [ -37.7992638, -9.5430004 ], [ -37.8030221, -9.5416765 ], [ -37.8021461, -9.5462064 ], [ -37.8068585, -9.5443836 ], [ -37.8082044, -9.5482547 ], [ -37.8135362, -9.546673 ], [ -37.8131774, -9.5440066 ], [ -37.8148506, -9.543509 ], [ -37.8190415, -9.5487953 ], [ -37.8221063, -9.5465842 ], [ -37.8289683, -9.5481018 ], [ -37.8323684, -9.5517266 ], [ -37.8350843, -9.5511421 ], [ -37.8353627, -9.5559763 ], [ -37.8414553, -9.561907 ], [ -37.8449418, -9.5698456 ], [ -37.8423218, -9.5739967 ], [ -37.8422269, -9.5794152 ], [ -37.8637956, -9.5665524 ], [ -37.868454299999989, -9.5617309 ], [ -37.8861699, -9.5501668 ], [ -37.8924655, -9.5397968 ], [ -37.8941417, -9.5395273 ], [ -37.8940482, -9.5345816 ], [ -37.8887617, -9.5310833 ], [ -37.8907476, -9.5245302 ], [ -37.8883272, -9.5207942 ], [ -37.8888966, -9.5186225 ], [ -37.8942315, -9.5178719 ], [ -37.8958351, -9.5113533 ], [ -37.8934319, -9.5049892 ], [ -37.8956966, -9.4786261 ], [ -37.8947198, -9.473152 ], [ -37.8918119, -9.4704486 ], [ -37.8926779, -9.46633 ], [ -37.8897565, -9.4599723 ], [ -37.8900794, -9.4547311 ], [ -37.8924167, -9.4532716 ], [ -37.894379, -9.4487244 ], [ -37.8892559, -9.4430384 ], [ -37.8893058, -9.4331028 ], [ -37.8842434, -9.4346882 ], [ -37.8822509, -9.4320991 ], [ -37.8813067, -9.4227172 ], [ -37.8774951, -9.4191959 ], [ -37.8747586, -9.419234 ], [ -37.8725965, -9.4049087 ], [ -37.8706679, -9.4035506 ], [ -37.8682347, -9.406103 ], [ -37.8650355, -9.404329 ], [ -37.8634641, -9.4007561 ], [ -37.85869, -9.4007263 ], [ -37.8589903, -9.3965541 ], [ -37.8537138, -9.3952727 ], [ -37.8529167, -9.3927509 ], [ -37.8497748, -9.3908344 ], [ -37.8498747, -9.3873488 ], [ -37.8450564, -9.3776258 ], [ -37.846095, -9.3758641 ], [ -37.8446725, -9.372513 ], [ -37.8336752, -9.3631048 ], [ -37.8331268, -9.3527327 ], [ -37.8248778, -9.3497294 ], [ -37.8233817, -9.3411772 ], [ -37.8200992, -9.3390702 ], [ -37.8181982, -9.3350343 ], [ -37.8138811, -9.3358619 ], [ -37.8086717, -9.3295839 ], [ -37.8045325, -9.327642 ], [ -37.8022048, -9.3295092 ], [ -37.7972651, -9.326472 ], [ -37.7928536, -9.3284287 ], [ -37.7851585, -9.3258961 ], [ -37.7829094, -9.3273835 ], [ -37.7770405, -9.3243157 ], [ -37.7742382, -9.316937 ], [ -37.7737221, -9.3040473 ], [ -37.7704251, -9.2998641 ], [ -37.7707402, -9.2942659 ], [ -37.7683112, -9.2920226 ], [ -37.7688245, -9.288778 ], [ -37.7252462, -9.3343907 ], [ -37.7200194, -9.3882667 ], [ -37.765802799999989, -9.4431889 ], [ -37.7652169, -9.4490684 ], [ -37.7721363, -9.4553543 ], [ -37.7708175, -9.46932 ], [ -37.7731187, -9.471608 ], [ -37.7746564, -9.4712146 ], [ -37.776895, -9.4882532 ], [ -37.780085, -9.48891 ], [ -37.7826744, -9.4975779 ], [ -37.7860987, -9.4972572 ], [ -37.7872489, -9.4993492 ], [ -37.7900367, -9.4998529 ], [ -37.7898247, -9.5011559 ], [ -37.7931058, -9.5017798 ], [ -37.7963621, -9.5048265 ] ] ] } },
{ "type": "Feature", "properties": { "CD_MUN": "2706000", "NM_MUN": "Olivença", "NM_UF": "Alagoas", "NM_REGIAO": "Nordeste", "class_electre": 5, "class_label": "C5 (muito alto)", "Priorizacao": "Grupo 5", "class_mc_prob": 5, "ranking_pos": 2.0, "area_deg45_ha": 13875.0 }, "geometry": { "type": "Polygon", "coordinates": [ [ [ -37.1040791, -9.4913586 ], [ -37.1100578, -9.4928269 ], [ -37.1148796, -9.4980158 ], [ -37.114452, -9.5010304 ], [ -37.1088524, -9.5057373 ], [ -37.1080111, -9.5085405 ], [ -37.1131781, -9.520283 ], [ -37.1134805, -9.5250185 ], [ -37.1208106, -9.5389387 ], [ -37.1873516, -9.5612936 ], [ -37.2280729, -9.5193287 ], [ -37.2691496, -9.4571163 ], [ -37.2703481, -9.4573783 ], [ -37.2670795, -9.4495086 ], [ -37.2585909, -9.4472143 ], [ -37.2296725, -9.4463232 ], [ -37.2168147, -9.4431029 ], [ -37.2140086, -9.4453014 ], [ -37.2099743, -9.4420675 ], [ -37.2077021, -9.4346062 ], [ -37.1980929, -9.4322638 ], [ -37.1262671, -9.4372251 ], [ -37.1195279, -9.4575 ], [ -37.1045763, -9.4605719 ], [ -37.105867, -9.4657903 ], [ -37.1033403, -9.4865692 ], [ -37.1040791, -9.4913586 ] ] ] } },
{ "type": "Feature", "properties": { "CD_MUN": "2706109", "NM_MUN": "Ouro Branco", "NM_UF": "Alagoas", "NM_REGIAO": "Nordeste", "class_electre": 5, "class_label": "C5 (muito alto)", "Priorizacao": "Grupo 4", "class_mc_prob": 5, "ranking_pos": 8.0, "area_deg45_ha": 11700.0 }, "geometry": { "type": "Polygon", "coordinates": [ [ [ -37.3134886, -9.1970537 ], [ -37.4362934, -9.1837368 ], [ -37.4333738, -9.1754978 ], [ -37.4288477, -9.1713931 ], [ -37.421908, -9.1607006 ], [ -37.4252468, -9.1553425 ], [ -37.4186558, -9.1358705 ], [ -37.4232872, -9.1330566 ], [ -37.4247808, -9.1299358 ], [ -37.4231375, -9.1256295 ], [ -37.4263661, -9.1208204 ], [ -37.4254753, -9.1049164 ], [ -37.4272119, -9.1033649 ], [ -37.4236928, -9.0941553 ], [ -37.4198894, -9.0893535 ], [ -37.4203646, -9.0777405 ], [ -37.415205, -9.0720536 ], [ -37.410913199999989, -9.0627993 ], [ -37.4062573, -9.0619371 ], [ -37.4058549, -9.0544646 ], [ -37.403436, -9.0484164 ], [ -37.398652, -9.0425859 ], [ -37.3947733, -9.0420953 ], [ -37.3937895, -9.0382883 ], [ -37.3957144, -9.0349518 ], [ -37.3962817, -9.0289147 ], [ -37.3938695, -9.0269832 ], [ -37.3914131, -9.0269832 ], [ -37.3586391, -9.0538891 ], [ -37.3344427, -9.0818626 ], [ -37.3334571, -9.0870066 ], [ -37.3308896, -9.090706 ], [ -37.3238681, -9.0940401 ], [ -37.3174531, -9.0924019 ], [ -37.3148041, -9.0949652 ], [ -37.3106995, -9.1004188 ], [ -37.3110581, -9.1075449 ], [ -37.303653, -9.1169815 ], [ -37.2965722, -9.1209173 ], [ -37.2822858, -9.1488418 ], [ -37.278488, -9.1525001 ], [ -37.3134886, -9.1970537 ] ] ] } },
{ "type": "Feature", "properties": { "CD_MUN": "2706422", "NM_MUN": "Pariconha", "NM_UF": "Alagoas", "NM_REGIAO": "Nordeste", "class_electre": 5, "class_label": "C5 (muito alto)", "Priorizacao": "Grupo 3", "class_mc_prob": 5, "ranking_pos": 13.0, "area_deg45_ha": 4925.0 }, "geometry": { "type": "Polygon", "coordinates": [ [ [ -37.9653144, -9.2503098 ], [ -37.9616611, -9.2500694 ], [ -37.9626987, -9.2537354 ], [ -37.9674611, -9.2576972 ], [ -37.9700894, -9.262824 ], [ -37.976982, -9.266712 ], [ -37.9786551, -9.277659 ], [ -37.9824498, -9.2833852 ], [ -37.9825098, -9.2857466 ], [ -37.9778944, -9.2909148 ], [ -37.9778507, -9.2953764 ], [ -37.9754891, -9.2984805 ], [ -37.980674, -9.3019588 ], [ -37.97727, -9.3056555 ], [ -37.9778427, -9.3103919 ], [ -37.9807332, -9.3135281 ], [ -37.9832568, -9.3300866 ], [ -38.0002374, -9.3361175 ], [ -38.156374, -9.2500702 ], [ -38.1563061, -9.2423638 ], [ -38.1486274, -9.2307741 ], [ -38.1439087, -9.2182047 ], [ -38.1352376, -9.2139558 ], [ -38.1192471, -9.2018032 ], [ -38.1153696, -9.1983602 ], [ -38.1140546, -9.1940011 ], [ -38.1046929, -9.1845986 ], [ -38.1025788, -9.1802077 ], [ -38.0978174, -9.1786995 ], [ -38.092287299999988, -9.172725 ], [ -38.0792629, -9.1705332 ], [ -38.0639045, -9.1737805 ], [ -38.056981, -9.1676256 ], [ -38.0445412, -9.1688154 ], [ -38.030292, -9.1649481 ], [ -38.0292112, -9.1587217 ], [ -38.0273432, -9.1565739 ], [ -38.0207836, -9.1552152 ], [ -38.012107199999988, -9.1560431 ], [ -38.0077641, -9.1604357 ], [ -38.0026142, -9.1626241 ], [ -38.003216099999989, -9.1651865 ], [ -38.0005882, -9.1664162 ], [ -38.0020501, -9.170747 ], [ -37.9964135, -9.1733222 ], [ -37.9936376, -9.1725098 ], [ -37.9889647, -9.1768075 ], [ -37.9854186, -9.1761722 ], [ -37.9832472, -9.1779417 ], [ -37.9871495, -9.1876982 ], [ -37.9835192, -9.1916729 ], [ -37.9731554, -9.1954555 ], [ -37.973267, -9.207102 ], [ -37.9714528, -9.2159722 ], [ -37.9771989, -9.2195566 ], [ -37.979628, -9.2239922 ], [ -37.9837793, -9.2259837 ], [ -37.9882183, -9.2333996 ], [ -37.9802338, -9.2406355 ], [ -37.971925, -9.241152 ], [ -37.9612234, -9.2387026 ], [ -37.9596248, -9.241053 ], [ -37.9666653, -9.245768 ], [ -37.9653144, -9.2503098 ] ] ] } },
{ "type": "Feature", "properties": { "CD_MUN": "2708956", "NM_MUN": "Senador Rui Palmeira", "NM_UF": "Alagoas", "NM_REGIAO": "Nordeste", "class_electre": 5, "class_label": "C5 (muito alto)", "Priorizacao": "Grupo 4", "class_mc_prob": 5, "ranking_pos": 7.0, "area_deg45_ha": 24450.0 }, "geometry": { "type": "Polygon", "coordinates": [ [ [ -37.4462538, -9.4763408 ], [ -37.6543673, -9.4090364 ], [ -37.6521706, -9.4063178 ], [ -37.6519793, -9.4027162 ], [ -37.6467001, -9.4003889 ], [ -37.6462111, -9.392504 ], [ -37.6365231, -9.380096 ], [ -37.6355146, -9.3761536 ], [ -37.6217619, -9.3636845 ], [ -37.6208747, -9.3595887 ], [ -37.6166276, -9.355769 ], [ -37.608774, -9.3342965 ], [ -37.5917505, -9.3117299 ], [ -37.5878386, -9.3015834 ], [ -37.5877469, -9.2958684 ], [ -37.5779376, -9.2970035 ], [ -37.5604288, -9.305145 ], [ -37.5188867, -9.310248 ], [ -37.5076751, -9.3235329 ], [ -37.5015206, -9.3268125 ], [ -37.4841626, -9.3449908 ], [ -37.4573165, -9.3552842 ], [ -37.4445691, -9.3576161 ], [ -37.3395924, -9.4195455 ], [ -37.3469574, -9.4237586 ], [ -37.363655, -9.4255024 ], [ -37.3697686, -9.4292202 ], [ -37.3786233, -9.4303345 ], [ -37.3956586, -9.4369286 ], [ -37.4141716, -9.4394998 ], [ -37.4246538, -9.4457306 ], [ -37.4374889, -9.4483389 ], [ -37.4462538, -9.4763408 ] ] ] } },
{ "type": "Feature", "properties": { "CD_MUN": "2801405", "NM_MUN": "Carira", "NM_UF": "Sergipe", "NM_REGIAO": "Nordeste", "class_electre": 5, "class_label": "C5 (muito alto)", "Priorizacao": "Grupo 3", "class_mc_prob": 5, "ranking_pos": 8.0, "area_deg45_ha": 36950.0 }, "geometry": { "type": "Polygon", "coordinates": [ [ [ -37.6821068, -10.2090284 ], [ -37.6741243, -10.2062498 ], [ -37.669756, -10.2108102 ], [ -37.6668085, -10.2111065 ], [ -37.6575861, -10.2176679 ], [ -37.6539659, -10.2179889 ], [ -37.6484974, -10.2266411 ], [ -37.6388634, -10.234808 ], [ -37.6356772, -10.2348745 ], [ -37.6349188, -10.2375768 ], [ -37.630682, -10.2387422 ], [ -37.629025, -10.2414892 ], [ -37.6255386, -10.2418268 ], [ -37.6232562, -10.2446875 ], [ -37.6166287, -10.2404948 ], [ -37.6156245, -10.2443896 ], [ -37.6128441, -10.2457166 ], [ -37.6128323, -10.2491332 ], [ -37.6109345, -10.2491859 ], [ -37.6102415, -10.245216 ], [ -37.6082106, -10.2448075 ], [ -37.6088267, -10.2419187 ], [ -37.6065696, -10.2395261 ], [ -37.6039036, -10.2411869 ], [ -37.6046674, -10.2432538 ], [ -37.6000943, -10.2428984 ], [ -37.6018418, -10.2464173 ], [ -37.5966075, -10.250481 ], [ -37.6114311, -10.2774942 ], [ -37.5778493, -10.3291163 ], [ -37.5796803, -10.3428688 ], [ -37.5755312, -10.3705491 ], [ -37.6246926, -10.4121594 ], [ -37.6810774, -10.4808625 ], [ -37.7226499, -10.5100709 ], [ -37.7263705, -10.5108695 ], [ -37.728786, -10.5155251 ], [ -37.7356817, -10.5158368 ], [ -37.7397724, -10.5139278 ], [ -37.748323899999988, -10.5134019 ], [ -37.7558235, -10.5099345 ], [ -37.7732187, -10.5067496 ], [ -37.7794131, -10.5108695 ], [ -37.7846142, -10.5122039 ], [ -37.7874776, -10.511191 ], [ -37.7891139, -10.5122039 ], [ -37.7896009, -10.5107429 ], [ -37.7960876, -10.5094183 ], [ -37.8024963, -10.5103923 ], [ -37.8052624, -10.5127298 ], [ -37.8092407, -10.5129813 ], [ -37.8109991, -10.5163822 ], [ -37.8153449, -10.517329 ], [ -37.8168159, -10.5126203 ], [ -37.8148498, -10.5120586 ], [ -37.8126051, -10.507247 ], [ -37.8154322, -10.5032449 ], [ -37.816990499999989, -10.503266 ], [ -37.8168591, -10.495573 ], [ -37.8197347, -10.491197 ], [ -37.8191862, -10.488073 ], [ -37.820987, -10.4836401 ], [ -37.8247579, -10.480472 ], [ -37.8327883, -10.4662901 ], [ -37.8367276, -10.4624277 ], [ -37.8422673, -10.4495957 ], [ -37.849264, -10.4419031 ], [ -37.8488961, -10.4400715 ], [ -37.8527055, -10.4387027 ], [ -37.8530161, -10.4357275 ], [ -37.8573223, -10.4320201 ], [ -37.8596092, -10.4271198 ], [ -37.8577824, -10.4251408 ], [ -37.852755, -10.4251898 ], [ -37.8527985, -10.416752 ], [ -37.8503251, -10.4163411 ], [ -37.8499361, -10.4135507 ], [ -37.8541256, -10.4098415 ], [ -37.853109, -10.4062775 ], [ -37.8461299, -10.4058738 ], [ -37.8432688, -10.403109 ], [ -37.8383247, -10.402745 ], [ -37.8375415, -10.4011015 ], [ -37.8372813, -10.3996479 ], [ -37.8421465, -10.3981189 ], [ -37.8404222, -10.3939283 ], [ -37.8411008, -10.3901636 ], [ -37.8391708, -10.3867597 ], [ -37.8355874, -10.3860685 ], [ -37.8354962, -10.3873929 ], [ -37.8330954, -10.3853395 ], [ -37.8344102, -10.3826742 ], [ -37.839445, -10.381282 ], [ -37.839048, -10.3788204 ], [ -37.8370751, -10.3795688 ], [ -37.8361606, -10.3780824 ], [ -37.8341516, -10.379639 ], [ -37.8337612, -10.3773173 ], [ -37.8289178, -10.3743967 ], [ -37.8233147, -10.3780719 ], [ -37.8238002, -10.3756341 ], [ -37.8210104, -10.3742279 ], [ -37.821697, -10.3722386 ], [ -37.8144916, -10.3701267 ], [ -37.813318699999989, -10.3664257 ], [ -37.8076254, -10.3675035 ], [ -37.8040177, -10.3632665 ], [ -37.7989971, -10.3633854 ], [ -37.7950741, -10.3582091 ], [ -37.7876918, -10.3561057 ], [ -37.7851554, -10.3455695 ], [ -37.7817299, -10.3472095 ], [ -37.7786833, -10.3431919 ], [ -37.7703236, -10.3449475 ], [ -37.7664516, -10.3413916 ], [ -37.7607803, -10.3435655 ], [ -37.7591676, -10.3420263 ], [ -37.7569217, -10.3431035 ], [ -37.7504147, -10.3395712 ], [ -37.7482499, -10.3406899 ], [ -37.7433128, -10.3383907 ], [ -37.7451248, -10.3135839 ], [ -37.768662, -10.2891961 ], [ -37.7676362, -10.2884146 ], [ -37.7545202, -10.292653 ], [ -37.7503827, -10.2894991 ], [ -37.751385, -10.2857561 ], [ -37.7492778, -10.2823435 ], [ -37.7488597, -10.2643236 ], [ -37.7591633, -10.2535116 ], [ -37.7656795, -10.2518674 ], [ -37.7543946, -10.2411915 ], [ -37.7470908, -10.2380727 ], [ -37.7656811, -10.1960449 ], [ -37.7586853, -10.1965174 ], [ -37.756316, -10.1993945 ], [ -37.7528887, -10.197448 ], [ -37.7485568, -10.1985052 ], [ -37.7417433, -10.1951701 ], [ -37.7330339, -10.1944348 ], [ -37.7263984, -10.1894088 ], [ -37.7184326, -10.1876687 ], [ -37.7151549, -10.1899005 ], [ -37.7112873, -10.1894184 ], [ -37.700941, -10.1929364 ], [ -37.7015515, -10.2010349 ], [ -37.6975486, -10.203688 ], [ -37.6961814, -10.2074338 ], [ -37.6930843, -10.2076768 ], [ -37.6914637, -10.2044196 ], [ -37.6887252, -10.2036419 ], [ -37.6821068, -10.2090284 ] ] ] } },
{ "type": "Feature", "properties": { "CD_MUN": "2802205", "NM_MUN": "Feira Nova", "NM_UF": "Sergipe", "NM_REGIAO": "Nordeste", "class_electre": 5, "class_label": "C5 (muito alto)", "Priorizacao": "Grupo 4", "class_mc_prob": 5, "ranking_pos": 6.0, "area_deg45_ha": 12500.0 }, "geometry": { "type": "Polygon", "coordinates": [ [ [ -37.350684, -10.3809318 ], [ -37.3491046, -10.371474 ], [ -37.3515951, -10.3686847 ], [ -37.3562972, -10.3691828 ], [ -37.3561776, -10.3665528 ], [ -37.3527308, -10.362289 ], [ -37.3514357, -10.3640822 ], [ -37.3450799, -10.3622492 ], [ -37.344522, -10.3578061 ], [ -37.3502551, -10.3557818 ], [ -37.3493311, -10.353482 ], [ -37.3516689, -10.3496245 ], [ -37.3495628, -10.346549 ], [ -37.3536672, -10.3440585 ], [ -37.3590068, -10.3449352 ], [ -37.3607266, -10.336717 ], [ -37.3594452, -10.3349731 ], [ -37.356078, -10.3359693 ], [ -37.356337, -10.3335984 ], [ -37.3617691, -10.3321157 ], [ -37.3626928, -10.3281392 ], [ -37.3674746, -10.3278602 ], [ -37.3684356, -10.3303113 ], [ -37.3715789, -10.3273621 ], [ -37.3734717, -10.330012 ], [ -37.3732326, -10.3237559 ], [ -37.3754442, -10.3241544 ], [ -37.3769282, -10.3225669 ], [ -37.3759224, -10.319273 ], [ -37.3782933, -10.3159058 ], [ -37.3828759, -10.3155671 ], [ -37.3874983, -10.3194523 ], [ -37.3917022, -10.3170813 ], [ -37.3908057, -10.3133954 ], [ -37.3848683, -10.308255 ], [ -37.3876577, -10.3042502 ], [ -37.3876001, -10.3008075 ], [ -37.3847886, -10.2983925 ], [ -37.3873588, -10.2956032 ], [ -37.3866814, -10.2926943 ], [ -37.3889527, -10.2934514 ], [ -37.3957681, -10.2884385 ], [ -37.3931371, -10.286457 ], [ -37.3952029, -10.282625 ], [ -37.3924023, -10.2824857 ], [ -37.393367, -10.2811296 ], [ -37.3916163, -10.2806858 ], [ -37.389651799999989, -10.2739653 ], [ -37.3908779, -10.2677728 ], [ -37.3935364, -10.2672073 ], [ -37.3919407, -10.2638241 ], [ -37.3943448, -10.2585596 ], [ -37.3983925, -10.2548417 ], [ -37.3974131, -10.2501862 ], [ -37.3937039, -10.2466313 ], [ -37.3871564, -10.2273706 ], [ -37.3834908, -10.2223263 ], [ -37.3839505, -10.2191747 ], [ -37.3553915, -10.2084326 ], [ -37.3320214, -10.210962 ], [ -37.2612835, -10.2383829 ], [ -37.2676573, -10.2393881 ], [ -37.2929051, -10.255812 ], [ -37.2873605, -10.2556291 ], [ -37.2801748, -10.25925 ], [ -37.2806857, -10.2606018 ], [ -37.2700416, -10.2624007 ], [ -37.2631523, -10.2676515 ], [ -37.2581841, -10.2682336 ], [ -37.2560872, -10.2802189 ], [ -37.249833, -10.2811584 ], [ -37.2414728, -10.2873717 ], [ -37.2425479, -10.2936943 ], [ -37.2395249, -10.2971856 ], [ -37.243721, -10.2976872 ], [ -37.2546557, -10.3051779 ], [ -37.2651831, -10.3036033 ], [ -37.2740238, -10.3064939 ], [ -37.2704211, -10.3146747 ], [ -37.279929, -10.3117958 ], [ -37.2865488, -10.3140546 ], [ -37.2853691, -10.3156105 ], [ -37.2881153, -10.3188889 ], [ -37.2954171, -10.3198469 ], [ -37.297844, -10.3249986 ], [ -37.3025274, -10.3271487 ], [ -37.3013736, -10.3333886 ], [ -37.3056567, -10.3412841 ], [ -37.3087861, -10.3435194 ], [ -37.3084668, -10.3474577 ], [ -37.3111491, -10.3477344 ], [ -37.3145552, -10.3521837 ], [ -37.317791, -10.351545 ], [ -37.316088, -10.3584211 ], [ -37.3167905, -10.3600816 ], [ -37.3222615, -10.361146 ], [ -37.3223041, -10.3651907 ], [ -37.3236666, -10.3642754 ], [ -37.3259657, -10.3666809 ], [ -37.3242201, -10.3690865 ], [ -37.3259231, -10.374664 ], [ -37.3274771, -10.3731951 ], [ -37.3298827, -10.3740892 ], [ -37.3315858, -10.377176 ], [ -37.3394411, -10.3780701 ], [ -37.3405907, -10.3768141 ], [ -37.34438, -10.37873 ], [ -37.3450612, -10.3812421 ], [ -37.3432304, -10.3826258 ], [ -37.342166, -10.3815401 ], [ -37.3411655, -10.3832219 ], [ -37.3436454, -10.3855205 ], [ -37.3490448, -10.3843649 ], [ -37.350684, -10.3809318 ] ] ] } },
{ "type": "Feature", "properties": { "CD_MUN": "2804201", "NM_MUN": "Monte Alegre de Sergipe", "NM_UF": "Sergipe", "NM_REGIAO": "Nordeste", "class_electre": 5, "class_label": "C5 (muito alto)", "Priorizacao": "Grupo 5", "class_mc_prob": 5, "ranking_pos": 2.0, "area_deg45_ha": 28250.0 }, "geometry": { "type": "Polygon", "coordinates": [ [ [ -37.5045731, -10.1042533 ], [ -37.5118744, -10.1014726 ], [ -37.514624, -10.1025134 ], [ -37.5142823, -10.1057136 ], [ -37.5181038, -10.1091934 ], [ -37.5204185, -10.1079195 ], [ -37.5211952, -10.104564 ], [ -37.5225934, -10.1045795 ], [ -37.5240406, -10.105697 ], [ -37.5238517, -10.1106847 ], [ -37.5328618, -10.1142266 ], [ -37.5342133, -10.1114304 ], [ -37.5395418, -10.1096439 ], [ -37.5416389, -10.115081 ], [ -37.5438903, -10.1146719 ], [ -37.5461285, -10.1117877 ], [ -37.5538493, -10.1130615 ], [ -37.5532745, -10.1164015 ], [ -37.5572514, -10.1223823 ], [ -37.5607311, -10.1194929 ], [ -37.5597551, -10.1158818 ], [ -37.5630924, -10.1125799 ], [ -37.5623934, -10.1070962 ], [ -37.5682966, -10.1081059 ], [ -37.5715433, -10.1028086 ], [ -37.5771203, -10.1017678 ], [ -37.5833963, -10.0946995 ], [ -37.5845925, -10.0953519 ], [ -37.5837225, -10.0909711 ], [ -37.5888956, -10.0897749 ], [ -37.5905734, -10.0915925 ], [ -37.590185, -10.0944198 ], [ -37.594193, -10.0965947 ], [ -37.5962605, -10.0968339 ], [ -37.5979368, -10.0936897 ], [ -37.6019759, -10.0964083 ], [ -37.6025506, -10.101193 ], [ -37.6042905, -10.1030882 ], [ -37.608749, -10.1004318 ], [ -37.6106753, -10.0960044 ], [ -37.6166251, -10.0954762 ], [ -37.6220157, -10.1034766 ], [ -37.6212545, -10.1052475 ], [ -37.6224662, -10.1064748 ], [ -37.6300005, -10.1023425 ], [ -37.6358416, -10.1072826 ], [ -37.6376591, -10.1108711 ], [ -37.6457993, -10.1108866 ], [ -37.6522737, -10.1210986 ], [ -37.6575127, -10.1203716 ], [ -37.660276, -10.1237121 ], [ -37.6599774, -10.1274947 ], [ -37.6615733, -10.1289193 ], [ -37.6674291, -10.1255855 ], [ -37.6704825, -10.1300041 ], [ -37.6783235, -10.1255394 ], [ -37.6789067, -10.1223998 ], [ -37.6829429, -10.1239514 ], [ -37.6876499, -10.121792 ], [ -37.6937301, -10.1256805 ], [ -37.6954677, -10.1285042 ], [ -37.6975937, -10.1283641 ], [ -37.6996168, -10.1257643 ], [ -37.7033221, -10.1255281 ], [ -37.7082179, -10.1216833 ], [ -37.7167206, -10.120638 ], [ -37.7201561, -10.1186675 ], [ -37.7237124, -10.1195196 ], [ -37.7255144, -10.1152109 ], [ -37.7308879, -10.1113468 ], [ -37.7364631, -10.1118761 ], [ -37.7395414, -10.1095544 ], [ -37.7442508, -10.1124755 ], [ -37.7461118, -10.1120006 ], [ -37.7519426, -10.1073504 ], [ -37.7569659, -10.1071583 ], [ -37.7583925, -10.1051902 ], [ -37.7670748, -10.1025527 ], [ -37.7677936, -10.1010998 ], [ -37.7695646, -10.1021406 ], [ -37.7772678, -10.0981154 ], [ -37.7771352, -10.1031496 ], [ -37.7844428, -10.1041332 ], [ -37.7846907, -10.1058249 ], [ -37.7795952, -10.1335766 ], [ -37.7855427, -10.1293963 ], [ -37.7915057, -10.1205425 ], [ -37.7935185, -10.1203747 ], [ -37.7980212, -10.114574 ], [ -37.8020145, -10.1124474 ], [ -37.7988018, -10.1040651 ], [ -37.7985697, -10.0977817 ], [ -37.8004816, -10.091709 ], [ -37.7995666, -10.0897473 ], [ -37.7945593, -10.0872243 ], [ -37.7919404, -10.071259 ], [ -37.7904735, -10.0702864 ], [ -37.7883725, -10.0714104 ], [ -37.7826444, -10.0435984 ], [ -37.7907563, -10.0328972 ], [ -37.7899389, -10.0322659 ], [ -37.787228, -10.0316121 ], [ -37.7822905, -10.0336394 ], [ -37.7776153, -10.0319367 ], [ -37.7754131, -10.0332164 ], [ -37.7738209, -10.0297825 ], [ -37.769571, -10.031869 ], [ -37.7680294, -10.0302535 ], [ -37.7645679, -10.0310171 ], [ -37.7598195, -10.0285184 ], [ -37.7609335, -10.0270075 ], [ -37.7596197, -10.0257905 ], [ -37.7575666, -10.0280365 ], [ -37.7524949, -10.0251767 ], [ -37.7516848, -10.0271433 ], [ -37.7471971, -10.0264635 ], [ -37.7442221, -10.029937 ], [ -37.7421997, -10.0291529 ], [ -37.7428172, -10.0275833 ], [ -37.7384552, -10.0289682 ], [ -37.7387011, -10.024689 ], [ -37.7324491, -10.0207638 ], [ -37.7310295, -10.0240012 ], [ -37.726051, -10.0249248 ], [ -37.7261565, -10.0272546 ], [ -37.7239739, -10.0283826 ], [ -37.721346, -10.0260998 ], [ -37.7189956, -10.0261476 ], [ -37.7162037, -10.0218377 ], [ -37.713919, -10.0218004 ], [ -37.7020584, -10.0137528 ], [ -37.6981379, -10.0194379 ], [ -37.6994852, -10.0217727 ], [ -37.6913622, -10.0198946 ], [ -37.6913178, -10.0220046 ], [ -37.6876308, -10.0230929 ], [ -37.6845657, -10.0283791 ], [ -37.679546, -10.0255805 ], [ -37.6738156, -10.0263357 ], [ -37.6709948, -10.0227598 ], [ -37.6683517, -10.022471 ], [ -37.6688766, -10.0189778 ], [ -37.6672856, -10.0162075 ], [ -37.6622662, -10.0127848 ], [ -37.6592213, -10.0143694 ], [ -37.6552134, -10.013313 ], [ -37.6512365, -10.0180666 ], [ -37.6472285, -10.0189366 ], [ -37.6451158, -10.0224474 ], [ -37.6370688, -10.0181598 ], [ -37.6329676, -10.0237834 ], [ -37.6288354, -10.0211425 ], [ -37.6282451, -10.023162 ], [ -37.6256353, -10.0230999 ], [ -37.6266605, -10.0254611 ], [ -37.625542, -10.0259893 ], [ -37.624175, -10.0250262 ], [ -37.6146056, -10.0264554 ], [ -37.6135515, -10.0234297 ], [ -37.6089509, -10.0196201 ], [ -37.6027992, -10.0190608 ], [ -37.5995369, -10.0223542 ], [ -37.5962435, -10.0224163 ], [ -37.5975795, -10.0210493 ], [ -37.5952894, -10.0161284 ], [ -37.5904025, -10.0167928 ], [ -37.5900296, -10.0137169 ], [ -37.586177, -10.0099264 ], [ -37.5882587, -10.0047689 ], [ -37.5873577, -9.9996735 ], [ -37.5755823, -9.9978715 ], [ -37.5631991, -9.9990073 ], [ -37.4700656, -10.0225294 ], [ -37.4201057, -10.0622368 ], [ -37.4218972, -10.0658204 ], [ -37.4204326, -10.0682283 ], [ -37.4138813, -10.0678088 ], [ -37.4123589, -10.0689584 ], [ -37.412762799999989, -10.0753742 ], [ -37.415388199999988, -10.0773782 ], [ -37.418557299999989, -10.0730285 ], [ -37.423808, -10.0712265 ], [ -37.425377, -10.0660379 ], [ -37.4292762, -10.0636611 ], [ -37.4301151, -10.0646397 ], [ -37.4271324, -10.0716148 ], [ -37.4277228, -10.0765083 ], [ -37.4293384, -10.0774248 ], [ -37.4350085, -10.0717391 ], [ -37.4423254, -10.0754053 ], [ -37.4405389, -10.084897 ], [ -37.4357076, -10.0837319 ], [ -37.4326162, -10.0859689 ], [ -37.4400844, -10.0912928 ], [ -37.4360494, -10.0956005 ], [ -37.4371642, -10.1029286 ], [ -37.4447488, -10.1013017 ], [ -37.44798, -10.1052786 ], [ -37.4519259, -10.1022959 ], [ -37.4594913, -10.103461 ], [ -37.4605476, -10.1007891 ], [ -37.458699, -10.096719 ], [ -37.4621853, -10.095238 ], [ -37.4647576, -10.0917479 ], [ -37.4688041, -10.0942566 ], [ -37.4730376, -10.093146 ], [ -37.4757064, -10.0960202 ], [ -37.4811467, -10.0891225 ], [ -37.48618, -10.0943266 ], [ -37.489986, -10.1012862 ], [ -37.4922385, -10.1017522 ], [ -37.4925026, -10.0981482 ], [ -37.4957649, -10.0971539 ], [ -37.5036433, -10.1019583 ], [ -37.5045731, -10.1042533 ] ] ] } },
{ "type": "Feature", "properties": { "CD_MUN": "2804458", "NM_MUN": "Nossa Senhora Aparecida", "NM_UF": "Sergipe", "NM_REGIAO": "Nordeste", "class_electre": 5, "class_label": "C5 (muito alto)", "Priorizacao": "Grupo 4", "class_mc_prob": 5, "ranking_pos": 5.0, "area_deg45_ha": 22850.0 }, "geometry": { "type": "Polygon", "coordinates": [ [ [ -37.4052568, -10.3141016 ], [ -37.4066501, -10.3217337 ], [ -37.4096835, -10.3280592 ], [ -37.4113627, -10.3283226 ], [ -37.4104103, -10.3360474 ], [ -37.4130482, -10.3460054 ], [ -37.4098331, -10.3554551 ], [ -37.4103647, -10.4167983 ], [ -37.421059, -10.4017796 ], [ -37.4745128, -10.4599091 ], [ -37.5475392, -10.4618202 ], [ -37.558318, -10.4440547 ], [ -37.5770116, -10.3669454 ], [ -37.5760182, -10.3614912 ], [ -37.5785505, -10.3544201 ], [ -37.5796803, -10.3428688 ], [ -37.5778493, -10.3291163 ], [ -37.6114311, -10.2774942 ], [ -37.5966075, -10.250481 ], [ -37.5933654, -10.2518701 ], [ -37.590417, -10.2484694 ], [ -37.5912873, -10.2447045 ], [ -37.5863514, -10.2420137 ], [ -37.5858451, -10.2434863 ], [ -37.5821545, -10.2421556 ], [ -37.5817914, -10.2403026 ], [ -37.577448, -10.2438749 ], [ -37.5790007, -10.24695 ], [ -37.5767377, -10.2482019 ], [ -37.5749274, -10.2472904 ], [ -37.5723881, -10.2502724 ], [ -37.5699785, -10.2474683 ], [ -37.5688728, -10.2496468 ], [ -37.5702958, -10.2531005 ], [ -37.5632718, -10.2601752 ], [ -37.5612174, -10.2611221 ], [ -37.5578074, -10.2582702 ], [ -37.5574208, -10.264732 ], [ -37.5542463, -10.2671776 ], [ -37.5505932, -10.2616769 ], [ -37.5540425, -10.2595955 ], [ -37.5529239, -10.2585967 ], [ -37.5388812, -10.2586331 ], [ -37.5412497, -10.2617227 ], [ -37.5391533, -10.2649147 ], [ -37.5431958, -10.2637126 ], [ -37.5434594, -10.2659585 ], [ -37.5415489, -10.2681518 ], [ -37.5447822, -10.2688743 ], [ -37.539630599999988, -10.2704514 ], [ -37.5391049, -10.2748302 ], [ -37.5365004, -10.2784882 ], [ -37.5310049, -10.2797718 ], [ -37.5322464, -10.2829068 ], [ -37.5293065, -10.2831394 ], [ -37.5263597, -10.2805851 ], [ -37.5250242, -10.281334 ], [ -37.5256107, -10.2845209 ], [ -37.521553, -10.2869867 ], [ -37.5225628, -10.2899987 ], [ -37.514576, -10.2888673 ], [ -37.5158896, -10.2937562 ], [ -37.5130035, -10.29438 ], [ -37.5113625, -10.2973707 ], [ -37.5084511, -10.2958839 ], [ -37.5095587, -10.2924279 ], [ -37.5076583, -10.2906711 ], [ -37.5058555, -10.291255 ], [ -37.5062507, -10.2940613 ], [ -37.5045381, -10.2953076 ], [ -37.4999577, -10.2922227 ], [ -37.4980762, -10.2948826 ], [ -37.4904781, -10.2835103 ], [ -37.487299, -10.2834368 ], [ -37.4862632, -10.2866084 ], [ -37.4823212, -10.2817756 ], [ -37.4821346, -10.2846117 ], [ -37.4842734, -10.2878366 ], [ -37.4822387, -10.290382 ], [ -37.4850931, -10.2926988 ], [ -37.4837502, -10.2951863 ], [ -37.473144, -10.2877644 ], [ -37.4707238, -10.2905704 ], [ -37.4685173, -10.286046 ], [ -37.4707404, -10.2846689 ], [ -37.4681919, -10.281311 ], [ -37.4660091, -10.283879 ], [ -37.4649741, -10.279306 ], [ -37.4623118, -10.2775822 ], [ -37.4587934, -10.2832035 ], [ -37.4620273, -10.2848382 ], [ -37.459679, -10.2857618 ], [ -37.4593168, -10.2878211 ], [ -37.4558834, -10.2880655 ], [ -37.4564917, -10.2903239 ], [ -37.4522189, -10.2920079 ], [ -37.4505672, -10.2893925 ], [ -37.4475095, -10.2887612 ], [ -37.4465408, -10.2901975 ], [ -37.4488988, -10.2932677 ], [ -37.4465691, -10.2957624 ], [ -37.4440054, -10.2940118 ], [ -37.4430364, -10.2967065 ], [ -37.4408134, -10.2944524 ], [ -37.437687, -10.2966591 ], [ -37.4354833, -10.2953267 ], [ -37.4363872, -10.2999021 ], [ -37.4346932, -10.3008333 ], [ -37.436101799999989, -10.3031677 ], [ -37.4286005, -10.3079674 ], [ -37.42917, -10.3038379 ], [ -37.4275179, -10.3012057 ], [ -37.4236804, -10.3041506 ], [ -37.4203775, -10.3027788 ], [ -37.4209111, -10.305224 ], [ -37.4194331, -10.3069358 ], [ -37.414988099999988, -10.3026552 ], [ -37.4113723, -10.3039168 ], [ -37.4116638, -10.3050175 ], [ -37.4101482, -10.304294 ], [ -37.4086155, -10.3009967 ], [ -37.4096851, -10.2977065 ], [ -37.4072395, -10.294981 ], [ -37.4082109, -10.2899404 ], [ -37.4042679, -10.2906046 ], [ -37.4040552, -10.3037123 ], [ -37.4063674, -10.3096841 ], [ -37.4052568, -10.3141016 ] ] ] } },
{ "type": "Feature", "properties": { "CD_MUN": "2804508", "NM_MUN": "Nossa Senhora da Glória", "NM_UF": "Sergipe", "NM_REGIAO": "Nordeste", "class_electre": 5, "class_label": "C5 (muito alto)", "Priorizacao": "Grupo 4", "class_mc_prob": 5, "ranking_pos": 4.0, "area_deg45_ha": 52125.0 }, "geometry": { "type": "Polygon", "coordinates": [ [ [ -37.4363901, -10.2988941 ], [ -37.4354833, -10.2953267 ], [ -37.437687, -10.2966591 ], [ -37.4408134, -10.2944524 ], [ -37.4430364, -10.2967065 ], [ -37.4437473, -10.2940119 ], [ -37.4466766, -10.2957275 ], [ -37.4488988, -10.2932677 ], [ -37.4465408, -10.2901975 ], [ -37.447738199999989, -10.2886772 ], [ -37.4505672, -10.2893925 ], [ -37.4520857, -10.2920178 ], [ -37.4562914, -10.2905037 ], [ -37.4558834, -10.2880655 ], [ -37.4593168, -10.2878211 ], [ -37.459679, -10.2857618 ], [ -37.4620273, -10.2848382 ], [ -37.4587616, -10.283424 ], [ -37.4623118, -10.2775822 ], [ -37.4649741, -10.279306 ], [ -37.4660091, -10.283879 ], [ -37.4681919, -10.281311 ], [ -37.4707404, -10.2846689 ], [ -37.4685173, -10.286046 ], [ -37.4707238, -10.2905704 ], [ -37.473144, -10.2877644 ], [ -37.4837502, -10.2951863 ], [ -37.4850931, -10.2926988 ], [ -37.4822387, -10.290382 ], [ -37.4842734, -10.2878366 ], [ -37.4821346, -10.2846117 ], [ -37.4823212, -10.2817756 ], [ -37.4862632, -10.2866084 ], [ -37.487299, -10.2834368 ], [ -37.4904781, -10.2835103 ], [ -37.4980762, -10.2948826 ], [ -37.4999577, -10.2922227 ], [ -37.5045381, -10.2953076 ], [ -37.5062507, -10.2940613 ], [ -37.5058555, -10.291255 ], [ -37.5076583, -10.2906711 ], [ -37.5095587, -10.2924279 ], [ -37.5084511, -10.2958839 ], [ -37.5113625, -10.2973707 ], [ -37.5130035, -10.29438 ], [ -37.5158896, -10.2937562 ], [ -37.514576, -10.2888673 ], [ -37.5225628, -10.2899987 ], [ -37.521553, -10.2869867 ], [ -37.5256107, -10.2845209 ], [ -37.5250242, -10.281334 ], [ -37.5263597, -10.2805851 ], [ -37.5293065, -10.2831394 ], [ -37.5322464, -10.2829068 ], [ -37.5310049, -10.2797718 ], [ -37.5365004, -10.2784882 ], [ -37.5391049, -10.2748302 ], [ -37.539630599999988, -10.2704514 ], [ -37.5447822, -10.2688743 ], [ -37.5415489, -10.2681518 ], [ -37.5434594, -10.2659585 ], [ -37.5431958, -10.2637126 ], [ -37.5391533, -10.2649147 ], [ -37.5412497, -10.2617227 ], [ -37.5391196, -10.2584823 ], [ -37.5537566, -10.2590689 ], [ -37.5505932, -10.2616769 ], [ -37.5542463, -10.2671776 ], [ -37.5574208, -10.264732 ], [ -37.5578074, -10.2582702 ], [ -37.5612174, -10.2611221 ], [ -37.5632718, -10.2601752 ], [ -37.5702958, -10.2531005 ], [ -37.5688728, -10.2496468 ], [ -37.5699785, -10.2474683 ], [ -37.5723881, -10.2502724 ], [ -37.5749274, -10.2472904 ], [ -37.5767377, -10.2482019 ], [ -37.5790007, -10.24695 ], [ -37.577448, -10.2438749 ], [ -37.5817914, -10.2403026 ], [ -37.5821545, -10.2421556 ], [ -37.5858451, -10.2434863 ], [ -37.5863514, -10.2420137 ], [ -37.5912873, -10.2447045 ], [ -37.590417, -10.2484694 ], [ -37.5933654, -10.2518701 ], [ -37.6011515, -10.24736 ], [ -37.6019153, -10.2453764 ], [ -37.6000943, -10.2428984 ], [ -37.6046674, -10.2432538 ], [ -37.6039036, -10.2411869 ], [ -37.6064673, -10.2394881 ], [ -37.6088267, -10.2419187 ], [ -37.6082106, -10.2448075 ], [ -37.6102415, -10.245216 ], [ -37.6109345, -10.2491859 ], [ -37.6128323, -10.2491332 ], [ -37.6128441, -10.2457166 ], [ -37.6156245, -10.2443896 ], [ -37.6166287, -10.2404948 ], [ -37.6232562, -10.2446875 ], [ -37.6255386, -10.2418268 ], [ -37.629025, -10.2414892 ], [ -37.630682, -10.2387422 ], [ -37.6349188, -10.2375768 ], [ -37.6356772, -10.2348745 ], [ -37.6388634, -10.234808 ], [ -37.6484974, -10.2266411 ], [ -37.6539659, -10.2179889 ], [ -37.6575861, -10.2176679 ], [ -37.6668085, -10.2111065 ], [ -37.669756, -10.2108102 ], [ -37.6741243, -10.2062498 ], [ -37.6818744, -10.2091813 ], [ -37.6887252, -10.2036419 ], [ -37.6914637, -10.2044196 ], [ -37.6930843, -10.2076768 ], [ -37.6961814, -10.2074338 ], [ -37.6975486, -10.203688 ], [ -37.7014609, -10.2012707 ], [ -37.7006838, -10.193566 ], [ -37.7031804, -10.1915715 ], [ -37.706989, -10.1918674 ], [ -37.7208032, -10.187338 ], [ -37.723710499999989, -10.1895836 ], [ -37.7264823, -10.1894496 ], [ -37.7330339, -10.1944348 ], [ -37.7417433, -10.1951701 ], [ -37.7485568, -10.1985052 ], [ -37.7528887, -10.197448 ], [ -37.756316, -10.1993945 ], [ -37.7600542, -10.1960717 ], [ -37.7648215, -10.1968544 ], [ -37.7751003, -10.1907803 ], [ -37.7754696, -10.1892047 ], [ -37.7796541, -10.1883896 ], [ -37.7823998, -10.1849555 ], [ -37.7827599, -10.1764563 ], [ -37.7790413, -10.1620311 ], [ -37.7762306, -10.1579292 ], [ -37.7744417, -10.1443551 ], [ -37.7777456, -10.1395026 ], [ -37.7779304, -10.1341413 ], [ -37.7809068, -10.1317195 ], [ -37.7844428, -10.1041332 ], [ -37.7771352, -10.1031496 ], [ -37.7772678, -10.0981154 ], [ -37.7695646, -10.1021406 ], [ -37.7677936, -10.1010998 ], [ -37.7670748, -10.1025527 ], [ -37.7583925, -10.1051902 ], [ -37.7569659, -10.1071583 ], [ -37.7519426, -10.1073504 ], [ -37.7461118, -10.1120006 ], [ -37.7442508, -10.1124755 ], [ -37.7395414, -10.1095544 ], [ -37.7364631, -10.1118761 ], [ -37.7308879, -10.1113468 ], [ -37.7255144, -10.1152109 ], [ -37.7237124, -10.1195196 ], [ -37.7201561, -10.1186675 ], [ -37.7167206, -10.120638 ], [ -37.7082179, -10.1216833 ], [ -37.7033221, -10.1255281 ], [ -37.6996168, -10.1257643 ], [ -37.6975937, -10.1283641 ], [ -37.6954677, -10.1285042 ], [ -37.6937301, -10.1256805 ], [ -37.6876499, -10.121792 ], [ -37.6829429, -10.1239514 ], [ -37.6789067, -10.1223998 ], [ -37.6783235, -10.1255394 ], [ -37.6758124, -10.1276642 ], [ -37.6699152, -10.1299998 ], [ -37.6674291, -10.1255855 ], [ -37.6615733, -10.1289193 ], [ -37.6599774, -10.1274947 ], [ -37.660276, -10.1237121 ], [ -37.6575127, -10.1203716 ], [ -37.6522737, -10.1210986 ], [ -37.6457993, -10.1108866 ], [ -37.6376591, -10.1108711 ], [ -37.6358416, -10.1072826 ], [ -37.6300005, -10.1023425 ], [ -37.6224662, -10.1064748 ], [ -37.6212545, -10.1052475 ], [ -37.6220157, -10.1034766 ], [ -37.6166251, -10.0954762 ], [ -37.6106753, -10.0960044 ], [ -37.608749, -10.1004318 ], [ -37.6042905, -10.1030882 ], [ -37.6025506, -10.101193 ], [ -37.6019759, -10.0964083 ], [ -37.5979368, -10.0936897 ], [ -37.5948609, -10.0969209 ], [ -37.590185, -10.0944198 ], [ -37.5902161, -10.0905517 ], [ -37.5883674, -10.0897749 ], [ -37.5837225, -10.0909711 ], [ -37.5845925, -10.0953519 ], [ -37.5833963, -10.0946995 ], [ -37.5771203, -10.1017678 ], [ -37.5715433, -10.1028086 ], [ -37.5682966, -10.1081059 ], [ -37.5623934, -10.1070962 ], [ -37.5630924, -10.1125799 ], [ -37.5597551, -10.1158818 ], [ -37.5607311, -10.1194929 ], [ -37.5572514, -10.1223823 ], [ -37.5532745, -10.1164015 ], [ -37.554424, -10.1141023 ], [ -37.5530259, -10.1127974 ], [ -37.5461285, -10.1117877 ], [ -37.5438903, -10.1146719 ], [ -37.5416389, -10.115081 ], [ -37.5395418, -10.1096439 ], [ -37.5342133, -10.1114304 ], [ -37.5328618, -10.1142266 ], [ -37.5238517, -10.1106847 ], [ -37.5240406, -10.105697 ], [ -37.5225934, -10.1045795 ], [ -37.5207913, -10.1050767 ], [ -37.5197816, -10.1085409 ], [ -37.5171407, -10.1090069 ], [ -37.5142823, -10.1057136 ], [ -37.514624, -10.1025134 ], [ -37.5118744, -10.1014726 ], [ -37.5045731, -10.1042533 ], [ -37.5036433, -10.1019583 ], [ -37.4957649, -10.0971539 ], [ -37.4925026, -10.0981482 ], [ -37.4922385, -10.1017522 ], [ -37.4910734, -10.1018765 ], [ -37.4816127, -10.0891691 ], [ -37.4757064, -10.0960202 ], [ -37.4730376, -10.093146 ], [ -37.4688041, -10.0942566 ], [ -37.4647576, -10.0917479 ], [ -37.4621853, -10.095238 ], [ -37.458699, -10.096719 ], [ -37.4605476, -10.1007891 ], [ -37.4594913, -10.103461 ], [ -37.4519259, -10.1022959 ], [ -37.44798, -10.1052786 ], [ -37.4447488, -10.1013017 ], [ -37.4371642, -10.1029286 ], [ -37.4360494, -10.0956005 ], [ -37.4400844, -10.0912928 ], [ -37.4326162, -10.0859689 ], [ -37.4350551, -10.0838251 ], [ -37.4409273, -10.0844621 ], [ -37.441937, -10.0748771 ], [ -37.4344027, -10.0718013 ], [ -37.4293384, -10.0774248 ], [ -37.4277228, -10.0765083 ], [ -37.4271324, -10.0716148 ], [ -37.4301151, -10.0646397 ], [ -37.4292762, -10.0636611 ], [ -37.425377, -10.0660379 ], [ -37.423808, -10.0712265 ], [ -37.418557299999989, -10.0730285 ], [ -37.4148755, -10.077518 ], [ -37.4124832, -10.0744888 ], [ -37.4123589, -10.0689584 ], [ -37.4138813, -10.0678088 ], [ -37.4204326, -10.0682283 ], [ -37.4218972, -10.0658204 ], [ -37.4197661, -10.0616936 ], [ -37.4037926, -10.0670065 ], [ -37.3975425, -10.0711105 ], [ -37.3961871, -10.0757792 ], [ -37.3901629, -10.0813139 ], [ -37.38011, -10.0839872 ], [ -37.3841763, -10.0885806 ], [ -37.3847788, -10.0952449 ], [ -37.3748569, -10.0974297 ], [ -37.3580436, -10.1132712 ], [ -37.3557309, -10.1096841 ], [ -37.3511751, -10.1113408 ], [ -37.3470899, -10.1171202 ], [ -37.3376835, -10.1211343 ], [ -37.3341422, -10.1254416 ], [ -37.340825, -10.1333839 ], [ -37.3431541, -10.141184 ], [ -37.3457017, -10.153153 ], [ -37.3403095, -10.155253 ], [ -37.3404587, -10.1572873 ], [ -37.3473988, -10.1618964 ], [ -37.3474412, -10.1636852 ], [ -37.3453326, -10.163864 ], [ -37.3454123, -10.1660389 ], [ -37.3418466, -10.1637932 ], [ -37.340431, -10.1672095 ], [ -37.3369363, -10.1699654 ], [ -37.3362286, -10.165189 ], [ -37.3308525, -10.1656308 ], [ -37.3267098, -10.1616355 ], [ -37.3237458, -10.1644238 ], [ -37.3196203, -10.1629916 ], [ -37.314942, -10.154288 ], [ -37.3197987, -10.1795305 ], [ -37.3265151, -10.1835053 ], [ -37.3318464, -10.1898526 ], [ -37.3364048, -10.1992018 ], [ -37.3355052, -10.2045285 ], [ -37.3296275, -10.2042046 ], [ -37.3321309, -10.2112709 ], [ -37.3553915, -10.2084326 ], [ -37.3839505, -10.2191747 ], [ -37.3834908, -10.2223263 ], [ -37.3908915, -10.2355601 ], [ -37.3937039, -10.2466313 ], [ -37.398359, -10.2531503 ], [ -37.3983543, -10.2554533 ], [ -37.3943448, -10.2585596 ], [ -37.3919407, -10.2638241 ], [ -37.3935364, -10.2672073 ], [ -37.3911837, -10.2675134 ], [ -37.3899621, -10.2701654 ], [ -37.3916163, -10.2806858 ], [ -37.3932599, -10.2808784 ], [ -37.3924023, -10.2824857 ], [ -37.3952029, -10.282625 ], [ -37.3933009, -10.2867341 ], [ -37.3958691, -10.2884691 ], [ -37.4053777, -10.2848817 ], [ -37.4029443, -10.2887616 ], [ -37.4034843, -10.2924921 ], [ -37.4042679, -10.2906046 ], [ -37.4082109, -10.2899404 ], [ -37.4073255, -10.2955697 ], [ -37.4096851, -10.2977065 ], [ -37.4086679, -10.3013995 ], [ -37.411372, -10.3050758 ], [ -37.414988099999988, -10.3026552 ], [ -37.4194331, -10.3069358 ], [ -37.4209111, -10.305224 ], [ -37.4203775, -10.3027788 ], [ -37.4236804, -10.3041506 ], [ -37.4275179, -10.3012057 ], [ -37.42917, -10.3038379 ], [ -37.4286005, -10.3079674 ], [ -37.436101799999989, -10.3031677 ], [ -37.4346932, -10.3008333 ], [ -37.4363901, -10.2988941 ] ] ] } },
{ "type": "Feature", "properties": { "CD_MUN": "2805406", "NM_MUN": "Poço Redondo", "NM_UF": "Sergipe", "NM_REGIAO": "Nordeste", "class_electre": 5, "class_label": "C5 (muito alto)", "Priorizacao": "Grupo 5", "class_mc_prob": 5, "ranking_pos": 3.0, "area_deg45_ha": 76175.0 }, "geometry": { "type": "Polygon", "coordinates": [ [ [ -37.6270697, -9.9724807 ], [ -37.6411997, -9.9789775 ], [ -37.643222699999988, -9.9815167 ], [ -37.6433822, -9.9848175 ], [ -37.6510177, -9.9936009 ], [ -37.6650156, -9.9994815 ], [ -37.665852799999989, -10.0152642 ], [ -37.6688766, -10.0189778 ], [ -37.6683517, -10.022471 ], [ -37.6709948, -10.0227598 ], [ -37.6738156, -10.0263357 ], [ -37.679546, -10.0255805 ], [ -37.6845657, -10.0283791 ], [ -37.6876308, -10.0230929 ], [ -37.6913178, -10.0220046 ], [ -37.6913622, -10.0198946 ], [ -37.69893, -10.0220546 ], [ -37.6981379, -10.0194379 ], [ -37.7020584, -10.0137528 ], [ -37.713919, -10.0218004 ], [ -37.7162037, -10.0218377 ], [ -37.7189956, -10.0261476 ], [ -37.721346, -10.0260998 ], [ -37.7239739, -10.0283826 ], [ -37.7261565, -10.0272546 ], [ -37.726051, -10.0249248 ], [ -37.7310295, -10.0240012 ], [ -37.7324491, -10.0207638 ], [ -37.7387011, -10.024689 ], [ -37.7384552, -10.0289682 ], [ -37.7428172, -10.0275833 ], [ -37.7421997, -10.0291529 ], [ -37.7442221, -10.029937 ], [ -37.7471971, -10.0264635 ], [ -37.7516848, -10.0271433 ], [ -37.7524949, -10.0251767 ], [ -37.7575666, -10.0280365 ], [ -37.759104199999989, -10.0256939 ], [ -37.760897, -10.0265717 ], [ -37.7598195, -10.0285184 ], [ -37.7615915, -10.0298508 ], [ -37.7680294, -10.0302535 ], [ -37.769571, -10.031869 ], [ -37.7735346, -10.0297057 ], [ -37.7754131, -10.0332164 ], [ -37.7776153, -10.0319367 ], [ -37.7836472, -10.0336444 ], [ -37.7883362, -10.0316351 ], [ -37.7981054, -10.0340565 ], [ -37.7992507, -10.0320122 ], [ -37.8049853, -10.0321231 ], [ -37.8075066, -10.0304248 ], [ -37.8103041, -10.034505 ], [ -37.8136027, -10.0322597 ], [ -37.8180579, -10.0356906 ], [ -37.8257939, -10.0366117 ], [ -37.8270049, -10.0341612 ], [ -37.8251264, -10.0289149 ], [ -37.827713, -10.0277087 ], [ -37.8243468, -10.0249195 ], [ -37.8248135, -10.0234563 ], [ -37.8264461, -10.0214716 ], [ -37.8330471, -10.019417 ], [ -37.8469098, -9.9992309 ], [ -37.8472437, -9.994281 ], [ -37.8503086, -9.9933434 ], [ -37.8520777, -9.9904569 ], [ -37.862555799999988, -9.9885966 ], [ -37.8760988, -9.9769558 ], [ -37.8757744, -9.9730918 ], [ -37.8960726, -9.9542834 ], [ -37.8974692, -9.9479519 ], [ -37.8950483, -9.9428308 ], [ -37.9094492, -9.9398139 ], [ -37.9127912, -9.9371313 ], [ -37.9134407, -9.9331128 ], [ -37.905615, -9.9279949 ], [ -37.9012492, -9.9212823 ], [ -37.902057, -9.9189257 ], [ -37.8995206, -9.9133972 ], [ -37.8960084, -9.9119704 ], [ -37.891545, -9.9140923 ], [ -37.8871787, -9.913772 ], [ -37.881514, -9.9094125 ], [ -37.8771254, -9.9085491 ], [ -37.8655244, -9.8961927 ], [ -37.8713699, -9.8895559 ], [ -37.8724233, -9.8818679 ], [ -37.8666527, -9.8446439 ], [ -37.8695573, -9.8408996 ], [ -37.8629623, -9.8241425 ], [ -37.8598651, -9.8056672 ], [ -37.8548071, -9.7934326 ], [ -37.8545882, -9.7844089 ], [ -37.8263541, -9.7916141 ], [ -37.8223531, -9.7938326 ], [ -37.813004, -9.7948229 ], [ -37.8032985, -9.8058358 ], [ -37.7864623, -9.814036 ], [ -37.6690931, -9.6583403 ], [ -37.6631127, -9.672556 ], [ -37.6540515, -9.6863334 ], [ -37.6456807, -9.6907222 ], [ -37.6381863, -9.692028 ], [ -37.6335334, -9.7001309 ], [ -37.5941126, -9.7231758 ], [ -37.577684, -9.7368078 ], [ -37.5624629, -9.7400163 ], [ -37.5275616, -9.7423049 ], [ -37.515373, -9.7458745 ], [ -37.4802434, -9.7460042 ], [ -37.4659557, -9.7480263 ], [ -37.5090324, -9.8182073 ], [ -37.6076194, -9.9685111 ], [ -37.6195568, -9.9740052 ], [ -37.6270697, -9.9724807 ] ] ] } },
{ "type": "Feature", "properties": { "CD_MUN": "2805505", "NM_MUN": "Poço Verde", "NM_UF": "Sergipe", "NM_REGIAO": "Nordeste", "class_electre": 5, "class_label": "C5 (muito alto)", "Priorizacao": "Grupo 5", "class_mc_prob": 5, "ranking_pos": 1.0, "area_deg45_ha": 34575.0 }, "geometry": { "type": "Polygon", "coordinates": [ [ [ -38.171786399999988, -10.7108634 ], [ -38.1653369, -10.7128288 ], [ -38.1620835, -10.7109741 ], [ -38.1551103, -10.713601 ], [ -38.1542485, -10.7152136 ], [ -38.1520542, -10.7145416 ], [ -38.1483934, -10.7172912 ], [ -38.1439023, -10.7177334 ], [ -38.1435605, -10.7190129 ], [ -38.1365174, -10.7177747 ], [ -38.132807, -10.7208748 ], [ -38.1316409, -10.7187191 ], [ -38.1283331, -10.720446 ], [ -38.128777, -10.7181513 ], [ -38.1271138, -10.7179259 ], [ -38.1266924, -10.7158622 ], [ -38.124915, -10.7182536 ], [ -38.1221932, -10.7179353 ], [ -38.1206099, -10.7160505 ], [ -38.1177774, -10.7169549 ], [ -38.114782399999989, -10.7140994 ], [ -38.1131299, -10.7154307 ], [ -38.1128348, -10.713121 ], [ -38.1091212, -10.7126376 ], [ -38.1071936, -10.7128906 ], [ -38.107847, -10.7144861 ], [ -38.0983533, -10.7124371 ], [ -38.0888749, -10.7142164 ], [ -38.0832504, -10.712262 ], [ -38.0780184, -10.7144681 ], [ -38.067792, -10.7156658 ], [ -38.0622762, -10.7126171 ], [ -38.0568076, -10.7119984 ], [ -38.0496944, -10.7069658 ], [ -38.0485734, -10.7034538 ], [ -38.040229, -10.701109 ], [ -38.0408397, -10.7043104 ], [ -38.0318754, -10.7079966 ], [ -38.0312696, -10.7132203 ], [ -38.030082199999988, -10.7136102 ], [ -38.033999699999988, -10.7234352 ], [ -38.0320311, -10.7270843 ], [ -38.025031899999988, -10.7255192 ], [ -38.0231123, -10.7280852 ], [ -37.9768025, -10.7579327 ], [ -37.9724525, -10.7571364 ], [ -37.9693707, -10.807651 ], [ -37.970762, -10.8249322 ], [ -37.9770199, -10.8221717 ], [ -37.998807, -10.8192022 ], [ -38.0026124, -10.8200271 ], [ -38.0166459, -10.8179704 ], [ -38.0200553, -10.8152429 ], [ -38.0249714, -10.8161668 ], [ -38.0278529, -10.814913 ], [ -38.0299095, -10.8169586 ], [ -38.0322521, -10.8159798 ], [ -38.0460707, -10.8185404 ], [ -38.0570417, -10.8173875 ], [ -38.0605061, -10.8199061 ], [ -38.061375, -10.8182014 ], [ -38.066665, -10.8196971 ], [ -38.0672039, -10.8177285 ], [ -38.0742537, -10.8182014 ], [ -38.0787739, -10.8220177 ], [ -38.0819633, -10.820687 ], [ -38.0827112, -10.8224136 ], [ -38.0863515, -10.8219297 ], [ -38.0859226, -10.8244813 ], [ -38.0909688, -10.8257543 ], [ -38.0917304, -10.8286028 ], [ -38.0961288, -10.8274178 ], [ -38.0978939, -10.8304199 ], [ -38.1024417, -10.8298923 ], [ -38.1081057, -10.8362712 ], [ -38.1147815, -10.8340056 ], [ -38.1146275, -10.8356993 ], [ -38.1179819, -10.8368321 ], [ -38.117355, -10.842771 ], [ -38.123404, -10.8467523 ], [ -38.123184, -10.8481931 ], [ -38.1266044, -10.8511516 ], [ -38.1270663, -10.8565846 ], [ -38.1241078, -10.8571565 ], [ -38.1241408, -10.860225 ], [ -38.1222382, -10.8611598 ], [ -38.1194997, -10.8677696 ], [ -38.123239, -10.8755782 ], [ -38.1250997, -10.8845693 ], [ -38.1307313, -10.8934139 ], [ -38.136628, -10.8943282 ], [ -38.1386997, -10.9001962 ], [ -38.1501222, -10.9008345 ], [ -38.1549935, -10.8996475 ], [ -38.1604472, -10.9025031 ], [ -38.162653299999988, -10.9083487 ], [ -38.162866099999988, -10.9199391 ], [ -38.1679614, -10.9216861 ], [ -38.1704025, -10.9267574 ], [ -38.1687341, -10.9337245 ], [ -38.1695964, -10.9374536 ], [ -38.1669871, -10.9398276 ], [ -38.1690028, -10.9416418 ], [ -38.1767522, -10.9409027 ], [ -38.1796302, -10.9430192 ], [ -38.18813, -10.9402579 ], [ -38.1921493, -10.9397206 ], [ -38.1942246, -10.9418302 ], [ -38.199445, -10.9397612 ], [ -38.202829, -10.9350455 ], [ -38.1990803, -10.9280744 ], [ -38.204064, -10.9248284 ], [ -38.2038615, -10.9225626 ], [ -38.2069601, -10.9226491 ], [ -38.20869, -10.9288958 ], [ -38.2109635, -10.9312114 ], [ -38.2152535, -10.9226949 ], [ -38.2206027, -10.9216343 ], [ -38.221220599999988, -10.9193021 ], [ -38.227251, -10.9160143 ], [ -38.2288402, -10.9112447 ], [ -38.2295819, -10.894456 ], [ -38.2338956, -10.8840605 ], [ -38.2364172, -10.882031 ], [ -38.2366925, -10.8694636 ], [ -38.238884, -10.8668769 ], [ -38.2360358, -10.8635243 ], [ -38.2369399, -10.8598524 ], [ -38.2383461, -10.8599995 ], [ -38.2361641, -10.854926 ], [ -38.2374631, -10.8526815 ], [ -38.231891399999988, -10.8467477 ], [ -38.2313983, -10.8429341 ], [ -38.2331348, -10.8418898 ], [ -38.2323208, -10.8404325 ], [ -38.2338218, -10.8377058 ], [ -38.2354038, -10.8377287 ], [ -38.2349054, -10.8341524 ], [ -38.2392662, -10.8263759 ], [ -38.2431534, -10.8259948 ], [ -38.245009, -10.8226415 ], [ -38.2344044, -10.8121278 ], [ -38.2367193, -10.808801 ], [ -38.238345, -10.8001848 ], [ -38.2356387, -10.7946292 ], [ -38.232039, -10.7938942 ], [ -38.2324602, -10.7909402 ], [ -38.2236191, -10.7874198 ], [ -38.2185886, -10.7832972 ], [ -38.2156637, -10.7682458 ], [ -38.2093598, -10.7604353 ], [ -38.209498, -10.7561987 ], [ -38.21464, -10.7472407 ], [ -38.2126329, -10.7416659 ], [ -38.2128115, -10.7346023 ], [ -38.2131843, -10.7310503 ], [ -38.2165189, -10.7268057 ], [ -38.2138475, -10.7244972 ], [ -38.2145634, -10.723344 ], [ -38.2092695, -10.7119794 ], [ -38.2058528, -10.7119617 ], [ -38.2027168, -10.7095367 ], [ -38.1968071, -10.7102373 ], [ -38.192590599999988, -10.7079991 ], [ -38.1882686, -10.7098156 ], [ -38.188223, -10.7083177 ], [ -38.1833748, -10.7053573 ], [ -38.1754701, -10.7059031 ], [ -38.1724643, -10.707607 ], [ -38.171786399999988, -10.7108634 ] ] ] } },
{ "type": "Feature", "properties": { "CD_MUN": "2805604", "NM_MUN": "Porto da Folha", "NM_UF": "Sergipe", "NM_REGIAO": "Nordeste", "class_electre": 5, "class_label": "C5 (muito alto)", "Priorizacao": "Grupo 3", "class_mc_prob": 5, "ranking_pos": 7.0, "area_deg45_ha": 50700.0 }, "geometry": { "type": "Polygon", "coordinates": [ [ [ -37.2312854, -9.9127161 ], [ -37.2340625, -9.9584728 ], [ -37.257706399999989, -9.9587148 ], [ -37.2602739, -9.9644407 ], [ -37.2661771, -9.9604328 ], [ -37.2707132, -9.9621105 ], [ -37.2722667, -9.969505 ], [ -37.2648411, -9.9930246 ], [ -37.266612, -9.9934907 ], [ -37.2809661, -9.9875875 ], [ -37.2837624, -9.9890167 ], [ -37.287149, -9.9937703 ], [ -37.285378, -9.9980889 ], [ -37.2853469, -10.0081244 ], [ -37.2894792, -10.0129091 ], [ -37.2935493, -10.0158607 ], [ -37.2957863, -10.0155811 ], [ -37.3006331, -10.003495 ], [ -37.3055731, -9.9997046 ], [ -37.3079655, -9.9995803 ], [ -37.3142726, -10.000792 ], [ -37.3163232, -10.0088079 ], [ -37.3320443, -10.0158918 ], [ -37.3317647, -10.0129091 ], [ -37.3275703, -10.0093361 ], [ -37.3298695, -10.0049553 ], [ -37.3337532, -10.0046135 ], [ -37.3343745, -10.0000153 ], [ -37.3321065, -9.9983996 ], [ -37.3319201, -9.9929314 ], [ -37.3373883, -9.9862826 ], [ -37.3421419, -9.9906944 ], [ -37.3425147, -9.9944849 ], [ -37.3401535, -9.9965355 ], [ -37.3410855, -9.9983996 ], [ -37.3476723, -10.0001085 ], [ -37.349319, -9.9938946 ], [ -37.351618099999989, -9.9942363 ], [ -37.3556261, -10.0038057 ], [ -37.3473926, -10.0028426 ], [ -37.349412199999989, -10.0126916 ], [ -37.3510899, -10.0143383 ], [ -37.3540415, -10.0156121 ], [ -37.3576766, -10.0129712 ], [ -37.3649158, -10.0155811 ], [ -37.3639216, -10.0087147 ], [ -37.3668732, -10.0069748 ], [ -37.3716268, -10.0075962 ], [ -37.3751377, -10.0103614 ], [ -37.3794874, -10.0099575 ], [ -37.3771261, -10.0143383 ], [ -37.3720929, -10.0162957 ], [ -37.3723104, -10.0210493 ], [ -37.3738017, -10.0224785 ], [ -37.3782446, -10.0198997 ], [ -37.37973, -10.0207444 ], [ -37.379767, -10.0225717 ], [ -37.3751998, -10.0250883 ], [ -37.3847264, -10.0303766 ], [ -37.3817865, -10.036584 ], [ -37.3824079, -10.0380132 ], [ -37.392288, -10.040825 ], [ -37.3910297, -10.0437455 ], [ -37.3945406, -10.0496487 ], [ -37.3975543, -10.0448019 ], [ -37.4001952, -10.0446155 ], [ -37.401873, -10.0528489 ], [ -37.4094228, -10.0514197 ], [ -37.4165999, -10.0565462 ], [ -37.4201057, -10.0622368 ], [ -37.4700656, -10.0225294 ], [ -37.5631991, -9.9990073 ], [ -37.5755823, -9.9978715 ], [ -37.5865499, -9.9991764 ], [ -37.5882587, -10.0047689 ], [ -37.586177, -10.0099264 ], [ -37.5900296, -10.0137169 ], [ -37.5904025, -10.0167928 ], [ -37.5952894, -10.0161284 ], [ -37.5975795, -10.0210493 ], [ -37.5962435, -10.0224163 ], [ -37.5974552, -10.0228824 ], [ -37.6027992, -10.0190608 ], [ -37.6089509, -10.0196201 ], [ -37.6135515, -10.0234297 ], [ -37.6146056, -10.0264554 ], [ -37.624175, -10.0250262 ], [ -37.625542, -10.0259893 ], [ -37.6266605, -10.0254611 ], [ -37.6256353, -10.0230999 ], [ -37.6282451, -10.023162 ], [ -37.6288354, -10.0211425 ], [ -37.6329676, -10.0237834 ], [ -37.6370688, -10.0181598 ], [ -37.6457993, -10.0222299 ], [ -37.6465761, -10.0195269 ], [ -37.6512365, -10.0180666 ], [ -37.6552134, -10.013313 ], [ -37.6592213, -10.0143694 ], [ -37.6622662, -10.0127848 ], [ -37.6662313, -10.0157357 ], [ -37.6650156, -9.9994815 ], [ -37.6500541, -9.9928206 ], [ -37.6433822, -9.9848175 ], [ -37.643222699999988, -9.9815167 ], [ -37.6411997, -9.9789775 ], [ -37.6279365, -9.9726199 ], [ -37.6195568, -9.9740052 ], [ -37.6076194, -9.9685111 ], [ -37.5090324, -9.8182073 ], [ -37.4659557, -9.7480263 ], [ -37.4355936, -9.7558342 ], [ -37.4249223, -9.7615658 ], [ -37.4125626, -9.7615592 ], [ -37.4080223, -9.7641091 ], [ -37.3936189, -9.7792353 ], [ -37.3816332, -9.7804882 ], [ -37.3630044, -9.7873481 ], [ -37.3491033, -9.7898084 ], [ -37.3437833, -9.7938715 ], [ -37.3382715, -9.8032142 ], [ -37.3227763, -9.8197357 ], [ -37.3005087, -9.8315612 ], [ -37.2915187, -9.8289067 ], [ -37.2852199, -9.8306289 ], [ -37.2712063, -9.844065 ], [ -37.2640228, -9.8473688 ], [ -37.2608778, -9.8507022 ], [ -37.2566507, -9.8633796 ], [ -37.2495114, -9.8751615 ], [ -37.249178, -9.8853595 ], [ -37.245537, -9.8918428 ], [ -37.2384834, -9.896493 ], [ -37.2262513, -9.8977169 ], [ -37.228039, -9.9074175 ], [ -37.2312854, -9.9127161 ] ] ] } },
{ "type": "Feature", "properties": { "CD_MUN": "2900207", "NM_MUN": "Abaré", "NM_UF": "Bahia", "NM_REGIAO": "Nordeste", "class_electre": 5, "class_label": "C5 (muito alto)", "Priorizacao": "Grupo 4", "class_mc_prob": 5, "ranking_pos": 43.0, "area_deg45_ha": 2875.0 }, "geometry": { "type": "Polygon", "coordinates": [ [ [ -39.2466624, -8.6475905 ], [ -39.2454991, -8.6623557 ], [ -39.2480178, -8.6687677 ], [ -39.2456613, -8.6762592 ], [ -39.2454926, -8.6841059 ], [ -39.234268, -8.7053364 ], [ -39.2285219, -8.7103153 ], [ -39.2222408, -8.7116674 ], [ -39.2176314, -8.7084597 ], [ -39.200781, -8.7109876 ], [ -39.1903831, -8.7067023 ], [ -39.1809958, -8.7063009 ], [ -39.1740454, -8.7013449 ], [ -39.1687128, -8.6915045 ], [ -39.1566858, -8.7068094 ], [ -39.1486352, -8.7109193 ], [ -39.1021809, -8.7200477 ], [ -39.0645382, -8.7316281 ], [ -39.0656232, -8.7411533 ], [ -39.0747096, -8.7692036 ], [ -39.0813959, -8.7767522 ], [ -39.0826355, -8.7861328 ], [ -39.1055078, -8.8461775 ], [ -39.2714173, -8.9435711 ], [ -39.2687476, -8.9507198 ], [ -39.2662476, -8.9517663 ], [ -39.2632892, -8.9578847 ], [ -39.2656769, -8.9725739 ], [ -39.2641474, -8.9872768 ], [ -39.2711179, -9.0030236 ], [ -39.2801031, -9.011294 ], [ -39.2797411, -9.0303014 ], [ -39.2888306, -9.0348286 ], [ -39.2981561, -9.043858 ], [ -39.3025845, -9.0447471 ], [ -39.3088681, -9.0509331 ], [ -39.3148199, -9.0603792 ], [ -39.3168676, -9.0721458 ], [ -39.3260207, -9.0949716 ], [ -39.327878, -9.1029584 ], [ -39.3268704, -9.1098063 ], [ -39.3321192, -9.11119 ], [ -39.3410119, -9.1260136 ], [ -39.3405242, -9.1357961 ], [ -39.3452128, -9.1439158 ], [ -39.3425359, -9.1542177 ], [ -39.3512429, -9.1572512 ], [ -39.4081685, -9.1331443 ], [ -39.4684681, -8.9762028 ], [ -39.4915814, -8.8358578 ], [ -39.373572, -8.5632714 ], [ -39.359429299999988, -8.5465025 ], [ -39.342307, -8.5596771 ], [ -39.3323367, -8.5582861 ], [ -39.320398, -8.5600375 ], [ -39.3124607, -8.5583115 ], [ -39.3024468, -8.5605845 ], [ -39.2932156, -8.5606292 ], [ -39.2864213, -8.5637598 ], [ -39.2751598, -8.576825 ], [ -39.2718585, -8.5898033 ], [ -39.2726983, -8.5964936 ], [ -39.2646911, -8.6138983 ], [ -39.2532227, -8.6199838 ], [ -39.2478833, -8.6249988 ], [ -39.2438711, -8.6316823 ], [ -39.2410764, -8.6403094 ], [ -39.2466624, -8.6475905 ] ] ] } },
{ "type": "Feature", "properties": { "CD_MUN": "2902104", "NM_MUN": "Araci", "NM_UF": "Bahia", "NM_REGIAO": "Nordeste", "class_electre": 5, "class_label": "C5 (muito alto)", "Priorizacao": "Grupo 4", "class_mc_prob": 5, "ranking_pos": 35.0, "area_deg45_ha": 48625.0 }, "geometry": { "type": "Polygon", "coordinates": [ [ [ -38.9409698, -11.0800749 ], [ -38.8723489, -11.3462344 ], [ -38.8643813, -11.3492294 ], [ -38.8588667, -11.3532133 ], [ -38.8487986, -11.3541345 ], [ -38.840696099999988, -11.351976 ], [ -38.8348064, -11.3541785 ], [ -38.8203514, -11.3531846 ], [ -38.8125308, -11.3481877 ], [ -38.8048667, -11.3468672 ], [ -38.8000261, -11.3485239 ], [ -38.7953491, -11.3534965 ], [ -38.7741465, -11.3563555 ], [ -38.8225604, -11.4135782 ], [ -38.8290994, -11.4049054 ], [ -38.8352225, -11.4036545 ], [ -38.8354954, -11.3993589 ], [ -38.8371251, -11.3978576 ], [ -38.8401647, -11.397796 ], [ -38.8441611, -11.3946934 ], [ -38.8535464, -11.392988 ], [ -38.8562508, -11.390326 ], [ -38.8562738, -11.3865059 ], [ -38.8650526, -11.3822905 ], [ -38.9812571, -11.4233763 ], [ -38.9885047, -11.4199741 ], [ -38.9912333, -11.4203403 ], [ -39.0048433, -11.4121185 ], [ -39.0141632, -11.4118804 ], [ -39.0537925, -11.3988501 ], [ -39.1407676, -11.493466 ], [ -39.1433385, -11.465931 ], [ -39.1369438, -11.4609302 ], [ -39.1328317, -11.4548167 ], [ -39.130234, -11.4418763 ], [ -39.1250402, -11.4329994 ], [ -39.1291698, -11.4221271 ], [ -39.1272291, -11.4158452 ], [ -39.1239364, -11.4138091 ], [ -39.1228763, -11.408792 ], [ -39.1195213, -11.4064421 ], [ -39.124198, -11.3914826 ], [ -39.121575, -11.3858666 ], [ -39.1220653, -11.3813084 ], [ -39.1195426, -11.3741395 ], [ -39.1242569, -11.3687131 ], [ -39.1245732, -11.3627649 ], [ -39.1293487, -11.3512944 ], [ -39.1289927, -11.3443706 ], [ -39.1247925, -11.3421124 ], [ -39.1247478, -11.3405614 ], [ -39.1287086, -11.3299839 ], [ -39.1342765, -11.3275893 ], [ -39.1365212, -11.3225988 ], [ -39.129486, -11.3000621 ], [ -39.1552487, -11.2820704 ], [ -39.1552193, -11.2772219 ], [ -39.1575734, -11.2749446 ], [ -39.1582377, -11.2703744 ], [ -39.161857, -11.2724453 ], [ -39.1659467, -11.2717756 ], [ -39.1680032, -11.2742814 ], [ -39.1654721, -11.2765565 ], [ -39.1712458, -11.2805135 ], [ -39.1795871, -11.2695402 ], [ -39.1832215, -11.2691464 ], [ -39.186908099999989, -11.2744094 ], [ -39.1927233, -11.2700909 ], [ -39.1971038, -11.2755306 ], [ -39.1964479, -11.2770965 ], [ -39.2022086, -11.2800545 ], [ -39.2067932, -11.2716151 ], [ -39.2161652, -11.2702428 ], [ -39.2197894, -11.2673551 ], [ -39.2164596, -11.2620489 ], [ -39.2192282, -11.2594838 ], [ -39.2238891, -11.2491822 ], [ -39.2289113, -11.2430702 ], [ -39.2322057, -11.243102 ], [ -39.2338993, -11.2369346 ], [ -39.2374558, -11.234839 ], [ -39.2371465, -11.2330522 ], [ -39.2400086, -11.2322143 ], [ -39.2423204, -11.2285878 ], [ -39.2399536, -11.2109908 ], [ -39.2410508, -11.2109229 ], [ -39.243718, -11.1959746 ], [ -39.2465638, -11.1926914 ], [ -39.2459807, -11.1857335 ], [ -39.2481436, -11.1751529 ], [ -39.2566455, -11.1547123 ], [ -39.2554222, -11.1343362 ], [ -39.2595748, -11.121078 ], [ -39.2573615, -11.1074205 ], [ -39.2571605, -11.0801718 ], [ -39.2595195, -11.0694902 ], [ -39.26654, -11.0685271 ], [ -39.2718627, -11.07091 ], [ -39.281434, -11.0696649 ], [ -39.2970373, -11.0739739 ], [ -39.309429, -11.0802263 ], [ -39.3107227, -11.0653611 ], [ -39.3043701, -11.0631211 ], [ -39.3013698, -11.0586908 ], [ -39.3008391, -11.0536024 ], [ -39.2893444, -11.0441293 ], [ -39.290049, -11.0335029 ], [ -39.2884275, -11.029603 ], [ -39.283706, -11.0253324 ], [ -39.273904, -11.0210844 ], [ -39.2739009, -11.0166954 ], [ -39.2768925, -11.0127314 ], [ -39.2705945, -11.0067935 ], [ -39.2700533, -11.0045483 ], [ -39.2730487, -11.001078 ], [ -39.2719386, -10.9981236 ], [ -39.274279799999988, -10.9958244 ], [ -39.276260799999989, -10.9969549 ], [ -39.2822164, -10.989556 ], [ -39.2763211, -10.9868112 ], [ -39.268375, -10.9867248 ], [ -39.2635748, -10.99266 ], [ -39.2572658, -10.9923762 ], [ -39.252556, -10.9943193 ], [ -39.246791, -10.9920676 ], [ -39.2407633, -10.9977086 ], [ -39.2319947, -11.0003741 ], [ -39.2139725, -10.9979175 ], [ -39.2057782, -10.998415 ], [ -39.182825699999988, -11.0133752 ], [ -39.1691534, -11.0196879 ], [ -39.1653899, -11.0187564 ], [ -39.1640176, -11.0115166 ], [ -39.1602123, -11.009746 ], [ -39.1452632, -11.0134852 ], [ -39.1421959, -11.015838 ], [ -39.1362146, -11.0150931 ], [ -39.1151573, -11.0181281 ], [ -39.0977907, -11.0244366 ], [ -39.0897805, -11.0384476 ], [ -39.0800725, -11.0427137 ], [ -39.0716588, -11.0443721 ], [ -39.059971499999989, -11.0292275 ], [ -39.0455987, -11.0205471 ], [ -39.0345784, -11.0306589 ], [ -39.0142219, -11.032731 ], [ -39.0063787, -11.0533633 ], [ -39.0023044, -11.057842 ], [ -38.9948084, -11.0530294 ], [ -38.9721997, -11.0492814 ], [ -38.962101, -11.0527436 ], [ -38.9500899, -11.0484244 ], [ -38.9455646, -11.0516948 ], [ -38.946773, -11.0701208 ], [ -38.943166, -11.0788546 ], [ -38.9409698, -11.0800749 ] ] ] } },
{ "type": "Feature", "properties": { "CD_MUN": "2906402", "NM_MUN": "Candeal", "NM_UF": "Bahia", "NM_REGIAO": "Nordeste", "class_electre": 5, "class_label": "C5 (muito alto)", "Priorizacao": "Grupo 5", "class_mc_prob": 5, "ranking_pos": 12.0, "area_deg45_ha": 29525.0 }, "geometry": { "type": "Polygon", "coordinates": [ [ [ -39.0832649, -11.8334198 ], [ -39.0871504, -11.8487437 ], [ -39.0826457, -11.8534649 ], [ -39.0831156, -11.8591694 ], [ -39.090071, -11.8687922 ], [ -39.0963554, -11.8854428 ], [ -39.1063322, -11.8883756 ], [ -39.1087041, -11.8908391 ], [ -39.1080969, -11.897403 ], [ -39.1194609, -11.9169693 ], [ -39.1185828, -11.9230478 ], [ -39.120581, -11.9246893 ], [ -39.1252229, -11.9238127 ], [ -39.1289871, -11.929408 ], [ -39.1318038, -11.927456 ], [ -39.1340371, -11.9289119 ], [ -39.1426818, -11.9377738 ], [ -39.1457582, -11.944165 ], [ -39.1505297, -11.9445912 ], [ -39.1536455, -11.9471307 ], [ -39.1576755, -11.946896 ], [ -39.1608987, -11.9507476 ], [ -39.1639838, -11.9508182 ], [ -39.1648931, -11.9583616 ], [ -39.1622393, -11.962581 ], [ -39.1685864, -11.9644692 ], [ -39.1702763, -11.9627553 ], [ -39.1736612, -11.9646379 ], [ -39.1751523, -11.9724631 ], [ -39.1721467, -11.9750161 ], [ -39.1725943, -11.9797998 ], [ -39.1749652, -11.9813766 ], [ -39.2966832, -11.9907968 ], [ -39.2980356, -11.9835119 ], [ -39.2937185, -11.9818606 ], [ -39.296736, -11.9769108 ], [ -39.289018, -11.973883 ], [ -39.2851418, -11.9676715 ], [ -39.2962539, -11.9576228 ], [ -39.3076616, -11.9400629 ], [ -39.3044129, -11.9348113 ], [ -39.3042551, -11.9284341 ], [ -39.2966148, -11.9246468 ], [ -39.2968831, -11.9196627 ], [ -39.2863439, -11.9045224 ], [ -39.2856475, -11.8997491 ], [ -39.2758328, -11.8922981 ], [ -39.2765723, -11.8889142 ], [ -39.2748078, -11.8865131 ], [ -39.2778734, -11.8797954 ], [ -39.2745727, -11.8773705 ], [ -39.2749434, -11.8752386 ], [ -39.2724195, -11.8708677 ], [ -39.276231, -11.8645707 ], [ -39.2809717, -11.8622102 ], [ -39.2816475, -11.8559009 ], [ -39.2765662, -11.8509718 ], [ -39.2758855, -11.8469138 ], [ -39.280351, -11.832458 ], [ -39.2774589, -11.8294594 ], [ -39.2770729, -11.8244569 ], [ -39.2710315, -11.8180166 ], [ -39.269566, -11.8139168 ], [ -39.2626789, -11.8087314 ], [ -39.2600903, -11.8029071 ], [ -39.2598676, -11.7974514 ], [ -39.2549022, -11.7942021 ], [ -39.253539, -11.7890693 ], [ -39.2461362, -11.7767523 ], [ -39.2402289, -11.7736191 ], [ -39.2285779, -11.7858469 ], [ -39.2177375, -11.7820109 ], [ -39.2178749, -11.7681663 ], [ -39.0606527, -11.769819 ], [ -39.0738391, -11.8025976 ], [ -39.077099, -11.81637 ], [ -39.075318, -11.8263418 ], [ -39.0832649, -11.8334198 ] ] ] } },
{ "type": "Feature", "properties": { "CD_MUN": "2906857", "NM_MUN": "Capela do Alto Alegre", "NM_UF": "Bahia", "NM_REGIAO": "Nordeste", "class_electre": 5, "class_label": "C5 (muito alto)", "Priorizacao": "Grupo 5", "class_mc_prob": 5, "ranking_pos": 3.0, "area_deg45_ha": 59225.0 }, "geometry": { "type": "Polygon", "coordinates": [ [ [ -39.8265527, -11.7882799 ], [ -39.8402816, -11.7834895 ], [ -39.8397708, -11.7808965 ], [ -39.8462971, -11.7739134 ], [ -39.8450169, -11.7643234 ], [ -39.8427928, -11.7599839 ], [ -39.8413508, -11.7603403 ], [ -39.8406534, -11.7553098 ], [ -39.864529499999989, -11.7482346 ], [ -39.8631883, -11.7410647 ], [ -39.8804504, -11.7369856 ], [ -39.8819593, -11.7403982 ], [ -39.8851467, -11.7401442 ], [ -39.9085779, -11.7205959 ], [ -39.9076577, -11.7079105 ], [ -39.9110803, -11.7023855 ], [ -39.9136614, -11.7010118 ], [ -39.914026, -11.6958212 ], [ -39.9189229, -11.6903004 ], [ -39.9255327, -11.6674613 ], [ -39.9389613, -11.6578273 ], [ -39.9416723, -11.657322 ], [ -39.9450536, -11.6591962 ], [ -39.9473696, -11.6582844 ], [ -39.9492483, -11.6525995 ], [ -39.9542834, -11.6511966 ], [ -39.9564758, -11.6479648 ], [ -39.9548102, -11.6442593 ], [ -39.9580012, -11.6299544 ], [ -39.9625153, -11.6238764 ], [ -39.9616545, -11.6191998 ], [ -39.9582348, -11.6167118 ], [ -39.9588264, -11.5828024 ], [ -39.9604311, -11.558207 ], [ -39.9685841, -11.4908669 ], [ -39.9593214, -11.4860555 ], [ -39.9503713, -11.4843413 ], [ -39.9494967, -11.4816079 ], [ -39.9436557, -11.4785343 ], [ -39.9370541, -11.4783024 ], [ -39.9344738, -11.4798117 ], [ -39.9344025, -11.4860152 ], [ -39.9310765, -11.4950142 ], [ -39.925442, -11.499047 ], [ -39.9236996, -11.4989441 ], [ -39.9235631, -11.4964306 ], [ -39.9188778, -11.4935518 ], [ -39.9087982, -11.4952834 ], [ -39.908605699999988, -11.4924446 ], [ -39.9008225, -11.4883372 ], [ -39.8975815, -11.4911589 ], [ -39.9003969, -11.4973889 ], [ -39.899979, -11.5023208 ], [ -39.9028849, -11.5037655 ], [ -39.8979604, -11.555854 ], [ -39.8651666, -11.5813998 ], [ -39.8572254, -11.5775714 ], [ -39.8521077, -11.5790519 ], [ -39.8461989, -11.5761697 ], [ -39.8431202, -11.5800599 ], [ -39.8426562, -11.5836788 ], [ -39.8317885, -11.5833759 ], [ -39.8209718, -11.5910109 ], [ -39.8177468, -11.5916819 ], [ -39.8148245, -11.5896027 ], [ -39.8152295, -11.5871019 ], [ -39.8092864, -11.5850555 ], [ -39.7969364, -11.5878797 ], [ -39.7927986, -11.5868124 ], [ -39.7909315, -11.589202 ], [ -39.7866169, -11.5888979 ], [ -39.7821665, -11.5907555 ], [ -39.7701948, -11.5879042 ], [ -39.7694852, -11.5915932 ], [ -39.7659262, -11.5903654 ], [ -39.7173707, -11.6265965 ], [ -39.6946801, -11.7303053 ], [ -39.6914394, -11.7692692 ], [ -39.6818034, -11.7754614 ], [ -39.6815185, -11.7812822 ], [ -39.6833193, -11.7812414 ], [ -39.685535, -11.7857268 ], [ -39.6910749, -11.7882075 ], [ -39.691441, -11.7991612 ], [ -39.6941228, -11.8041699 ], [ -39.6926285, -11.8104014 ], [ -39.6951876, -11.817681 ], [ -39.7130981, -11.8238753 ], [ -39.7452674, -11.8186258 ], [ -39.7513811, -11.8234304 ], [ -39.7592787, -11.8231601 ], [ -39.7635009, -11.8207838 ], [ -39.7694267, -11.8199729 ], [ -39.7789751, -11.8225575 ], [ -39.7856611, -11.8189057 ], [ -39.7931247, -11.8174003 ], [ -39.7904579, -11.8223252 ], [ -39.8044889, -11.82542 ], [ -39.8108625, -11.824672 ], [ -39.8128591, -11.8111449 ], [ -39.8268223, -11.7944144 ], [ -39.8265527, -11.7882799 ] ] ] } },
{ "type": "Feature", "properties": { "CD_MUN": "2906873", "NM_MUN": "Capim Grosso", "NM_UF": "Bahia", "NM_REGIAO": "Nordeste", "class_electre": 5, "class_label": "C5 (muito alto)", "Priorizacao": "Grupo 5", "class_mc_prob": 5, "ranking_pos": 16.0, "area_deg45_ha": 29225.0 }, "geometry": { "type": "Polygon", "coordinates": [ [ [ -40.0276342, -11.4346498 ], [ -40.0367713, -11.4390235 ], [ -40.070204, -11.4342197 ], [ -40.069504, -11.408908 ], [ -40.0753511, -11.3547912 ], [ -40.0649983, -11.3470399 ], [ -40.0650736, -11.3425024 ], [ -40.0546176, -11.3436548 ], [ -40.0483872, -11.3423499 ], [ -40.0345197, -11.2804251 ], [ -40.0222082, -11.2758713 ], [ -40.0256658, -11.240903 ], [ -40.0325321, -11.2399565 ], [ -40.0283226, -11.2225854 ], [ -40.0323495, -11.224647 ], [ -40.0364211, -11.2236888 ], [ -40.0469153, -11.2288235 ], [ -40.0521714, -11.2269097 ], [ -40.0572441, -11.2297374 ], [ -40.0616674, -11.2297651 ], [ -40.0632376, -11.2318365 ], [ -40.0652272, -11.2308728 ], [ -40.0754522, -11.2398305 ], [ -40.0781849, -11.2433707 ], [ -40.0788145, -11.2471381 ], [ -40.0839993, -11.2520944 ], [ -40.1099913, -11.245607 ], [ -40.1439591, -11.1885137 ], [ -40.1448284, -11.1819308 ], [ -40.1423644, -11.1803516 ], [ -40.1311597, -11.1791391 ], [ -40.128106, -11.1858609 ], [ -40.1203998, -11.1837867 ], [ -40.1146232, -11.1876802 ], [ -40.1103723, -11.1858351 ], [ -40.1070634, -11.1925423 ], [ -40.1024726, -11.189238 ], [ -40.0980816, -11.1885913 ], [ -40.0872558, -11.1910696 ], [ -40.0858509, -11.1871268 ], [ -40.0839973, -11.1863912 ], [ -40.0743055, -11.1968982 ], [ -40.0705528, -11.1930243 ], [ -40.0641435, -11.1944623 ], [ -40.0630207, -11.1912119 ], [ -40.055715, -11.1904105 ], [ -40.0510104, -11.1876311 ], [ -40.049749, -11.1837364 ], [ -40.0449968, -11.1816705 ], [ -40.0366833, -11.182015 ], [ -40.0353944, -11.1852594 ], [ -40.0319872, -11.1851582 ], [ -40.0180476, -11.1744471 ], [ -40.0145524, -11.1761427 ], [ -39.9942514, -11.1690318 ], [ -39.9913212, -11.1666796 ], [ -39.9919072, -11.1636872 ], [ -39.987476, -11.1591344 ], [ -39.9870115, -11.1547376 ], [ -39.9838235, -11.1513878 ], [ -39.981724, -11.1512384 ], [ -39.9770756, -11.1550344 ], [ -39.9763783, -11.1601159 ], [ -39.9749075, -11.1608939 ], [ -39.9711572, -11.1588868 ], [ -39.9719503, -11.1547797 ], [ -39.961141, -11.1500816 ], [ -39.9580268, -11.1521018 ], [ -39.9564703, -11.1578037 ], [ -39.9529984, -11.1568736 ], [ -39.9552984, -11.2486547 ], [ -39.8618464, -11.3129368 ], [ -39.8727288, -11.3155531 ], [ -39.8806838, -11.3203694 ], [ -39.8812961, -11.322849 ], [ -39.8844797, -11.3238613 ], [ -39.8889822, -11.3346988 ], [ -39.8926482, -11.3360075 ], [ -39.8948574, -11.3407947 ], [ -39.895421899999988, -11.3485278 ], [ -39.9035983, -11.3568349 ], [ -39.9124718, -11.3563662 ], [ -39.9068393, -11.3609032 ], [ -39.9108735, -11.3631166 ], [ -39.9117095, -11.3664879 ], [ -39.9100979, -11.3681538 ], [ -39.911729, -11.3778416 ], [ -39.9087777, -11.3906106 ], [ -39.9245978, -11.3915857 ], [ -39.921214, -11.4100317 ], [ -39.9185195, -11.4140285 ], [ -39.9144558, -11.4156112 ], [ -39.9562275, -11.4315443 ], [ -39.9679768, -11.4337693 ], [ -39.982548099999988, -11.4495461 ], [ -39.9864266, -11.4482813 ], [ -39.9871866, -11.4394287 ], [ -40.0276342, -11.4346498 ] ] ] } },
{ "type": "Feature", "properties": { "CD_MUN": "2907202", "NM_MUN": "Casa Nova", "NM_UF": "Bahia", "NM_REGIAO": "Nordeste", "class_electre": 5, "class_label": "C5 (muito alto)", "Priorizacao": "Grupo 4", "class_mc_prob": 5, "ranking_pos": 41.0, "area_deg45_ha": 35875.0 }, "geometry": { "type": "Polygon", "coordinates": [ [ [ -40.9007752, -8.8670552 ], [ -40.8964043, -8.8710254 ], [ -40.8967362, -8.8807044 ], [ -40.8950412, -8.8890928 ], [ -40.8834423, -8.904856 ], [ -40.8812337, -8.9156278 ], [ -40.8662781, -8.9233892 ], [ -40.8655163, -8.9322671 ], [ -40.8613226, -8.9480176 ], [ -40.855538, -8.9494737 ], [ -40.8515959, -8.952499 ], [ -40.8519585, -8.9825849 ], [ -40.846843799999988, -8.9955405 ], [ -40.8350127, -9.0086935 ], [ -40.8342228, -9.0209892 ], [ -40.8302381, -9.0266958 ], [ -40.8322082, -9.0311634 ], [ -40.8252311, -9.0381866 ], [ -40.8253047, -9.0456417 ], [ -40.8230722, -9.0519834 ], [ -40.8235895, -9.0621134 ], [ -40.8191472, -9.069095 ], [ -40.821324, -9.0780771 ], [ -40.820067, -9.0812587 ], [ -40.8119582, -9.0843982 ], [ -40.8098153, -9.0922766 ], [ -40.804104, -9.0983359 ], [ -40.7894637, -9.0989475 ], [ -40.786096, -9.1051874 ], [ -40.7772606, -9.1006684 ], [ -40.763171, -9.10694 ], [ -40.7567849, -9.1049769 ], [ -40.757060599999988, -9.1198431 ], [ -40.7503856, -9.1178852 ], [ -40.7431362, -9.1224007 ], [ -40.7325375, -9.1240056 ], [ -40.7222723, -9.1338166 ], [ -40.7098893, -9.140881 ], [ -40.7001641, -9.1422341 ], [ -40.6872908, -9.1369844 ], [ -40.685094, -9.1376102 ], [ -40.6777288, -9.1512461 ], [ -40.6673957, -9.1590592 ], [ -40.6720921, -9.1723872 ], [ -40.6705326, -9.1753543 ], [ -40.672042, -9.1788564 ], [ -40.6698732, -9.1861325 ], [ -40.6706438, -9.1887082 ], [ -40.6733625, -9.1928031 ], [ -40.6770573, -9.1933115 ], [ -40.681979, -9.2047413 ], [ -40.680704, -9.2121988 ], [ -40.6945004, -9.2334556 ], [ -40.6910066, -9.2340629 ], [ -40.6894573, -9.2411254 ], [ -40.6864556, -9.2435546 ], [ -40.6900952, -9.2514463 ], [ -40.6892365, -9.2569859 ], [ -40.6804838, -9.2576915 ], [ -40.6800885, -9.2592117 ], [ -40.6859879, -9.2763682 ], [ -40.6922525, -9.2812265 ], [ -40.7012888, -9.2823325 ], [ -40.7075889, -9.2853463 ], [ -40.7086897, -9.286876 ], [ -40.7073149, -9.2945508 ], [ -40.7200882, -9.3058967 ], [ -40.7286485, -9.3031182 ], [ -40.7394418, -9.2965887 ], [ -40.7426198, -9.3005089 ], [ -40.7439819, -9.3062253 ], [ -40.7515887, -9.3080278 ], [ -40.7564219, -9.3150323 ], [ -40.7393474, -9.3313439 ], [ -40.7372865, -9.3368708 ], [ -40.7414031, -9.3467836 ], [ -40.7381026, -9.3552443 ], [ -40.7445289, -9.3648317 ], [ -40.7464789, -9.3710522 ], [ -40.7425404, -9.383315 ], [ -40.7441133, -9.3964455 ], [ -40.7430889, -9.4029455 ], [ -40.7649756, -9.4132164 ], [ -40.7595953, -9.4290763 ], [ -40.7671593, -9.4454119 ], [ -40.7795696, -9.4497405 ], [ -40.785176, -9.4495097 ], [ -40.7948855, -9.4454713 ], [ -40.8147063, -9.4332146 ], [ -40.8340615, -9.4254835 ], [ -40.8460245, -9.4139596 ], [ -40.8526096, -9.4096792 ], [ -40.8606566, -9.3997159 ], [ -40.8631151, -9.3940966 ], [ -40.868795, -9.3928473 ], [ -40.9091677, -9.3970351 ], [ -40.931194, -9.395881 ], [ -40.9345, -9.3939668 ], [ -40.9537756, -9.397916 ], [ -40.9786464, -9.3877021 ], [ -40.9860325, -9.3855576 ], [ -40.9964935, -9.3854385 ], [ -41.0030326, -9.3828419 ], [ -41.0166283, -9.3839414 ], [ -41.0673189, -9.4031348 ], [ -41.0895226, -9.4033801 ], [ -41.1020323, -9.4006673 ], [ -41.110383899999988, -9.4009944 ], [ -41.1174204, -9.4035908 ], [ -41.122005, -9.4084651 ], [ -41.1253446, -9.4168234 ], [ -41.138413, -9.4839557 ], [ -41.1435384, -9.4959279 ], [ -41.1887378, -9.5599591 ], [ -41.19363, -9.5725484 ], [ -41.1987719, -9.5970483 ], [ -41.2054262, -9.6124742 ], [ -41.2126855, -9.6221531 ], [ -41.2287163, -9.6366716 ], [ -41.2472222, -9.6470914 ], [ -41.315827, -9.6702455 ], [ -41.3454688, -9.6838566 ], [ -41.3790427, -9.6935355 ], [ -41.4002155, -9.6950479 ], [ -41.4177586, -9.6923257 ], [ -41.4483079, -9.6832516 ], [ -41.4767398, -9.6711529 ], [ -41.5037697, -9.665202 ], [ -41.513208, -9.6661746 ], [ -41.5384338, -9.674249 ], [ -41.559394, -9.6762868 ], [ -41.5713191, -9.6811823 ], [ -41.5851271, -9.6905969 ], [ -41.6144665, -9.6996757 ], [ -41.6371537, -9.7153027 ], [ -41.6671767, -9.7471086 ], [ -41.6805779, -9.764931 ], [ -41.684419, -9.7684237 ], [ -41.6891891, -9.76993 ], [ -41.6930499, -9.7701498 ], [ -41.705824, -9.7662582 ], [ -41.7197599, -9.759288 ], [ -41.7406552, -9.756122 ], [ -41.7672869, -9.7448844 ], [ -41.7795259, -9.7457825 ], [ -41.8138747, -9.7364007 ], [ -41.839568, -9.7321591 ], [ -41.8603641, -9.7202664 ], [ -41.881702, -9.7142771 ], [ -41.9031447, -9.7043505 ], [ -41.854662, -9.2406689 ], [ -41.8478189, -9.2439555 ], [ -41.8431327, -9.244225 ], [ -41.8379658, -9.242272 ], [ -41.8339332, -9.2362224 ], [ -41.8198734, -9.1890012 ], [ -41.8132719, -9.1788382 ], [ -41.802243, -9.169627 ], [ -41.800126299999988, -9.1651616 ], [ -41.8012169, -9.1536981 ], [ -41.8000703, -9.1480266 ], [ -41.7974285, -9.1446591 ], [ -41.7760531, -9.125665 ], [ -41.7589329, -9.1166564 ], [ -41.7430468, -9.1038266 ], [ -41.7351841, -9.0946998 ], [ -41.732659, -9.0877254 ], [ -41.7310108, -9.0698179 ], [ -41.7330048, -9.0462941 ], [ -41.7308218, -9.0279572 ], [ -41.7264829, -9.0163609 ], [ -41.7236031, -9.0135402 ], [ -41.717604, -9.0122782 ], [ -41.7068542, -9.011567 ], [ -41.6887708, -9.0139549 ], [ -41.6804537, -9.0122823 ], [ -41.6733475, -9.0077894 ], [ -41.6699023, -9.0034794 ], [ -41.668625, -9.0004558 ], [ -41.6703526, -8.9949884 ], [ -41.6694039, -8.9900791 ], [ -41.6610131, -8.9876517 ], [ -41.6489608, -8.9883478 ], [ -41.640938, -8.984832 ], [ -41.6334052, -8.9860073 ], [ -41.6289978, -8.98489 ], [ -41.6240968, -8.9816728 ], [ -41.6212088, -8.9708628 ], [ -41.6099316, -8.9672725 ], [ -41.6057947, -8.9574039 ], [ -41.5969094, -8.9589018 ], [ -41.5896871, -8.9551199 ], [ -41.5700566, -8.9550295 ], [ -41.5671764, -8.969536 ], [ -41.5652668, -8.9703202 ], [ -41.5541224, -8.9638235 ], [ -41.544521, -8.9605491 ], [ -41.5459929, -8.954214 ], [ -41.5426518, -8.9489266 ], [ -41.5455716, -8.941678 ], [ -41.5448531, -8.9379543 ], [ -41.5414101, -8.9335567 ], [ -41.5341804, -8.9305132 ], [ -41.531346, -8.9277042 ], [ -41.5234378, -8.9123136 ], [ -41.5216499, -8.9018628 ], [ -41.5074372, -8.8924409 ], [ -41.506843, -8.8882975 ], [ -41.5110501, -8.8776121 ], [ -41.5027347, -8.864066 ], [ -41.4945409, -8.861126 ], [ -41.4933157, -8.8562232 ], [ -41.489294, -8.8509083 ], [ -41.4878434, -8.8439034 ], [ -41.4776252, -8.8449133 ], [ -41.4721841, -8.8431145 ], [ -41.4715138, -8.8384486 ], [ -41.4346841, -8.799096 ], [ -41.4298238, -8.7967378 ], [ -41.4275718, -8.801069 ], [ -41.4242667, -8.8025554 ], [ -41.4087958, -8.7704118 ], [ -41.400314, -8.7463749 ], [ -41.3966571, -8.7296582 ], [ -41.3854557, -8.7116004 ], [ -41.3812515, -8.7072724 ], [ -41.3744615, -8.7054009 ], [ -41.3653603, -8.7055837 ], [ -41.358336199999989, -8.7076202 ], [ -41.3434648, -8.7220093 ], [ -41.3343516, -8.7276615 ], [ -41.3209079, -8.728232 ], [ -41.3154035, -8.7261513 ], [ -41.309934899999988, -8.7261317 ], [ -41.3051001, -8.7273801 ], [ -41.2949836, -8.7355452 ], [ -41.2815376, -8.7361004 ], [ -41.2699828, -8.7310132 ], [ -41.26504, -8.7238579 ], [ -41.2606246, -8.7207165 ], [ -41.2515118, -8.7214318 ], [ -41.2385678, -8.7197312 ], [ -41.2376819, -8.7187633 ], [ -41.239841, -8.710863 ], [ -41.2346823, -8.7096677 ], [ -41.2269785, -8.7047021 ], [ -41.2096788, -8.7073533 ], [ -41.2049316, -8.7094871 ], [ -41.1975619, -8.70652 ], [ -41.1912068, -8.7070043 ], [ -41.1859927, -8.7106463 ], [ -41.1824363, -8.7078187 ], [ -41.1764047, -8.7111943 ], [ -41.1724312, -8.7072086 ], [ -41.1628987, -8.7099857 ], [ -41.1420117, -8.7071471 ], [ -41.1329, -8.7043243 ], [ -41.1214292, -8.7057587 ], [ -41.112758, -8.7039741 ], [ -41.1119219, -8.7087175 ], [ -41.1232018, -8.7187072 ], [ -41.121715, -8.7243227 ], [ -41.1268403, -8.7289274 ], [ -41.126062, -8.7353149 ], [ -41.1290708, -8.7403767 ], [ -41.1289892, -8.7433931 ], [ -41.1245693, -8.7526736 ], [ -41.1133446, -8.758531 ], [ -41.1158235, -8.7648671 ], [ -41.1111563, -8.7700908 ], [ -41.1059565, -8.7705514 ], [ -41.1017608, -8.7819643 ], [ -41.0955882, -8.7815314 ], [ -41.0820688, -8.7843386 ], [ -41.0785422, -8.7887723 ], [ -41.069592, -8.7817307 ], [ -41.0666786, -8.7810481 ], [ -41.054798, -8.7869166 ], [ -41.048376, -8.786847 ], [ -41.0423189, -8.7840193 ], [ -41.0362345, -8.7858759 ], [ -41.0345157, -8.7921509 ], [ -41.0320193, -8.7937932 ], [ -41.0249601, -8.8077274 ], [ -41.0266477, -8.8205057 ], [ -41.0313197, -8.8349584 ], [ -41.0291014, -8.8381001 ], [ -41.0198707, -8.8440317 ], [ -41.0099263, -8.8336033 ], [ -41.0003495, -8.828798 ], [ -40.9897583, -8.8294406 ], [ -40.9846776, -8.8252788 ], [ -40.9790937, -8.8234171 ], [ -40.9717551, -8.8284492 ], [ -40.960905, -8.8307593 ], [ -40.9593722, -8.8413701 ], [ -40.9548601, -8.8438751 ], [ -40.9463832, -8.8449969 ], [ -40.9310346, -8.8372007 ], [ -40.9213378, -8.8354306 ], [ -40.9184576, -8.8388759 ], [ -40.9149791, -8.8495228 ], [ -40.9030382, -8.8586189 ], [ -40.9007752, -8.8670552 ] ] ] } },
{ "type": "Feature", "properties": { "CD_MUN": "2907608", "NM_MUN": "Central", "NM_UF": "Bahia", "NM_REGIAO": "Nordeste", "class_electre": 5, "class_label": "C5 (muito alto)", "Priorizacao": "Grupo 4", "class_mc_prob": 5, "ranking_pos": 37.0, "area_deg45_ha": 10375.0 }, "geometry": { "type": "Polygon", "coordinates": [ [ [ -41.9481525, -11.2241539 ], [ -42.0217443, -11.2087657 ], [ -42.0553344, -11.2337432 ], [ -42.056113, -11.2360967 ], [ -42.05963, -11.234856 ], [ -42.0612318, -11.2318769 ], [ -42.068019, -11.2293032 ], [ -42.071916, -11.2288492 ], [ -42.0713142, -11.2312695 ], [ -42.0727735, -11.2316371 ], [ -42.0757539, -11.2280785 ], [ -42.0815267, -11.2256059 ], [ -42.08203, -11.2237789 ], [ -42.0955363, -11.2263173 ], [ -42.1073254, -11.2217881 ], [ -42.1103559, -11.2228925 ], [ -42.1126505, -11.2270492 ], [ -42.1143776, -11.2244237 ], [ -42.1165542, -11.2256453 ], [ -42.1159216, -11.2282561 ], [ -42.121302, -11.2273236 ], [ -42.1219657, -11.232731 ], [ -42.1247842, -11.23318 ], [ -42.126688, -11.2359897 ], [ -42.1288068, -11.2355775 ], [ -42.1318271, -11.2408712 ], [ -42.1369426, -11.2454842 ], [ -42.1389458, -11.2439939 ], [ -42.1365604, -11.2432267 ], [ -42.1371292, -11.2422457 ], [ -42.1464569, -11.2404564 ], [ -42.1513471, -11.2370064 ], [ -42.1544773, -11.2401077 ], [ -42.1553617, -11.2438876 ], [ -42.1583298, -11.2450579 ], [ -42.1647459, -11.2458653 ], [ -42.1701135, -11.2445117 ], [ -42.2402908, -11.2612306 ], [ -42.2582794, -11.1423102 ], [ -42.1897145, -11.0748635 ], [ -42.146161, -11.0472524 ], [ -42.145262, -11.0233062 ], [ -42.0890672, -11.0222174 ], [ -42.075611099999989, -11.0297717 ], [ -42.0489085, -11.0622653 ], [ -42.0162487, -11.1122657 ], [ -41.9859646, -11.1432542 ], [ -41.9569526, -11.1538152 ], [ -41.9262687, -11.1817121 ], [ -41.9417424, -11.2282339 ], [ -41.9481525, -11.2241539 ] ] ] } },
{ "type": "Feature", "properties": { "CD_MUN": "2907707", "NM_MUN": "Chorrochó", "NM_UF": "Bahia", "NM_REGIAO": "Nordeste", "class_electre": 5, "class_label": "C5 (muito alto)", "Priorizacao": "Grupo 3", "class_mc_prob": 5, "ranking_pos": 47.0, "area_deg45_ha": 125.0 }, "geometry": { "type": "Polygon", "coordinates": [ [ [ -39.0843491, -8.790697 ], [ -39.0813959, -8.7767522 ], [ -39.0762849, -8.771707 ], [ -39.0722489, -8.7630506 ], [ -39.0656232, -8.7411533 ], [ -39.0645382, -8.7316281 ], [ -39.0518487, -8.7336536 ], [ -39.0428034, -8.7333486 ], [ -39.0302064, -8.7384846 ], [ -39.0236321, -8.7470439 ], [ -39.014657799999988, -8.7538674 ], [ -38.9993776, -8.7610923 ], [ -38.9919113, -8.7675519 ], [ -38.977432, -8.7930867 ], [ -38.9651323, -8.7942819 ], [ -38.9523639, -8.8045386 ], [ -38.9583494, -8.8094309 ], [ -38.9607685, -8.8150274 ], [ -38.9652652, -8.8152594 ], [ -38.9631432, -8.8200848 ], [ -38.9641199, -8.8294585 ], [ -38.9671533, -8.8321985 ], [ -38.9685378, -8.8386235 ], [ -38.9738855, -8.8462236 ], [ -38.974329, -8.8495767 ], [ -38.9820535, -8.8543141 ], [ -38.9843777, -8.8625743 ], [ -38.9822019, -8.8703946 ], [ -39.0964995, -9.0165409 ], [ -39.0983481, -9.0224198 ], [ -39.1023274, -9.0274948 ], [ -39.0990603, -9.0349868 ], [ -39.1000463, -9.0434952 ], [ -39.1069556, -9.0508958 ], [ -39.1109286, -9.0607908 ], [ -39.1002855, -9.0695377 ], [ -39.1018565, -9.0773034 ], [ -39.1000545, -9.0798908 ], [ -39.0797356, -9.090796 ], [ -39.0747077, -9.095173 ], [ -39.0744321, -9.1001189 ], [ -39.0721866, -9.1029405 ], [ -39.0724283, -9.1142504 ], [ -39.0686599, -9.1254588 ], [ -39.0653678, -9.1295966 ], [ -39.0663611, -9.1460241 ], [ -39.0721749, -9.1622796 ], [ -39.0714845, -9.1647029 ], [ -39.066943, -9.1670392 ], [ -39.0664578, -9.1716757 ], [ -39.0692945, -9.1787014 ], [ -39.0804343, -9.1871878 ], [ -39.0818395, -9.2017771 ], [ -39.0762232, -9.2163073 ], [ -39.0793278, -9.2254999 ], [ -39.074644, -9.2305372 ], [ -39.0678032, -9.2295156 ], [ -39.06323, -9.2328214 ], [ -39.0635634, -9.2437079 ], [ -39.0556206, -9.2536506 ], [ -39.053757, -9.2664992 ], [ -39.0517725, -9.2686577 ], [ -39.0516179, -9.2762473 ], [ -39.0535871, -9.280746 ], [ -39.046186, -9.2915051 ], [ -39.046245399999989, -9.3001458 ], [ -39.0403671, -9.3107327 ], [ -39.0354044, -9.3294002 ], [ -39.0311357, -9.3330547 ], [ -39.0279676, -9.3461919 ], [ -39.025050899999989, -9.3489056 ], [ -39.0242917, -9.353249 ], [ -39.0157675, -9.3522681 ], [ -39.0112515, -9.3582958 ], [ -39.0000022, -9.3680448 ], [ -38.9969909, -9.3768173 ], [ -38.994203, -9.3796845 ], [ -38.9932529, -9.3861896 ], [ -38.9853341, -9.3963423 ], [ -38.9851689, -9.404442 ], [ -38.981069, -9.4089896 ], [ -38.9765848, -9.4095736 ], [ -38.9700377, -9.4184299 ], [ -38.9711523, -9.422417 ], [ -38.9699336, -9.4323473 ], [ -38.9617703, -9.4376667 ], [ -38.954669, -9.4492832 ], [ -38.9548116, -9.4530133 ], [ -38.9585004, -9.458012 ], [ -38.9570521, -9.463588 ], [ -38.96292, -9.4709276 ], [ -38.9635214, -9.4777593 ], [ -38.9697889, -9.4823484 ], [ -38.9712137, -9.4945591 ], [ -38.9805504, -9.495864 ], [ -38.9798157, -9.501148 ], [ -38.9857555, -9.5132901 ], [ -38.9841894, -9.5312983 ], [ -38.9886422, -9.535631 ], [ -38.9888625, -9.5405035 ], [ -38.9912917, -9.5447664 ], [ -38.9899675, -9.5504944 ], [ -38.9983863, -9.5590239 ], [ -38.9977146, -9.5646489 ], [ -39.0000022, -9.5679415 ], [ -39.0051911, -9.5716446 ], [ -39.0075075, -9.5666546 ], [ -39.0130808, -9.5678971 ], [ -39.0207627, -9.5651616 ], [ -39.027541, -9.5693371 ], [ -39.0298123, -9.5641507 ], [ -39.0355485, -9.5620264 ], [ -39.040659, -9.5634486 ], [ -39.0412299, -9.5675015 ], [ -39.0472608, -9.5680823 ], [ -39.0511596, -9.5712095 ], [ -39.0538607, -9.5656076 ], [ -39.0608513, -9.5621332 ], [ -39.0708845, -9.5637413 ], [ -39.0765271, -9.5679179 ], [ -39.0768717, -9.5725741 ], [ -39.0825605, -9.5825899 ], [ -39.0830381, -9.5869322 ], [ -39.0866095, -9.5865135 ], [ -39.0922508, -9.5942109 ], [ -39.098034, -9.5934632 ], [ -39.1060334, -9.595429 ], [ -39.1086328, -9.5935387 ], [ -39.1152121, -9.5972151 ], [ -39.1252542, -9.5947912 ], [ -39.1254163, -9.5993868 ], [ -39.127537, -9.6015604 ], [ -39.1355089, -9.6001428 ], [ -39.1400836, -9.6015583 ], [ -39.1414078, -9.6082771 ], [ -39.1472721, -9.6136952 ], [ -39.1469116, -9.6187794 ], [ -39.148515, -9.6214397 ], [ -39.1458372, -9.6254485 ], [ -39.1466877, -9.6278704 ], [ -39.1545281, -9.6305741 ], [ -39.1653412, -9.6395315 ], [ -39.1704404, -9.6392486 ], [ -39.1750821, -9.6363323 ], [ -39.1812434, -9.6398237 ], [ -39.1833794, -9.6385504 ], [ -39.192334, -9.6401934 ], [ -39.1969345, -9.6387968 ], [ -39.2116173, -9.6456938 ], [ -39.2213302, -9.6353204 ], [ -39.2237003, -9.634628 ], [ -39.2276241, -9.6361751 ], [ -39.237026199999988, -9.6340772 ], [ -39.261157, -9.6377797 ], [ -39.2639543, -9.6407013 ], [ -39.2699841, -9.6338945 ], [ -39.2703308, -9.6304549 ], [ -39.2809868, -9.6347026 ], [ -39.287176, -9.6339573 ], [ -39.2880112, -9.6292945 ], [ -39.302483599999988, -9.6175947 ], [ -39.3075302, -9.6074754 ], [ -39.3200448, -9.597684 ], [ -39.3264504, -9.5970401 ], [ -39.3308224, -9.5943626 ], [ -39.338143099999989, -9.6009716 ], [ -39.3439725, -9.599582 ], [ -39.3475725, -9.6007079 ], [ -39.3487655, -9.6074103 ], [ -39.355533, -9.609471 ], [ -39.3574851, -9.6143297 ], [ -39.3595727, -9.6156913 ], [ -39.3715372, -9.5955317 ], [ -39.3733525, -9.5954348 ], [ -39.378319, -9.5903083 ], [ -39.3829611, -9.5812993 ], [ -39.386383, -9.5781019 ], [ -39.3936195, -9.5780937 ], [ -39.3964602, -9.5799501 ], [ -39.3998386, -9.5785904 ], [ -39.4041399, -9.5801628 ], [ -39.4076667, -9.5779898 ], [ -39.4081486, -9.5702941 ], [ -39.4109281, -9.5696378 ], [ -39.4110293, -9.566624 ], [ -39.4151769, -9.5602915 ], [ -39.4132748, -9.5562924 ], [ -39.4150638, -9.5527592 ], [ -39.412970099999988, -9.54991 ], [ -39.4119563, -9.5434054 ], [ -39.4233117, -9.5354407 ], [ -39.4283301, -9.533811 ], [ -39.4287506, -9.5312111 ], [ -39.4340526, -9.525529 ], [ -39.436593, -9.5155551 ], [ -39.4466032, -9.508475 ], [ -39.4454113, -9.5062244 ], [ -39.4465918, -9.5003602 ], [ -39.4445157, -9.4963425 ], [ -39.4427804, -9.4844538 ], [ -39.4438547, -9.4781963 ], [ -39.4394102, -9.4727272 ], [ -39.4398803, -9.4670248 ], [ -39.436765, -9.4628836 ], [ -39.4359444, -9.4579996 ], [ -39.4339449, -9.4572659 ], [ -39.4265086, -9.460039 ], [ -39.4108225, -9.4567835 ], [ -39.4043138, -9.4451009 ], [ -39.4063449, -9.4340098 ], [ -39.4052055, -9.427072 ], [ -39.4077121, -9.4246714 ], [ -39.4100828, -9.4166993 ], [ -39.401958799999989, -9.3905406 ], [ -39.4044078, -9.3849988 ], [ -39.4040444, -9.3762865 ], [ -39.4081429, -9.36007 ], [ -39.4059328, -9.3554833 ], [ -39.4011925, -9.3521213 ], [ -39.3966463, -9.3416255 ], [ -39.3922876, -9.338111 ], [ -39.3958278, -9.3288598 ], [ -39.3906443, -9.3221245 ], [ -39.3907179, -9.3186819 ], [ -39.376854, -9.3169322 ], [ -39.3677314, -9.3105399 ], [ -39.3665594, -9.3026161 ], [ -39.3634521, -9.2994472 ], [ -39.3658835, -9.2944186 ], [ -39.3646685, -9.2906147 ], [ -39.3573793, -9.287403 ], [ -39.3577585, -9.2843129 ], [ -39.3618422, -9.2790483 ], [ -39.3604965, -9.2736653 ], [ -39.3654641, -9.2542827 ], [ -39.3627573, -9.2444257 ], [ -39.3689677, -9.2353809 ], [ -39.3690486, -9.2299494 ], [ -39.3726413, -9.2250859 ], [ -39.3693859, -9.2216441 ], [ -39.368476, -9.2176708 ], [ -39.3603918, -9.2101139 ], [ -39.360255, -9.2036153 ], [ -39.3619876, -9.1993588 ], [ -39.3597719, -9.1894154 ], [ -39.362936, -9.1786796 ], [ -39.3596704, -9.168151 ], [ -39.3566295, -9.1618624 ], [ -39.3519971, -9.1577533 ], [ -39.3425359, -9.1542177 ], [ -39.3452128, -9.1439158 ], [ -39.3405242, -9.1357961 ], [ -39.3410119, -9.1260136 ], [ -39.3321192, -9.11119 ], [ -39.3268704, -9.1098063 ], [ -39.327878, -9.1029584 ], [ -39.3260207, -9.0949716 ], [ -39.3168676, -9.0721458 ], [ -39.3145191, -9.0598458 ], [ -39.3088681, -9.0509331 ], [ -39.3025845, -9.0447471 ], [ -39.2981561, -9.043858 ], [ -39.2888306, -9.0348286 ], [ -39.2797411, -9.0303014 ], [ -39.2801031, -9.011294 ], [ -39.2711179, -9.0030236 ], [ -39.2641474, -8.9872768 ], [ -39.2656769, -8.9725739 ], [ -39.2632892, -8.9578847 ], [ -39.2662476, -8.9517663 ], [ -39.2687476, -8.9507198 ], [ -39.2714173, -8.9435711 ], [ -39.1055078, -8.8461775 ], [ -39.0843491, -8.790697 ] ] ] } },
{ "type": "Feature", "properties": { "CD_MUN": "2908408", "NM_MUN": "Conceição do Coité", "NM_UF": "Bahia", "NM_REGIAO": "Nordeste", "class_electre": 5, "class_label": "C5 (muito alto)", "Priorizacao": "Grupo 4", "class_mc_prob": 5, "ranking_pos": 24.0, "area_deg45_ha": 50375.0 }, "geometry": { "type": "Polygon", "coordinates": [ [ [ -39.2330848, -11.7638826 ], [ -39.24326, -11.7553876 ], [ -39.2531639, -11.7527278 ], [ -39.2623372, -11.7376003 ], [ -39.3626896, -11.6467928 ], [ -39.4864087, -11.6012003 ], [ -39.4543293, -11.5870141 ], [ -39.4307709, -11.5824171 ], [ -39.4252931, -11.572042 ], [ -39.4192095, -11.5647762 ], [ -39.3948465, -11.5435905 ], [ -39.346499799999989, -11.506406 ], [ -39.2852295, -11.3746608 ], [ -39.2745553, -11.3830768 ], [ -39.2676103, -11.3780415 ], [ -39.275581699999989, -11.3542221 ], [ -39.2732147, -11.3370201 ], [ -39.269860799999989, -11.3363765 ], [ -39.2644452, -11.3399175 ], [ -39.2596751, -11.3388473 ], [ -39.253904399999989, -11.3400352 ], [ -39.2343713, -11.3355476 ], [ -39.2273067, -11.3392104 ], [ -39.2269143, -11.3354259 ], [ -39.2310725, -11.3314109 ], [ -39.2336098, -11.3231302 ], [ -39.2297937, -11.3171417 ], [ -39.2285401, -11.3101627 ], [ -39.2054568, -11.2736845 ], [ -39.2013162, -11.2800976 ], [ -39.1964479, -11.2770965 ], [ -39.1971038, -11.2755306 ], [ -39.1930853, -11.2701883 ], [ -39.1905577, -11.2706892 ], [ -39.186908099999989, -11.2744094 ], [ -39.1832215, -11.2691464 ], [ -39.1795871, -11.2695402 ], [ -39.1712458, -11.2805135 ], [ -39.1654721, -11.2765565 ], [ -39.1680032, -11.2742814 ], [ -39.1659467, -11.2717756 ], [ -39.161857, -11.2724453 ], [ -39.1582377, -11.2703744 ], [ -39.1575734, -11.2749446 ], [ -39.1552193, -11.2772219 ], [ -39.1552487, -11.2820704 ], [ -39.129486, -11.3000621 ], [ -39.1365212, -11.3225988 ], [ -39.1342765, -11.3275893 ], [ -39.1287086, -11.3299839 ], [ -39.1248659, -11.3401535 ], [ -39.1247925, -11.3421124 ], [ -39.1280069, -11.3431103 ], [ -39.1294928, -11.3456863 ], [ -39.1292427, -11.3521319 ], [ -39.1245732, -11.3627649 ], [ -39.1242569, -11.3687131 ], [ -39.1195426, -11.3741395 ], [ -39.1220653, -11.3813084 ], [ -39.121575, -11.3858666 ], [ -39.124198, -11.3914826 ], [ -39.1195213, -11.4064421 ], [ -39.1228763, -11.408792 ], [ -39.1239364, -11.4138091 ], [ -39.1272291, -11.4158452 ], [ -39.1291698, -11.4221271 ], [ -39.125261699999989, -11.4341768 ], [ -39.130234, -11.4418763 ], [ -39.1328317, -11.4548167 ], [ -39.1369438, -11.4609302 ], [ -39.1433385, -11.465931 ], [ -39.1407676, -11.493466 ], [ -39.1576189, -11.5290964 ], [ -39.1554376, -11.5314312 ], [ -39.1482442, -11.5342049 ], [ -39.1458906, -11.5376949 ], [ -39.1479952, -11.5444666 ], [ -39.147429, -11.5474296 ], [ -39.1505244, -11.5527213 ], [ -39.1474724, -11.5568042 ], [ -39.1450122, -11.5666893 ], [ -39.1453884, -11.5740597 ], [ -39.149601, -11.5773512 ], [ -39.1519775, -11.5841164 ], [ -39.1506135, -11.5992601 ], [ -39.1544844, -11.6092962 ], [ -39.1548811, -11.6167163 ], [ -39.1597334, -11.6190975 ], [ -39.1610575, -11.6229096 ], [ -39.159683199999989, -11.6275714 ], [ -39.160867, -11.6298615 ], [ -39.1579673, -11.6350541 ], [ -39.1596644, -11.6493104 ], [ -39.1537098, -11.6586937 ], [ -39.1535745, -11.66131 ], [ -39.1569926, -11.6621294 ], [ -39.1545846, -11.6645788 ], [ -39.1557752, -11.6672623 ], [ -39.1541217, -11.6686007 ], [ -39.1516008, -11.6777641 ], [ -39.1557072, -11.6801214 ], [ -39.1534245, -11.6838838 ], [ -39.1554171, -11.6865931 ], [ -39.1691295, -11.6841121 ], [ -39.1780087, -11.6854977 ], [ -39.1806527, -11.6904953 ], [ -39.1894418, -11.6965732 ], [ -39.194602, -11.7053077 ], [ -39.2015131, -11.7058753 ], [ -39.2047009, -11.710686 ], [ -39.2081023, -11.7115689 ], [ -39.2087359, -11.7169494 ], [ -39.2143571, -11.7211306 ], [ -39.2114142, -11.7262044 ], [ -39.2118425, -11.7294679 ], [ -39.2243407, -11.7497221 ], [ -39.2310016, -11.7559731 ], [ -39.229512, -11.7603315 ], [ -39.2330848, -11.7638826 ] ] ] } },
{ "type": "Feature", "properties": { "CD_MUN": "2909208", "NM_MUN": "Coronel João Sá", "NM_UF": "Bahia", "NM_REGIAO": "Nordeste", "class_electre": 5, "class_label": "C5 (muito alto)", "Priorizacao": "Grupo 4", "class_mc_prob": 5, "ranking_pos": 27.0, "area_deg45_ha": 36850.0 }, "geometry": { "type": "Polygon", "coordinates": [ [ [ -37.9530425, -10.4061215 ], [ -37.955582, -10.4063513 ], [ -37.9626764, -10.3962743 ], [ -37.9667564, -10.3938829 ], [ -37.9711481, -10.3989286 ], [ -37.9822026, -10.4000743 ], [ -37.9943943, -10.3824926 ], [ -38.0011715, -10.3753383 ], [ -38.0111216, -10.3782196 ], [ -38.0172075, -10.3764693 ], [ -38.0173827, -10.3829744 ], [ -38.0209909, -10.384844 ], [ -38.0226637, -10.3836796 ], [ -38.0232933, -10.3777888 ], [ -38.027723, -10.3760923 ], [ -38.0307584, -10.3721158 ], [ -38.0336787, -10.372641 ], [ -38.0335317, -10.3781666 ], [ -38.0368512, -10.3789019 ], [ -38.0387389, -10.3776527 ], [ -38.0418957, -10.3618609 ], [ -38.036344, -10.3470313 ], [ -38.0374664, -10.340624 ], [ -38.0389275, -10.338098 ], [ -38.0439839, -10.336157 ], [ -38.0461808, -10.3298591 ], [ -38.0493444, -10.3285556 ], [ -38.0523364, -10.329508 ], [ -38.0547342, -10.3276329 ], [ -38.0558284, -10.3217192 ], [ -38.0543145, -10.3180033 ], [ -38.0589937, -10.3110121 ], [ -38.0541656, -10.3069378 ], [ -38.054186, -10.298239 ], [ -38.0509163, -10.2943242 ], [ -38.0612232, -10.2879464 ], [ -38.0600396, -10.2865427 ], [ -38.053791499999988, -10.2857995 ], [ -38.0548925, -10.276331 ], [ -38.0556632, -10.27523 ], [ -38.0581839, -10.2760441 ], [ -38.0644436, -10.2800468 ], [ -38.0684262, -10.2783749 ], [ -38.0706161, -10.2753262 ], [ -38.0683025, -10.2653144 ], [ -38.0611689, -10.2618752 ], [ -38.0650056, -10.2560329 ], [ -38.0673816, -10.2483107 ], [ -38.0724675, -10.245054 ], [ -38.0716435, -10.2415023 ], [ -38.0649136, -10.2346246 ], [ -38.0677477, -10.233108 ], [ -38.0737393, -10.2339869 ], [ -38.0767791, -10.2299105 ], [ -38.0803109, -10.2306309 ], [ -38.0833369, -10.2292091 ], [ -38.0857403, -10.2322298 ], [ -38.0862762, -10.23965 ], [ -38.0895936, -10.2403529 ], [ -38.0913788, -10.2454555 ], [ -38.0936982, -10.2458912 ], [ -38.098224099999989, -10.2373908 ], [ -38.088552, -10.2319062 ], [ -38.0879478, -10.2285676 ], [ -38.0895413, -10.2268488 ], [ -38.0965092, -10.2262521 ], [ -38.1047904, -10.2229885 ], [ -38.1058613, -10.2163964 ], [ -38.1095361, -10.2087083 ], [ -38.1049676, -10.2015045 ], [ -38.1046283, -10.1962647 ], [ -38.1024616, -10.1955137 ], [ -38.0897173, -10.1479155 ], [ -38.0830619, -10.1454125 ], [ -38.0815862, -10.1470298 ], [ -38.0795331, -10.1448196 ], [ -38.0776059, -10.1457588 ], [ -38.0713615, -10.1413249 ], [ -38.0651213, -10.1423045 ], [ -38.0628496, -10.1404342 ], [ -38.0565004, -10.1394222 ], [ -38.0441144, -10.1412169 ], [ -38.018045199999989, -10.1234827 ], [ -37.9653052, -10.1466605 ], [ -37.9514247, -10.1616011 ], [ -37.9458998, -10.1592898 ], [ -37.9307142, -10.165384 ], [ -37.9225407, -10.1645928 ], [ -37.9171513, -10.1620051 ], [ -37.9054246, -10.1688159 ], [ -37.9035031, -10.1727019 ], [ -37.8814225, -10.1871457 ], [ -37.8572212, -10.2106635 ], [ -37.8538836, -10.2112984 ], [ -37.8452983, -10.2216662 ], [ -37.8362848, -10.2295608 ], [ -37.8265791, -10.2308801 ], [ -37.7930104, -10.2469142 ], [ -37.781362, -10.2759126 ], [ -37.7451248, -10.3135839 ], [ -37.7433128, -10.3383907 ], [ -37.7482499, -10.3406899 ], [ -37.7504147, -10.3395712 ], [ -37.7569217, -10.3431035 ], [ -37.7591676, -10.3420263 ], [ -37.7607803, -10.3435655 ], [ -37.7664516, -10.3413916 ], [ -37.7703236, -10.3449475 ], [ -37.7786833, -10.3431919 ], [ -37.7817299, -10.3472095 ], [ -37.7851554, -10.3455695 ], [ -37.7876918, -10.3561057 ], [ -37.7950741, -10.3582091 ], [ -37.7989971, -10.3633854 ], [ -37.8040177, -10.3632665 ], [ -37.8076254, -10.3675035 ], [ -37.813318699999989, -10.3664257 ], [ -37.8144916, -10.3701267 ], [ -37.821697, -10.3722386 ], [ -37.8210104, -10.3742279 ], [ -37.8238002, -10.3756341 ], [ -37.8233147, -10.3780719 ], [ -37.8289178, -10.3743967 ], [ -37.8337612, -10.3773173 ], [ -37.8341516, -10.379639 ], [ -37.8361606, -10.3780824 ], [ -37.8370751, -10.3795688 ], [ -37.8390882, -10.3788547 ], [ -37.839445, -10.381282 ], [ -37.8344102, -10.3826742 ], [ -37.8330954, -10.3853395 ], [ -37.8354962, -10.3873929 ], [ -37.8355874, -10.3860685 ], [ -37.8391708, -10.3867597 ], [ -37.8411008, -10.3901636 ], [ -37.8404222, -10.3939283 ], [ -37.8421465, -10.3981189 ], [ -37.8372813, -10.3996479 ], [ -37.8375415, -10.4011015 ], [ -37.8383247, -10.402745 ], [ -37.8432688, -10.403109 ], [ -37.8461299, -10.4058738 ], [ -37.853109, -10.4062775 ], [ -37.8541256, -10.4098415 ], [ -37.8499361, -10.4135507 ], [ -37.8503251, -10.4163411 ], [ -37.8527985, -10.416752 ], [ -37.852755, -10.4251898 ], [ -37.8577824, -10.4251408 ], [ -37.8596092, -10.4271198 ], [ -37.8573223, -10.4320201 ], [ -37.8530161, -10.4357275 ], [ -37.8527055, -10.4387027 ], [ -37.8488961, -10.4400715 ], [ -37.8477318, -10.4434917 ], [ -37.8584565, -10.4435001 ], [ -37.8627608, -10.4403325 ], [ -37.8788009, -10.4402834 ], [ -37.8831581, -10.4424318 ], [ -37.8907228, -10.4415159 ], [ -37.8924777, -10.4433532 ], [ -37.8933973, -10.4421474 ], [ -37.9015783, -10.4447004 ], [ -37.9025048, -10.4470158 ], [ -37.90811, -10.4468921 ], [ -37.9088985, -10.4486826 ], [ -37.9153364, -10.4405452 ], [ -37.9141887, -10.4374703 ], [ -37.9082936, -10.4351199 ], [ -37.907479, -10.4329342 ], [ -37.9220493, -10.4227372 ], [ -37.9225441, -10.420149 ], [ -37.9195346, -10.4152557 ], [ -37.9205131, -10.413076 ], [ -37.9302238, -10.4142942 ], [ -37.935281, -10.4104642 ], [ -37.9342855, -10.3958846 ], [ -37.9543028, -10.3976903 ], [ -37.9530425, -10.4061215 ] ] ] } },
{ "type": "Feature", "properties": { "CD_MUN": "2909901", "NM_MUN": "Curaçá", "NM_UF": "Bahia", "NM_REGIAO": "Nordeste", "class_electre": 5, "class_label": "C5 (muito alto)", "Priorizacao": "Grupo 3", "class_mc_prob": 5, "ranking_pos": 45.0, "area_deg45_ha": 6925.0 }, "geometry": { "type": "Polygon", "coordinates": [ [ [ -39.6930366, -8.680512 ], [ -39.6919781, -8.6642258 ], [ -39.6888359, -8.6608504 ], [ -39.6608714, -8.6573539 ], [ -39.652364, -8.6603516 ], [ -39.6225848, -8.6554986 ], [ -39.6100263, -8.6572107 ], [ -39.5952263, -8.6512059 ], [ -39.5808976, -8.6404653 ], [ -39.5685749, -8.6366513 ], [ -39.5645222, -8.6302877 ], [ -39.5607751, -8.6283786 ], [ -39.5575152, -8.6288343 ], [ -39.556658, -8.6230886 ], [ -39.5550268, -8.6221333 ], [ -39.5454905, -8.6206807 ], [ -39.5315258, -8.6136551 ], [ -39.5262144, -8.6125347 ], [ -39.5212595, -8.6084851 ], [ -39.5186123, -8.6039111 ], [ -39.4856967, -8.5964458 ], [ -39.4823845, -8.5939531 ], [ -39.4761113, -8.5927932 ], [ -39.4612466, -8.5820402 ], [ -39.4575483, -8.5693366 ], [ -39.4521096, -8.5631991 ], [ -39.4444535, -8.5618016 ], [ -39.4354904, -8.5633018 ], [ -39.4278422, -8.5586581 ], [ -39.4248028, -8.5513961 ], [ -39.4160408, -8.5421279 ], [ -39.4095233, -8.5389001 ], [ -39.4002566, -8.5386592 ], [ -39.3863656, -8.5334911 ], [ -39.3797936, -8.5328206 ], [ -39.3644564, -8.5378496 ], [ -39.3568091, -8.5448965 ], [ -39.3568078, -8.5474845 ], [ -39.359429299999988, -8.5465025 ], [ -39.373572, -8.5632714 ], [ -39.4915814, -8.8358578 ], [ -39.4684681, -8.9762028 ], [ -39.4081685, -9.1331443 ], [ -39.3512429, -9.1572512 ], [ -39.3568984, -9.1622619 ], [ -39.3629038, -9.1783287 ], [ -39.3597719, -9.1894154 ], [ -39.3619876, -9.1993588 ], [ -39.360255, -9.2036153 ], [ -39.3603918, -9.2101139 ], [ -39.368476, -9.2176708 ], [ -39.3693859, -9.2216441 ], [ -39.3726413, -9.2250859 ], [ -39.3690486, -9.2299494 ], [ -39.3689677, -9.2353809 ], [ -39.3627573, -9.2444257 ], [ -39.3654641, -9.2542827 ], [ -39.3604965, -9.2736653 ], [ -39.3618422, -9.2790483 ], [ -39.3577585, -9.2843129 ], [ -39.3573793, -9.287403 ], [ -39.3646685, -9.2906147 ], [ -39.3658835, -9.2944186 ], [ -39.3634521, -9.2994472 ], [ -39.3665594, -9.3026161 ], [ -39.3677314, -9.3105399 ], [ -39.376854, -9.3169322 ], [ -39.3907179, -9.3186819 ], [ -39.3906443, -9.3221245 ], [ -39.3958278, -9.3288598 ], [ -39.3922876, -9.338111 ], [ -39.3966463, -9.3416255 ], [ -39.4011925, -9.3521213 ], [ -39.4059328, -9.3554833 ], [ -39.4081429, -9.36007 ], [ -39.4040444, -9.3762865 ], [ -39.4044078, -9.3849988 ], [ -39.401958799999989, -9.3905406 ], [ -39.4100828, -9.4166993 ], [ -39.4077121, -9.4246714 ], [ -39.4052055, -9.427072 ], [ -39.4063449, -9.4340098 ], [ -39.4043138, -9.4451009 ], [ -39.4108225, -9.4567835 ], [ -39.4265086, -9.460039 ], [ -39.4356853, -9.4576381 ], [ -39.436765, -9.4628836 ], [ -39.4398098, -9.4667337 ], [ -39.4394102, -9.4727272 ], [ -39.4438547, -9.4781963 ], [ -39.4427804, -9.4844538 ], [ -39.4445157, -9.4963425 ], [ -39.4465918, -9.5003602 ], [ -39.4454109, -9.5059088 ], [ -39.4465039, -9.5092276 ], [ -39.436593, -9.5155551 ], [ -39.4340526, -9.525529 ], [ -39.4287506, -9.5312111 ], [ -39.4283301, -9.533811 ], [ -39.4233117, -9.5354407 ], [ -39.4119563, -9.5434054 ], [ -39.412970099999988, -9.54991 ], [ -39.4150638, -9.5527592 ], [ -39.4132748, -9.5562924 ], [ -39.4151769, -9.5602915 ], [ -39.4110293, -9.566624 ], [ -39.4109281, -9.5696378 ], [ -39.4081486, -9.5702941 ], [ -39.4076667, -9.5779898 ], [ -39.4041399, -9.5801628 ], [ -39.3998386, -9.5785904 ], [ -39.3964602, -9.5799501 ], [ -39.3936195, -9.5780937 ], [ -39.386383, -9.5781019 ], [ -39.3829611, -9.5812993 ], [ -39.378319, -9.5903083 ], [ -39.3733525, -9.5954348 ], [ -39.3715372, -9.5955317 ], [ -39.3595727, -9.6156913 ], [ -39.6000655, -9.6996446 ], [ -39.6441021, -9.7068286 ], [ -39.6689216, -9.7291686 ], [ -39.6561897, -9.7405538 ], [ -39.6628186, -9.750663 ], [ -39.6857157, -9.7628357 ], [ -39.7957647, -9.8438103 ], [ -39.8232885, -9.8246973 ], [ -39.837772699999988, -9.8283462 ], [ -39.8400224, -9.8153773 ], [ -39.843768, -9.8112901 ], [ -39.852542, -9.807088 ], [ -39.8623797, -9.7919348 ], [ -39.8636058, -9.7812863 ], [ -39.873469, -9.7690268 ], [ -39.873267, -9.7646112 ], [ -39.8785533, -9.7567314 ], [ -39.8823411, -9.7458873 ], [ -39.8931472, -9.7405496 ], [ -39.897959, -9.7406573 ], [ -39.9021214, -9.7345601 ], [ -39.9000392, -9.7277005 ], [ -39.9004244, -9.7224478 ], [ -39.8984233, -9.7196522 ], [ -39.90064, -9.7059308 ], [ -39.8979057, -9.7039854 ], [ -39.8949866, -9.6952306 ], [ -39.8923308, -9.6926121 ], [ -39.8937642, -9.6883154 ], [ -39.8891879, -9.6742416 ], [ -39.8902029, -9.6706061 ], [ -39.8886626, -9.6657754 ], [ -39.8890819, -9.6529539 ], [ -39.8956923, -9.6429215 ], [ -39.8974565, -9.6348565 ], [ -39.8958603, -9.6130979 ], [ -39.8896435, -9.6014205 ], [ -39.8899796, -9.5900791 ], [ -39.8861252, -9.5822112 ], [ -39.8821754, -9.5674618 ], [ -39.8830439, -9.562935 ], [ -39.8812, -9.5517235 ], [ -39.8756834, -9.5472029 ], [ -39.8726462, -9.5384235 ], [ -39.8722712, -9.5321001 ], [ -39.8677428, -9.5265413 ], [ -39.8712366, -9.5088763 ], [ -39.8750257, -9.4992649 ], [ -39.8708446, -9.4936374 ], [ -39.8687224, -9.4861815 ], [ -39.8704169, -9.4681411 ], [ -39.8689353, -9.4639764 ], [ -39.8645848, -9.4606771 ], [ -39.8659217, -9.4529178 ], [ -39.869008, -9.4475905 ], [ -39.8646331, -9.4347807 ], [ -39.8722847, -9.4201785 ], [ -39.8710684, -9.4145562 ], [ -39.8764032, -9.3894181 ], [ -39.8761762, -9.3827895 ], [ -39.8810066, -9.372368 ], [ -39.8767143, -9.3642437 ], [ -39.8778414, -9.3535924 ], [ -39.8864083, -9.3298093 ], [ -39.8812459, -9.315805 ], [ -39.8832089, -9.3103566 ], [ -39.8790252, -9.3023241 ], [ -39.8802939, -9.293391 ], [ -39.8785472, -9.285178 ], [ -39.8797286, -9.2693319 ], [ -39.8703607, -9.2589569 ], [ -39.8696353, -9.2557173 ], [ -39.8738194, -9.2498322 ], [ -39.8703862, -9.2424746 ], [ -39.8641608, -9.2383217 ], [ -39.8608353, -9.2307545 ], [ -39.863671, -9.2213916 ], [ -39.8641164, -9.2104806 ], [ -39.8655638, -9.2048024 ], [ -39.8689039, -9.1997922 ], [ -39.8805254, -9.1958916 ], [ -39.8896376, -9.1896818 ], [ -39.8941706, -9.1664709 ], [ -39.9037283, -9.1619876 ], [ -39.9072976, -9.1573066 ], [ -39.9080177, -9.1530867 ], [ -39.9059592, -9.1455718 ], [ -39.9016336, -9.1383013 ], [ -39.9016085, -9.1304765 ], [ -39.9127691, -9.1219301 ], [ -39.9118703, -9.1126976 ], [ -39.9224273, -9.1117983 ], [ -39.9341971, -9.1178259 ], [ -39.9365065, -9.1163919 ], [ -39.9372293, -9.1123013 ], [ -39.9405258, -9.1104442 ], [ -39.9492743, -9.1142769 ], [ -39.9511263, -9.1170928 ], [ -39.9592921, -9.1220844 ], [ -39.9694027, -9.1199567 ], [ -39.9756984, -9.1090538 ], [ -39.9766234, -9.1038991 ], [ -39.9833728, -9.0963755 ], [ -39.9827947, -9.0878985 ], [ -39.9859859, -9.0779924 ], [ -39.976775599999989, -9.0664634 ], [ -39.9784499, -9.0548632 ], [ -39.968091, -9.0531971 ], [ -39.9554987, -9.046248 ], [ -39.9526447, -9.0402278 ], [ -39.9288324, -9.0129518 ], [ -39.9272432, -9.0091289 ], [ -39.9198491, -9.0018223 ], [ -39.9170063, -9.0012115 ], [ -39.9069239, -8.9816283 ], [ -39.8993503, -8.9724613 ], [ -39.8888191, -8.9658368 ], [ -39.8744286, -8.9367385 ], [ -39.8734422, -8.9302076 ], [ -39.8774699, -8.9215733 ], [ -39.8794186, -8.9019086 ], [ -39.8842363, -8.8956959 ], [ -39.9029382, -8.8587436 ], [ -39.9005427, -8.8420213 ], [ -39.8929577, -8.828794 ], [ -39.8868166, -8.8249912 ], [ -39.8629001, -8.8195006 ], [ -39.8447868, -8.8182488 ], [ -39.8227319, -8.8135158 ], [ -39.8148203, -8.814604 ], [ -39.8035928, -8.8186858 ], [ -39.7926627, -8.819891 ], [ -39.7887962, -8.8191096 ], [ -39.7754844, -8.8091122 ], [ -39.7644217, -8.8047936 ], [ -39.7617514, -8.8009633 ], [ -39.7503514, -8.7967661 ], [ -39.7477853, -8.794041 ], [ -39.7217684, -8.7990156 ], [ -39.7137514, -8.7973587 ], [ -39.704186, -8.8000063 ], [ -39.6951287, -8.7995714 ], [ -39.6906503, -8.7956383 ], [ -39.6746292, -8.7871572 ], [ -39.6717136, -8.7775815 ], [ -39.6749034, -8.7726786 ], [ -39.6781247, -8.7569574 ], [ -39.673824, -8.7454614 ], [ -39.67502, -8.7366674 ], [ -39.6779723, -8.732576 ], [ -39.6822825, -8.711469 ], [ -39.6930366, -8.680512 ] ] ] } },
{ "type": "Feature", "properties": { "CD_MUN": "2910859", "NM_MUN": "Filadélfia", "NM_UF": "Bahia", "NM_REGIAO": "Nordeste", "class_electre": 5, "class_label": "C5 (muito alto)", "Priorizacao": "Grupo 4", "class_mc_prob": 5, "ranking_pos": 26.0, "area_deg45_ha": 27350.0 }, "geometry": { "type": "Polygon", "coordinates": [ [ [ -40.1136465, -10.8446199 ], [ -40.1230343, -10.842073 ], [ -40.1230801, -10.8465136 ], [ -40.1258389, -10.8521171 ], [ -40.1327356, -10.8541273 ], [ -40.1359022, -10.8598449 ], [ -40.1412392, -10.856748 ], [ -40.1401857, -10.854183 ], [ -40.1432529, -10.8534509 ], [ -40.1529724, -10.855876 ], [ -40.154292, -10.8593379 ], [ -40.1564491, -10.8586326 ], [ -40.1564251, -10.8566742 ], [ -40.1609452, -10.8522417 ], [ -40.1641138, -10.8574083 ], [ -40.168407, -10.8574545 ], [ -40.17138, -10.8536842 ], [ -40.1734102, -10.8462817 ], [ -40.1769695, -10.844437 ], [ -40.180116, -10.845076 ], [ -40.1816098, -10.8392778 ], [ -40.1904514, -10.8358023 ], [ -40.1902388, -10.8343039 ], [ -40.1868279, -10.8331434 ], [ -40.1887887, -10.8330752 ], [ -40.1885732, -10.832 ], [ -40.1828608, -10.8317209 ], [ -40.1817955, -10.8287808 ], [ -40.1890272, -10.8195633 ], [ -40.1920023, -10.8176448 ], [ -40.1952521, -10.8225241 ], [ -40.2015276, -10.8165481 ], [ -40.2047903, -10.8180267 ], [ -40.2054225, -10.8104956 ], [ -40.2098543, -10.8117786 ], [ -40.2134853, -10.810172 ], [ -40.2134153, -10.804349 ], [ -40.2081215, -10.8006561 ], [ -40.2099509, -10.7972853 ], [ -40.2085291, -10.7898382 ], [ -40.215907799999989, -10.7871283 ], [ -40.2177307, -10.7794551 ], [ -40.2204106, -10.7765827 ], [ -40.2184829, -10.7729652 ], [ -40.2229869, -10.7700576 ], [ -40.2202513, -10.7665618 ], [ -40.2207299, -10.7620948 ], [ -40.2175755, -10.7592607 ], [ -40.2234596, -10.7527986 ], [ -40.2256437, -10.7526716 ], [ -40.2230198, -10.7491627 ], [ -40.2257299, -10.7475298 ], [ -40.2259843, -10.7387298 ], [ -40.227922, -10.7381632 ], [ -40.2322473, -10.7428789 ], [ -40.2354072, -10.7421195 ], [ -40.2362137, -10.7432574 ], [ -40.2376007, -10.7418721 ], [ -40.2374208, -10.7385434 ], [ -40.2402877, -10.7366124 ], [ -40.2439956, -10.7406539 ], [ -40.2476588, -10.738243 ], [ -40.2520784, -10.742334 ], [ -40.2536659, -10.7419207 ], [ -40.2540186, -10.7356449 ], [ -40.2583162, -10.7312403 ], [ -40.2575599, -10.7274312 ], [ -40.2612788, -10.7197738 ], [ -40.2615535, -10.7154496 ], [ -40.2637223, -10.7132535 ], [ -40.2625827, -10.7120601 ], [ -40.2639319, -10.7095572 ], [ -40.2606812, -10.7046207 ], [ -40.2622476, -10.7029063 ], [ -40.2703922, -10.7018677 ], [ -40.2702103, -10.6998909 ], [ -40.2729487, -10.6984177 ], [ -40.2726827, -10.6918352 ], [ -40.2680832, -10.6896512 ], [ -40.2692412, -10.6882513 ], [ -40.267962, -10.6853251 ], [ -40.2736955, -10.6836769 ], [ -40.2775872, -10.6849667 ], [ -40.2805823, -10.674971 ], [ -40.2825373, -10.6731157 ], [ -40.2783876, -10.6627813 ], [ -40.2761409, -10.661521 ], [ -40.2790679, -10.6551551 ], [ -40.2761475, -10.6508114 ], [ -40.2770702, -10.644754 ], [ -40.2750852, -10.6426507 ], [ -40.2765488, -10.6402622 ], [ -40.2738987, -10.6406554 ], [ -40.2761515, -10.636401 ], [ -40.2704945, -10.6344491 ], [ -40.272644, -10.6314945 ], [ -40.2760154, -10.6302574 ], [ -40.2772332, -10.6252657 ], [ -40.2809079, -10.6214518 ], [ -40.2715371, -10.6216779 ], [ -40.2616322, -10.6175657 ], [ -40.2562219, -10.6085996 ], [ -40.2208986, -10.6109638 ], [ -40.2107467, -10.6185971 ], [ -40.1963524, -10.6341065 ], [ -40.191621, -10.6434988 ], [ -40.1839656, -10.6525829 ], [ -40.1809632, -10.6477583 ], [ -40.1805201, -10.6352371 ], [ -40.1777982, -10.6288679 ], [ -40.1728891, -10.6246562 ], [ -40.164849, -10.6217853 ], [ -40.1607559, -10.6174126 ], [ -40.1425781, -10.6381843 ], [ -40.0274621, -10.6222738 ], [ -40.0182093, -10.6168791 ], [ -40.017675, -10.6208226 ], [ -40.0088893, -10.6208354 ], [ -40.0045932, -10.625368 ], [ -40.0007418, -10.6250077 ], [ -39.9965574, -10.6282611 ], [ -39.9953965, -10.6317127 ], [ -40.0157108, -10.6663605 ], [ -40.003935, -10.6723218 ], [ -40.0247991, -10.7113041 ], [ -40.036547, -10.7657728 ], [ -40.0351471, -10.7711567 ], [ -40.0295181, -10.7733258 ], [ -40.0300722, -10.7778526 ], [ -40.0279567, -10.7800582 ], [ -40.0394099, -10.7915888 ], [ -40.0456162, -10.8003387 ], [ -40.0491447, -10.8317755 ], [ -40.0552012, -10.8366294 ], [ -40.0555636, -10.8491557 ], [ -40.0573693, -10.8488362 ], [ -40.0588814, -10.8520176 ], [ -40.0575924, -10.8576926 ], [ -40.0648188, -10.8598632 ], [ -40.0728934, -10.8530866 ], [ -40.0838813, -10.8552229 ], [ -40.0894549, -10.8516332 ], [ -40.101875, -10.8521939 ], [ -40.1055937, -10.8487562 ], [ -40.1037288, -10.844861 ], [ -40.104954899999989, -10.8431864 ], [ -40.107627, -10.8422265 ], [ -40.1136465, -10.8446199 ] ] ] } },
{ "type": "Feature", "properties": { "CD_MUN": "2911253", "NM_MUN": "Gavião", "NM_UF": "Bahia", "NM_REGIAO": "Nordeste", "class_electre": 5, "class_label": "C5 (muito alto)", "Priorizacao": "Grupo 5", "class_mc_prob": 5, "ranking_pos": 1.0, "area_deg45_ha": 37200.0 }, "geometry": { "type": "Polygon", "coordinates": [ [ [ -39.6532894, -11.4706627 ], [ -39.6534599, -11.4730317 ], [ -39.641613, -11.4804553 ], [ -39.6382391, -11.4886739 ], [ -39.6351286, -11.4888616 ], [ -39.6320254, -11.4981286 ], [ -39.629222399999989, -11.4993283 ], [ -39.624636, -11.4985062 ], [ -39.6193238, -11.5050606 ], [ -39.6253284, -11.5074428 ], [ -39.6277316, -11.5170029 ], [ -39.6801835, -11.5582489 ], [ -39.7142337, -11.5746507 ], [ -39.7333499, -11.5878539 ], [ -39.7694852, -11.5915932 ], [ -39.7701948, -11.5879042 ], [ -39.7821665, -11.5907555 ], [ -39.7866169, -11.5888979 ], [ -39.7909315, -11.589202 ], [ -39.7927986, -11.5868124 ], [ -39.7969364, -11.5878797 ], [ -39.8092864, -11.5850555 ], [ -39.8152295, -11.5871019 ], [ -39.8148245, -11.5896027 ], [ -39.8177468, -11.5916819 ], [ -39.8209718, -11.5910109 ], [ -39.8317885, -11.5833759 ], [ -39.8426562, -11.5836788 ], [ -39.8431202, -11.5800599 ], [ -39.8461989, -11.5761697 ], [ -39.8521077, -11.5790519 ], [ -39.8572254, -11.5775714 ], [ -39.8651666, -11.5813998 ], [ -39.8979604, -11.555854 ], [ -39.9028849, -11.5037655 ], [ -39.899979, -11.5023208 ], [ -39.9003969, -11.4973889 ], [ -39.8975815, -11.4911589 ], [ -39.8961205, -11.4911243 ], [ -39.8956071, -11.487337 ], [ -39.8913749, -11.4864186 ], [ -39.8901911, -11.4831487 ], [ -39.8832174, -11.4812348 ], [ -39.8728441, -11.4887896 ], [ -39.8636764, -11.4889977 ], [ -39.8602001, -11.49154 ], [ -39.8570771, -11.489614 ], [ -39.8564382, -11.4845158 ], [ -39.848267, -11.4806693 ], [ -39.8456363, -11.4839143 ], [ -39.8459489, -11.4903699 ], [ -39.8428655, -11.4894384 ], [ -39.8388291, -11.4949844 ], [ -39.8294369, -11.4936185 ], [ -39.8259667, -11.4895564 ], [ -39.8232387, -11.4935276 ], [ -39.8251993, -11.4993276 ], [ -39.819054, -11.5039577 ], [ -39.8146545, -11.4927017 ], [ -39.8087628, -11.4907648 ], [ -39.8037953, -11.4849549 ], [ -39.7912896, -11.4783335 ], [ -39.7901556, -11.4727661 ], [ -39.7839111, -11.4673825 ], [ -39.7831258, -11.4635432 ], [ -39.7779221, -11.4648231 ], [ -39.7752664, -11.4679156 ], [ -39.7715087, -11.4663051 ], [ -39.7695697, -11.4612099 ], [ -39.770769, -11.4572278 ], [ -39.7658283, -11.4540215 ], [ -39.7609137, -11.4468542 ], [ -39.766968399999989, -11.4416477 ], [ -39.7648053, -11.4349615 ], [ -39.7621231, -11.4328706 ], [ -39.7652878, -11.430276 ], [ -39.7649352, -11.4287034 ], [ -39.7556534, -11.42672 ], [ -39.7574834, -11.4209302 ], [ -39.7503557, -11.4223593 ], [ -39.7381492, -11.4165122 ], [ -39.7354033, -11.4037865 ], [ -39.7202702, -11.3945928 ], [ -39.7127038, -11.3971143 ], [ -39.7105399, -11.4015869 ], [ -39.7034616, -11.4006273 ], [ -39.7001747, -11.3983743 ], [ -39.6963219, -11.4020163 ], [ -39.6903471, -11.4025911 ], [ -39.6857801, -11.4092395 ], [ -39.6803028, -11.4109162 ], [ -39.6725919, -11.4108083 ], [ -39.6654857, -11.4168463 ], [ -39.6560384, -11.4302515 ], [ -39.6545841, -11.4360388 ], [ -39.6558561, -11.4386441 ], [ -39.6615464, -11.4415432 ], [ -39.664731, -11.4470161 ], [ -39.6640136, -11.4538544 ], [ -39.6576274, -11.4617708 ], [ -39.6569131, -11.4676703 ], [ -39.6532894, -11.4706627 ] ] ] } },
{ "type": "Feature", "properties": { "CD_MUN": "2911709", "NM_MUN": "Guanambi", "NM_UF": "Bahia", "NM_REGIAO": "Nordeste", "class_electre": 5, "class_label": "C5 (muito alto)", "Priorizacao": "Grupo 5", "class_mc_prob": 5, "ranking_pos": 20.0, "area_deg45_ha": 70650.0 }, "geometry": { "type": "Polygon", "coordinates": [ [ [ -42.5858328, -14.2282534 ], [ -42.5854138, -14.2349182 ], [ -42.5868608, -14.2389099 ], [ -42.597405, -14.2464528 ], [ -42.5984085, -14.2507987 ], [ -42.5970836, -14.2518732 ], [ -42.599327, -14.2553904 ], [ -42.5958612, -14.2590164 ], [ -42.5968529, -14.2626295 ], [ -42.5923184, -14.2641241 ], [ -42.5917204, -14.2713965 ], [ -42.592958, -14.2732349 ], [ -42.5953562, -14.2733477 ], [ -42.5985942, -14.271221 ], [ -42.600103, -14.2762361 ], [ -42.601985, -14.2737398 ], [ -42.6038896, -14.2749723 ], [ -42.6026097, -14.2793964 ], [ -42.6103108, -14.287401 ], [ -42.6091513, -14.2898261 ], [ -42.6099076, -14.2955771 ], [ -42.615037, -14.2961626 ], [ -42.617158, -14.2948196 ], [ -42.6196123, -14.2964876 ], [ -42.7092068, -14.388579 ], [ -42.7044734, -14.3652644 ], [ -42.7099938, -14.3596488 ], [ -42.709613, -14.3563176 ], [ -42.7163707, -14.3548899 ], [ -42.7116118, -14.3300483 ], [ -42.7124406, -14.3251662 ], [ -42.7245561, -14.3185317 ], [ -42.7342459, -14.3172352 ], [ -42.7477493, -14.3116435 ], [ -42.7513895, -14.2963904 ], [ -42.881293, -14.3214783 ], [ -42.903089, -14.3404679 ], [ -42.9254846, -14.3411722 ], [ -42.927529, -14.3449964 ], [ -42.9318579, -14.348152 ], [ -42.9388759, -14.349038 ], [ -42.9406167, -14.3557955 ], [ -42.9381212, -14.3671786 ], [ -42.9447981, -14.3764728 ], [ -42.9492907, -14.3937648 ], [ -42.9511377, -14.3956553 ], [ -42.955075, -14.3961483 ], [ -42.9736748, -14.39057 ], [ -42.9756433, -14.3835528 ], [ -42.9739864, -14.3778198 ], [ -42.9969241, -14.3659187 ], [ -43.0047914, -14.3569523 ], [ -43.0082893, -14.3490373 ], [ -43.0176296, -14.3457626 ], [ -43.0264085, -14.3398159 ], [ -43.0418822, -14.3380947 ], [ -43.0489458, -14.3322608 ], [ -43.0626944, -14.3272272 ], [ -43.070051, -14.3220775 ], [ -42.9745746, -14.1906858 ], [ -42.9747626, -14.1865441 ], [ -42.9711157, -14.1847464 ], [ -42.9631449, -14.1853592 ], [ -42.9640284, -14.1802977 ], [ -42.9700568, -14.1788732 ], [ -42.9719155, -14.1762926 ], [ -42.9722091, -14.1660612 ], [ -42.9375882, -14.1028229 ], [ -42.9460624, -14.0146341 ], [ -42.9260566, -13.9898445 ], [ -42.9154643, -13.9824311 ], [ -42.908977, -13.9880973 ], [ -42.9025938, -13.986027 ], [ -42.891773699999987, -13.9907471 ], [ -42.8892979, -13.9972635 ], [ -42.8832865, -13.9981527 ], [ -42.8793217, -14.0018104 ], [ -42.8740412, -14.0035072 ], [ -42.8666205, -14.0089687 ], [ -42.8648417, -14.0132761 ], [ -42.8589202, -14.0191887 ], [ -42.8565828, -14.0175451 ], [ -42.8481405, -14.0187236 ], [ -42.8449306, -14.0158847 ], [ -42.839173099999989, -14.019251 ], [ -42.8365066, -14.017288 ], [ -42.8272981, -14.0199381 ], [ -42.8242064, -14.018713 ], [ -42.8207798, -14.0207217 ], [ -42.8125265, -14.0188427 ], [ -42.8098802, -14.0232691 ], [ -42.8080741, -14.0230259 ], [ -42.806135, -14.0283984 ], [ -42.8043574, -14.0277832 ], [ -42.799520199999989, -14.0309326 ], [ -42.7997884, -14.0374573 ], [ -42.7863781, -14.0574906 ], [ -42.7868778, -14.0603939 ], [ -42.7839468, -14.0652473 ], [ -42.7830216, -14.0731652 ], [ -42.772296, -14.0830709 ], [ -42.768273799999989, -14.0815419 ], [ -42.7597875, -14.0858474 ], [ -42.7570626, -14.0851425 ], [ -42.7546801, -14.0915421 ], [ -42.7476132, -14.0921864 ], [ -42.7441913, -14.0956159 ], [ -42.7365347, -14.0953065 ], [ -42.7294959, -14.0996469 ], [ -42.7273805, -14.1032873 ], [ -42.7203022, -14.1037436 ], [ -42.7195017, -14.1023147 ], [ -42.7132642, -14.1027425 ], [ -42.7102237, -14.1009201 ], [ -42.7097006, -14.0966576 ], [ -42.7013854, -14.0873486 ], [ -42.697122, -14.0775189 ], [ -42.6888015, -14.1075486 ], [ -42.6762949, -14.1168612 ], [ -42.6294322, -14.1398575 ], [ -42.6269143, -14.1384637 ], [ -42.6177404, -14.1396695 ], [ -42.6131238, -14.1375646 ], [ -42.600625, -14.1410838 ], [ -42.6000824, -14.1428814 ], [ -42.6028799, -14.1456861 ], [ -42.6039491, -14.1499603 ], [ -42.597828, -14.1713192 ], [ -42.5980008, -14.1760434 ], [ -42.5864782, -14.1901478 ], [ -42.5804806, -14.2007576 ], [ -42.5815918, -14.2168004 ], [ -42.5858328, -14.2282534 ] ] ] } },
{ "type": "Feature", "properties": { "CD_MUN": "2911857", "NM_MUN": "Heliópolis", "NM_UF": "Bahia", "NM_REGIAO": "Nordeste", "class_electre": 5, "class_label": "C5 (muito alto)", "Priorizacao": "Grupo 5", "class_mc_prob": 5, "ranking_pos": 10.0, "area_deg45_ha": 21025.0 }, "geometry": { "type": "Polygon", "coordinates": [ [ [ -38.22297, -10.724435 ], [ -38.2145258, -10.7250502 ], [ -38.2165189, -10.7268057 ], [ -38.2131843, -10.7310503 ], [ -38.2128115, -10.7346023 ], [ -38.2126329, -10.7416659 ], [ -38.21464, -10.7472407 ], [ -38.209498, -10.7561987 ], [ -38.2093598, -10.7604353 ], [ -38.2156637, -10.7682458 ], [ -38.2185886, -10.7832972 ], [ -38.2236191, -10.7874198 ], [ -38.2324602, -10.7909402 ], [ -38.232039, -10.7938942 ], [ -38.2356387, -10.7946292 ], [ -38.2354576, -10.7965402 ], [ -38.2383358, -10.8000158 ], [ -38.2368283, -10.8081635 ], [ -38.2496377, -10.8208144 ], [ -38.2680849, -10.8144649 ], [ -38.2878984, -10.8265518 ], [ -38.2982439, -10.8275171 ], [ -38.3057256, -10.8233288 ], [ -38.3431435, -10.8164986 ], [ -38.3396479, -10.8268955 ], [ -38.3529875, -10.8402497 ], [ -38.3770231, -10.8402247 ], [ -38.3765369, -10.7079949 ], [ -38.3948344, -10.7066315 ], [ -38.3946641, -10.6380725 ], [ -38.398005, -10.6327146 ], [ -38.3710009, -10.6359405 ], [ -38.2908768, -10.6527292 ], [ -38.2819479, -10.664819 ], [ -38.2657685, -10.6770573 ], [ -38.2647939, -10.6838757 ], [ -38.2617827, -10.6839708 ], [ -38.2529988, -10.6901908 ], [ -38.2527715, -10.6937823 ], [ -38.2494139, -10.697133 ], [ -38.2510618, -10.7023017 ], [ -38.2479399, -10.7082539 ], [ -38.22297, -10.724435 ] ] ] } },
{ "type": "Feature", "properties": { "CD_MUN": "2912509", "NM_MUN": "Ibipitanga", "NM_UF": "Bahia", "NM_REGIAO": "Nordeste", "class_electre": 5, "class_label": "C5 (muito alto)", "Priorizacao": "Grupo 5", "class_mc_prob": 5, "ranking_pos": 15.0, "area_deg45_ha": 61150.0 }, "geometry": { "type": "Polygon", "coordinates": [ [ [ -42.2115839, -12.9832336 ], [ -42.2204548, -12.9831074 ], [ -42.2239366, -12.9792152 ], [ -42.230958, -12.9829657 ], [ -42.2352389, -12.9815958 ], [ -42.2363322, -12.9796897 ], [ -42.2420815, -12.9803036 ], [ -42.2428913, -12.9776961 ], [ -42.247547, -12.9771647 ], [ -42.2521474, -12.9787201 ], [ -42.2531639, -12.9836188 ], [ -42.2556245, -12.9815011 ], [ -42.2577204, -12.9818105 ], [ -42.2585031, -12.9896408 ], [ -42.2608111, -12.9890906 ], [ -42.2662246, -12.9913798 ], [ -42.2688228, -12.9940305 ], [ -42.2686631, -12.9983612 ], [ -42.2649648, -13.0037947 ], [ -42.2667918, -13.0077227 ], [ -42.2729117, -13.0100762 ], [ -42.2754086, -13.014088 ], [ -42.2793375, -13.0149622 ], [ -42.2831382, -13.0195775 ], [ -42.2825691, -13.0214089 ], [ -42.2892293, -13.0338712 ], [ -42.2923072, -13.0283435 ], [ -42.2986675, -13.0301096 ], [ -42.303746, -13.026479 ], [ -42.3092193, -13.0283706 ], [ -42.3171492, -13.0363095 ], [ -42.3236583, -13.0349105 ], [ -42.3334637, -13.0364184 ], [ -42.3371902, -13.0430638 ], [ -42.3459621, -13.0363387 ], [ -42.3542128, -13.0338321 ], [ -42.3684694, -13.039219 ], [ -42.3712084, -13.0415658 ], [ -42.373643, -13.0474984 ], [ -42.3777361, -13.0490081 ], [ -42.3843709, -13.0473571 ], [ -42.3890225, -13.0438751 ], [ -42.3921856, -13.0401006 ], [ -42.3944184, -13.0328442 ], [ -42.3989636, -13.0327113 ], [ -42.4135032, -13.0267306 ], [ -42.4125463, -13.0128556 ], [ -42.417251, -13.0000172 ], [ -42.4160283, -12.9944885 ], [ -42.4173573, -12.9912457 ], [ -42.4220355, -12.9879497 ], [ -42.4204141, -12.9838829 ], [ -42.4133969, -12.982288 ], [ -42.4183674, -12.9683067 ], [ -42.4208128, -12.966446 ], [ -42.428149, -12.9651436 ], [ -42.4282819, -12.9596149 ], [ -42.4356979, -12.9575947 ], [ -42.4411203, -12.9511623 ], [ -42.4408811, -12.9476005 ], [ -42.4472604, -12.9457398 ], [ -42.4534005, -12.9498066 ], [ -42.4559522, -12.947441 ], [ -42.4583445, -12.9410882 ], [ -42.4491476, -12.9330343 ], [ -42.44843, -12.926974 ], [ -42.4581318, -12.9263095 ], [ -42.4610823, -12.9143483 ], [ -42.4806721, -12.9065867 ], [ -42.4915122, -12.8967621 ], [ -42.489845, -12.8927984 ], [ -42.4898791, -12.8861128 ], [ -42.4949145, -12.8835781 ], [ -42.4958501, -12.8808903 ], [ -42.4911029, -12.8709641 ], [ -42.4933675, -12.8688628 ], [ -42.5005549, -12.8676457 ], [ -42.5028619, -12.8640016 ], [ -42.4981499, -12.8542449 ], [ -42.5099505, -12.8419899 ], [ -42.5170794, -12.839814 ], [ -42.521623, -12.8362049 ], [ -42.529625, -12.8238124 ], [ -42.5258936, -12.8102897 ], [ -42.5226375, -12.8070507 ], [ -42.5224392, -12.8011551 ], [ -42.5173976, -12.7973978 ], [ -42.5154914, -12.7851273 ], [ -42.5110801, -12.7753449 ], [ -42.5043392, -12.7763446 ], [ -42.4955823, -12.7678541 ], [ -42.5008024, -12.7622055 ], [ -42.5011279, -12.7496354 ], [ -42.4948578, -12.7410768 ], [ -42.4968405, -12.7387121 ], [ -42.5019086, -12.7393409 ], [ -42.5047508, -12.7375526 ], [ -42.5062869, -12.7316301 ], [ -42.5171663, -12.7117276 ], [ -42.50903, -12.7108561 ], [ -42.5047031, -12.7163729 ], [ -42.500168, -12.7170479 ], [ -42.4981981, -12.7123497 ], [ -42.4787658, -12.710954 ], [ -42.473733, -12.7081305 ], [ -42.4680873, -12.6966773 ], [ -42.4596614, -12.6958767 ], [ -42.4535421, -12.6885505 ], [ -42.4505194, -12.6870605 ], [ -42.41913, -12.6977569 ], [ -42.4159964, -12.6961454 ], [ -42.407772799999989, -12.6982163 ], [ -42.4009686, -12.6960645 ], [ -42.3958677, -12.6968123 ], [ -42.3711288, -12.7118381 ], [ -42.3610958, -12.7127068 ], [ -42.3535437, -12.7169553 ], [ -42.344835, -12.7113465 ], [ -42.3412859, -12.7107101 ], [ -42.3253276, -12.7148669 ], [ -42.3177768, -12.7128998 ], [ -42.3070784, -12.7048045 ], [ -42.2972369, -12.7034586 ], [ -42.2832705, -12.7067035 ], [ -42.269882, -12.7174207 ], [ -42.2650069, -12.7269569 ], [ -42.2424149, -12.8074065 ], [ -42.2431104, -12.810469 ], [ -42.2475507, -12.8131002 ], [ -42.2487391, -12.8160655 ], [ -42.246446, -12.8223053 ], [ -42.2410374, -12.8241503 ], [ -42.2389485, -12.8335516 ], [ -42.2334051, -12.8447501 ], [ -42.2346426, -12.8527057 ], [ -42.2237977, -12.8623598 ], [ -42.2227928, -12.867659 ], [ -42.2240782, -12.8719445 ], [ -42.222712, -12.8757273 ], [ -42.2238859, -12.8806326 ], [ -42.2154914, -12.8946031 ], [ -42.215409699999988, -12.9050346 ], [ -42.2101264, -12.9172485 ], [ -42.2120893, -12.9217463 ], [ -42.2037793, -12.9236842 ], [ -42.1992766, -12.921258 ], [ -42.1961741, -12.9222301 ], [ -42.193301, -12.9271315 ], [ -42.1884404, -12.929758 ], [ -42.187711799999988, -12.9331485 ], [ -42.1890884, -12.9374156 ], [ -42.1879914, -12.9391713 ], [ -42.1767679, -12.9436451 ], [ -42.1747042, -12.9494115 ], [ -42.170547, -12.9517845 ], [ -42.1677148, -12.9581962 ], [ -42.1679771, -12.9597923 ], [ -42.1756864, -12.9611031 ], [ -42.1755908, -12.957984 ], [ -42.1779425, -12.957706 ], [ -42.1866546, -12.9611108 ], [ -42.189103499999987, -12.9647306 ], [ -42.1955138, -12.9649813 ], [ -42.1968721, -12.9682858 ], [ -42.1984416, -12.9679522 ], [ -42.1986924, -12.965544 ], [ -42.202237, -12.9646616 ], [ -42.2072137, -12.9677828 ], [ -42.2071721, -12.9715075 ], [ -42.2115839, -12.9832336 ] ] ] } },
{ "type": "Feature", "properties": { "CD_MUN": "2913309", "NM_MUN": "Ichu", "NM_UF": "Bahia", "NM_REGIAO": "Nordeste", "class_electre": 5, "class_label": "C5 (muito alto)", "Priorizacao": "Grupo 5", "class_mc_prob": 5, "ranking_pos": 19.0, "area_deg45_ha": 7675.0 }, "geometry": { "type": "Polygon", "coordinates": [ [ [ -39.0986733, -11.7093957 ], [ -39.0606527, -11.769819 ], [ -39.2178749, -11.7681663 ], [ -39.2177375, -11.7820109 ], [ -39.2285779, -11.7858469 ], [ -39.2477668, -11.7666047 ], [ -39.2528574, -11.7554338 ], [ -39.2531639, -11.7527278 ], [ -39.24326, -11.7553876 ], [ -39.2330848, -11.7638826 ], [ -39.229374, -11.7599644 ], [ -39.2307581, -11.7555772 ], [ -39.2243407, -11.7497221 ], [ -39.2118425, -11.7294679 ], [ -39.2114142, -11.7262044 ], [ -39.2143571, -11.7211306 ], [ -39.2087359, -11.7169494 ], [ -39.2081023, -11.7115689 ], [ -39.2047009, -11.710686 ], [ -39.2015131, -11.7058753 ], [ -39.194602, -11.7053077 ], [ -39.1894418, -11.6965732 ], [ -39.1806527, -11.6904953 ], [ -39.1780087, -11.6854977 ], [ -39.1691295, -11.6841121 ], [ -39.1572461, -11.6869548 ], [ -39.1536711, -11.685025 ], [ -39.1539573, -11.6815883 ], [ -39.1557072, -11.6801214 ], [ -39.151836, -11.6784214 ], [ -39.151665, -11.6761154 ], [ -39.1557752, -11.6672623 ], [ -39.1545846, -11.6645788 ], [ -39.1570034, -11.6616962 ], [ -39.1535745, -11.66131 ], [ -39.1537098, -11.6586937 ], [ -39.1596644, -11.6493104 ], [ -39.1593051, -11.6465351 ], [ -39.1545977, -11.6464604 ], [ -39.1455747, -11.6602047 ], [ -39.1188191, -11.6846631 ], [ -39.0986733, -11.7093957 ] ] ] } },
{ "type": "Feature", "properties": { "CD_MUN": "2914000", "NM_MUN": "Ipirá", "NM_UF": "Bahia", "NM_REGIAO": "Nordeste", "class_electre": 5, "class_label": "C5 (muito alto)", "Priorizacao": "Grupo 5", "class_mc_prob": 5, "ranking_pos": 9.0, "area_deg45_ha": 217625.0 }, "geometry": { "type": "Polygon", "coordinates": [ [ [ -39.5220546, -12.036918 ], [ -39.4081901, -12.2660464 ], [ -39.4132268, -12.2697486 ], [ -39.4087266, -12.2702046 ], [ -39.4042532, -12.2737642 ], [ -39.3997608, -12.273631 ], [ -39.3973623, -12.2765339 ], [ -39.4085939, -12.2916835 ], [ -39.4142977, -12.2925467 ], [ -39.4230715, -12.303988 ], [ -39.4321305, -12.3076571 ], [ -39.4345302, -12.3123655 ], [ -39.4338741, -12.3154792 ], [ -39.4374181, -12.3168571 ], [ -39.4383993, -12.3206689 ], [ -39.4364231, -12.3252551 ], [ -39.4309621, -12.3282004 ], [ -39.4334922, -12.33503 ], [ -39.4517163, -12.3376061 ], [ -39.4625733, -12.3460797 ], [ -39.4683394, -12.3465233 ], [ -39.4848587, -12.3408114 ], [ -39.4958859, -12.3393876 ], [ -39.497563, -12.3361842 ], [ -39.5066511, -12.333503 ], [ -39.5091743, -12.3362306 ], [ -39.5179979, -12.3396354 ], [ -39.5270734, -12.3378505 ], [ -39.530074, -12.3427773 ], [ -39.5373012, -12.3410708 ], [ -39.5609934, -12.3532064 ], [ -39.5909233, -12.3771369 ], [ -39.62729, -12.3936621 ], [ -39.6254835, -12.3967528 ], [ -39.626495399999989, -12.4039181 ], [ -39.642976, -12.3993585 ], [ -39.6613436, -12.4033138 ], [ -39.6666642, -12.4078662 ], [ -39.7389517, -12.4100469 ], [ -39.7705755, -12.4303025 ], [ -39.7814221, -12.4250912 ], [ -39.8073878, -12.4453803 ], [ -39.9152854, -12.5083562 ], [ -39.9100511, -12.5167653 ], [ -39.9256899, -12.5216021 ], [ -39.9396579, -12.5085558 ], [ -39.9404106, -12.5047068 ], [ -39.9374141, -12.5041521 ], [ -39.936416099999988, -12.5017486 ], [ -39.9384031, -12.4933534 ], [ -39.9416875, -12.4888327 ], [ -39.9370922, -12.486591 ], [ -39.9366283, -12.4839749 ], [ -39.9423615, -12.48235 ], [ -39.9445898, -12.4791784 ], [ -39.9470312, -12.4800108 ], [ -39.9538857, -12.4770489 ], [ -39.9596624, -12.4690335 ], [ -39.9677929, -12.4773014 ], [ -39.9704087, -12.4730559 ], [ -39.978025, -12.4736251 ], [ -39.9797415, -12.4686061 ], [ -39.9750985, -12.4666156 ], [ -39.9752446, -12.4628554 ], [ -39.9703339, -12.4566487 ], [ -39.9729314, -12.4556999 ], [ -39.9758098, -12.4582565 ], [ -39.9779958, -12.4572395 ], [ -39.9770227, -12.4544012 ], [ -39.9798187, -12.452419 ], [ -39.9787091, -12.4455277 ], [ -39.982012, -12.4440591 ], [ -39.9842287, -12.436086 ], [ -39.9875561, -12.4350521 ], [ -39.9868769, -12.4296204 ], [ -39.9911547, -12.4283824 ], [ -39.9980617, -12.4232827 ], [ -39.9980651, -12.4193468 ], [ -40.0093172, -12.4122669 ], [ -40.010352, -12.407696 ], [ -40.0155968, -12.4066429 ], [ -40.0221146, -12.4027215 ], [ -40.0227347, -12.3987479 ], [ -40.0197711, -12.3969109 ], [ -40.0216482, -12.39327 ], [ -40.024186, -12.395869 ], [ -40.0280509, -12.3948553 ], [ -40.0262515, -12.3886756 ], [ -40.0269212, -12.3818646 ], [ -40.0337023, -12.3765829 ], [ -40.0342605, -12.3737643 ], [ -40.0404615, -12.3667495 ], [ -40.0356315, -12.3624396 ], [ -40.0354384, -12.3606021 ], [ -40.0400885, -12.3596567 ], [ -40.043548, -12.355591 ], [ -40.0512174, -12.3553589 ], [ -40.0533808, -12.3466931 ], [ -40.0600072, -12.3410253 ], [ -40.066241, -12.3467986 ], [ -40.0712553, -12.345514 ], [ -40.0738437, -12.3431403 ], [ -40.0712431, -12.3386703 ], [ -40.0715523, -12.3346609 ], [ -40.0809714, -12.3347295 ], [ -40.0848403, -12.3293895 ], [ -40.0896974, -12.3297779 ], [ -40.0933355, -12.3251358 ], [ -40.0951239, -12.3251007 ], [ -40.0967249, -12.3275427 ], [ -40.1085416, -12.3257861 ], [ -40.1124041, -12.3295489 ], [ -40.1148343, -12.3294766 ], [ -40.1173126, -12.3233959 ], [ -40.1144234, -12.3203706 ], [ -40.1191687, -12.3182952 ], [ -40.1209747, -12.3137253 ], [ -40.1245199, -12.3131828 ], [ -40.1240686, -12.3032732 ], [ -40.1284174, -12.3040509 ], [ -40.133258, -12.2993953 ], [ -40.1323525, -12.2968647 ], [ -40.1339715, -12.295103 ], [ -40.1320138, -12.2830397 ], [ -40.1333316, -12.2796626 ], [ -40.1309689, -12.27777 ], [ -40.1303136, -12.274591 ], [ -40.1341388, -12.2727642 ], [ -40.1356779, -12.2701999 ], [ -40.1373066, -12.2583206 ], [ -40.1357128, -12.2534475 ], [ -40.1363805, -12.2517865 ], [ -40.1381854, -12.2492908 ], [ -40.1390927, -12.2484172 ], [ -40.1397906, -12.2476015 ], [ -40.1406154, -12.2465664 ], [ -40.1407406, -12.2461771 ], [ -40.1410149, -12.2459985 ], [ -40.0903727, -12.2028084 ], [ -40.081413, -12.1999186 ], [ -40.0796216, -12.1960666 ], [ -40.0741938, -12.1927966 ], [ -40.0696034, -12.1941174 ], [ -40.0689465, -12.1987774 ], [ -40.0633194, -12.1969257 ], [ -40.0585654, -12.1982605 ], [ -40.0576793, -12.1959329 ], [ -40.0555976, -12.1952907 ], [ -40.0504625, -12.1960238 ], [ -40.0477679, -12.1940231 ], [ -40.0460558, -12.1903324 ], [ -40.0468198, -12.1889795 ], [ -40.043241699999989, -12.1875744 ], [ -40.0458238, -12.1824993 ], [ -40.0452895, -12.1805194 ], [ -40.0352994, -12.1761392 ], [ -40.0328361, -12.1703959 ], [ -40.0337339, -12.1663237 ], [ -40.038705, -12.1625255 ], [ -40.0373383, -12.1598886 ], [ -40.0394253, -12.155376 ], [ -40.0373146, -12.1533725 ], [ -40.035312, -12.1545447 ], [ -40.0318938, -12.1492001 ], [ -40.0330421, -12.1316725 ], [ -40.0313491, -12.1287184 ], [ -40.0320555, -12.1248485 ], [ -40.0342393, -12.1228258 ], [ -40.0285057, -12.1128323 ], [ -40.0310271, -12.0951069 ], [ -40.0272144, -12.0838746 ], [ -40.0279483, -12.0787704 ], [ -40.0251143, -12.0701602 ], [ -40.025552, -12.0593931 ], [ -40.0285189, -12.0551704 ], [ -39.9712479, -12.0545168 ], [ -39.9712713, -12.0507409 ], [ -39.9735959, -12.0483949 ], [ -39.9737833, -12.03702 ], [ -39.9699078, -12.0288302 ], [ -39.9620462, -12.0225277 ], [ -39.9610634, -12.0123238 ], [ -39.9649865, -12.0083238 ], [ -39.9651763, -11.9925379 ], [ -39.9708224, -11.9868001 ], [ -39.9599706, -11.9793606 ], [ -39.9584012, -11.976677 ], [ -39.9599117, -11.9747221 ], [ -39.9583949, -11.9766795 ], [ -39.9580968, -11.9796591 ], [ -39.9541373, -11.9853565 ], [ -39.9473, -11.98686 ], [ -39.9477256, -11.9909013 ], [ -39.945492, -11.9930501 ], [ -39.9363369, -11.9931333 ], [ -39.9312885, -11.9943636 ], [ -39.9286769, -11.9972215 ], [ -39.9235096, -11.9970107 ], [ -39.9210481, -12.0019035 ], [ -39.922124, -12.011162 ], [ -39.9198945, -12.0157203 ], [ -39.913746, -12.0245324 ], [ -39.911871399999988, -12.0237998 ], [ -39.9048619, -12.0288311 ], [ -39.8498221, -11.994442 ], [ -39.847375, -11.9807862 ], [ -39.8427426, -11.9717016 ], [ -39.8378536, -11.973438 ], [ -39.8347183, -11.9717211 ], [ -39.8238395, -11.9541338 ], [ -39.8138991, -11.9424879 ], [ -39.8118283, -11.9351287 ], [ -39.8080398, -11.9309221 ], [ -39.8073065, -11.9273551 ], [ -39.7950292, -11.9132663 ], [ -39.7916965, -11.9036172 ], [ -39.782599, -11.898519 ], [ -39.7790905, -11.8994791 ], [ -39.7750119, -11.9069732 ], [ -39.7741185, -11.9153953 ], [ -39.7295254, -11.9059208 ], [ -39.7232096, -11.906731 ], [ -39.7191058, -11.9055069 ], [ -39.7111482, -11.9096319 ], [ -39.7045273, -11.9177075 ], [ -39.6989898, -11.9187445 ], [ -39.6917904, -11.9244398 ], [ -39.6855279, -11.9226861 ], [ -39.6772138, -11.9239462 ], [ -39.673378, -11.9287264 ], [ -39.665136499999988, -11.9338498 ], [ -39.6628347, -11.9430926 ], [ -39.6594043, -11.9471573 ], [ -39.6515147, -11.9459935 ], [ -39.6455826, -11.9482446 ], [ -39.6416737, -11.9540863 ], [ -39.6449006, -11.961277 ], [ -39.6449708, -11.9657215 ], [ -39.6366886, -11.987059 ], [ -39.6363919, -11.9972619 ], [ -39.6308832, -12.0027308 ], [ -39.6241546, -12.0146997 ], [ -39.6239474, -12.0192443 ], [ -39.613995, -12.0207062 ], [ -39.6067454, -12.0272354 ], [ -39.6072098, -12.032368 ], [ -39.6002118, -12.0421034 ], [ -39.6014427, -12.0494382 ], [ -39.5938198, -12.0611244 ], [ -39.5220546, -12.036918 ] ] ] } },
{ "type": "Feature", "properties": { "CD_MUN": "2915353", "NM_MUN": "Itaguaçu da Bahia", "NM_UF": "Bahia", "NM_REGIAO": "Nordeste", "class_electre": 5, "class_label": "C5 (muito alto)", "Priorizacao": "Grupo 4", "class_mc_prob": 5, "ranking_pos": 36.0, "area_deg45_ha": 78400.0 }, "geometry": { "type": "Polygon", "coordinates": [ [ [ -42.3282477, -11.2880328 ], [ -42.3415592, -11.2853547 ], [ -42.3457927, -11.2786012 ], [ -42.3479711, -11.2775846 ], [ -42.3617064, -11.2792154 ], [ -42.3748783, -11.2755626 ], [ -42.4005271, -11.2787514 ], [ -42.4068672, -11.281345 ], [ -42.4131488, -11.280855 ], [ -42.4278398, -11.285251 ], [ -42.4328955, -11.2806644 ], [ -42.4403487, -11.265758 ], [ -42.4448286, -11.2633275 ], [ -42.4474512, -11.258346 ], [ -42.4404345, -11.2541359 ], [ -42.4429497, -11.2454429 ], [ -42.4541014, -11.23016 ], [ -42.4576028, -11.229168 ], [ -42.4594768, -11.2264594 ], [ -42.4585353, -11.2240638 ], [ -42.4527571, -11.2211715 ], [ -42.451176, -11.2169125 ], [ -42.4553106, -11.2124082 ], [ -42.4653623, -11.1923063 ], [ -42.4759469, -11.1792384 ], [ -42.4750383, -11.171873 ], [ -42.479491, -11.1659477 ], [ -42.4807512, -11.1602462 ], [ -42.486876, -11.1493162 ], [ -42.4899612, -11.1490851 ], [ -42.5012252, -11.1555758 ], [ -42.5044566, -11.1548983 ], [ -42.5092517, -11.1491129 ], [ -42.5122225, -11.1371774 ], [ -42.5164663, -11.1328059 ], [ -42.5150623, -11.1174103 ], [ -42.5127236, -11.1159387 ], [ -42.5109351, -11.1054104 ], [ -42.5025492, -11.1013307 ], [ -42.5001118, -11.0962761 ], [ -42.502001, -11.0860399 ], [ -42.5071272, -11.0760253 ], [ -42.5101147, -11.0604575 ], [ -42.5153014, -11.0546545 ], [ -42.5180745, -11.0572222 ], [ -42.5209886, -11.0568261 ], [ -42.5247687, -11.048887 ], [ -42.5238613, -11.0342475 ], [ -42.5253138, -11.0275307 ], [ -42.5163611, -11.0132532 ], [ -42.5161744, -11.0105928 ], [ -42.5253668, -11.0075116 ], [ -42.530814, -11.0038298 ], [ -42.538200499999988, -11.0050284 ], [ -42.5402211, -11.0015839 ], [ -42.5230815, -10.9038679 ], [ -42.4231299, -10.7738563 ], [ -42.414645, -10.7712846 ], [ -42.4128001, -10.7681328 ], [ -42.3991346, -10.7691167 ], [ -42.3916208, -10.7659709 ], [ -42.3752863, -10.7737951 ], [ -42.3736068, -10.7766396 ], [ -42.3729658, -10.7741567 ], [ -42.3695936, -10.7756704 ], [ -42.3644694, -10.7717326 ], [ -42.3649692, -10.7650129 ], [ -42.3601666, -10.7621666 ], [ -42.3574779, -10.7536235 ], [ -42.3553974, -10.7517274 ], [ -42.3556214, -10.7475108 ], [ -42.350905, -10.7405813 ], [ -42.3518364, -10.738138 ], [ -42.3446122, -10.7316226 ], [ -42.3450925, -10.7291511 ], [ -42.3427734, -10.726353 ], [ -42.3427607, -10.7180758 ], [ -42.3410072, -10.7132976 ], [ -42.3428235, -10.7105628 ], [ -42.3407893, -10.7066513 ], [ -42.3432151, -10.7038964 ], [ -42.3407425, -10.6996542 ], [ -42.3440681, -10.6947015 ], [ -42.343976, -10.6925765 ], [ -42.3418841, -10.6921503 ], [ -42.3425938, -10.6833408 ], [ -42.328120899999988, -10.6751346 ], [ -42.3221368, -10.6591665 ], [ -42.3283514, -10.6563691 ], [ -42.3275369, -10.653508 ], [ -42.3314186, -10.6514503 ], [ -42.3277331, -10.6457802 ], [ -42.3285965, -10.6430327 ], [ -42.3261458, -10.6390635 ], [ -42.3288221, -10.6328495 ], [ -42.3261188, -10.6308351 ], [ -42.3245834, -10.6258112 ], [ -42.3278773, -10.62146 ], [ -42.325172, -10.6157964 ], [ -42.3317633, -10.6120044 ], [ -42.3347622, -10.607085 ], [ -42.3294635, -10.6021286 ], [ -42.3313741, -10.5980004 ], [ -42.3291313, -10.589455 ], [ -42.3298826, -10.5842183 ], [ -42.3327984, -10.5810573 ], [ -42.3324589, -10.5786023 ], [ -42.3367087, -10.5766143 ], [ -42.3387176, -10.5734455 ], [ -42.3366019, -10.5695118 ], [ -42.3372388, -10.566598 ], [ -42.3396905, -10.5666187 ], [ -42.3438718, -10.5607801 ], [ -42.343598, -10.5573616 ], [ -42.3397868, -10.5513899 ], [ -42.3402312, -10.5488683 ], [ -42.346227899999988, -10.5480856 ], [ -42.350202, -10.543895 ], [ -42.3499295, -10.5403103 ], [ -42.3517291, -10.5370184 ], [ -42.3550357, -10.5351568 ], [ -42.356582, -10.5294188 ], [ -42.3549712, -10.5238767 ], [ -42.3573125, -10.5230903 ], [ -42.3557086, -10.5166302 ], [ -42.3583417, -10.5113738 ], [ -42.3528748, -10.4966676 ], [ -42.3495896, -10.4956481 ], [ -42.3493281, -10.4901341 ], [ -42.344247, -10.4828732 ], [ -42.3424677, -10.4813091 ], [ -42.3387866, -10.4825414 ], [ -42.3350842, -10.4804927 ], [ -42.329652, -10.4816172 ], [ -42.3257361, -10.4797263 ], [ -42.3250069, -10.4769137 ], [ -42.3291805, -10.4762012 ], [ -42.3303594, -10.4738801 ], [ -42.3253345, -10.4693746 ], [ -42.3258606, -10.4633067 ], [ -42.317529799999988, -10.4553716 ], [ -42.3199409, -10.4504618 ], [ -42.3128008, -10.4446731 ], [ -42.3294431, -10.436732 ], [ -42.3338977, -10.4314876 ], [ -42.3344012, -10.4193639 ], [ -42.3277673, -10.4139525 ], [ -42.332836, -10.4010752 ], [ -42.3285978, -10.3967396 ], [ -42.3302032, -10.3937964 ], [ -42.3433539, -10.3906562 ], [ -42.350538, -10.3856089 ], [ -42.3511802, -10.3811673 ], [ -42.3447708, -10.3752652 ], [ -42.3436767, -10.370419 ], [ -42.3470038, -10.3681543 ], [ -42.352903, -10.3689371 ], [ -42.3587458, -10.3674835 ], [ -42.3664179, -10.3640057 ], [ -42.3680845, -10.3617518 ], [ -42.3607243, -10.3445333 ], [ -42.3628842, -10.3388537 ], [ -42.3692378, -10.3340125 ], [ -42.3777701, -10.3348147 ], [ -42.3796987, -10.3335183 ], [ -42.3813964, -10.3260399 ], [ -42.3909586, -10.3221373 ], [ -42.3988736, -10.3118659 ], [ -42.3968021, -10.3040028 ], [ -42.3854151, -10.2994592 ], [ -42.3801841, -10.2954875 ], [ -42.3684468, -10.2783552 ], [ -42.3668389, -10.267855 ], [ -42.373937, -10.2446391 ], [ -42.3748646, -10.2437086 ], [ -42.3797379, -10.2456321 ], [ -42.3806185, -10.2414152 ], [ -42.3837415, -10.2374675 ], [ -42.3886904, -10.221088 ], [ -42.3874693, -10.2180352 ], [ -42.3901587, -10.2042909 ], [ -42.3943978, -10.1934219 ], [ -42.4054672, -10.1851203 ], [ -42.15966, -10.2579383 ], [ -42.157799, -10.2629852 ], [ -42.1550804, -10.2651747 ], [ -42.155484, -10.2765528 ], [ -42.1527382, -10.2800276 ], [ -42.1495435, -10.2807719 ], [ -42.1495497, -10.2843466 ], [ -42.1430508, -10.2897729 ], [ -42.1437199, -10.2945893 ], [ -42.1368268, -10.3003958 ], [ -42.135429, -10.3049744 ], [ -42.1361505, -10.309112 ], [ -42.132556, -10.3129682 ], [ -42.1332025, -10.3190438 ], [ -42.1308852, -10.3219826 ], [ -42.130326499999988, -10.3274458 ], [ -42.1333613, -10.3303166 ], [ -42.1311561, -10.332241 ], [ -42.130844, -10.336074 ], [ -42.1320573, -10.3382953 ], [ -42.1350562, -10.3391847 ], [ -42.132519, -10.346924 ], [ -42.1292894, -10.3484147 ], [ -42.1274994, -10.3531206 ], [ -42.123258, -10.3576899 ], [ -42.1099358, -10.3670141 ], [ -42.1080857, -10.3700617 ], [ -42.0958273, -10.3759348 ], [ -42.0918624, -10.382001 ], [ -42.0947175, -10.3919673 ], [ -42.0924293, -10.396568 ], [ -42.094039699999989, -10.4086016 ], [ -42.0990563, -10.414565 ], [ -42.0943165, -10.416839 ], [ -42.0854701, -10.4257124 ], [ -42.0864069, -10.4314436 ], [ -42.0841021, -10.43796 ], [ -42.0846148, -10.4432663 ], [ -42.0795428, -10.4572071 ], [ -42.0893496, -10.4767177 ], [ -42.0836017, -10.4862359 ], [ -42.0732559, -10.4893448 ], [ -42.0691497, -10.4942762 ], [ -42.0690829, -10.4965537 ], [ -42.0709307, -10.4978643 ], [ -42.0706575, -10.5015772 ], [ -42.0723483, -10.5032802 ], [ -42.0670639, -10.5069007 ], [ -42.063828, -10.5148344 ], [ -42.0659935, -10.5289805 ], [ -42.0611794, -10.5325211 ], [ -42.0602479, -10.5362241 ], [ -42.0528575, -10.5395681 ], [ -42.0482878, -10.5442497 ], [ -42.0446095, -10.5533658 ], [ -42.0430184, -10.5670982 ], [ -42.0348227, -10.575879 ], [ -42.0359826, -10.5830512 ], [ -42.034586, -10.5861589 ], [ -42.02829, -10.5882512 ], [ -42.0292139, -10.5928956 ], [ -42.0248666, -10.5920957 ], [ -42.0217345, -10.5936685 ], [ -42.0201282, -10.600866 ], [ -42.015326, -10.6070567 ], [ -42.0163797, -10.6128874 ], [ -42.0193862, -10.6110182 ], [ -42.0206148, -10.6119999 ], [ -42.0198657, -10.6143973 ], [ -42.0138382, -10.6191437 ], [ -42.0146855, -10.6242128 ], [ -42.0166788, -10.6256237 ], [ -42.0148165, -10.628305 ], [ -42.015467, -10.6307094 ], [ -42.012345, -10.6311855 ], [ -42.011491899999989, -10.6354372 ], [ -42.0055482, -10.6406953 ], [ -41.9982741, -10.6418214 ], [ -41.9159295, -10.6428364 ], [ -41.8219723, -10.6976998 ], [ -42.0888947, -10.9328926 ], [ -42.0742308, -11.0274325 ], [ -42.075611099999989, -11.0297717 ], [ -42.0890672, -11.0222174 ], [ -42.145262, -11.0233062 ], [ -42.146161, -11.0472524 ], [ -42.1897145, -11.0748635 ], [ -42.2582794, -11.1423102 ], [ -42.2402901, -11.261235 ], [ -42.3259637, -11.2860507 ], [ -42.3262604, -11.2900034 ], [ -42.3282477, -11.2880328 ] ] ] } },
{ "type": "Feature", "properties": { "CD_MUN": "2917003", "NM_MUN": "Itiúba", "NM_UF": "Bahia", "NM_REGIAO": "Nordeste", "class_electre": 5, "class_label": "C5 (muito alto)", "Priorizacao": "Grupo 4", "class_mc_prob": 5, "ranking_pos": 28.0, "area_deg45_ha": 75825.0 }, "geometry": { "type": "Polygon", "coordinates": [ [ [ -39.8508263, -10.9157425 ], [ -39.8613421, -10.9180607 ], [ -39.8646884, -10.9139637 ], [ -39.865331, -10.9048808 ], [ -39.8695739, -10.9033062 ], [ -39.879518399999988, -10.9075063 ], [ -39.8837046, -10.9059931 ], [ -39.8848667, -10.9004491 ], [ -39.891037, -10.8994048 ], [ -39.8937834, -10.9093876 ], [ -39.8955336, -10.9093373 ], [ -39.8961436, -10.9119878 ], [ -39.8992597, -10.9121415 ], [ -39.9026555, -10.9158482 ], [ -39.9108987, -10.9142828 ], [ -39.9242163, -10.9174215 ], [ -39.9292132, -10.9032532 ], [ -39.9348259, -10.9045194 ], [ -39.9362603, -10.9082244 ], [ -39.9377192, -10.9071755 ], [ -39.9378316, -10.9082974 ], [ -39.9428558, -10.9088869 ], [ -39.9467112, -10.9076117 ], [ -39.9461662, -10.906266 ], [ -39.9497092, -10.9014478 ], [ -39.9493538, -10.8949742 ], [ -39.9520077, -10.8913841 ], [ -39.9544456, -10.8924011 ], [ -39.954162599999989, -10.8940595 ], [ -39.9595102, -10.8954101 ], [ -39.960757, -10.8973323 ], [ -39.9645124, -10.8966161 ], [ -39.9669673, -10.8980561 ], [ -39.973232599999989, -10.8943179 ], [ -39.9734579, -10.8892975 ], [ -39.9750307, -10.8876485 ], [ -39.9789718, -10.8894762 ], [ -39.9822183, -10.8890462 ], [ -39.9833576, -10.890493 ], [ -39.9906605, -10.8852319 ], [ -39.9948965, -10.8866045 ], [ -39.9990504, -10.8842182 ], [ -39.998791, -10.879949 ], [ -39.9964488, -10.8785414 ], [ -39.9985296, -10.8753579 ], [ -40.0071758, -10.8807282 ], [ -40.0099411, -10.8805962 ], [ -40.0138399, -10.8848171 ], [ -40.015828, -10.8850927 ], [ -40.0177283, -10.8826847 ], [ -40.0191547, -10.884039 ], [ -40.0215384, -10.8828085 ], [ -40.0250928, -10.8764152 ], [ -40.022549, -10.8741223 ], [ -40.0215599, -10.8692615 ], [ -40.0191559, -10.8693075 ], [ -40.019038, -10.8677154 ], [ -40.0236236, -10.8673023 ], [ -40.0287843, -10.8630748 ], [ -40.0351875, -10.8644739 ], [ -40.0414091, -10.8617898 ], [ -40.0497295, -10.8628711 ], [ -40.055705, -10.8573771 ], [ -40.0573895, -10.8579889 ], [ -40.0588814, -10.8520176 ], [ -40.0573693, -10.8488362 ], [ -40.0555636, -10.8491557 ], [ -40.0552012, -10.8366294 ], [ -40.0492059, -10.8320289 ], [ -40.0455921, -10.80028 ], [ -40.0394099, -10.7915888 ], [ -40.0279567, -10.7800582 ], [ -40.0300722, -10.7778526 ], [ -40.0295181, -10.7733258 ], [ -40.0351471, -10.7711567 ], [ -40.036547, -10.7657728 ], [ -40.0305648, -10.7346836 ], [ -40.02425, -10.7095244 ], [ -40.003935, -10.6723218 ], [ -40.0157108, -10.6663605 ], [ -39.9953965, -10.6317127 ], [ -39.997647199999989, -10.6271761 ], [ -40.0007418, -10.6250077 ], [ -40.0045932, -10.625368 ], [ -40.008568, -10.6209685 ], [ -40.017675, -10.6208226 ], [ -39.9479545, -10.5496312 ], [ -39.9385263, -10.5550161 ], [ -39.9366165, -10.5514768 ], [ -39.9366687, -10.5527264 ], [ -39.9340329, -10.5532985 ], [ -39.9322906, -10.551987 ], [ -39.9340759, -10.5569681 ], [ -39.9329353, -10.5630132 ], [ -39.9313047, -10.5611587 ], [ -39.9306169, -10.5624983 ], [ -39.9268773, -10.5619929 ], [ -39.9246691, -10.5582926 ], [ -39.9209466, -10.5589138 ], [ -39.9216542, -10.5528221 ], [ -39.9253781, -10.5499771 ], [ -39.9227565, -10.5442975 ], [ -39.9295203, -10.5406487 ], [ -39.9287014, -10.5369488 ], [ -39.9304192, -10.5356623 ], [ -39.9266338, -10.52427 ], [ -39.9279963, -10.5203042 ], [ -39.9260985, -10.5169836 ], [ -39.9263981, -10.5120461 ], [ -39.9242333, -10.5086576 ], [ -39.9246273, -10.5019446 ], [ -39.9225937, -10.4953462 ], [ -39.9127768, -10.5023894 ], [ -39.9120034, -10.5071483 ], [ -39.9093265, -10.5075052 ], [ -39.9018312, -10.4943587 ], [ -39.9022476, -10.4854357 ], [ -39.8974292, -10.4790706 ], [ -39.8664015, -10.4643068 ], [ -39.8478679, -10.4581933 ], [ -39.8364138, -10.4478805 ], [ -39.8341553, -10.4537257 ], [ -39.829236, -10.4540054 ], [ -39.8250469, -10.4581581 ], [ -39.8200338, -10.4596135 ], [ -39.8203398, -10.4616538 ], [ -39.8177807, -10.4606593 ], [ -39.8150229, -10.4623095 ], [ -39.8136711, -10.4596714 ], [ -39.8089731, -10.4618095 ], [ -39.8061799, -10.4596696 ], [ -39.8027738, -10.4597225 ], [ -39.8024552, -10.452333 ], [ -39.8052429, -10.4488569 ], [ -39.8057266, -10.4429656 ], [ -39.8037404, -10.426736 ], [ -39.7999854, -10.4223666 ], [ -39.7882969, -10.4200597 ], [ -39.7869094, -10.4299126 ], [ -39.7496605, -10.4346494 ], [ -39.7528727, -10.4402912 ], [ -39.7530039, -10.4446834 ], [ -39.7512938, -10.4459264 ], [ -39.7558608, -10.4545588 ], [ -39.7546638, -10.4579198 ], [ -39.7575476, -10.4669724 ], [ -39.7559038, -10.4733647 ], [ -39.7619797, -10.4755663 ], [ -39.7636608, -10.4777155 ], [ -39.7626454, -10.4806291 ], [ -39.7649501, -10.4977121 ], [ -39.7586115, -10.501083 ], [ -39.7561836, -10.5051761 ], [ -39.7618435, -10.5080294 ], [ -39.7648279, -10.5117718 ], [ -39.7651357, -10.5153115 ], [ -39.7606521, -10.5230238 ], [ -39.763219, -10.5285947 ], [ -39.7676827, -10.5323615 ], [ -39.7679384, -10.5408513 ], [ -39.7725633, -10.5477549 ], [ -39.7727063, -10.5517021 ], [ -39.7628466, -10.5623772 ], [ -39.7585348, -10.5924955 ], [ -39.7552181, -10.6017663 ], [ -39.7483049, -10.6078004 ], [ -39.7509823, -10.6182301 ], [ -39.7470799, -10.625599 ], [ -39.7476622, -10.6360634 ], [ -39.7463931, -10.6399599 ], [ -39.7345356, -10.6502642 ], [ -39.7283028, -10.6507978 ], [ -39.7238335, -10.6594687 ], [ -39.7132878, -10.6597479 ], [ -39.7112687, -10.6654889 ], [ -39.7052247, -10.6696544 ], [ -39.6979484, -10.6707768 ], [ -39.696157, -10.6743186 ], [ -39.7001566, -10.6816241 ], [ -39.6993023, -10.6850789 ], [ -39.7016467, -10.6914412 ], [ -39.6977946, -10.7003171 ], [ -39.7006542, -10.7147668 ], [ -39.7017515, -10.7163189 ], [ -39.7072542, -10.7169187 ], [ -39.7095187, -10.7209777 ], [ -39.7049776, -10.7277662 ], [ -39.7051875, -10.7322974 ], [ -39.6976715, -10.7368054 ], [ -39.694838, -10.7402709 ], [ -39.6953895, -10.7446938 ], [ -39.6935944, -10.7467624 ], [ -39.6984993, -10.749621 ], [ -39.6988559, -10.7535514 ], [ -39.682996, -10.7647971 ], [ -39.6869884, -10.770539 ], [ -39.6842778, -10.7751111 ], [ -39.6845355, -10.7794623 ], [ -39.6774771, -10.7995021 ], [ -39.6776589, -10.8038507 ], [ -39.6747564, -10.8071173 ], [ -39.6661378, -10.805471 ], [ -39.6635309, -10.8101015 ], [ -39.6610354, -10.8180055 ], [ -39.6650522, -10.823017 ], [ -39.6655952, -10.8277935 ], [ -39.6673311, -10.8276071 ], [ -39.6657936, -10.8381027 ], [ -39.6514559, -10.8434049 ], [ -39.6404, -10.8430202 ], [ -39.6367452, -10.8447659 ], [ -39.6385145, -10.8460401 ], [ -39.6390684, -10.8496483 ], [ -39.6432596, -10.8531657 ], [ -39.6437482, -10.8570326 ], [ -39.6419624, -10.8604891 ], [ -39.6350004, -10.865483 ], [ -39.6369735, -10.8713138 ], [ -39.6360434, -10.873252 ], [ -39.626025, -10.8746644 ], [ -39.6245159, -10.8890097 ], [ -39.6317354, -10.8964802 ], [ -39.6278335, -10.9002802 ], [ -39.6303882, -10.9102636 ], [ -39.6275726, -10.9149719 ], [ -39.6693974, -10.947046 ], [ -39.716902, -10.9535379 ], [ -39.7135513, -10.9571846 ], [ -39.7183289, -10.9656185 ], [ -39.7299622, -10.9537509 ], [ -39.7381738, -10.9510489 ], [ -39.7522686, -10.9531698 ], [ -39.761095, -10.9618531 ], [ -39.7660025, -10.9578439 ], [ -39.774468899999988, -10.9591097 ], [ -39.7827845, -10.9543398 ], [ -39.7887261, -10.9465076 ], [ -39.7956815, -10.9430454 ], [ -39.7988478, -10.9388289 ], [ -39.8073158, -10.9406306 ], [ -39.8253582, -10.9396193 ], [ -39.8251133, -10.9311447 ], [ -39.8267935, -10.9275464 ], [ -39.8322941, -10.9272575 ], [ -39.8369246, -10.9309326 ], [ -39.8429719, -10.9268773 ], [ -39.8443083, -10.9224941 ], [ -39.8400381, -10.9206646 ], [ -39.8424678, -10.9161852 ], [ -39.8508263, -10.9157425 ] ] ] } },
{ "type": "Feature", "properties": { "CD_MUN": "2917334", "NM_MUN": "Iuiu", "NM_UF": "Bahia", "NM_REGIAO": "Nordeste", "class_electre": 5, "class_label": "C5 (muito alto)", "Priorizacao": "Grupo 4", "class_mc_prob": 5, "ranking_pos": 31.0, "area_deg45_ha": 63600.0 }, "geometry": { "type": "Polygon", "coordinates": [ [ [ -43.5416401, -14.7791284 ], [ -43.5737826, -14.7651633 ], [ -43.5785652, -14.7525562 ], [ -43.583059, -14.7501722 ], [ -43.5907803, -14.7508694 ], [ -43.5992555, -14.7539126 ], [ -43.6060578, -14.7594635 ], [ -43.6112477, -14.7605487 ], [ -43.6250269, -14.7552889 ], [ -43.6299991, -14.7503579 ], [ -43.6365323, -14.7503552 ], [ -43.646145499999989, -14.7470505 ], [ -43.6570003, -14.7457515 ], [ -43.6651433, -14.7409589 ], [ -43.6663693, -14.7371205 ], [ -43.6710046, -14.7368674 ], [ -43.6741651, -14.7324608 ], [ -43.6719478, -14.7290663 ], [ -43.6732295, -14.7263557 ], [ -43.6759464, -14.7266943 ], [ -43.6738112, -14.7295447 ], [ -43.6795313, -14.7300875 ], [ -43.6810821, -14.7321936 ], [ -43.68306, -14.7289575 ], [ -43.6876991, -14.7262507 ], [ -43.6897438, -14.7282163 ], [ -43.6904808, -14.7262435 ], [ -43.6871734, -14.7214075 ], [ -43.692199, -14.7247692 ], [ -43.6971108, -14.7237147 ], [ -43.703419, -14.7253217 ], [ -43.7097277, -14.7303892 ], [ -43.7156169, -14.7306801 ], [ -43.7215084, -14.7281778 ], [ -43.7196108, -14.7209018 ], [ -43.7120096, -14.7164501 ], [ -43.7121856, -14.7152784 ], [ -43.7059324, -14.716272 ], [ -43.6924486, -14.7150691 ], [ -43.6915226, -14.7094703 ], [ -43.6792934, -14.7079077 ], [ -43.6798522, -14.7020886 ], [ -43.6765814, -14.6976162 ], [ -43.6769295, -14.6914678 ], [ -43.6683787, -14.6821048 ], [ -43.662866699999988, -14.6804027 ], [ -43.6576743, -14.6730581 ], [ -43.6579884, -14.664176 ], [ -43.6550007, -14.6566923 ], [ -43.6556975, -14.6529504 ], [ -43.6602271, -14.6464492 ], [ -43.6605319, -14.6381465 ], [ -43.6485444, -14.6276748 ], [ -43.6456251, -14.6218619 ], [ -43.6460669, -14.6174858 ], [ -43.6438967, -14.6163848 ], [ -43.644841, -14.6122675 ], [ -43.6422313, -14.6056581 ], [ -43.6431813, -14.6028795 ], [ -43.6416547, -14.6025163 ], [ -43.6417493, -14.5998078 ], [ -43.639273, -14.5979457 ], [ -43.6384928, -14.5941067 ], [ -43.6412832, -14.5889244 ], [ -43.6326366, -14.5718611 ], [ -43.6332807, -14.5620834 ], [ -43.631213, -14.5601161 ], [ -43.6290283, -14.552146 ], [ -43.6348051, -14.5548849 ], [ -43.6471925, -14.5544555 ], [ -43.6513116, -14.5514416 ], [ -43.6619625, -14.5011501 ], [ -43.6713917, -14.4939709 ], [ -43.6974163, -14.4222544 ], [ -43.7049677, -14.420893 ], [ -43.7088311, -14.4111622 ], [ -43.7115043, -14.4109616 ], [ -43.7159702, -14.4016976 ], [ -43.719639199999989, -14.400396 ], [ -43.7195003, -14.3970957 ], [ -43.7170796, -14.3903001 ], [ -43.7085062, -14.3796001 ], [ -43.7090885, -14.3736344 ], [ -43.7065156, -14.3714635 ], [ -43.6974912, -14.3486801 ], [ -43.596097, -14.2855344 ], [ -43.5753484, -14.2838557 ], [ -43.5790841, -14.2374958 ], [ -43.5698914, -14.1819116 ], [ -43.5591987, -14.1801698 ], [ -43.5406926, -14.1811625 ], [ -43.4807162, -14.1764546 ], [ -43.4563218, -14.1661182 ], [ -43.3737583, -14.361663 ], [ -43.530797, -14.8155341 ], [ -43.5391991, -14.805736 ], [ -43.5369405, -14.7905932 ], [ -43.5339468, -14.7887197 ], [ -43.537174, -14.7835076 ], [ -43.5416401, -14.7791284 ] ] ] } },
{ "type": "Feature", "properties": { "CD_MUN": "2918357", "NM_MUN": "João Dourado", "NM_UF": "Bahia", "NM_REGIAO": "Nordeste", "class_electre": 5, "class_label": "C5 (muito alto)", "Priorizacao": "Grupo 4", "class_mc_prob": 5, "ranking_pos": 34.0, "area_deg45_ha": 35650.0 }, "geometry": { "type": "Polygon", "coordinates": [ [ [ -41.4221393, -11.242874 ], [ -41.4363179, -11.2385532 ], [ -41.451767499999988, -11.2435613 ], [ -41.4962059, -11.2707107 ], [ -41.5207644, -11.2725572 ], [ -41.5656393, -11.3166173 ], [ -41.5663543, -11.3215757 ], [ -41.5701826, -11.3218623 ], [ -41.578133, -11.3433608 ], [ -41.5837568, -11.3491955 ], [ -41.5877813, -11.3570425 ], [ -41.5908744, -11.3573764 ], [ -41.5914105, -11.3595224 ], [ -41.6060455, -11.3632938 ], [ -41.6400565, -11.3950227 ], [ -41.7002139, -11.4112431 ], [ -41.7515209, -11.4139185 ], [ -41.7464334, -11.4012379 ], [ -41.7495452, -11.3721877 ], [ -41.7401129, -11.3531417 ], [ -41.7412159, -11.3396173 ], [ -41.7355426, -11.3362607 ], [ -41.7330726, -11.3325307 ], [ -41.7414843, -11.2707473 ], [ -41.7296926, -11.2279723 ], [ -41.7398493, -11.2232823 ], [ -41.7331334, -11.2193848 ], [ -41.7299243, -11.2097757 ], [ -41.7150793, -11.195049 ], [ -41.7050793, -11.194069 ], [ -41.6478871, -11.168398 ], [ -41.6434996, -11.1492957 ], [ -41.6331833, -11.1396298 ], [ -41.6282878, -11.1428228 ], [ -41.6220946, -11.1441989 ], [ -41.6068909, -11.1450671 ], [ -41.5939529, -11.131016 ], [ -41.5975065, -11.1222282 ], [ -41.5703171, -11.1059133 ], [ -41.566352599999988, -11.0972383 ], [ -41.5254893, -11.0919673 ], [ -41.4977542, -11.0584995 ], [ -41.4349565, -11.0066065 ], [ -41.4338972, -11.0102666 ], [ -41.4368959, -11.022101 ], [ -41.4341972, -11.0293925 ], [ -41.421761, -11.0458138 ], [ -41.4203424, -11.0539869 ], [ -41.4170341, -11.0539383 ], [ -41.4123707, -11.0631341 ], [ -41.4096421, -11.0633935 ], [ -41.4083921, -11.0695131 ], [ -41.4005107, -11.0710868 ], [ -41.3994525, -11.0744875 ], [ -41.3959926, -11.0765275 ], [ -41.3974725, -11.0804078 ], [ -41.3964516, -11.0843594 ], [ -41.3956647, -11.0854727 ], [ -41.3935885, -11.0844229 ], [ -41.3917269, -11.0870438 ], [ -41.3922832, -11.0931201 ], [ -41.3953587, -11.094293 ], [ -41.3925258, -11.1007803 ], [ -41.3952242, -11.1031644 ], [ -41.3954431, -11.1056532 ], [ -41.3890079, -11.1093361 ], [ -41.3895338, -11.1135837 ], [ -41.3862675, -11.1152977 ], [ -41.3851072, -11.1196761 ], [ -41.3881602, -11.1210806 ], [ -41.3839287, -11.1224895 ], [ -41.3846454, -11.1261265 ], [ -41.3807264, -11.1343557 ], [ -41.3767989, -11.1373987 ], [ -41.3767487, -11.1401128 ], [ -41.3705897, -11.1406296 ], [ -41.3686459, -11.1421957 ], [ -41.3697731, -11.1518778 ], [ -41.3663489, -11.1517882 ], [ -41.3651016, -11.1611837 ], [ -41.3694298, -11.169578 ], [ -41.3681938, -11.1762822 ], [ -41.3646115, -11.1818989 ], [ -41.365337, -11.1838786 ], [ -41.3682131, -11.1830361 ], [ -41.4221393, -11.242874 ] ] ] } },
{ "type": "Feature", "properties": { "CD_MUN": "2918407", "NM_MUN": "Juazeiro", "NM_UF": "Bahia", "NM_REGIAO": "Nordeste", "class_electre": 5, "class_label": "C5 (muito alto)", "Priorizacao": "Grupo 4", "class_mc_prob": 5, "ranking_pos": 38.0, "area_deg45_ha": 62275.0 }, "geometry": { "type": "Polygon", "coordinates": [ [ [ -40.5027422, -9.9711545 ], [ -40.6433264, -9.8868044 ], [ -40.8137513, -9.8713699 ], [ -40.8135329, -9.8696312 ], [ -40.8010488, -9.8590702 ], [ -40.7930359, -9.8569175 ], [ -40.7857715, -9.8494798 ], [ -40.7821915, -9.8429284 ], [ -40.7747895, -9.8351935 ], [ -40.7668202, -9.8175206 ], [ -40.7638293, -9.815854 ], [ -40.7618945, -9.8073311 ], [ -40.7554931, -9.7991797 ], [ -40.7574078, -9.7954344 ], [ -40.7637523, -9.7921089 ], [ -40.7683605, -9.7782943 ], [ -40.7636971, -9.7698782 ], [ -40.7616912, -9.762101 ], [ -40.7647453, -9.7553517 ], [ -40.7620124, -9.7457004 ], [ -40.7577103, -9.7441966 ], [ -40.7522014, -9.7386224 ], [ -40.7469804, -9.7286338 ], [ -40.7470863, -9.7246391 ], [ -40.7422932, -9.7209912 ], [ -40.7406419, -9.7072214 ], [ -40.7425419, -9.700188 ], [ -40.7480741, -9.6956475 ], [ -40.7516411, -9.6890802 ], [ -40.752562, -9.6839214 ], [ -40.755502299999989, -9.6825132 ], [ -40.7604828, -9.6764024 ], [ -40.7652968, -9.664415 ], [ -40.7643856, -9.6600304 ], [ -40.7666216, -9.6569099 ], [ -40.7662706, -9.6521481 ], [ -40.7689265, -9.6504204 ], [ -40.768614, -9.6380218 ], [ -40.7706458, -9.6291316 ], [ -40.7681715, -9.627225 ], [ -40.770471, -9.6239034 ], [ -40.7703682, -9.6179832 ], [ -40.7680693, -9.6121167 ], [ -40.7691929, -9.6018371 ], [ -40.7673365, -9.5971137 ], [ -40.7687263, -9.5938972 ], [ -40.7665295, -9.5908002 ], [ -40.7655652, -9.584708 ], [ -40.7672973, -9.5835664 ], [ -40.768373, -9.5726397 ], [ -40.770032, -9.5698748 ], [ -40.7661264, -9.5646266 ], [ -40.7650371, -9.5588027 ], [ -40.760539, -9.5546686 ], [ -40.7592623, -9.5476187 ], [ -40.7511468, -9.5372229 ], [ -40.750139, -9.5303579 ], [ -40.7435763, -9.5201728 ], [ -40.7432346, -9.5170807 ], [ -40.7460035, -9.5115872 ], [ -40.7419825, -9.5074024 ], [ -40.742496, -9.5008967 ], [ -40.7361321, -9.4880578 ], [ -40.7375804, -9.4805358 ], [ -40.7322694, -9.4746918 ], [ -40.7321641, -9.4622285 ], [ -40.7304039, -9.4573089 ], [ -40.7248576, -9.4558535 ], [ -40.7221615, -9.451132 ], [ -40.7167084, -9.4513757 ], [ -40.7152453, -9.4488062 ], [ -40.7013668, -9.4576501 ], [ -40.6813218, -9.467221 ], [ -40.6521522, -9.4737944 ], [ -40.6358627, -9.4810228 ], [ -40.6206769, -9.4825255 ], [ -40.6085626, -9.4767915 ], [ -40.5951233, -9.4673692 ], [ -40.587454199999989, -9.4657407 ], [ -40.5815064, -9.4676462 ], [ -40.5748642, -9.4674057 ], [ -40.5651855, -9.4640095 ], [ -40.5557585, -9.4579381 ], [ -40.5468595, -9.4463081 ], [ -40.5408152, -9.4240433 ], [ -40.5291147, -9.4139016 ], [ -40.5200681, -9.4122507 ], [ -40.5107266, -9.4071789 ], [ -40.5014501, -9.4093007 ], [ -40.4971964, -9.4085724 ], [ -40.4839242, -9.4139674 ], [ -40.4741747, -9.4207922 ], [ -40.4677551, -9.4205681 ], [ -40.4642659, -9.4133593 ], [ -40.4538185, -9.4035174 ], [ -40.4527262, -9.3972343 ], [ -40.4358983, -9.3621587 ], [ -40.4307882, -9.3566945 ], [ -40.4236595, -9.353465 ], [ -40.4181453, -9.3520533 ], [ -40.4116462, -9.3541709 ], [ -40.4047265, -9.3629073 ], [ -40.3912784, -9.3721668 ], [ -40.3714153, -9.3787167 ], [ -40.3636995, -9.379285 ], [ -40.3563971, -9.3769943 ], [ -40.3388655, -9.3598918 ], [ -40.3350433, -9.3539017 ], [ -40.3337541, -9.3505383 ], [ -40.3373376, -9.335068 ], [ -40.336119599999989, -9.3271687 ], [ -40.3325319, -9.3175719 ], [ -40.3256131, -9.305856 ], [ -40.3190314, -9.2872692 ], [ -40.3095354, -9.2755067 ], [ -40.305309199999989, -9.2628926 ], [ -40.305283, -9.2577612 ], [ -40.3022068, -9.2517033 ], [ -40.3005068, -9.231208 ], [ -40.2861727, -9.1856114 ], [ -40.2873207, -9.1710826 ], [ -40.294012, -9.1520678 ], [ -40.2867061, -9.1173518 ], [ -40.2731922, -9.0824216 ], [ -40.2642061, -9.0709577 ], [ -40.2478641, -9.0577378 ], [ -40.2389835, -9.0543653 ], [ -40.2315695, -9.0547225 ], [ -40.2134367, -9.0609811 ], [ -40.1965038, -9.0718883 ], [ -40.1840887, -9.0852951 ], [ -40.1741371, -9.0905594 ], [ -40.1710827, -9.093449 ], [ -40.1650016, -9.1064878 ], [ -40.1597208, -9.1078733 ], [ -40.1443337, -9.1065488 ], [ -40.1298949, -9.1103046 ], [ -40.1240542, -9.1073565 ], [ -40.1198676, -9.1020969 ], [ -40.1074206, -9.0974706 ], [ -40.092469699999988, -9.0859155 ], [ -40.077396, -9.0782264 ], [ -40.0735397, -9.0753621 ], [ -40.0701168, -9.0671967 ], [ -40.0655631, -9.0630652 ], [ -40.0424698, -9.0598217 ], [ -40.0357236, -9.0623937 ], [ -40.0236446, -9.0601002 ], [ -39.9960306, -9.0609582 ], [ -39.9784499, -9.0548632 ], [ -39.976775599999989, -9.0664634 ], [ -39.9853135, -9.0764122 ], [ -39.9858764, -9.0792254 ], [ -39.9827947, -9.0878985 ], [ -39.9833728, -9.0963755 ], [ -39.9766234, -9.1038991 ], [ -39.9759543, -9.1084626 ], [ -39.9699384, -9.1195365 ], [ -39.9592921, -9.1220844 ], [ -39.9511263, -9.1170928 ], [ -39.9492743, -9.1142769 ], [ -39.9405258, -9.1104442 ], [ -39.9372293, -9.1123013 ], [ -39.9365065, -9.1163919 ], [ -39.9341971, -9.1178259 ], [ -39.9224273, -9.1117983 ], [ -39.9118703, -9.1126976 ], [ -39.9127691, -9.1219301 ], [ -39.9016085, -9.1304765 ], [ -39.9016336, -9.1383013 ], [ -39.9059592, -9.1455718 ], [ -39.9080177, -9.1530867 ], [ -39.9072976, -9.1573066 ], [ -39.9037283, -9.1619876 ], [ -39.8941706, -9.1664709 ], [ -39.8896376, -9.1896818 ], [ -39.8845753, -9.1937992 ], [ -39.8689039, -9.1997922 ], [ -39.8668998, -9.2019076 ], [ -39.8607625, -9.2303621 ], [ -39.8641608, -9.2383217 ], [ -39.8703862, -9.2424746 ], [ -39.8738194, -9.2498322 ], [ -39.8696353, -9.2557173 ], [ -39.8703607, -9.2589569 ], [ -39.8797286, -9.2693319 ], [ -39.8785472, -9.285178 ], [ -39.8802939, -9.293391 ], [ -39.8790252, -9.3023241 ], [ -39.8832089, -9.3103566 ], [ -39.8812459, -9.315805 ], [ -39.8864083, -9.3298093 ], [ -39.8778414, -9.3535924 ], [ -39.8767143, -9.3642437 ], [ -39.8810066, -9.372368 ], [ -39.8761762, -9.3827895 ], [ -39.8764032, -9.3894181 ], [ -39.8710684, -9.4145562 ], [ -39.8722847, -9.4201785 ], [ -39.8646331, -9.4347807 ], [ -39.869008, -9.4475905 ], [ -39.8659217, -9.4529178 ], [ -39.8645848, -9.4606771 ], [ -39.8689353, -9.4639764 ], [ -39.8704169, -9.4681411 ], [ -39.8687224, -9.4861815 ], [ -39.8708446, -9.4936374 ], [ -39.8750257, -9.4992649 ], [ -39.8712366, -9.5088763 ], [ -39.8677945, -9.5267953 ], [ -39.8722712, -9.5321001 ], [ -39.8726462, -9.5384235 ], [ -39.8756834, -9.5472029 ], [ -39.8812, -9.5517235 ], [ -39.8830439, -9.562935 ], [ -39.8821754, -9.5674618 ], [ -39.8861252, -9.5822112 ], [ -39.8899796, -9.5900791 ], [ -39.8896435, -9.6014205 ], [ -39.8958603, -9.6130979 ], [ -39.8974565, -9.6348565 ], [ -39.8956923, -9.6429215 ], [ -39.8890819, -9.6529539 ], [ -39.8886626, -9.6657754 ], [ -39.8902029, -9.6706061 ], [ -39.8891879, -9.6742416 ], [ -39.8937642, -9.6883154 ], [ -39.8923308, -9.6926121 ], [ -39.8949866, -9.6952306 ], [ -39.8979057, -9.7039854 ], [ -39.90064, -9.7059308 ], [ -39.8984233, -9.7196522 ], [ -39.9004244, -9.7224478 ], [ -39.9000392, -9.7277005 ], [ -39.9021214, -9.7345601 ], [ -39.897959, -9.7406573 ], [ -39.8989686, -9.7451509 ], [ -39.8974466, -9.7528748 ], [ -39.9021587, -9.7642999 ], [ -39.900923399999989, -9.77482 ], [ -39.9029084, -9.7816744 ], [ -39.9196242, -9.7909517 ], [ -39.9326139, -9.7915701 ], [ -39.9410479, -9.7942446 ], [ -39.9478176, -9.7945205 ], [ -39.955742, -9.7987352 ], [ -39.9818821, -9.8046406 ], [ -40.1824424, -9.8873012 ], [ -40.2259581, -9.9213429 ], [ -40.2860699, -9.9457958 ], [ -40.3163848, -9.9078998 ], [ -40.3232691, -9.9074764 ], [ -40.3238397, -9.9116664 ], [ -40.3274222, -9.9133359 ], [ -40.3305535, -9.9195519 ], [ -40.3390739, -9.9217116 ], [ -40.3407449, -9.9266999 ], [ -40.3442347, -9.9295035 ], [ -40.3479683, -9.9288013 ], [ -40.3590006, -9.9322714 ], [ -40.3615167, -9.9317901 ], [ -40.3835096, -9.944302 ], [ -40.388151, -9.9510165 ], [ -40.3911535, -9.950806 ], [ -40.4121828, -9.9735127 ], [ -40.5027422, -9.9711545 ] ] ] } },
{ "type": "Feature", "properties": { "CD_MUN": "2918506", "NM_MUN": "Jussara", "NM_UF": "Bahia", "NM_REGIAO": "Nordeste", "class_electre": 5, "class_label": "C5 (muito alto)", "Priorizacao": "Grupo 4", "class_mc_prob": 5, "ranking_pos": 29.0, "area_deg45_ha": 63000.0 }, "geometry": { "type": "Polygon", "coordinates": [ [ [ -41.9577328, -11.1534235 ], [ -41.9859646, -11.1432542 ], [ -42.0162487, -11.1122657 ], [ -42.0489085, -11.0622653 ], [ -42.075611099999989, -11.0297717 ], [ -42.0742308, -11.0274325 ], [ -42.0888947, -10.9328926 ], [ -41.8219723, -10.6976998 ], [ -41.7690817, -10.7221523 ], [ -41.7619894, -10.7145542 ], [ -41.7552011, -10.7153669 ], [ -41.7489634, -10.712831 ], [ -41.7444813, -10.7081265 ], [ -41.7385957, -10.707938 ], [ -41.7367256, -10.7132125 ], [ -41.7314819, -10.7150447 ], [ -41.7286376, -10.7250854 ], [ -41.7240137, -10.7259724 ], [ -41.7179064, -10.7339565 ], [ -41.7172417, -10.7362507 ], [ -41.7189727, -10.7398883 ], [ -41.7139222, -10.7415271 ], [ -41.7112747, -10.7518895 ], [ -41.7116174, -10.7607884 ], [ -41.7049555, -10.7671275 ], [ -41.7053128, -10.7722398 ], [ -41.702214399999988, -10.7766551 ], [ -41.7017022, -10.7834582 ], [ -41.696112, -10.7879005 ], [ -41.6952465, -10.79331 ], [ -41.6767257, -10.8062498 ], [ -41.6734025, -10.8106343 ], [ -41.6681661, -10.8120963 ], [ -41.6648013, -10.8096317 ], [ -41.6627623, -10.8112018 ], [ -41.6973693, -10.8632523 ], [ -41.6983493, -10.895849 ], [ -41.6946148, -10.8892638 ], [ -41.6866368, -10.8820147 ], [ -41.6843937, -10.8769983 ], [ -41.6789072, -10.8717474 ], [ -41.6719627, -10.8691208 ], [ -41.6559872, -10.8852348 ], [ -41.652988, -10.8855822 ], [ -41.6448726, -10.9126108 ], [ -41.6560566, -10.9116012 ], [ -41.6621664, -10.9129597 ], [ -41.6636569, -10.9173572 ], [ -41.6800318, -10.9256786 ], [ -41.7129852, -10.9376484 ], [ -41.7224529, -10.9370524 ], [ -41.7334914, -10.9409531 ], [ -41.7446288, -10.9420961 ], [ -41.753103, -10.9400331 ], [ -41.8135276, -11.0202723 ], [ -41.8235026, -11.0451523 ], [ -41.8292276, -11.0548323 ], [ -41.8313659, -11.0639849 ], [ -41.8560275, -11.1158578 ], [ -41.8983621, -11.1285394 ], [ -41.8984359, -11.131269 ], [ -41.9262687, -11.1817121 ], [ -41.9577328, -11.1534235 ] ] ] } },
{ "type": "Feature", "properties": { "CD_MUN": "2921054", "NM_MUN": "Matina", "NM_UF": "Bahia", "NM_REGIAO": "Nordeste", "class_electre": 5, "class_label": "C5 (muito alto)", "Priorizacao": "Grupo 4", "class_mc_prob": 5, "ranking_pos": 30.0, "area_deg45_ha": 34250.0 }, "geometry": { "type": "Polygon", "coordinates": [ [ [ -42.8478598, -13.9590731 ], [ -42.8571011, -13.9535937 ], [ -42.861962, -13.9543296 ], [ -42.8638047, -13.9523668 ], [ -42.8692031, -13.955332 ], [ -42.8738134, -13.9537404 ], [ -42.8768459, -13.9548052 ], [ -42.8790673, -13.9502747 ], [ -42.8834987, -13.9535773 ], [ -42.8877772, -13.9465497 ], [ -42.8912637, -13.9474447 ], [ -42.8939235, -13.9449194 ], [ -42.8968699, -13.9451826 ], [ -42.8966065, -13.9473898 ], [ -42.9030616, -13.9526533 ], [ -42.9068186, -13.952092 ], [ -42.9175906, -13.9573471 ], [ -42.932407, -13.9537495 ], [ -42.9394925, -13.9552438 ], [ -42.9428114, -13.9585984 ], [ -42.9485663, -13.955729 ], [ -42.9533887, -13.956704 ], [ -42.956794, -13.9552226 ], [ -42.9606406, -13.9489986 ], [ -42.9637301, -13.9497312 ], [ -42.9805728, -13.941056 ], [ -42.9870167, -13.9423944 ], [ -42.989826099999988, -13.9408669 ], [ -42.9939193, -13.9433533 ], [ -43.0223915, -13.9196423 ], [ -43.0347416, -13.9162981 ], [ -43.0382127, -13.9176401 ], [ -43.0516655, -13.9167032 ], [ -43.055377199999988, -13.9225964 ], [ -43.0579691, -13.9235479 ], [ -43.0611943, -13.9224556 ], [ -43.067189, -13.9274413 ], [ -43.0809738, -13.9260546 ], [ -43.084218, -13.9268049 ], [ -43.0864259, -13.9293591 ], [ -43.0946217, -13.9265693 ], [ -43.1013407, -13.9282973 ], [ -43.1044672, -13.9317162 ], [ -43.1079155, -13.9202588 ], [ -43.1177795, -13.9099779 ], [ -43.1204582, -13.9039803 ], [ -43.1253655, -13.9002864 ], [ -43.1331321, -13.8876161 ], [ -43.1330208, -13.8836034 ], [ -43.1363728, -13.8777679 ], [ -43.1355817, -13.8750099 ], [ -43.1381557, -13.870084 ], [ -43.1374474, -13.862626 ], [ -43.1345392, -13.861578 ], [ -43.1376451, -13.8558165 ], [ -43.1371364, -13.848031 ], [ -43.1385887, -13.8441883 ], [ -43.1262116, -13.8316372 ], [ -43.1190818, -13.8324222 ], [ -43.1119757, -13.8298017 ], [ -43.1083942, -13.8301835 ], [ -43.1100346, -13.8258725 ], [ -43.1146803, -13.8242562 ], [ -43.1158703, -13.8202661 ], [ -43.1112713, -13.8112824 ], [ -43.1085808, -13.8099286 ], [ -43.1047772, -13.8024847 ], [ -43.1050941, -13.7999946 ], [ -43.1010709, -13.7938874 ], [ -43.0956233, -13.7909207 ], [ -43.0935654, -13.7847031 ], [ -43.0887624, -13.7851746 ], [ -43.0775461, -13.7807401 ], [ -43.0688476, -13.7743474 ], [ -43.061386, -13.7791284 ], [ -43.0549626, -13.7592357 ], [ -43.0285935, -13.7341943 ], [ -42.9436963, -13.7529705 ], [ -42.772825, -13.7465567 ], [ -42.7801563, -13.8560461 ], [ -42.7853428, -13.8692994 ], [ -42.7906254, -13.8731342 ], [ -42.7885915, -13.8869908 ], [ -42.7827008, -13.8898876 ], [ -42.780038, -13.8976362 ], [ -42.7852057, -13.9038756 ], [ -42.7871344, -13.9170072 ], [ -42.7921234, -13.924293 ], [ -42.7923735, -13.9274823 ], [ -42.7906737, -13.9295615 ], [ -42.7916537, -13.9344878 ], [ -42.7890361, -13.9381318 ], [ -42.802501799999987, -13.9622401 ], [ -42.8046219, -13.9693337 ], [ -42.80752, -13.9708816 ], [ -42.807605, -13.9740242 ], [ -42.8124428, -13.976241 ], [ -42.8165805, -13.9759873 ], [ -42.8238799, -13.9708109 ], [ -42.8301382, -13.9705524 ], [ -42.8400671, -13.9661408 ], [ -42.8449596, -13.965784 ], [ -42.8478598, -13.9590731 ] ] ] } },
{ "type": "Feature", "properties": { "CD_MUN": "2922730", "NM_MUN": "Nova Fátima", "NM_UF": "Bahia", "NM_REGIAO": "Nordeste", "class_electre": 5, "class_label": "C5 (muito alto)", "Priorizacao": "Grupo 5", "class_mc_prob": 5, "ranking_pos": 2.0, "area_deg45_ha": 33550.0 }, "geometry": { "type": "Polygon", "coordinates": [ [ [ -39.5570938, -11.6759981 ], [ -39.6408105, -11.7248275 ], [ -39.6960389, -11.7281163 ], [ -39.7173707, -11.6265965 ], [ -39.7655952, -11.5906641 ], [ -39.7333499, -11.5878539 ], [ -39.7142337, -11.5746507 ], [ -39.6801835, -11.5582489 ], [ -39.6277316, -11.5170029 ], [ -39.6253284, -11.5074428 ], [ -39.6193188, -11.5050596 ], [ -39.6160749, -11.5115799 ], [ -39.6060666, -11.516402 ], [ -39.6056471, -11.52091 ], [ -39.5999586, -11.5254326 ], [ -39.599297, -11.5299918 ], [ -39.5961215, -11.5309325 ], [ -39.5900638, -11.5274849 ], [ -39.5872955, -11.5310933 ], [ -39.5810731, -11.5326875 ], [ -39.5685447, -11.5437989 ], [ -39.5600083, -11.5453027 ], [ -39.556859599999989, -11.5441611 ], [ -39.5517912, -11.5489764 ], [ -39.5483383, -11.5498746 ], [ -39.5469393, -11.5529674 ], [ -39.5479727, -11.5580468 ], [ -39.5362644, -11.5632462 ], [ -39.5374975, -11.5678334 ], [ -39.535298, -11.5744617 ], [ -39.5370597, -11.5815728 ], [ -39.5349969, -11.584012 ], [ -39.537042, -11.5877132 ], [ -39.5461682, -11.5871789 ], [ -39.5541055, -11.5913624 ], [ -39.5544339, -11.6171515 ], [ -39.5495403, -11.6343572 ], [ -39.5430038, -11.6385066 ], [ -39.5560402, -11.6507916 ], [ -39.5570938, -11.6759981 ] ] ] } },
{ "type": "Feature", "properties": { "CD_MUN": "2923407", "NM_MUN": "Palmas de Monte Alto", "NM_UF": "Bahia", "NM_REGIAO": "Nordeste", "class_electre": 5, "class_label": "C5 (muito alto)", "Priorizacao": "Grupo 4", "class_mc_prob": 5, "ranking_pos": 25.0, "area_deg45_ha": 123775.0 }, "geometry": { "type": "Polygon", "coordinates": [ [ [ -42.9460624, -14.0146341 ], [ -42.9375882, -14.1028229 ], [ -42.9722091, -14.1660612 ], [ -42.9719155, -14.1762926 ], [ -42.9700568, -14.1788732 ], [ -42.9640284, -14.1802977 ], [ -42.9631449, -14.1853592 ], [ -42.9711157, -14.1847464 ], [ -42.9747626, -14.1865441 ], [ -42.9745746, -14.1906858 ], [ -43.070051, -14.3220775 ], [ -43.0626944, -14.3272272 ], [ -43.0489458, -14.3322608 ], [ -43.0504915, -14.3355125 ], [ -43.0604839, -14.3429995 ], [ -43.0610665, -14.3481202 ], [ -43.065033, -14.349622 ], [ -43.0717976, -14.3582173 ], [ -43.0788678, -14.3600705 ], [ -43.085284, -14.3678728 ], [ -43.0932233, -14.3711361 ], [ -43.0968494, -14.3753739 ], [ -43.1017821, -14.3914368 ], [ -43.1055867, -14.3932377 ], [ -43.10567, -14.396115 ], [ -43.1083994, -14.3965751 ], [ -43.1115677, -14.3947921 ], [ -43.1139612, -14.3957321 ], [ -43.1144263, -14.3981976 ], [ -43.1202207, -14.4009243 ], [ -43.1238468, -14.4073778 ], [ -43.1339443, -14.4177334 ], [ -43.1361944, -14.4273806 ], [ -43.138168, -14.426675 ], [ -43.1414585, -14.4285211 ], [ -43.1462938, -14.4265908 ], [ -43.1517378, -14.4311206 ], [ -43.1610296, -14.4280843 ], [ -43.1720235, -14.4362232 ], [ -43.1771811, -14.4361574 ], [ -43.1797958, -14.4402111 ], [ -43.18061, -14.4458009 ], [ -43.189191, -14.4444653 ], [ -43.1957397, -14.4534104 ], [ -43.198963299999988, -14.454009 ], [ -43.2016865, -14.4521364 ], [ -43.2029045, -14.454181 ], [ -43.2055269, -14.4537843 ], [ -43.2059822, -14.4566736 ], [ -43.208539, -14.4584035 ], [ -43.2123223, -14.4582369 ], [ -43.2152876, -14.460842 ], [ -43.2204289, -14.4598823 ], [ -43.2237119, -14.4648327 ], [ -43.2253784, -14.4638113 ], [ -43.2323542, -14.4662625 ], [ -43.2340978, -14.4646451 ], [ -43.2385574, -14.4648602 ], [ -43.2479372, -14.4691392 ], [ -43.2506196, -14.468916 ], [ -43.2569287, -14.4624908 ], [ -43.2589182, -14.4626131 ], [ -43.2630205, -14.4567235 ], [ -43.4210872, -14.4966539 ], [ -43.3737583, -14.361663 ], [ -43.4876633, -14.0906204 ], [ -43.4433569, -13.8934929 ], [ -43.434966, -13.8955405 ], [ -43.4353405, -13.8986126 ], [ -43.4385545, -13.9018547 ], [ -43.4380403, -13.9047177 ], [ -43.4278809, -13.90682 ], [ -43.4264648, -13.9093391 ], [ -43.4278255, -13.9132455 ], [ -43.424225, -13.9135124 ], [ -43.4186716, -13.9096114 ], [ -43.4157583, -13.9107522 ], [ -43.4143091, -13.9151231 ], [ -43.4168577, -13.922576 ], [ -43.4138086, -13.9243279 ], [ -43.4133625, -13.9267736 ], [ -43.4073777, -13.9280226 ], [ -43.4080245, -13.9391068 ], [ -43.3976272, -13.9420585 ], [ -43.3988346, -13.9450538 ], [ -43.4031676, -13.9449232 ], [ -43.4018536, -13.9469176 ], [ -43.3958332, -13.9484236 ], [ -43.3928928, -13.95151 ], [ -43.38452, -13.9521668 ], [ -43.3823544, -13.9549544 ], [ -43.379775, -13.955485 ], [ -43.3759642, -13.9613692 ], [ -43.3785888, -13.9726482 ], [ -43.3720738, -13.9786913 ], [ -43.3700516, -13.9797091 ], [ -43.3669953, -13.9773584 ], [ -43.3498061, -13.9750584 ], [ -43.343595, -13.9781047 ], [ -43.3409853, -13.9825655 ], [ -43.3340967, -13.9827533 ], [ -43.3304349, -13.9844383 ], [ -43.3276568, -13.9898794 ], [ -43.3207181, -13.9857062 ], [ -43.3170125, -13.9857592 ], [ -43.3093511, -13.9906202 ], [ -43.3063529, -13.9907602 ], [ -43.3013267, -13.9880108 ], [ -43.2976812, -13.992349 ], [ -43.2927066, -13.9896432 ], [ -43.2746105, -13.9933357 ], [ -43.272285, -13.9919047 ], [ -43.2722227, -13.9865987 ], [ -43.2706987, -13.9856849 ], [ -43.2666794, -13.9899377 ], [ -43.2605425, -13.9918181 ], [ -43.2578094, -13.9964731 ], [ -43.2553597, -13.9954341 ], [ -43.2513623, -13.9892783 ], [ -43.2374131, -13.9909452 ], [ -43.2337708, -13.989638 ], [ -43.2318803, -13.9841245 ], [ -43.2291879, -13.9832806 ], [ -43.2271137, -13.9859362 ], [ -43.2233703, -13.9856341 ], [ -43.2203371, -13.9819198 ], [ -43.2137836, -13.9826191 ], [ -43.2148823, -13.9863193 ], [ -43.2134534, -13.9888223 ], [ -43.2049151, -13.983575 ], [ -43.1989078, -13.9843548 ], [ -43.194218, -13.9906664 ], [ -43.190107499999989, -13.9845189 ], [ -43.1896529, -13.9808632 ], [ -43.1844703, -13.9792926 ], [ -43.1714296, -13.9789832 ], [ -43.1632185, -13.9746717 ], [ -43.1589205, -13.9794464 ], [ -43.1468888, -13.9828407 ], [ -43.138388, -13.9813405 ], [ -43.1325528, -13.9856952 ], [ -43.128245, -13.9819747 ], [ -43.128743, -13.9754343 ], [ -43.1258621, -13.964555 ], [ -43.1218222, -13.9610651 ], [ -43.114565, -13.9592719 ], [ -43.1165058, -13.9517115 ], [ -43.1150091, -13.9472127 ], [ -43.1105603, -13.944438 ], [ -43.1089176, -13.9396967 ], [ -43.1064063, -13.9382293 ], [ -43.1062316, -13.9354778 ], [ -43.1038641, -13.9346388 ], [ -43.1044672, -13.9317162 ], [ -43.1013407, -13.9282973 ], [ -43.0946217, -13.9265693 ], [ -43.0864259, -13.9293591 ], [ -43.084218, -13.9268049 ], [ -43.0809738, -13.9260546 ], [ -43.067189, -13.9274413 ], [ -43.0611943, -13.9224556 ], [ -43.0579691, -13.9235479 ], [ -43.055377199999988, -13.9225964 ], [ -43.0507854, -13.9165145 ], [ -43.0382127, -13.9176401 ], [ -43.0347416, -13.9162981 ], [ -43.0223915, -13.9196423 ], [ -42.9944706, -13.9430452 ], [ -42.989826099999988, -13.9408669 ], [ -42.9870167, -13.9423944 ], [ -42.9809687, -13.9409625 ], [ -42.9637301, -13.9497312 ], [ -42.9609717, -13.9488089 ], [ -42.9563958, -13.9555726 ], [ -42.9450343, -13.9600467 ], [ -42.943509899999988, -13.9652029 ], [ -42.9388366, -13.9645154 ], [ -42.9319452, -13.9743078 ], [ -42.9282326, -13.9730698 ], [ -42.9261585, -13.9754956 ], [ -42.9214408, -13.9754065 ], [ -42.9199108, -13.9777185 ], [ -42.9179648, -13.9830408 ], [ -42.9260566, -13.9898445 ], [ -42.9460624, -14.0146341 ] ] ] } },
{ "type": "Feature", "properties": { "CD_MUN": "2924058", "NM_MUN": "Pé de Serra", "NM_UF": "Bahia", "NM_REGIAO": "Nordeste", "class_electre": 5, "class_label": "C5 (muito alto)", "Priorizacao": "Grupo 5", "class_mc_prob": 5, "ranking_pos": 4.0, "area_deg45_ha": 55650.0 }, "geometry": { "type": "Polygon", "coordinates": [ [ [ -39.5938198, -12.0611244 ], [ -39.6018057, -12.0482636 ], [ -39.6002163, -12.0420907 ], [ -39.6075359, -12.0315245 ], [ -39.6067454, -12.0272354 ], [ -39.613995, -12.0207062 ], [ -39.6239474, -12.0192443 ], [ -39.6241546, -12.0146997 ], [ -39.6308832, -12.0027308 ], [ -39.6363919, -11.9972619 ], [ -39.6366886, -11.987059 ], [ -39.6449708, -11.9657215 ], [ -39.6449006, -11.961277 ], [ -39.6416737, -11.9540863 ], [ -39.6455826, -11.9482446 ], [ -39.6515147, -11.9459935 ], [ -39.6599672, -11.9467734 ], [ -39.6628347, -11.9430926 ], [ -39.665136499999988, -11.9338498 ], [ -39.673378, -11.9287264 ], [ -39.6777616, -11.9236546 ], [ -39.6855279, -11.9226861 ], [ -39.6917904, -11.9244398 ], [ -39.6989898, -11.9187445 ], [ -39.7045273, -11.9177075 ], [ -39.7111482, -11.9096319 ], [ -39.7191058, -11.9055069 ], [ -39.7232096, -11.906731 ], [ -39.7295254, -11.9059208 ], [ -39.735537, -11.9011251 ], [ -39.7431332, -11.9030756 ], [ -39.746972, -11.894889 ], [ -39.7484088, -11.8806861 ], [ -39.7466344, -11.8686693 ], [ -39.7484251, -11.8600414 ], [ -39.7451937, -11.8479733 ], [ -39.7408259, -11.8422733 ], [ -39.7175614, -11.8260632 ], [ -39.6951876, -11.817681 ], [ -39.6926285, -11.8104014 ], [ -39.6941228, -11.8041699 ], [ -39.691441, -11.7991612 ], [ -39.6910749, -11.7882075 ], [ -39.685535, -11.7857268 ], [ -39.6833193, -11.7812414 ], [ -39.6815185, -11.7812822 ], [ -39.6818624, -11.7753127 ], [ -39.6914394, -11.7692692 ], [ -39.6946801, -11.7303053 ], [ -39.6960389, -11.7281163 ], [ -39.6408105, -11.7248275 ], [ -39.5414581, -11.758223 ], [ -39.5341965, -11.8324497 ], [ -39.5317026, -11.8328814 ], [ -39.5279098, -11.8273794 ], [ -39.5229557, -11.8246693 ], [ -39.5189272, -11.8245166 ], [ -39.5173716, -11.8305594 ], [ -39.5138794, -11.8344805 ], [ -39.5060963, -11.8339592 ], [ -39.5006101, -11.8410127 ], [ -39.4959276, -11.8422688 ], [ -39.4927413, -11.8470655 ], [ -39.4840001, -11.8506074 ], [ -39.4795609, -11.8567453 ], [ -39.479166, -11.8598768 ], [ -39.4717715, -11.8657664 ], [ -39.467259, -11.8723419 ], [ -39.4689262, -11.8753124 ], [ -39.4747196, -11.8767485 ], [ -39.4777654, -11.8801263 ], [ -39.4888411, -11.8857788 ], [ -39.4954341, -11.89425 ], [ -39.5000935, -11.8955001 ], [ -39.5048074, -11.9014032 ], [ -39.5095874, -11.941416 ], [ -39.5493178, -11.9904118 ], [ -39.5586449, -12.0095111 ], [ -39.5366242, -12.0255033 ], [ -39.5769031, -12.0391404 ], [ -39.5857612, -12.0505233 ], [ -39.5906337, -12.0532394 ], [ -39.5938198, -12.0611244 ] ] ] } },
{ "type": "Feature", "properties": { "CD_MUN": "2924207", "NM_MUN": "Pedro Alexandre", "NM_UF": "Bahia", "NM_REGIAO": "Nordeste", "class_electre": 5, "class_label": "C5 (muito alto)", "Priorizacao": "Grupo 5", "class_mc_prob": 5, "ranking_pos": 22.0, "area_deg45_ha": 45900.0 }, "geometry": { "type": "Polygon", "coordinates": [ [ [ -37.9653052, -10.1466605 ], [ -38.018045199999989, -10.1234827 ], [ -38.0229718, -10.1257369 ], [ -38.0368546, -10.1372468 ], [ -38.0441144, -10.1412169 ], [ -38.0565004, -10.1394222 ], [ -38.0628496, -10.1404342 ], [ -38.0651213, -10.1423045 ], [ -38.0713615, -10.1413249 ], [ -38.0776059, -10.1457588 ], [ -38.0795331, -10.1448196 ], [ -38.0815862, -10.1470298 ], [ -38.0830619, -10.1454125 ], [ -38.0897173, -10.1479155 ], [ -38.090003, -10.144624 ], [ -38.086977499999989, -10.1387584 ], [ -38.0904169, -10.1383799 ], [ -38.0870367, -10.1292874 ], [ -38.0871425, -10.1222235 ], [ -38.0890755, -10.1204339 ], [ -38.0865823, -10.1170646 ], [ -38.088498, -10.1093397 ], [ -38.0861844, -10.1085524 ], [ -38.0860515, -10.101424 ], [ -38.0792323, -10.1026666 ], [ -38.0778687, -10.1004254 ], [ -38.0841784, -10.0962432 ], [ -38.0831454, -10.0937587 ], [ -38.0803867, -10.0934564 ], [ -38.0822454, -10.0899682 ], [ -38.0795675, -10.0873818 ], [ -38.0827232, -10.083672 ], [ -38.0828755, -10.0797381 ], [ -38.0859211, -10.0774235 ], [ -38.0858485, -10.074415 ], [ -38.083588399999989, -10.0727538 ], [ -38.0859471, -10.0696106 ], [ -38.0852615, -10.0669448 ], [ -38.0888127, -10.0634436 ], [ -38.0878077, -10.0556657 ], [ -38.0894883, -10.0504867 ], [ -38.087721699999989, -10.0458982 ], [ -38.0906315, -10.0424442 ], [ -38.1089598, -10.0030104 ], [ -38.1028699, -9.9882683 ], [ -38.0998512, -9.9678886 ], [ -38.1080127, -9.959037 ], [ -38.1147228, -9.9579187 ], [ -38.118518, -9.9534096 ], [ -38.1202931, -9.9536435 ], [ -38.1227297, -9.9585443 ], [ -38.1265725, -9.9514525 ], [ -38.1295595, -9.9517226 ], [ -38.1329574, -9.9548206 ], [ -38.1324022, -9.9481213 ], [ -38.1388503, -9.946351 ], [ -38.1403186, -9.9412406 ], [ -38.1310908, -9.9350571 ], [ -38.1235534, -9.9251845 ], [ -38.1186976, -9.9240051 ], [ -38.1143597, -9.9198635 ], [ -38.1096067, -9.8930872 ], [ -38.1074074, -9.8881554 ], [ -38.1022397, -9.8824821 ], [ -38.1001623, -9.886803 ], [ -38.0903071, -9.8897112 ], [ -38.0831534, -9.8968452 ], [ -38.0299064, -9.9076354 ], [ -38.0034676, -9.9046918 ], [ -37.9980938, -9.9125864 ], [ -37.998454, -9.9160485 ], [ -37.9967546, -9.9186602 ], [ -37.9885927, -9.9203226 ], [ -37.9858757, -9.9178894 ], [ -37.9838645, -9.9182251 ], [ -37.9828021, -9.9261017 ], [ -37.9754164, -9.9367318 ], [ -37.9641942, -9.937424 ], [ -37.9624298, -9.9402641 ], [ -37.9554324, -9.9429999 ], [ -37.9474371, -9.9414196 ], [ -37.9445292, -9.9432229 ], [ -37.9407312, -9.9385272 ], [ -37.9370349, -9.9397298 ], [ -37.9353356, -9.93723 ], [ -37.9306244, -9.9351035 ], [ -37.9300165, -9.9309323 ], [ -37.9253454, -9.9287883 ], [ -37.9239022, -9.9254998 ], [ -37.9213423, -9.9260478 ], [ -37.9187113, -9.924423 ], [ -37.9192801, -9.9220501 ], [ -37.9178511, -9.9199579 ], [ -37.9122457, -9.9183666 ], [ -37.9076252, -9.9108805 ], [ -37.9032388, -9.9146645 ], [ -37.9011878, -9.9211281 ], [ -37.9061182, -9.9285909 ], [ -37.9134407, -9.9331128 ], [ -37.9127912, -9.9371313 ], [ -37.9089555, -9.9400152 ], [ -37.8957932, -9.9421324 ], [ -37.8951415, -9.9444602 ], [ -37.8974692, -9.9479519 ], [ -37.8960726, -9.9542834 ], [ -37.8757744, -9.9730918 ], [ -37.8760988, -9.9769558 ], [ -37.862555799999988, -9.9885966 ], [ -37.8520777, -9.9904569 ], [ -37.8503086, -9.9933434 ], [ -37.8472437, -9.994281 ], [ -37.8469098, -9.9992309 ], [ -37.8330471, -10.019417 ], [ -37.8264461, -10.0214716 ], [ -37.8248135, -10.0234563 ], [ -37.8243468, -10.0249195 ], [ -37.827713, -10.0277087 ], [ -37.8251264, -10.0289149 ], [ -37.8270049, -10.0341612 ], [ -37.8259678, -10.0365836 ], [ -37.8219444, -10.0353233 ], [ -37.8197105, -10.0362772 ], [ -37.8136027, -10.0322597 ], [ -37.8103041, -10.034505 ], [ -37.8075066, -10.0304248 ], [ -37.8049853, -10.0321231 ], [ -37.7992507, -10.0320122 ], [ -37.7985261, -10.0340063 ], [ -37.7909033, -10.0327032 ], [ -37.7826444, -10.0435984 ], [ -37.7883725, -10.0714104 ], [ -37.7904735, -10.0702864 ], [ -37.7919404, -10.071259 ], [ -37.7945593, -10.0872243 ], [ -37.7995666, -10.0897473 ], [ -37.8004816, -10.091709 ], [ -37.7985697, -10.0977817 ], [ -37.7988018, -10.1040651 ], [ -37.8020145, -10.1124474 ], [ -37.7980212, -10.114574 ], [ -37.7935185, -10.1203747 ], [ -37.7915057, -10.1205425 ], [ -37.7855427, -10.1293963 ], [ -37.7779304, -10.1341413 ], [ -37.7777456, -10.1395026 ], [ -37.7747608, -10.1423571 ], [ -37.7752248, -10.1534408 ], [ -37.7799902, -10.164823 ], [ -37.7829268, -10.1824238 ], [ -37.7801825, -10.187983 ], [ -37.7754696, -10.1892047 ], [ -37.7751003, -10.1907803 ], [ -37.7656811, -10.1960449 ], [ -37.7470908, -10.2380727 ], [ -37.7543946, -10.2411915 ], [ -37.7656795, -10.2518674 ], [ -37.7591633, -10.2535116 ], [ -37.7488597, -10.2643236 ], [ -37.7492778, -10.2823435 ], [ -37.751385, -10.2857561 ], [ -37.7503827, -10.2894991 ], [ -37.7545202, -10.292653 ], [ -37.7676362, -10.2884146 ], [ -37.768662, -10.2891961 ], [ -37.781776, -10.2752559 ], [ -37.7930104, -10.2469142 ], [ -37.8265791, -10.2308801 ], [ -37.8362848, -10.2295608 ], [ -37.8452983, -10.2216662 ], [ -37.8538836, -10.2112984 ], [ -37.8572212, -10.2106635 ], [ -37.8814225, -10.1871457 ], [ -37.9035031, -10.1727019 ], [ -37.906057, -10.1684118 ], [ -37.9182458, -10.1617791 ], [ -37.921232, -10.1642359 ], [ -37.9307142, -10.165384 ], [ -37.9458998, -10.1592898 ], [ -37.9518372, -10.1614402 ], [ -37.9653052, -10.1466605 ] ] ] } },
{ "type": "Feature", "properties": { "CD_MUN": "2924652", "NM_MUN": "Pintadas", "NM_UF": "Bahia", "NM_REGIAO": "Nordeste", "class_electre": 5, "class_label": "C5 (muito alto)", "Priorizacao": "Grupo 5", "class_mc_prob": 5, "ranking_pos": 6.0, "area_deg45_ha": 56075.0 }, "geometry": { "type": "Polygon", "coordinates": [ [ [ -39.9240828, -11.9967511 ], [ -39.9286769, -11.9972215 ], [ -39.9312885, -11.9943636 ], [ -39.9363369, -11.9931333 ], [ -39.9450491, -11.993246 ], [ -39.9477256, -11.9909013 ], [ -39.9473, -11.98686 ], [ -39.95443, -11.9850092 ], [ -39.9599117, -11.9747221 ], [ -39.9576861, -11.9704772 ], [ -39.9580893, -11.9670804 ], [ -39.9550407, -11.9622523 ], [ -39.9561077, -11.9575069 ], [ -39.9639046, -11.9546636 ], [ -39.9696104, -11.9551982 ], [ -39.9740283, -11.9518057 ], [ -39.9845122, -11.9490538 ], [ -39.9837284, -11.94588 ], [ -39.9863157, -11.9429394 ], [ -39.9919921, -11.9435542 ], [ -39.9962247, -11.9370669 ], [ -40.0038148, -11.9371837 ], [ -40.0065605, -11.9277573 ], [ -40.0099184, -11.9249766 ], [ -40.010209, -11.9203876 ], [ -40.0228214, -11.9102682 ], [ -40.0239401, -11.9064321 ], [ -40.0282958, -11.9037099 ], [ -40.0307646, -11.8993083 ], [ -40.030321, -11.8951306 ], [ -40.034340899999989, -11.893746 ], [ -40.0344704, -11.8893845 ], [ -40.0403816, -11.8841817 ], [ -40.0426942, -11.8769133 ], [ -40.0474986, -11.8712308 ], [ -40.0432448, -11.8633863 ], [ -40.0393477, -11.8626112 ], [ -40.0372194, -11.8542813 ], [ -40.0388817, -11.847169 ], [ -40.039058, -11.8326123 ], [ -40.0344662, -11.8322773 ], [ -40.0277968, -11.8365026 ], [ -40.0252645, -11.8346165 ], [ -40.0196642, -11.8345987 ], [ -40.0170594, -11.8316992 ], [ -40.0154903, -11.8323613 ], [ -40.015786, -11.8286656 ], [ -40.0202045, -11.8233682 ], [ -40.0240704, -11.8136701 ], [ -40.019212, -11.8062467 ], [ -40.0149052, -11.8035579 ], [ -40.0104145, -11.8056606 ], [ -40.0058531, -11.8022117 ], [ -39.9970894, -11.8015715 ], [ -39.9948137, -11.7999611 ], [ -39.9941771, -11.7952197 ], [ -39.9970377, -11.7946726 ], [ -39.9985328, -11.7895766 ], [ -39.9987627, -11.7866651 ], [ -39.9961673, -11.7855381 ], [ -39.9984799, -11.7798445 ], [ -39.9707858, -11.7554085 ], [ -39.9436472, -11.7425218 ], [ -39.9085779, -11.7205959 ], [ -39.8851467, -11.7401442 ], [ -39.8819593, -11.7403982 ], [ -39.8804504, -11.7369856 ], [ -39.8631883, -11.7410647 ], [ -39.864529499999989, -11.7482346 ], [ -39.8406534, -11.7553098 ], [ -39.8413508, -11.7603403 ], [ -39.8427928, -11.7599839 ], [ -39.8450169, -11.7643234 ], [ -39.8462876, -11.7739413 ], [ -39.8397708, -11.7808965 ], [ -39.8402621, -11.7835515 ], [ -39.8265527, -11.7882799 ], [ -39.8268223, -11.7944144 ], [ -39.8128591, -11.8111449 ], [ -39.8109126, -11.8246518 ], [ -39.8044889, -11.82542 ], [ -39.7904579, -11.8223252 ], [ -39.7931247, -11.8174003 ], [ -39.7856611, -11.8189057 ], [ -39.7789751, -11.8225575 ], [ -39.7694267, -11.8199729 ], [ -39.7635009, -11.8207838 ], [ -39.7592787, -11.8231601 ], [ -39.7513811, -11.8234304 ], [ -39.7452674, -11.8186258 ], [ -39.7130981, -11.8238753 ], [ -39.7408259, -11.8422733 ], [ -39.7451937, -11.8479733 ], [ -39.7475389, -11.8542365 ], [ -39.7483762, -11.8613057 ], [ -39.746581, -11.8699716 ], [ -39.748445, -11.8835999 ], [ -39.746972, -11.894889 ], [ -39.7431332, -11.9030756 ], [ -39.735537, -11.9011251 ], [ -39.7295254, -11.9059208 ], [ -39.7741185, -11.9153953 ], [ -39.7750119, -11.9069732 ], [ -39.779978, -11.8986872 ], [ -39.782599, -11.898519 ], [ -39.7916965, -11.9036172 ], [ -39.7950292, -11.9132663 ], [ -39.8073065, -11.9273551 ], [ -39.8080398, -11.9309221 ], [ -39.8118283, -11.9351287 ], [ -39.8138991, -11.9424879 ], [ -39.8238395, -11.9541338 ], [ -39.8347183, -11.9717211 ], [ -39.8378536, -11.973438 ], [ -39.8427426, -11.9717016 ], [ -39.847375, -11.9807862 ], [ -39.8498221, -11.994442 ], [ -39.9048619, -12.0288311 ], [ -39.911871399999988, -12.0237998 ], [ -39.913746, -12.0245324 ], [ -39.9198945, -12.0157203 ], [ -39.922124, -12.011162 ], [ -39.9210481, -12.0019035 ], [ -39.9240828, -11.9967511 ] ] ] } },
{ "type": "Feature", "properties": { "CD_MUN": "2925253", "NM_MUN": "Ponto Novo", "NM_UF": "Bahia", "NM_REGIAO": "Nordeste", "class_electre": 5, "class_label": "C5 (muito alto)", "Priorizacao": "Grupo 4", "class_mc_prob": 5, "ranking_pos": 33.0, "area_deg45_ha": 21300.0 }, "geometry": { "type": "Polygon", "coordinates": [ [ [ -40.1420138, -11.009168 ], [ -40.1491415, -11.0106061 ], [ -40.1858943, -10.9765181 ], [ -40.1971709, -10.97346 ], [ -40.2111193, -10.9658124 ], [ -40.2315925, -10.9254478 ], [ -40.2476879, -10.9105682 ], [ -40.2405681, -10.8518492 ], [ -40.2415032, -10.8471168 ], [ -40.238314, -10.8490386 ], [ -40.2320334, -10.8438881 ], [ -40.2322622, -10.8369943 ], [ -40.2304972, -10.8339352 ], [ -40.2209557, -10.8378811 ], [ -40.2153456, -10.8375895 ], [ -40.2163496, -10.830256 ], [ -40.2094768, -10.8257121 ], [ -40.2067605, -10.826457 ], [ -40.203844599999989, -10.8250895 ], [ -40.2050074, -10.8199046 ], [ -40.2033576, -10.8165048 ], [ -40.2011992, -10.8167854 ], [ -40.1950968, -10.8225663 ], [ -40.1913729, -10.8176129 ], [ -40.1861922, -10.8245601 ], [ -40.182776, -10.8262099 ], [ -40.1823772, -10.8313375 ], [ -40.1883164, -10.8318364 ], [ -40.1889246, -10.8329852 ], [ -40.1868279, -10.8331434 ], [ -40.1902388, -10.8343039 ], [ -40.1904514, -10.8358023 ], [ -40.1816098, -10.8392778 ], [ -40.180116, -10.845076 ], [ -40.1769695, -10.844437 ], [ -40.1734102, -10.8462817 ], [ -40.17138, -10.8536842 ], [ -40.168407, -10.8574545 ], [ -40.1641138, -10.8574083 ], [ -40.1609452, -10.8522417 ], [ -40.1564251, -10.8566742 ], [ -40.1564491, -10.8586326 ], [ -40.154292, -10.8593379 ], [ -40.1529724, -10.855876 ], [ -40.1432529, -10.8534509 ], [ -40.1401857, -10.854183 ], [ -40.1414142, -10.856335 ], [ -40.1394166, -10.858585 ], [ -40.135666, -10.8597879 ], [ -40.1327356, -10.8541273 ], [ -40.1258389, -10.8521171 ], [ -40.1230801, -10.8465136 ], [ -40.1230343, -10.842073 ], [ -40.1146697, -10.8447312 ], [ -40.107627, -10.8422265 ], [ -40.1038299, -10.8442304 ], [ -40.1055937, -10.8487562 ], [ -40.101875, -10.8521939 ], [ -40.0894549, -10.8516332 ], [ -40.0838813, -10.8552229 ], [ -40.0733624, -10.8529918 ], [ -40.0696382, -10.8547754 ], [ -40.0651589, -10.8597978 ], [ -40.0558393, -10.8573251 ], [ -40.0497295, -10.8628711 ], [ -40.0456884, -10.8614624 ], [ -40.0447719, -10.8628165 ], [ -40.041346, -10.8617973 ], [ -40.0356, -10.8644563 ], [ -40.0283949, -10.8631385 ], [ -40.0236236, -10.8673023 ], [ -40.0187, -10.8681398 ], [ -40.0215599, -10.8692615 ], [ -40.022549, -10.8741223 ], [ -40.025013, -10.8769002 ], [ -40.0215384, -10.8828085 ], [ -40.0188535, -10.8839822 ], [ -40.0174381, -10.9025379 ], [ -40.0104058, -10.902268 ], [ -40.0094577, -10.9042025 ], [ -40.0113544, -10.9163159 ], [ -40.0080887, -10.9166022 ], [ -40.0105734, -10.9292412 ], [ -40.0156165, -10.9305061 ], [ -40.0184691, -10.9459847 ], [ -40.018536, -10.9690909 ], [ -40.0206361, -10.9703071 ], [ -40.0245161, -10.9809159 ], [ -39.985764, -11.1324225 ], [ -39.9868052, -11.1324268 ], [ -39.984996, -11.1442015 ], [ -39.9819104, -11.1511593 ], [ -39.9845023, -11.1517292 ], [ -39.9869572, -11.1546582 ], [ -39.9871257, -11.1584483 ], [ -39.9899971, -11.1623923 ], [ -40.0156769, -11.1343066 ], [ -40.0593548, -11.0955397 ], [ -40.0938197, -11.0860194 ], [ -40.0898782, -11.0796098 ], [ -40.1401338, -11.0185392 ], [ -40.1420138, -11.009168 ] ] ] } },
{ "type": "Feature", "properties": { "CD_MUN": "2925808", "NM_MUN": "Queimadas", "NM_UF": "Bahia", "NM_REGIAO": "Nordeste", "class_electre": 5, "class_label": "C5 (muito alto)", "Priorizacao": "Grupo 5", "class_mc_prob": 5, "ranking_pos": 14.0, "area_deg45_ha": 129025.0 }, "geometry": { "type": "Polygon", "coordinates": [ [ [ -39.6816943, -10.7859005 ], [ -39.5856284, -10.777423 ], [ -39.5893985, -10.7829598 ], [ -39.5882032, -10.7849091 ], [ -39.5848728, -10.7849073 ], [ -39.5843649, -10.7871204 ], [ -39.5911927, -10.7958735 ], [ -39.5882911, -10.8032742 ], [ -39.5858606, -10.8039401 ], [ -39.5824832, -10.8138454 ], [ -39.5793444, -10.8183035 ], [ -39.5731142, -10.8223432 ], [ -39.5689349, -10.8307905 ], [ -39.5566147, -10.8400782 ], [ -39.5583472, -10.8424346 ], [ -39.5571783, -10.8450549 ], [ -39.5510131, -10.8456484 ], [ -39.5535691, -10.8515132 ], [ -39.552667899999989, -10.8539964 ], [ -39.5513679, -10.8550198 ], [ -39.5477029, -10.8510263 ], [ -39.5421684, -10.8518853 ], [ -39.5427573, -10.8552738 ], [ -39.5393288, -10.8555955 ], [ -39.5374387, -10.8581835 ], [ -39.5381586, -10.8637324 ], [ -39.5420242, -10.8617043 ], [ -39.5428348, -10.8652281 ], [ -39.5396025, -10.8679144 ], [ -39.5387652, -10.8724205 ], [ -39.5398138, -10.8831111 ], [ -39.5346788, -10.8841076 ], [ -39.5302592, -10.8891843 ], [ -39.5321968, -10.8966746 ], [ -39.53105, -10.8980548 ], [ -39.5309971, -10.9090367 ], [ -39.5362999, -10.9171415 ], [ -39.5340706, -10.9181266 ], [ -39.5333178, -10.9213891 ], [ -39.5301551, -10.9208348 ], [ -39.528523, -10.9267748 ], [ -39.5264818, -10.924928 ], [ -39.5244529, -10.9253755 ], [ -39.5266566, -10.9321816 ], [ -39.5222529, -10.9332256 ], [ -39.5222518, -10.9367743 ], [ -39.5183111, -10.9449683 ], [ -39.5067605, -10.9438924 ], [ -39.4973242, -10.9460291 ], [ -39.4904824, -10.9452984 ], [ -39.4799846, -10.9503208 ], [ -39.4777895, -10.9583016 ], [ -39.4712362, -10.9633401 ], [ -39.4714748, -10.9712332 ], [ -39.4679285, -10.9790208 ], [ -39.4644459, -10.982025 ], [ -39.461056, -10.9906418 ], [ -39.4629252, -11.0080598 ], [ -39.4405725, -10.9965269 ], [ -39.433115, -11.0007864 ], [ -39.4214442, -11.0034635 ], [ -39.4164786, -11.0095577 ], [ -39.4149153, -11.007714 ], [ -39.414883, -11.0133999 ], [ -39.4171628, -11.0188873 ], [ -39.4102124, -11.028456 ], [ -39.4131135, -11.03113 ], [ -39.4139828, -11.0354228 ], [ -39.4160382, -11.0342099 ], [ -39.4177593, -11.0296603 ], [ -39.4208544, -11.0290411 ], [ -39.4252316, -11.0299221 ], [ -39.4275777, -11.0336286 ], [ -39.4413721, -11.0404405 ], [ -39.4517478, -11.0539483 ], [ -39.4524477, -11.0572192 ], [ -39.4556608, -11.0593397 ], [ -39.455849799999989, -11.0637672 ], [ -39.4655987, -11.0620422 ], [ -39.4770457, -11.0698951 ], [ -39.4791409, -11.0740573 ], [ -39.4768749, -11.0769422 ], [ -39.4802825, -11.0773636 ], [ -39.4815329, -11.0816836 ], [ -39.4860716, -11.082814 ], [ -39.4850659, -11.0847899 ], [ -39.4875211, -11.0878029 ], [ -39.4908527, -11.0886865 ], [ -39.4901556, -11.0912452 ], [ -39.4927679, -11.0945391 ], [ -39.4977876, -11.0946186 ], [ -39.5000041, -11.0926888 ], [ -39.5035196, -11.0941036 ], [ -39.507431, -11.0929358 ], [ -39.5103581, -11.097052 ], [ -39.5099899, -11.1006728 ], [ -39.5162568, -11.1028145 ], [ -39.5171168, -11.1065607 ], [ -39.5231495, -11.1066733 ], [ -39.5259581, -11.1103763 ], [ -39.5283583, -11.1104725 ], [ -39.5303182, -11.112663 ], [ -39.533324, -11.1124434 ], [ -39.540291, -11.1156351 ], [ -39.5453372, -11.122859 ], [ -39.554043, -11.1252659 ], [ -39.563706, -11.1310719 ], [ -39.5721075, -11.1322308 ], [ -39.5866851, -11.1472014 ], [ -39.6013279, -11.1539242 ], [ -39.6066802, -11.1545176 ], [ -39.6069722, -11.1606321 ], [ -39.6173279, -11.1724941 ], [ -39.6328572, -11.1795743 ], [ -39.6484478, -11.2011057 ], [ -39.6618547, -11.2116109 ], [ -39.6784002, -11.217517 ], [ -39.6842413, -11.2166392 ], [ -39.6907486, -11.2208781 ], [ -39.7030053, -11.2237596 ], [ -39.7079425, -11.2293267 ], [ -39.7259618, -11.2362765 ], [ -39.7375486, -11.2444952 ], [ -39.7422608, -11.2504046 ], [ -39.7536332, -11.2569633 ], [ -39.7618439, -11.2594476 ], [ -39.7836784, -11.2705093 ], [ -39.7904498, -11.2712356 ], [ -39.8020887, -11.2808777 ], [ -39.810873, -11.2825051 ], [ -39.8192534, -11.2886648 ], [ -39.8242963, -11.2899711 ], [ -39.8352249, -11.3052411 ], [ -39.8405093, -11.3075774 ], [ -39.8514965, -11.3080099 ], [ -39.8610871, -11.3132876 ], [ -39.9552984, -11.2486547 ], [ -39.9529984, -11.1568736 ], [ -39.9563242, -11.1579127 ], [ -39.9582455, -11.1517755 ], [ -39.9627634, -11.1500068 ], [ -39.9719503, -11.1547797 ], [ -39.9711572, -11.1588868 ], [ -39.9759682, -11.1607159 ], [ -39.9769389, -11.1552202 ], [ -39.9819104, -11.1511593 ], [ -39.9846605, -11.1454306 ], [ -39.9863916, -11.137688 ], [ -39.9868052, -11.1324268 ], [ -39.985764, -11.1324225 ], [ -40.0245161, -10.9809159 ], [ -40.0206361, -10.9703071 ], [ -40.018536, -10.9690909 ], [ -40.0184691, -10.9459847 ], [ -40.0156165, -10.9305061 ], [ -40.0105734, -10.9292412 ], [ -40.0080887, -10.9166022 ], [ -40.0113544, -10.9163159 ], [ -40.0094592, -10.9042948 ], [ -40.0104058, -10.902268 ], [ -40.0174381, -10.9025379 ], [ -40.0186336, -10.8830922 ], [ -40.0138399, -10.8848171 ], [ -40.0099411, -10.8805962 ], [ -40.0071758, -10.8807282 ], [ -39.9985296, -10.8753579 ], [ -39.9964488, -10.8785414 ], [ -39.998791, -10.879949 ], [ -39.9990504, -10.8842182 ], [ -39.9948965, -10.8866045 ], [ -39.9906605, -10.8852319 ], [ -39.9833576, -10.890493 ], [ -39.9822183, -10.8890462 ], [ -39.9789718, -10.8894762 ], [ -39.9750307, -10.8876485 ], [ -39.9734579, -10.8892975 ], [ -39.973232599999989, -10.8943179 ], [ -39.9669673, -10.8980561 ], [ -39.9645124, -10.8966161 ], [ -39.960757, -10.8973323 ], [ -39.9595102, -10.8954101 ], [ -39.954162599999989, -10.8940595 ], [ -39.9544456, -10.8924011 ], [ -39.9520077, -10.8913841 ], [ -39.9493538, -10.8949742 ], [ -39.9497092, -10.9014478 ], [ -39.9461662, -10.906266 ], [ -39.9467112, -10.9076117 ], [ -39.9428558, -10.9088869 ], [ -39.9378316, -10.9082974 ], [ -39.9377192, -10.9071755 ], [ -39.9362603, -10.9082244 ], [ -39.9348259, -10.9045194 ], [ -39.9292132, -10.9032532 ], [ -39.9266521, -10.9076513 ], [ -39.9255361, -10.9157446 ], [ -39.9235033, -10.9176325 ], [ -39.9108987, -10.9142828 ], [ -39.9026555, -10.9158482 ], [ -39.8992597, -10.9121415 ], [ -39.8961436, -10.9119878 ], [ -39.8955336, -10.9093373 ], [ -39.8937834, -10.9093876 ], [ -39.8911697, -10.8994126 ], [ -39.8848667, -10.9004491 ], [ -39.8837046, -10.9059931 ], [ -39.879518399999988, -10.9075063 ], [ -39.8687744, -10.9033925 ], [ -39.8651129, -10.9050768 ], [ -39.8647612, -10.9138098 ], [ -39.8615321, -10.9179661 ], [ -39.8574162, -10.9188964 ], [ -39.8508263, -10.9157425 ], [ -39.842869, -10.916034 ], [ -39.8400578, -10.9208147 ], [ -39.8441936, -10.9223822 ], [ -39.8445214, -10.9247108 ], [ -39.8394704, -10.9296497 ], [ -39.836618, -10.9309145 ], [ -39.8322941, -10.9272575 ], [ -39.8267935, -10.9275464 ], [ -39.8251133, -10.9311447 ], [ -39.8253582, -10.9396193 ], [ -39.8073158, -10.9406306 ], [ -39.7988478, -10.9388289 ], [ -39.7956815, -10.9430454 ], [ -39.7887261, -10.9465076 ], [ -39.7821762, -10.954799 ], [ -39.774468899999988, -10.9591097 ], [ -39.7660025, -10.9578439 ], [ -39.7615112, -10.9618756 ], [ -39.7522686, -10.9531698 ], [ -39.7384465, -10.9510492 ], [ -39.7335314, -10.9519183 ], [ -39.729246, -10.9542862 ], [ -39.7183289, -10.9656185 ], [ -39.7135513, -10.9571846 ], [ -39.716902, -10.9535379 ], [ -39.6693974, -10.947046 ], [ -39.6275726, -10.9149719 ], [ -39.6303882, -10.9102636 ], [ -39.6278335, -10.9002802 ], [ -39.6317354, -10.8964802 ], [ -39.6245159, -10.8890097 ], [ -39.626025, -10.8746644 ], [ -39.6360434, -10.873252 ], [ -39.6369735, -10.8713138 ], [ -39.6350004, -10.865483 ], [ -39.6419624, -10.8604891 ], [ -39.6437482, -10.8570326 ], [ -39.6432596, -10.8531657 ], [ -39.6390684, -10.8496483 ], [ -39.6385145, -10.8460401 ], [ -39.6367452, -10.8447659 ], [ -39.6404, -10.8430202 ], [ -39.6514559, -10.8434049 ], [ -39.6577506, -10.8402733 ], [ -39.6652236, -10.8388962 ], [ -39.6673311, -10.8276071 ], [ -39.6655952, -10.8277935 ], [ -39.6650522, -10.823017 ], [ -39.6611668, -10.8174563 ], [ -39.6661378, -10.805471 ], [ -39.6747564, -10.8071173 ], [ -39.6776589, -10.8038507 ], [ -39.6773637, -10.7999201 ], [ -39.6811806, -10.791296 ], [ -39.6816943, -10.7859005 ] ] ] } },
{ "type": "Feature", "properties": { "CD_MUN": "2925931", "NM_MUN": "Quixabeira", "NM_UF": "Bahia", "NM_REGIAO": "Nordeste", "class_electre": 5, "class_label": "C5 (muito alto)", "Priorizacao": "Grupo 5", "class_mc_prob": 5, "ranking_pos": 13.0, "area_deg45_ha": 23650.0 }, "geometry": { "type": "Polygon", "coordinates": [ [ [ -40.1192838, -11.5210807 ], [ -40.1216052, -11.5221472 ], [ -40.1329635, -11.5151332 ], [ -40.1343246, -11.5161723 ], [ -40.1345888, -11.5207601 ], [ -40.1416964, -11.5216899 ], [ -40.1496914, -11.5250509 ], [ -40.1543612, -11.5212411 ], [ -40.1586046, -11.52133 ], [ -40.1609494, -11.516721 ], [ -40.1641749, -11.5147806 ], [ -40.1664951, -11.5217705 ], [ -40.1699298, -11.522915 ], [ -40.1773477, -11.5186482 ], [ -40.1794782, -11.5139893 ], [ -40.1827159, -11.5127519 ], [ -40.1867151, -11.5072851 ], [ -40.1877721, -11.5035591 ], [ -40.1956292, -11.5001218 ], [ -40.1977614, -11.4942045 ], [ -40.1948791, -11.4925709 ], [ -40.1963044, -11.4756802 ], [ -40.1922512, -11.4747714 ], [ -40.1947786, -11.4592661 ], [ -40.1917111, -11.4529963 ], [ -40.1947407, -11.4455928 ], [ -40.1921458, -11.4344158 ], [ -40.1891737, -11.4294376 ], [ -40.1983479, -11.4251785 ], [ -40.2011765, -11.4173909 ], [ -40.2003171, -11.4135254 ], [ -40.203611, -11.4078661 ], [ -40.2000387, -11.4004872 ], [ -40.2045499, -11.3829409 ], [ -40.2020499, -11.3801154 ], [ -40.2017964, -11.3707763 ], [ -40.1904052, -11.3476127 ], [ -40.1866194, -11.3432516 ], [ -40.1881979, -11.338981 ], [ -40.1652186, -11.3361211 ], [ -40.1594795, -11.329417 ], [ -40.1584519, -11.3250451 ], [ -40.1550467, -11.3239896 ], [ -40.151273, -11.3263408 ], [ -40.1432348, -11.3249551 ], [ -40.1428472, -11.3217087 ], [ -40.1400989, -11.3190319 ], [ -40.1267172, -11.3156752 ], [ -40.1207685, -11.3084333 ], [ -40.1085062, -11.3034031 ], [ -40.1043736, -11.2998867 ], [ -40.0971863, -11.2873708 ], [ -40.0970689, -11.2803254 ], [ -40.095272, -11.2761148 ], [ -40.0956967, -11.2673087 ], [ -40.0904336, -11.2589467 ], [ -40.0791699, -11.2476152 ], [ -40.0781849, -11.2433707 ], [ -40.070606, -11.2344406 ], [ -40.0652272, -11.2308728 ], [ -40.0632376, -11.2318365 ], [ -40.0616674, -11.2297651 ], [ -40.0572441, -11.2297374 ], [ -40.0521714, -11.2269097 ], [ -40.0469153, -11.2288235 ], [ -40.0364211, -11.2236888 ], [ -40.0323495, -11.224647 ], [ -40.0283226, -11.2225854 ], [ -40.0325321, -11.2399565 ], [ -40.0256658, -11.240903 ], [ -40.0222082, -11.2758713 ], [ -40.0345197, -11.2804251 ], [ -40.0483872, -11.3423499 ], [ -40.0546176, -11.3436548 ], [ -40.0650736, -11.3425024 ], [ -40.0649983, -11.3470399 ], [ -40.0753511, -11.3547912 ], [ -40.069504, -11.408908 ], [ -40.070204, -11.4342197 ], [ -40.0806898, -11.4480502 ], [ -40.0796194, -11.4629512 ], [ -40.0835805, -11.4701898 ], [ -40.0842624, -11.4778388 ], [ -40.0799017, -11.4882653 ], [ -40.0856446, -11.4964443 ], [ -40.0853778, -11.5041131 ], [ -40.07614, -11.5241579 ], [ -40.0779176, -11.526977 ], [ -40.0770874, -11.5282584 ], [ -40.0801834, -11.5279849 ], [ -40.0829927, -11.5298815 ], [ -40.0846991, -11.5372743 ], [ -40.0898335, -11.5352749 ], [ -40.0957283, -11.5390287 ], [ -40.102503, -11.538418 ], [ -40.1046847, -11.5363952 ], [ -40.1071688, -11.5389962 ], [ -40.1102592, -11.5337246 ], [ -40.1069068, -11.5313548 ], [ -40.1072275, -11.5294285 ], [ -40.1087887, -11.5281638 ], [ -40.1133411, -11.5309676 ], [ -40.1161395, -11.529813 ], [ -40.1176377, -11.5274825 ], [ -40.1166271, -11.5220946 ], [ -40.1192838, -11.5210807 ] ] ] } },
{ "type": "Feature", "properties": { "CD_MUN": "2926004", "NM_MUN": "Remanso", "NM_UF": "Bahia", "NM_REGIAO": "Nordeste", "class_electre": 5, "class_label": "C5 (muito alto)", "Priorizacao": "Grupo 4", "class_mc_prob": 5, "ranking_pos": 42.0, "area_deg45_ha": 15200.0 }, "geometry": { "type": "Polygon", "coordinates": [ [ [ -42.1345261, -9.2872126 ], [ -42.0994884, -9.2808817 ], [ -42.0665857, -9.255986 ], [ -42.0581564, -9.2548909 ], [ -42.0349916, -9.256139 ], [ -42.0246776, -9.2497597 ], [ -42.0186882, -9.250516 ], [ -41.999905299999988, -9.2659722 ], [ -41.9892429, -9.2595986 ], [ -41.978656, -9.2504046 ], [ -41.9722662, -9.2486381 ], [ -41.9554222, -9.2636647 ], [ -41.945057, -9.2637015 ], [ -41.9374398, -9.2672701 ], [ -41.9247682, -9.277797 ], [ -41.9179331, -9.2784662 ], [ -41.9096016, -9.2737941 ], [ -41.9046805, -9.2596044 ], [ -41.9016543, -9.2573549 ], [ -41.8900454, -9.2558169 ], [ -41.8849329, -9.2534666 ], [ -41.8705206, -9.2374314 ], [ -41.8633761, -9.23665 ], [ -41.854662, -9.2406689 ], [ -41.9031447, -9.7043505 ], [ -41.9093436, -9.7026618 ], [ -41.9165393, -9.6944389 ], [ -41.9232024, -9.6915025 ], [ -41.9321318, -9.6895208 ], [ -41.9468926, -9.6914521 ], [ -41.963454299999988, -9.68737 ], [ -41.9750008, -9.6788559 ], [ -41.9807158, -9.6719746 ], [ -41.992365, -9.6664575 ], [ -42.0165532, -9.6646144 ], [ -42.0411311, -9.6701085 ], [ -42.0445134, -9.6731409 ], [ -42.0666673, -9.7066769 ], [ -42.069245, -9.717531 ], [ -42.0800047, -9.7311067 ], [ -42.0796833, -9.7455815 ], [ -42.0776369, -9.7565327 ], [ -42.0791487, -9.7696682 ], [ -42.0746863, -9.8032835 ], [ -42.0768205, -9.811583 ], [ -42.0952988, -9.8294823 ], [ -42.0999942, -9.8468461 ], [ -42.111076, -9.8736411 ], [ -42.1191579, -9.8880936 ], [ -42.1390445, -9.9010319 ], [ -42.1494243, -9.9112289 ], [ -42.1588649, -9.9232112 ], [ -42.1625183, -9.9408725 ], [ -42.1676611, -9.9477296 ], [ -42.17533, -9.9551421 ], [ -42.1994703, -9.9721103 ], [ -42.2057559, -9.9806816 ], [ -42.2095654, -9.9879196 ], [ -42.2170565, -10.0171589 ], [ -42.226497, -10.028894 ], [ -42.3147126, -9.9433253 ], [ -42.3198522, -9.9363308 ], [ -42.3288327, -9.9361885 ], [ -42.3464467, -9.9250397 ], [ -42.3489472, -9.9173541 ], [ -42.3537632, -9.9107971 ], [ -42.374276699999989, -9.915318 ], [ -42.3779985, -9.9130231 ], [ -42.3889736, -9.91483 ], [ -42.3930837, -9.9140162 ], [ -42.3964604, -9.9100514 ], [ -42.395723, -9.9059118 ], [ -42.4001533, -9.902958 ], [ -42.4047452, -9.8953229 ], [ -42.410473, -9.8942214 ], [ -42.4153764, -9.8965732 ], [ -42.4181814, -9.8937575 ], [ -42.419009, -9.8898947 ], [ -42.427061, -9.8879007 ], [ -42.4316846, -9.889211 ], [ -42.4341057, -9.8872262 ], [ -42.4390156, -9.8764041 ], [ -42.4515077, -9.872644 ], [ -42.4599035, -9.876012 ], [ -42.4659718, -9.8750312 ], [ -42.4761843, -9.876778 ], [ -42.5068551, -9.8584955 ], [ -42.5233156, -9.8122689 ], [ -42.5902745, -9.745018 ], [ -42.5913652, -9.7457921 ], [ -42.5946622, -9.7410784 ], [ -42.6031906, -9.7363713 ], [ -42.6049471, -9.7327687 ], [ -42.6097469, -9.7303397 ], [ -42.6177309, -9.7220585 ], [ -42.62782, -9.7219932 ], [ -42.6324444, -9.7250302 ], [ -42.6433765, -9.7282011 ], [ -42.6474998, -9.7312796 ], [ -42.651100899999989, -9.7308977 ], [ -42.657895, -9.7331134 ], [ -42.6618204, -9.735219 ], [ -42.6637991, -9.7388864 ], [ -42.6637094, -9.7354127 ], [ -42.6677001, -9.7281195 ], [ -42.6669859, -9.7227372 ], [ -42.6689675, -9.7194068 ], [ -42.6664322, -9.7171979 ], [ -42.6644475, -9.7176814 ], [ -42.6637493, -9.7147132 ], [ -42.6854569, -9.6594865 ], [ -42.6928632, -9.655265 ], [ -42.6972151, -9.6481542 ], [ -42.7008754, -9.6456255 ], [ -42.7066592, -9.6455737 ], [ -42.708582799999988, -9.6473263 ], [ -42.7144399, -9.6499184 ], [ -42.7168827, -9.6523523 ], [ -42.71802, -9.6524582 ], [ -42.716906, -9.6513383 ], [ -42.719614, -9.6448264 ], [ -42.7171566, -9.6440274 ], [ -42.7174975, -9.6404629 ], [ -42.7161201, -9.6388977 ], [ -42.7176384, -9.6363934 ], [ -42.7164175, -9.6339829 ], [ -42.7187824, -9.6317446 ], [ -42.7155062, -9.6292764 ], [ -42.715888299999989, -9.6164677 ], [ -42.7129306, -9.6161544 ], [ -42.713145, -9.6185364 ], [ -42.7107969, -9.6180283 ], [ -42.711524499999989, -9.6153316 ], [ -42.7077714, -9.6148323 ], [ -42.706735099999989, -9.613176 ], [ -42.7068171, -9.6077538 ], [ -42.7102301, -9.6046809 ], [ -42.706998299999988, -9.5943563 ], [ -42.7099517, -9.5851119 ], [ -42.6977271, -9.5749085 ], [ -42.6884263, -9.563346 ], [ -42.6895706, -9.5556941 ], [ -42.6886782, -9.5494963 ], [ -42.690093, -9.5459085 ], [ -42.6799174, -9.5491491 ], [ -42.6738409, -9.5488671 ], [ -42.6672512, -9.548124 ], [ -42.6546111, -9.5414002 ], [ -42.6402208, -9.5438287 ], [ -42.6323521, -9.538406 ], [ -42.6217206, -9.5413375 ], [ -42.6142767, -9.5298147 ], [ -42.6069103, -9.5230701 ], [ -42.5921064, -9.5002821 ], [ -42.5864825, -9.4967744 ], [ -42.5797472, -9.4974167 ], [ -42.5691799, -9.5017533 ], [ -42.5548256, -9.4963025 ], [ -42.5491612, -9.4958793 ], [ -42.538938, -9.4981602 ], [ -42.5325065, -9.5019857 ], [ -42.5222724, -9.503027 ], [ -42.4930918, -9.4949004 ], [ -42.4860249, -9.4837862 ], [ -42.491219, -9.4696076 ], [ -42.4890689, -9.4620372 ], [ -42.4840559, -9.4595234 ], [ -42.4768781, -9.4587682 ], [ -42.4517707, -9.4621032 ], [ -42.440584199999989, -9.4561712 ], [ -42.4331886, -9.448179 ], [ -42.4282776, -9.4397829 ], [ -42.4264127, -9.4212044 ], [ -42.4229866, -9.413693 ], [ -42.4184943, -9.4093633 ], [ -42.3988859, -9.3970862 ], [ -42.3896347, -9.3926212 ], [ -42.3780795, -9.3896534 ], [ -42.3595246, -9.3776132 ], [ -42.3567148, -9.3721839 ], [ -42.3580616, -9.364561 ], [ -42.357049, -9.3525645 ], [ -42.3499938, -9.345888 ], [ -42.3258774, -9.3334115 ], [ -42.3203819, -9.3210098 ], [ -42.3169422, -9.3171118 ], [ -42.3071658, -9.3154534 ], [ -42.2899654, -9.3094958 ], [ -42.2747509, -9.3115924 ], [ -42.2689127, -9.3104468 ], [ -42.2436577, -9.2888567 ], [ -42.2307412, -9.2834315 ], [ -42.2224438, -9.2841688 ], [ -42.2064354, -9.2927815 ], [ -42.1942312, -9.2916846 ], [ -42.179489599999989, -9.2852662 ], [ -42.1531149, -9.2878788 ], [ -42.1345261, -9.2872126 ] ] ] } },
{ "type": "Feature", "properties": { "CD_MUN": "2926103", "NM_MUN": "Retirolândia", "NM_UF": "Bahia", "NM_REGIAO": "Nordeste", "class_electre": 5, "class_label": "C5 (muito alto)", "Priorizacao": "Grupo 5", "class_mc_prob": 5, "ranking_pos": 11.0, "area_deg45_ha": 16075.0 }, "geometry": { "type": "Polygon", "coordinates": [ [ [ -39.346499799999989, -11.506406 ], [ -39.4192095, -11.5647762 ], [ -39.4252931, -11.572042 ], [ -39.4307709, -11.5824171 ], [ -39.4543293, -11.5870141 ], [ -39.4864087, -11.6012003 ], [ -39.5094283, -11.5768115 ], [ -39.5361578, -11.5696682 ], [ -39.4772026, -11.4849639 ], [ -39.4895466, -11.4762237 ], [ -39.4426109, -11.461326 ], [ -39.3994466, -11.4569997 ], [ -39.3813353, -11.4441337 ], [ -39.2906452, -11.3716129 ], [ -39.2852295, -11.3746608 ], [ -39.346499799999989, -11.506406 ] ] ] } },
{ "type": "Feature", "properties": { "CD_MUN": "2926301", "NM_MUN": "Riachão do Jacuípe", "NM_UF": "Bahia", "NM_REGIAO": "Nordeste", "class_electre": 5, "class_label": "C5 (muito alto)", "Priorizacao": "Grupo 5", "class_mc_prob": 5, "ranking_pos": 5.0, "area_deg45_ha": 100350.0 }, "geometry": { "type": "Polygon", "coordinates": [ [ [ -39.2774589, -11.8294594 ], [ -39.2803864, -11.8338624 ], [ -39.2758855, -11.8469138 ], [ -39.2765662, -11.8509718 ], [ -39.2816475, -11.8559009 ], [ -39.2809717, -11.8622102 ], [ -39.276231, -11.8645707 ], [ -39.2724195, -11.8708677 ], [ -39.2749434, -11.8752386 ], [ -39.2745727, -11.8773705 ], [ -39.2778734, -11.8797954 ], [ -39.2748078, -11.8865131 ], [ -39.2765723, -11.8889142 ], [ -39.2758328, -11.8922981 ], [ -39.2856475, -11.8997491 ], [ -39.2863439, -11.9045224 ], [ -39.2968831, -11.9196627 ], [ -39.2966148, -11.9246468 ], [ -39.3042551, -11.9284341 ], [ -39.3044129, -11.9348113 ], [ -39.3076774, -11.9401722 ], [ -39.2962539, -11.9576228 ], [ -39.2851418, -11.9676715 ], [ -39.289018, -11.973883 ], [ -39.296736, -11.9769108 ], [ -39.2937185, -11.9818606 ], [ -39.2980356, -11.9835119 ], [ -39.2966832, -11.9907968 ], [ -39.3038664, -11.9889016 ], [ -39.3097238, -11.9894956 ], [ -39.3132798, -11.9840349 ], [ -39.3128766, -11.9785597 ], [ -39.3229141, -11.9736441 ], [ -39.3352626, -11.9714005 ], [ -39.3394381, -11.9661856 ], [ -39.3463147, -11.9682906 ], [ -39.360238, -11.9667168 ], [ -39.3669123, -11.9692104 ], [ -39.3728601, -11.9816053 ], [ -39.3770161, -11.9819597 ], [ -39.3849395, -11.9904369 ], [ -39.388965, -11.9920121 ], [ -39.4011079, -11.9921994 ], [ -39.4080249, -11.9965156 ], [ -39.4091861, -12.0002649 ], [ -39.4125766, -12.0029532 ], [ -39.4582299, -12.0129944 ], [ -39.469298, -12.0114774 ], [ -39.5366242, -12.0255033 ], [ -39.5586449, -12.0095111 ], [ -39.5493178, -11.9904118 ], [ -39.5095874, -11.941416 ], [ -39.5048074, -11.9014032 ], [ -39.5000935, -11.8955001 ], [ -39.4954341, -11.89425 ], [ -39.4888411, -11.8857788 ], [ -39.4777654, -11.8801263 ], [ -39.4747196, -11.8767485 ], [ -39.4689262, -11.8753124 ], [ -39.467259, -11.8723419 ], [ -39.4717715, -11.8657664 ], [ -39.479166, -11.8598768 ], [ -39.4795609, -11.8567453 ], [ -39.4840001, -11.8506074 ], [ -39.4927413, -11.8470655 ], [ -39.4959276, -11.8422688 ], [ -39.5006101, -11.8410127 ], [ -39.5060963, -11.8339592 ], [ -39.5138794, -11.8344805 ], [ -39.5173716, -11.8305594 ], [ -39.5189272, -11.8245166 ], [ -39.5229557, -11.8246693 ], [ -39.5279098, -11.8273794 ], [ -39.5317026, -11.8328814 ], [ -39.5341965, -11.8324497 ], [ -39.5414581, -11.758223 ], [ -39.6408105, -11.7248275 ], [ -39.5570938, -11.6759981 ], [ -39.5560402, -11.6507916 ], [ -39.5430038, -11.6385066 ], [ -39.5495403, -11.6343572 ], [ -39.5544339, -11.6171515 ], [ -39.5541055, -11.5913624 ], [ -39.5461682, -11.5871789 ], [ -39.537042, -11.5877132 ], [ -39.5349969, -11.584012 ], [ -39.5370597, -11.5815728 ], [ -39.535298, -11.5744617 ], [ -39.5361602, -11.5696717 ], [ -39.5373236, -11.568465 ], [ -39.5374975, -11.5678334 ], [ -39.537496399999988, -11.5672601 ], [ -39.5373786, -11.5665712 ], [ -39.5371436, -11.5659404 ], [ -39.5368519, -11.5654255 ], [ -39.5365015, -11.5649667 ], [ -39.53615, -11.5643361 ], [ -39.5360911, -11.5637629 ], [ -39.5371949, -11.5620969 ], [ -39.5360849, -11.5637654 ], [ -39.5361437, -11.5643387 ], [ -39.5373724, -11.5665737 ], [ -39.5374913, -11.567836 ], [ -39.5361546, -11.5696732 ], [ -39.5094283, -11.5768115 ], [ -39.4864087, -11.6012003 ], [ -39.3626896, -11.6467928 ], [ -39.2623372, -11.7376003 ], [ -39.2531639, -11.7527278 ], [ -39.249628, -11.7642623 ], [ -39.2422949, -11.7734258 ], [ -39.2402289, -11.7736191 ], [ -39.2481765, -11.7786822 ], [ -39.2549022, -11.7942021 ], [ -39.2598676, -11.7974514 ], [ -39.2600903, -11.8029071 ], [ -39.2626789, -11.8087314 ], [ -39.269566, -11.8139168 ], [ -39.2710315, -11.8180166 ], [ -39.2770729, -11.8244569 ], [ -39.2774589, -11.8294594 ] ] ] } },
{ "type": "Feature", "properties": { "CD_MUN": "2927101", "NM_MUN": "Rodelas", "NM_UF": "Bahia", "NM_REGIAO": "Nordeste", "class_electre": 5, "class_label": "C5 (muito alto)", "Priorizacao": "Grupo 3", "class_mc_prob": 5, "ranking_pos": 46.0, "area_deg45_ha": 2925.0 }, "geometry": { "type": "Polygon", "coordinates": [ [ [ -38.6835449, -9.2161136 ], [ -38.8428198, -9.0391977 ], [ -38.9822019, -8.8703946 ], [ -38.9843777, -8.8625743 ], [ -38.9820535, -8.8543141 ], [ -38.974329, -8.8495767 ], [ -38.9738855, -8.8462236 ], [ -38.9685378, -8.8386235 ], [ -38.9671533, -8.8321985 ], [ -38.9641199, -8.8294585 ], [ -38.9631432, -8.8200848 ], [ -38.9652652, -8.8152594 ], [ -38.9607685, -8.8150274 ], [ -38.9583494, -8.8094309 ], [ -38.9523639, -8.8045386 ], [ -38.9436929, -8.8042355 ], [ -38.9249375, -8.7947475 ], [ -38.8847696, -8.7896049 ], [ -38.8681044, -8.7838654 ], [ -38.8163043, -8.786181 ], [ -38.8040699, -8.7891811 ], [ -38.7887155, -8.7996581 ], [ -38.7746904, -8.8120724 ], [ -38.771465, -8.8172913 ], [ -38.7625529, -8.8259672 ], [ -38.7396837, -8.8448477 ], [ -38.717096399999988, -8.8531518 ], [ -38.706543499999988, -8.8622606 ], [ -38.6960708, -8.8905259 ], [ -38.6936588, -8.9029688 ], [ -38.6938007, -8.9318892 ], [ -38.6892326, -8.9473956 ], [ -38.6725158, -8.9739755 ], [ -38.6575971, -8.9824777 ], [ -38.6407103, -8.9872682 ], [ -38.6306849, -8.9851673 ], [ -38.6240985, -8.9800469 ], [ -38.6092398, -8.955121 ], [ -38.6070123, -8.9175078 ], [ -38.6075857, -8.893264 ], [ -38.6038243, -8.8805906 ], [ -38.5899504, -8.8565392 ], [ -38.5769653, -8.837128 ], [ -38.5704286, -8.8303691 ], [ -38.5518427, -8.8226294 ], [ -38.5411396, -8.8234867 ], [ -38.5124067, -8.8305859 ], [ -38.4808098, -8.8493261 ], [ -38.4707922, -8.8616253 ], [ -38.4698714, -8.8746889 ], [ -38.4732929, -8.8895457 ], [ -38.4793182, -8.9017437 ], [ -38.4895746, -8.9110407 ], [ -38.5020467, -8.9166207 ], [ -38.5109605, -8.9251108 ], [ -38.5167987, -8.9332354 ], [ -38.5193747, -8.9393497 ], [ -38.5198111, -8.9475828 ], [ -38.5161549, -8.957901 ], [ -38.5140421, -8.9600386 ], [ -38.5168433, -8.9629516 ], [ -38.5223652, -8.9621556 ], [ -38.5297113, -8.9569877 ], [ -38.5372976, -8.9600282 ], [ -38.5396223, -8.9669007 ], [ -38.5479485, -8.9773551 ], [ -38.5480562, -8.9910274 ], [ -38.558998, -9.0002816 ], [ -38.5781917, -9.0215753 ], [ -38.5842373, -9.0360531 ], [ -38.5839802, -9.1749334 ], [ -38.5979596, -9.1878717 ], [ -38.598257, -9.1926306 ], [ -38.5918622, -9.2198457 ], [ -38.5943434, -9.2293512 ], [ -38.6058415, -9.2475069 ], [ -38.6076261, -9.2565786 ], [ -38.6056021, -9.2642679 ], [ -38.602692, -9.2654733 ], [ -38.5644211, -9.2587514 ], [ -38.5698901, -9.2689439 ], [ -38.5735582, -9.2905038 ], [ -38.5722257, -9.2977374 ], [ -38.5672272, -9.3044783 ], [ -38.5664183, -9.3092276 ], [ -38.5614642, -9.3177181 ], [ -38.5690835, -9.339631 ], [ -38.5688624, -9.3432459 ], [ -38.566312599999989, -9.3468372 ], [ -38.5700546, -9.4126247 ], [ -38.5841574, -9.4215036 ], [ -38.5969494, -9.4341729 ], [ -38.5998604, -9.4391571 ], [ -38.6109271, -9.4399903 ], [ -38.6172917, -9.4460664 ], [ -38.6257685, -9.4640611 ], [ -38.6306761, -9.4923172 ], [ -38.632312, -9.5170041 ], [ -38.6349889, -9.5242912 ], [ -38.639891399999989, -9.5304199 ], [ -38.4930603, -9.4897656 ], [ -38.4930026, -9.5176372 ], [ -38.4914817, -9.5296966 ], [ -38.4927962, -9.5358367 ], [ -38.4990423, -9.5468417 ], [ -38.500211, -9.5529639 ], [ -38.4990423, -9.5733132 ], [ -38.5031703, -9.5837054 ], [ -38.5067756, -9.6113846 ], [ -38.5051831, -9.6211306 ], [ -38.5082627, -9.6304203 ], [ -38.5320039, -9.6497583 ], [ -38.5315935, -9.6532426 ], [ -38.5337421, -9.6584036 ], [ -38.5435312, -9.6700362 ], [ -38.546962799999989, -9.6764081 ], [ -38.548946, -9.6854742 ], [ -38.7847894, -9.6468173 ], [ -38.7852306, -9.5381257 ], [ -38.7210031, -9.4808981 ], [ -38.7150753, -9.4562391 ], [ -38.7081584, -9.4518576 ], [ -38.6979952, -9.4494413 ], [ -38.6922467, -9.4447845 ], [ -38.6899105, -9.4362723 ], [ -38.6833677, -9.4348952 ], [ -38.682491299999988, -9.4308073 ], [ -38.6850241, -9.4219877 ], [ -38.6909251, -9.4144401 ], [ -38.6982422, -9.408508 ], [ -38.6971117, -9.3947381 ], [ -38.7053024, -9.3922029 ], [ -38.7069825, -9.3890124 ], [ -38.7035923, -9.385038 ], [ -38.6947788, -9.3796805 ], [ -38.691652, -9.3685689 ], [ -38.682793, -9.3547958 ], [ -38.6749516, -9.353158 ], [ -38.654957, -9.3377675 ], [ -38.6498307, -9.3262394 ], [ -38.6472969, -9.3239142 ], [ -38.6538663, -9.3181003 ], [ -38.6561072, -9.3135873 ], [ -38.6621187, -9.3109067 ], [ -38.6684595, -9.2979768 ], [ -38.6746536, -9.294417 ], [ -38.673092499999989, -9.2810789 ], [ -38.6835449, -9.2161136 ] ] ] } },
{ "type": "Feature", "properties": { "CD_MUN": "2928000", "NM_MUN": "Santaluz", "NM_UF": "Bahia", "NM_REGIAO": "Nordeste", "class_electre": 5, "class_label": "C5 (muito alto)", "Priorizacao": "Grupo 4", "class_mc_prob": 5, "ranking_pos": 23.0, "area_deg45_ha": 80700.0 }, "geometry": { "type": "Polygon", "coordinates": [ [ [ -39.2401978, -11.2126381 ], [ -39.2423204, -11.2285878 ], [ -39.2400086, -11.2322143 ], [ -39.2371465, -11.2330522 ], [ -39.2374558, -11.234839 ], [ -39.2338993, -11.2369346 ], [ -39.2322057, -11.243102 ], [ -39.2289113, -11.2430702 ], [ -39.2238891, -11.2491822 ], [ -39.2192282, -11.2594838 ], [ -39.2164596, -11.2620489 ], [ -39.2197894, -11.2673551 ], [ -39.2148846, -11.2706543 ], [ -39.2085104, -11.2706299 ], [ -39.2054568, -11.2736845 ], [ -39.2285401, -11.3101627 ], [ -39.2297937, -11.3171417 ], [ -39.2336098, -11.3231302 ], [ -39.2310725, -11.3314109 ], [ -39.2269143, -11.3354259 ], [ -39.2273067, -11.3392104 ], [ -39.2343713, -11.3355476 ], [ -39.2527569, -11.3399349 ], [ -39.2596751, -11.3388473 ], [ -39.2644452, -11.3399175 ], [ -39.2714716, -11.3360856 ], [ -39.2832104, -11.3456383 ], [ -39.2840931, -11.349462 ], [ -39.2898369, -11.3551829 ], [ -39.3062757, -11.3669475 ], [ -39.3109243, -11.3671544 ], [ -39.3319117, -11.3415034 ], [ -39.4788791, -11.2989809 ], [ -39.4994948, -11.2901864 ], [ -39.6091165, -11.3460854 ], [ -39.6988911, -11.3992427 ], [ -39.7004866, -11.3983192 ], [ -39.7034616, -11.4006273 ], [ -39.7107048, -11.4015503 ], [ -39.7127038, -11.3971143 ], [ -39.7194137, -11.3944221 ], [ -39.7330872, -11.4013325 ], [ -39.7374513, -11.4088997 ], [ -39.7377448, -11.4160973 ], [ -39.7508508, -11.4223942 ], [ -39.7575625, -11.4209873 ], [ -39.7641894, -11.4110669 ], [ -39.7766474, -11.4057886 ], [ -39.78014, -11.4067571 ], [ -39.787281, -11.4043938 ], [ -39.7970466, -11.3941477 ], [ -39.8030346, -11.3918923 ], [ -39.8093373, -11.3858035 ], [ -39.815039399999989, -11.377247 ], [ -39.821397, -11.3716284 ], [ -39.8237965, -11.3712629 ], [ -39.8378629, -11.3567589 ], [ -39.8485707, -11.3503379 ], [ -39.8544473, -11.3376711 ], [ -39.8584954, -11.3334979 ], [ -39.8581302, -11.3283984 ], [ -39.8624721, -11.3186759 ], [ -39.863144, -11.3195504 ], [ -39.8644725, -11.3175 ], [ -39.8697915, -11.3162726 ], [ -39.8736621, -11.3185085 ], [ -39.8751897, -11.3171746 ], [ -39.8633773, -11.3125141 ], [ -39.8599878, -11.3132366 ], [ -39.8514965, -11.3080099 ], [ -39.8405093, -11.3075774 ], [ -39.8352249, -11.3052411 ], [ -39.8242963, -11.2899711 ], [ -39.8192534, -11.2886648 ], [ -39.810873, -11.2825051 ], [ -39.8020887, -11.2808777 ], [ -39.7904498, -11.2712356 ], [ -39.7836784, -11.2705093 ], [ -39.7618439, -11.2594476 ], [ -39.7536332, -11.2569633 ], [ -39.7422608, -11.2504046 ], [ -39.7375486, -11.2444952 ], [ -39.7259618, -11.2362765 ], [ -39.7079425, -11.2293267 ], [ -39.7030053, -11.2237596 ], [ -39.6907486, -11.2208781 ], [ -39.6842413, -11.2166392 ], [ -39.6784002, -11.217517 ], [ -39.6618547, -11.2116109 ], [ -39.6484478, -11.2011057 ], [ -39.6328572, -11.1795743 ], [ -39.6173279, -11.1724941 ], [ -39.6069722, -11.1606321 ], [ -39.6066802, -11.1545176 ], [ -39.6013279, -11.1539242 ], [ -39.5866851, -11.1472014 ], [ -39.5721075, -11.1322308 ], [ -39.563706, -11.1310719 ], [ -39.554043, -11.1252659 ], [ -39.5453372, -11.122859 ], [ -39.540291, -11.1156351 ], [ -39.533324, -11.1124434 ], [ -39.5303182, -11.112663 ], [ -39.5283583, -11.1104725 ], [ -39.5259581, -11.1103763 ], [ -39.5231495, -11.1066733 ], [ -39.5171168, -11.1065607 ], [ -39.5162568, -11.1028145 ], [ -39.5099899, -11.1006728 ], [ -39.5103581, -11.097052 ], [ -39.507431, -11.0929358 ], [ -39.5035196, -11.0941036 ], [ -39.5000041, -11.0926888 ], [ -39.4977876, -11.0946186 ], [ -39.4927679, -11.0945391 ], [ -39.4901556, -11.0912452 ], [ -39.4908527, -11.0886865 ], [ -39.4875211, -11.0878029 ], [ -39.4850659, -11.0847899 ], [ -39.4860716, -11.082814 ], [ -39.4815329, -11.0816836 ], [ -39.4802825, -11.0773636 ], [ -39.4768749, -11.0769422 ], [ -39.4791409, -11.0740573 ], [ -39.4770457, -11.0698951 ], [ -39.4655987, -11.0620422 ], [ -39.455849799999989, -11.0637672 ], [ -39.4556608, -11.0593397 ], [ -39.4524477, -11.0572192 ], [ -39.4517478, -11.0539483 ], [ -39.442497, -11.0415476 ], [ -39.4275777, -11.0336286 ], [ -39.4252316, -11.0299221 ], [ -39.4186774, -11.0289753 ], [ -39.4139828, -11.0354228 ], [ -39.4131135, -11.03113 ], [ -39.4102117, -11.0279713 ], [ -39.4171628, -11.0188873 ], [ -39.414883, -11.0133999 ], [ -39.414575, -11.0072026 ], [ -39.410959, -11.0083281 ], [ -39.4064201, -11.0067361 ], [ -39.4039148, -11.0075046 ], [ -39.3965192, -11.0018864 ], [ -39.3850454, -11.0021978 ], [ -39.3828801, -11.0011044 ], [ -39.3822026, -10.9974886 ], [ -39.3780209, -10.9950194 ], [ -39.3723462, -10.9954027 ], [ -39.368203199999989, -10.9931404 ], [ -39.3670161, -10.9939088 ], [ -39.3675637, -10.9970346 ], [ -39.363943, -10.995932 ], [ -39.3657063, -10.9865495 ], [ -39.3614937, -10.9855842 ], [ -39.3589621, -10.9880281 ], [ -39.3597421, -10.989599 ], [ -39.3565097, -10.9908608 ], [ -39.3520445, -10.9845796 ], [ -39.3538177, -10.9801361 ], [ -39.3480859, -10.9729492 ], [ -39.3435518, -10.9715354 ], [ -39.3415743, -10.9727441 ], [ -39.3431932, -10.9740862 ], [ -39.3428944, -10.9761006 ], [ -39.3405883, -10.9757631 ], [ -39.3348307, -10.9802688 ], [ -39.3335286, -10.9773183 ], [ -39.3293734, -10.9792646 ], [ -39.3262725, -10.9777091 ], [ -39.3245521, -10.9824279 ], [ -39.3122923, -10.9889843 ], [ -39.3066527, -10.9895979 ], [ -39.290547, -10.9846349 ], [ -39.2782223, -10.9872052 ], [ -39.2823307, -10.9904196 ], [ -39.276260799999989, -10.9969549 ], [ -39.274279799999988, -10.9958244 ], [ -39.2719386, -10.9981236 ], [ -39.2730487, -11.001078 ], [ -39.2703529, -11.0038381 ], [ -39.2702946, -11.0062032 ], [ -39.2768925, -11.0127314 ], [ -39.2739009, -11.0166954 ], [ -39.273904, -11.0210844 ], [ -39.283706, -11.0253324 ], [ -39.2884275, -11.029603 ], [ -39.290049, -11.0335029 ], [ -39.2893444, -11.0441293 ], [ -39.3008391, -11.0536024 ], [ -39.3013698, -11.0586908 ], [ -39.3043701, -11.0631211 ], [ -39.3107227, -11.0653611 ], [ -39.309429, -11.0802263 ], [ -39.2970373, -11.0739739 ], [ -39.281434, -11.0696649 ], [ -39.2718627, -11.07091 ], [ -39.26654, -11.0685271 ], [ -39.2595195, -11.0694902 ], [ -39.2571605, -11.0801718 ], [ -39.2573615, -11.1074205 ], [ -39.2595748, -11.121078 ], [ -39.2554222, -11.1343362 ], [ -39.2566455, -11.1547123 ], [ -39.2481436, -11.1751529 ], [ -39.2459807, -11.1857335 ], [ -39.2466589, -11.1922536 ], [ -39.243718, -11.1959746 ], [ -39.2401978, -11.2126381 ] ] ] } },
{ "type": "Feature", "properties": { "CD_MUN": "2928950", "NM_MUN": "São Domingos", "NM_UF": "Bahia", "NM_REGIAO": "Nordeste", "class_electre": 5, "class_label": "C5 (muito alto)", "Priorizacao": "Grupo 5", "class_mc_prob": 5, "ranking_pos": 17.0, "area_deg45_ha": 17975.0 }, "geometry": { "type": "Polygon", "coordinates": [ [ [ -39.5368987, -11.5624433 ], [ -39.5479727, -11.5580468 ], [ -39.5469393, -11.5529674 ], [ -39.5483383, -11.5498746 ], [ -39.5517912, -11.5489764 ], [ -39.556859599999989, -11.5441611 ], [ -39.5600083, -11.5453027 ], [ -39.5685447, -11.5437989 ], [ -39.5810731, -11.5326875 ], [ -39.5872955, -11.5310933 ], [ -39.5900638, -11.5274849 ], [ -39.5961215, -11.5309325 ], [ -39.599297, -11.5299918 ], [ -39.599847, -11.5255974 ], [ -39.6056471, -11.52091 ], [ -39.6068452, -11.5155775 ], [ -39.6160749, -11.5115799 ], [ -39.6241782, -11.4988147 ], [ -39.6320254, -11.4981286 ], [ -39.6351286, -11.4888616 ], [ -39.6382391, -11.4886739 ], [ -39.641613, -11.4804553 ], [ -39.6536611, -11.4728142 ], [ -39.6533438, -11.4703913 ], [ -39.6572233, -11.4670185 ], [ -39.6576274, -11.4617708 ], [ -39.6640136, -11.4538544 ], [ -39.664731, -11.4470161 ], [ -39.6615464, -11.4415432 ], [ -39.6590333, -11.4409882 ], [ -39.6546045, -11.4365488 ], [ -39.6554544, -11.4314285 ], [ -39.6591619, -11.4252346 ], [ -39.6654857, -11.4168463 ], [ -39.6721955, -11.4110289 ], [ -39.685047, -11.4095849 ], [ -39.6903471, -11.4025911 ], [ -39.6961933, -11.402071 ], [ -39.6988911, -11.3992427 ], [ -39.6087712, -11.3461318 ], [ -39.5990118, -11.3502741 ], [ -39.595654, -11.3560106 ], [ -39.6000688, -11.3601392 ], [ -39.5938357, -11.3706867 ], [ -39.5921588, -11.3724308 ], [ -39.5874196, -11.3690483 ], [ -39.5639309, -11.4013461 ], [ -39.5425425, -11.409369 ], [ -39.4899085, -11.4400921 ], [ -39.4870444, -11.4501863 ], [ -39.4863548, -11.4602195 ], [ -39.4904455, -11.4740165 ], [ -39.4886543, -11.4779308 ], [ -39.4772026, -11.4849639 ], [ -39.5361578, -11.5696682 ], [ -39.5374913, -11.567836 ], [ -39.5368987, -11.5624433 ] ] ] } },
{ "type": "Feature", "properties": { "CD_MUN": "2929370", "NM_MUN": "São José do Jacuípe", "NM_UF": "Bahia", "NM_REGIAO": "Nordeste", "class_electre": 5, "class_label": "C5 (muito alto)", "Priorizacao": "Grupo 5", "class_mc_prob": 5, "ranking_pos": 8.0, "area_deg45_ha": 27875.0 }, "geometry": { "type": "Polygon", "coordinates": [ [ [ -39.8378629, -11.3567589 ], [ -39.8237965, -11.3712629 ], [ -39.821397, -11.3716284 ], [ -39.815039399999989, -11.377247 ], [ -39.8067671, -11.388634 ], [ -39.8022537, -11.3924127 ], [ -39.7970466, -11.3941477 ], [ -39.787281, -11.4043938 ], [ -39.78014, -11.4067571 ], [ -39.7766474, -11.4057886 ], [ -39.7641894, -11.4110669 ], [ -39.7556162, -11.4265211 ], [ -39.7652296, -11.4290825 ], [ -39.7621231, -11.4328706 ], [ -39.7648053, -11.4349615 ], [ -39.766968399999989, -11.4416477 ], [ -39.7609137, -11.4468542 ], [ -39.7658283, -11.4540215 ], [ -39.770769, -11.4572278 ], [ -39.7695697, -11.4612099 ], [ -39.7715087, -11.4663051 ], [ -39.7752664, -11.4679156 ], [ -39.7779221, -11.4648231 ], [ -39.7831258, -11.4635432 ], [ -39.7839111, -11.4673825 ], [ -39.7901556, -11.4727661 ], [ -39.7912896, -11.4783335 ], [ -39.8037953, -11.4849549 ], [ -39.8087628, -11.4907648 ], [ -39.8146545, -11.4927017 ], [ -39.8187555, -11.5037632 ], [ -39.8251993, -11.4993276 ], [ -39.8232387, -11.4935276 ], [ -39.8259667, -11.4895564 ], [ -39.8294369, -11.4936185 ], [ -39.8388291, -11.4949844 ], [ -39.8428655, -11.4894384 ], [ -39.8459489, -11.4903699 ], [ -39.8456363, -11.4839143 ], [ -39.848267, -11.4806693 ], [ -39.8564382, -11.4845158 ], [ -39.8570771, -11.489614 ], [ -39.8609521, -11.491592 ], [ -39.8636764, -11.4889977 ], [ -39.8728441, -11.4887896 ], [ -39.8742493, -11.4866151 ], [ -39.8840792, -11.4812322 ], [ -39.8903197, -11.4832388 ], [ -39.891632099999988, -11.4865625 ], [ -39.8956071, -11.487337 ], [ -39.8963415, -11.491413 ], [ -39.9008225, -11.4883372 ], [ -39.908605699999988, -11.4924446 ], [ -39.9087982, -11.4952834 ], [ -39.9188778, -11.4935518 ], [ -39.925057, -11.4990844 ], [ -39.9310765, -11.4950142 ], [ -39.9344025, -11.4860152 ], [ -39.9344738, -11.4798117 ], [ -39.9370541, -11.4783024 ], [ -39.9436557, -11.4785343 ], [ -39.9494967, -11.4816079 ], [ -39.9503713, -11.4843413 ], [ -39.9593214, -11.4860555 ], [ -39.9687811, -11.4909488 ], [ -39.9747557, -11.4921903 ], [ -39.9810392, -11.4912957 ], [ -39.9848259, -11.4934739 ], [ -39.985946399999989, -11.4969497 ], [ -39.9926755, -11.5031164 ], [ -39.9973207, -11.4997421 ], [ -40.0030923, -11.4996292 ], [ -40.0104303, -11.5021177 ], [ -40.0111135, -11.5042131 ], [ -40.0141131, -11.5054153 ], [ -40.0190755, -11.5032368 ], [ -40.0209514, -11.5067957 ], [ -40.0289894, -11.5103093 ], [ -40.0271438, -11.5148795 ], [ -40.0287211, -11.5226094 ], [ -40.0351302, -11.5217668 ], [ -40.0439803, -11.5235644 ], [ -40.0463446, -11.5222095 ], [ -40.0496474, -11.5234852 ], [ -40.0537906, -11.5224421 ], [ -40.065494, -11.5283194 ], [ -40.0729017, -11.5295183 ], [ -40.0778373, -11.5273299 ], [ -40.0761204, -11.524309 ], [ -40.0776347, -11.5189259 ], [ -40.0853778, -11.5041131 ], [ -40.0854125, -11.4957119 ], [ -40.0799017, -11.4882653 ], [ -40.0842218, -11.4760703 ], [ -40.0835434, -11.4700796 ], [ -40.0796194, -11.4629512 ], [ -40.0806898, -11.4480502 ], [ -40.070204, -11.4342197 ], [ -40.0367713, -11.4390235 ], [ -40.0276342, -11.4346498 ], [ -39.9871866, -11.4394287 ], [ -39.9864266, -11.4482813 ], [ -39.982548099999988, -11.4495461 ], [ -39.9679768, -11.4337693 ], [ -39.9562275, -11.4315443 ], [ -39.9144558, -11.4156112 ], [ -39.9185195, -11.4140285 ], [ -39.921214, -11.4100317 ], [ -39.9245978, -11.3915857 ], [ -39.9087777, -11.3906106 ], [ -39.911729, -11.3778416 ], [ -39.9100979, -11.3681538 ], [ -39.9117095, -11.3664879 ], [ -39.9108735, -11.3631166 ], [ -39.9068393, -11.3609032 ], [ -39.9124718, -11.3563662 ], [ -39.9035983, -11.3568349 ], [ -39.895421899999988, -11.3485278 ], [ -39.8948574, -11.3407947 ], [ -39.8926482, -11.3360075 ], [ -39.8889822, -11.3346988 ], [ -39.8844797, -11.3238613 ], [ -39.8812961, -11.322849 ], [ -39.8806838, -11.3203694 ], [ -39.8756164, -11.317252 ], [ -39.8736621, -11.3185085 ], [ -39.8697915, -11.3162726 ], [ -39.8644725, -11.3175 ], [ -39.863144, -11.3195504 ], [ -39.8624721, -11.3186759 ], [ -39.8581302, -11.3283984 ], [ -39.8584954, -11.3334979 ], [ -39.8544473, -11.3376711 ], [ -39.8485707, -11.3503379 ], [ -39.8378629, -11.3567589 ] ] ] } },
{ "type": "Feature", "properties": { "CD_MUN": "2930204", "NM_MUN": "Sento Sé", "NM_UF": "Bahia", "NM_REGIAO": "Nordeste", "class_electre": 5, "class_label": "C5 (muito alto)", "Priorizacao": "Grupo 3", "class_mc_prob": 5, "ranking_pos": 44.0, "area_deg45_ha": 29825.0 }, "geometry": { "type": "Polygon", "coordinates": [ [ [ -41.161973, -10.1843495 ], [ -41.1708949, -10.1927604 ], [ -41.1710254, -10.1968532 ], [ -41.1671218, -10.2005366 ], [ -41.1596277, -10.2038428 ], [ -41.158688, -10.2114801 ], [ -41.155912, -10.2141137 ], [ -41.1508984, -10.2139366 ], [ -41.1440919, -10.222115 ], [ -41.1486072, -10.2281612 ], [ -41.1494349, -10.2347908 ], [ -41.1562401, -10.2382596 ], [ -41.1609112, -10.2378704 ], [ -41.1636359, -10.2403171 ], [ -41.1674729, -10.2512162 ], [ -41.1725854, -10.2548665 ], [ -41.1749282, -10.2592766 ], [ -41.1786339, -10.2597051 ], [ -41.180923, -10.2642378 ], [ -41.1895708, -10.2674764 ], [ -41.192762, -10.2715461 ], [ -41.2006431, -10.2715031 ], [ -41.2056389, -10.2746469 ], [ -41.2127448, -10.2827865 ], [ -41.2130893, -10.2918735 ], [ -41.2161037, -10.289462 ], [ -41.2191186, -10.2892895 ], [ -41.2232223, -10.2933795 ], [ -41.2320816, -10.2948882 ], [ -41.2385847, -10.3000561 ], [ -41.2421652, -10.3068022 ], [ -41.2410624, -10.3115834 ], [ -41.2386907, -10.3141705 ], [ -41.2417261, -10.3169711 ], [ -41.2427358, -10.3232566 ], [ -41.2516744, -10.3271926 ], [ -41.2592134, -10.3327104 ], [ -41.2655096, -10.3336589 ], [ -41.2761971, -10.3437608 ], [ -41.2778613, -10.3471839 ], [ -41.2848008, -10.3415338 ], [ -41.2839759, -10.3367303 ], [ -41.2865881, -10.3356988 ], [ -41.299657, -10.3398673 ], [ -41.3080352, -10.345109 ], [ -41.3138705, -10.344425 ], [ -41.3189293, -10.3511564 ], [ -41.3261187, -10.3540448 ], [ -41.3258417, -10.3600416 ], [ -41.323711, -10.3649253 ], [ -41.3286517, -10.36922 ], [ -41.3334319, -10.3689833 ], [ -41.3316966, -10.3755627 ], [ -41.3329608, -10.3778314 ], [ -41.3350889, -10.3780712 ], [ -41.3496985, -10.3683029 ], [ -41.3601658, -10.3691384 ], [ -41.3614634, -10.3699721 ], [ -41.3620527, -10.3765992 ], [ -41.3572136, -10.3782547 ], [ -41.3537936, -10.3860068 ], [ -41.3543199, -10.387797 ], [ -41.364607, -10.3939392 ], [ -41.3691028, -10.4056745 ], [ -41.3772361, -10.4165422 ], [ -41.384592, -10.4176916 ], [ -41.3894194, -10.4158526 ], [ -41.4026595, -10.4265572 ], [ -41.4092456, -10.4283803 ], [ -41.4129952, -10.4321538 ], [ -41.4286553, -10.433835 ], [ -41.4353927, -10.4406122 ], [ -41.4457085, -10.4414729 ], [ -41.4492124, -10.4533295 ], [ -41.458615, -10.4579828 ], [ -41.4651988, -10.4582744 ], [ -41.4731947, -10.4619525 ], [ -41.473083, -10.4653731 ], [ -41.4640784, -10.4740257 ], [ -41.4589186, -10.4826839 ], [ -41.4530028, -10.4882722 ], [ -41.4487854, -10.4896485 ], [ -41.4401612, -10.4891096 ], [ -41.4353407, -10.4914457 ], [ -41.4320365, -10.4953456 ], [ -41.4249268, -10.4985192 ], [ -41.4148106, -10.4996553 ], [ -41.4073938, -10.5050585 ], [ -41.3988778, -10.507254 ], [ -41.394371199999988, -10.5132907 ], [ -41.3876847, -10.513668 ], [ -41.3815222, -10.5187405 ], [ -41.381025, -10.5228367 ], [ -41.3852213, -10.5275599 ], [ -41.3869676, -10.5347143 ], [ -41.3973669, -10.5475766 ], [ -41.3910629, -10.5609715 ], [ -41.3917692, -10.5677023 ], [ -41.4014881, -10.5736515 ], [ -41.4072612, -10.5729464 ], [ -41.4136067, -10.5762497 ], [ -41.4272673, -10.5762802 ], [ -41.4303571, -10.5894337 ], [ -41.4349667, -10.5892996 ], [ -41.4396966, -10.5934878 ], [ -41.4518535, -10.5952167 ], [ -41.4570666, -10.5976905 ], [ -41.4628382, -10.6031589 ], [ -41.4658805, -10.6119122 ], [ -41.4710297, -10.6184407 ], [ -41.4718093, -10.6282458 ], [ -41.4740984, -10.6299958 ], [ -41.4813664, -10.6304403 ], [ -41.4852631, -10.6337104 ], [ -41.4896338, -10.6292869 ], [ -41.4925298, -10.6195733 ], [ -41.4956518, -10.6183091 ], [ -41.5030286, -10.6319698 ], [ -41.5015009, -10.6376573 ], [ -41.5058175, -10.6401239 ], [ -41.506074, -10.6417486 ], [ -41.4999188, -10.6440585 ], [ -41.4972694, -10.6472561 ], [ -41.4963207, -10.6538167 ], [ -41.5038933, -10.6659993 ], [ -41.511203, -10.6721097 ], [ -41.5207636, -10.6772066 ], [ -41.5329703, -10.6794195 ], [ -41.5395376, -10.6738515 ], [ -41.54018, -10.6648572 ], [ -41.5460335, -10.6645716 ], [ -41.5542427, -10.688271 ], [ -41.5604768, -10.6946718 ], [ -41.5576215, -10.6989548 ], [ -41.5573835, -10.702524 ], [ -41.5594061, -10.7053794 ], [ -41.5746346, -10.7162059 ], [ -41.5859847, -10.7204889 ], [ -41.5909101, -10.7273418 ], [ -41.5900535, -10.7416899 ], [ -41.586984, -10.7479003 ], [ -41.5787749, -10.7561095 ], [ -41.5754199, -10.7571802 ], [ -41.57144, -10.7559448 ], [ -41.5711558, -10.7599545 ], [ -41.5735555, -10.7649213 ], [ -41.5736244, -10.777005 ], [ -41.5773254, -10.7806535 ], [ -41.5778201, -10.7839076 ], [ -41.5800732, -10.7844924 ], [ -41.5823244, -10.7897775 ], [ -41.5860852, -10.7922688 ], [ -41.5856711, -10.7960988 ], [ -41.5888024, -10.800294 ], [ -41.5943951, -10.8025882 ], [ -41.5979232, -10.8073148 ], [ -41.6035435, -10.8100431 ], [ -41.6594346, -10.8062632 ], [ -41.6627573, -10.8112062 ], [ -41.6648013, -10.8096317 ], [ -41.6681661, -10.8120963 ], [ -41.6734025, -10.8106343 ], [ -41.6767257, -10.8062498 ], [ -41.6952465, -10.79331 ], [ -41.696112, -10.7879005 ], [ -41.7017022, -10.7834582 ], [ -41.702214399999988, -10.7766551 ], [ -41.7053128, -10.7722398 ], [ -41.7049555, -10.7671275 ], [ -41.7116174, -10.7607884 ], [ -41.7112747, -10.7518895 ], [ -41.7139222, -10.7415271 ], [ -41.7189727, -10.7398883 ], [ -41.7172417, -10.7362507 ], [ -41.7179064, -10.7339565 ], [ -41.7240137, -10.7259724 ], [ -41.7286376, -10.7250854 ], [ -41.7314819, -10.7150447 ], [ -41.7367256, -10.7132125 ], [ -41.7385957, -10.707938 ], [ -41.7444813, -10.7081265 ], [ -41.7489634, -10.712831 ], [ -41.7552011, -10.7153669 ], [ -41.7619894, -10.7145542 ], [ -41.7690817, -10.7221523 ], [ -41.8219723, -10.6976998 ], [ -41.9159295, -10.6428364 ], [ -41.9982741, -10.6418214 ], [ -42.0059784, -10.640404 ], [ -42.011491899999989, -10.6354372 ], [ -42.012345, -10.6311855 ], [ -42.0156402, -10.6304581 ], [ -42.0148165, -10.628305 ], [ -42.0166788, -10.6256237 ], [ -42.0146855, -10.6242128 ], [ -42.0138382, -10.6191437 ], [ -42.0198657, -10.6143973 ], [ -42.0206148, -10.6119999 ], [ -42.0193862, -10.6110182 ], [ -42.0163797, -10.6128874 ], [ -42.0154571, -10.606721 ], [ -42.0201282, -10.600866 ], [ -42.0217345, -10.5936685 ], [ -42.0248666, -10.5920957 ], [ -42.0292139, -10.5928956 ], [ -42.02829, -10.5882512 ], [ -42.0353243, -10.5848588 ], [ -42.0348227, -10.575879 ], [ -42.0430184, -10.5670982 ], [ -42.0446095, -10.5533658 ], [ -42.0482878, -10.5442497 ], [ -42.0528575, -10.5395681 ], [ -42.0602479, -10.5362241 ], [ -42.0611794, -10.5325211 ], [ -42.0659935, -10.5289805 ], [ -42.063828, -10.5148344 ], [ -42.0670639, -10.5069007 ], [ -42.0723483, -10.5032802 ], [ -42.0706575, -10.5015772 ], [ -42.0709307, -10.4978643 ], [ -42.0690829, -10.4965537 ], [ -42.0691497, -10.4942762 ], [ -42.0732559, -10.4893448 ], [ -42.0836017, -10.4862359 ], [ -42.0893496, -10.4767177 ], [ -42.0795428, -10.4572071 ], [ -42.0846148, -10.4432663 ], [ -42.0841021, -10.43796 ], [ -42.0864069, -10.4314436 ], [ -42.0854701, -10.4257124 ], [ -42.0943165, -10.416839 ], [ -42.0990563, -10.414565 ], [ -42.094039699999989, -10.4086016 ], [ -42.0924293, -10.396568 ], [ -42.0947175, -10.3919673 ], [ -42.0918624, -10.382001 ], [ -42.0958273, -10.3759348 ], [ -42.1080857, -10.3700617 ], [ -42.1099358, -10.3670141 ], [ -42.123258, -10.3576899 ], [ -42.1274994, -10.3531206 ], [ -42.1292894, -10.3484147 ], [ -42.132519, -10.346924 ], [ -42.1350562, -10.3391847 ], [ -42.1320573, -10.3382953 ], [ -42.130844, -10.336074 ], [ -42.1311561, -10.332241 ], [ -42.1333613, -10.3303166 ], [ -42.130326499999988, -10.3274458 ], [ -42.1308852, -10.3219826 ], [ -42.1332025, -10.3190438 ], [ -42.132556, -10.3129682 ], [ -42.1361505, -10.309112 ], [ -42.135429, -10.3049744 ], [ -42.1368268, -10.3003958 ], [ -42.1437199, -10.2945893 ], [ -42.1430508, -10.2897729 ], [ -42.1495497, -10.2843466 ], [ -42.1495435, -10.2807719 ], [ -42.1527382, -10.2800276 ], [ -42.155484, -10.2765528 ], [ -42.1550804, -10.2651747 ], [ -42.157799, -10.2629852 ], [ -42.15966, -10.2579383 ], [ -42.4054672, -10.1851203 ], [ -42.4176572, -10.1506767 ], [ -42.4206044, -10.1469927 ], [ -42.4314721, -10.1407299 ], [ -42.4354692, -10.130306 ], [ -42.4330927, -10.1225967 ], [ -42.4243753, -10.1086791 ], [ -42.4159266, -10.0893977 ], [ -42.41471, -10.0792074 ], [ -42.3997695, -10.0575676 ], [ -42.3931587, -10.0517618 ], [ -42.3769176, -10.0474509 ], [ -42.3550295, -10.0322367 ], [ -42.3465066, -10.0336994 ], [ -42.3283312, -10.0401906 ], [ -42.3124926, -10.048759 ], [ -42.2924996, -10.0534327 ], [ -42.2779593, -10.0544713 ], [ -42.2575774, -10.0542287 ], [ -42.2423874, -10.0474608 ], [ -42.2301416, -10.0358388 ], [ -42.2170565, -10.0171589 ], [ -42.2095654, -9.9879196 ], [ -42.2057559, -9.9806816 ], [ -42.1994703, -9.9721103 ], [ -42.17533, -9.9551421 ], [ -42.1676611, -9.9477296 ], [ -42.1625183, -9.9408725 ], [ -42.1588649, -9.9232112 ], [ -42.1494243, -9.9112289 ], [ -42.1390445, -9.9010319 ], [ -42.1191579, -9.8880936 ], [ -42.111076, -9.8736411 ], [ -42.0999942, -9.8468461 ], [ -42.0952988, -9.8294823 ], [ -42.0768205, -9.811583 ], [ -42.0746863, -9.8032835 ], [ -42.0791487, -9.7696682 ], [ -42.0776369, -9.7565327 ], [ -42.0796833, -9.7455815 ], [ -42.0800047, -9.7311067 ], [ -42.069245, -9.717531 ], [ -42.0666673, -9.7066769 ], [ -42.0445134, -9.6731409 ], [ -42.0411311, -9.6701085 ], [ -42.0165532, -9.6646144 ], [ -41.992365, -9.6664575 ], [ -41.9807158, -9.6719746 ], [ -41.9750008, -9.6788559 ], [ -41.963454299999988, -9.68737 ], [ -41.9468926, -9.6914521 ], [ -41.9321318, -9.6895208 ], [ -41.9232024, -9.6915025 ], [ -41.9165393, -9.6944389 ], [ -41.9093436, -9.7026618 ], [ -41.8954595, -9.7068423 ], [ -41.881702, -9.7142771 ], [ -41.8603641, -9.7202664 ], [ -41.839568, -9.7321591 ], [ -41.8138747, -9.7364007 ], [ -41.7795259, -9.7457825 ], [ -41.7672869, -9.7448844 ], [ -41.7406552, -9.756122 ], [ -41.7197599, -9.759288 ], [ -41.705824, -9.7662582 ], [ -41.6930499, -9.7701498 ], [ -41.684419, -9.7684237 ], [ -41.6805779, -9.764931 ], [ -41.6671767, -9.7471086 ], [ -41.6371537, -9.7153027 ], [ -41.6144665, -9.6996757 ], [ -41.5851271, -9.6905969 ], [ -41.5713191, -9.6811823 ], [ -41.559394, -9.6762868 ], [ -41.5384338, -9.674249 ], [ -41.513208, -9.6661746 ], [ -41.5037697, -9.665202 ], [ -41.4767398, -9.6711529 ], [ -41.4483079, -9.6832516 ], [ -41.4177586, -9.6923257 ], [ -41.4002155, -9.6950479 ], [ -41.3790427, -9.6935355 ], [ -41.3454688, -9.6838566 ], [ -41.315827, -9.6702455 ], [ -41.2472222, -9.6470914 ], [ -41.2287163, -9.6366716 ], [ -41.2126855, -9.6221531 ], [ -41.2054262, -9.6124742 ], [ -41.1987719, -9.5970483 ], [ -41.19363, -9.5725484 ], [ -41.1887378, -9.5599591 ], [ -41.1435384, -9.4959279 ], [ -41.138413, -9.4839557 ], [ -41.1253446, -9.4168234 ], [ -41.122005, -9.4084651 ], [ -41.1174204, -9.4035908 ], [ -41.110383899999988, -9.4009944 ], [ -41.1020323, -9.4006673 ], [ -41.0895226, -9.4033801 ], [ -41.0673189, -9.4031348 ], [ -41.0166283, -9.3839414 ], [ -41.0030326, -9.3828419 ], [ -40.9964935, -9.3854385 ], [ -40.9860325, -9.3855576 ], [ -40.9537828, -9.3979147 ], [ -41.0074186, -9.4679051 ], [ -41.0029664, -9.4811519 ], [ -41.0047243, -9.4917357 ], [ -40.9951081, -9.5067399 ], [ -40.9912231, -9.5084395 ], [ -40.9882847, -9.5171984 ], [ -40.9835224, -9.5184152 ], [ -40.9773617, -9.5263151 ], [ -40.9769404, -9.5349154 ], [ -40.9703026, -9.5439459 ], [ -40.9702603, -9.5500775 ], [ -40.9671458, -9.5525772 ], [ -40.9644499, -9.5526797 ], [ -40.9803829, -9.5837046 ], [ -40.9843166, -9.5874271 ], [ -40.98461, -9.5902176 ], [ -40.9836906, -9.6024545 ], [ -40.9815722, -9.6086502 ], [ -40.9781814, -9.6102563 ], [ -40.9746484, -9.608092 ], [ -40.9676277, -9.7370798 ], [ -40.9736607, -9.7443595 ], [ -40.9791456, -9.7560252 ], [ -40.995577, -9.7772043 ], [ -41.0156915, -9.7968699 ], [ -41.0309835, -9.8035028 ], [ -41.0342589, -9.8066837 ], [ -41.033865, -9.812675 ], [ -41.0295757, -9.8161318 ], [ -41.0280803, -9.8197702 ], [ -41.0364607, -9.8312645 ], [ -41.057919, -9.8529269 ], [ -41.0567165, -9.8626829 ], [ -41.0661286, -9.8760151 ], [ -41.0663303, -9.8785895 ], [ -41.0558472, -9.8870926 ], [ -41.0552482, -9.8944468 ], [ -41.0505656, -9.9058678 ], [ -41.0543804, -9.9158565 ], [ -41.0585845, -9.9164167 ], [ -41.061047, -9.922269 ], [ -41.0662004, -9.9277762 ], [ -41.0709037, -9.9294405 ], [ -41.0756413, -9.9391269 ], [ -41.0807153, -9.9410695 ], [ -41.0826801, -9.9452856 ], [ -41.0868962, -9.9455722 ], [ -41.0919562, -9.9418653 ], [ -41.1002404, -9.9461043 ], [ -41.1055208, -9.9434846 ], [ -41.1059486, -9.9331374 ], [ -41.1035208, -9.9180296 ], [ -41.1056357, -9.912639 ], [ -41.1126896, -9.9062498 ], [ -41.1181555, -9.9109402 ], [ -41.122627699999988, -9.9262986 ], [ -41.1262745, -9.9265682 ], [ -41.128084, -9.929315 ], [ -41.1308114, -9.9294537 ], [ -41.1334001, -9.9226585 ], [ -41.1351567, -9.9219189 ], [ -41.1373755, -9.9259405 ], [ -41.1436623, -9.9272811 ], [ -41.1464821, -9.934816 ], [ -41.1511971, -9.9381905 ], [ -41.1541556, -9.938098 ], [ -41.1570808, -9.9433896 ], [ -41.1670989, -9.9449857 ], [ -41.1684427, -9.9483109 ], [ -41.1821686, -9.955664 ], [ -41.2063449, -9.9515036 ], [ -41.2100892, -9.9546932 ], [ -41.2140185, -9.955664 ], [ -41.2153764, -9.9527228 ], [ -41.2142785, -9.9449221 ], [ -41.2159542, -9.9334812 ], [ -41.2202879, -9.922098 ], [ -41.2257424, -9.9301644 ], [ -41.2365248, -9.9262583 ], [ -41.2369708, -9.929127 ], [ -41.2338132, -9.938713 ], [ -41.236083, -9.940034 ], [ -41.2366151, -9.9435138 ], [ -41.2444785, -9.9458396 ], [ -41.2486875, -9.9431498 ], [ -41.2537636, -9.9444065 ], [ -41.2531107, -9.9485264 ], [ -41.2487885, -9.9500758 ], [ -41.2482664, -9.9516055 ], [ -41.2485276, -9.9585842 ], [ -41.2514759, -9.9613459 ], [ -41.2558199, -9.9729705 ], [ -41.2531507, -9.9794132 ], [ -41.2446212, -9.985843 ], [ -41.2368303, -9.9894583 ], [ -41.2271202, -9.9888364 ], [ -41.2193622, -9.9911474 ], [ -41.1993147, -10.0013773 ], [ -41.1932527, -10.0085052 ], [ -41.188255, -10.0064161 ], [ -41.1802359, -10.0061841 ], [ -41.1694043, -10.0140343 ], [ -41.167206, -10.02396 ], [ -41.169002, -10.0317541 ], [ -41.1810853, -10.0416886 ], [ -41.1820167, -10.05143 ], [ -41.1866611, -10.0538563 ], [ -41.1908247, -10.0600562 ], [ -41.1974131, -10.0624664 ], [ -41.193231399999988, -10.0656175 ], [ -41.1912484, -10.079071 ], [ -41.1887517, -10.0821393 ], [ -41.1894248, -10.0869935 ], [ -41.1826646, -10.0905748 ], [ -41.1801358, -10.0937514 ], [ -41.1795216, -10.1035005 ], [ -41.1684725, -10.1040327 ], [ -41.1659678, -10.1083715 ], [ -41.1603946, -10.1093452 ], [ -41.1589639, -10.1129519 ], [ -41.1647353, -10.1215989 ], [ -41.1669481, -10.1299703 ], [ -41.1643274, -10.1434251 ], [ -41.161177, -10.1457394 ], [ -41.1620735, -10.1501298 ], [ -41.1576295, -10.1566523 ], [ -41.1593214, -10.1589932 ], [ -41.1589357, -10.1621431 ], [ -41.161212, -10.1638227 ], [ -41.161267, -10.1690937 ], [ -41.1667953, -10.1748846 ], [ -41.1656955, -10.1780271 ], [ -41.1621536, -10.1810453 ], [ -41.161973, -10.1843495 ] ] ] } },
{ "type": "Feature", "properties": { "CD_MUN": "2930600", "NM_MUN": "Serrolândia", "NM_UF": "Bahia", "NM_REGIAO": "Nordeste", "class_electre": 5, "class_label": "C5 (muito alto)", "Priorizacao": "Grupo 5", "class_mc_prob": 5, "ranking_pos": 18.0, "area_deg45_ha": 19450.0 }, "geometry": { "type": "Polygon", "coordinates": [ [ [ -40.3088421, -11.4347735 ], [ -40.383358199999989, -11.4012334 ], [ -40.3941279, -11.3842785 ], [ -40.315807899999989, -11.3484615 ], [ -40.3177688, -11.3458226 ], [ -40.3182743, -11.3337408 ], [ -40.2728317, -11.3370014 ], [ -40.2095203, -11.3308485 ], [ -40.1881979, -11.338981 ], [ -40.1866194, -11.3432516 ], [ -40.2003038, -11.3659829 ], [ -40.2020499, -11.3801154 ], [ -40.2045499, -11.3829409 ], [ -40.2000379, -11.4003027 ], [ -40.2036294, -11.4076635 ], [ -40.2003171, -11.4135254 ], [ -40.2011765, -11.4173909 ], [ -40.1980234, -11.4256175 ], [ -40.1891737, -11.4294376 ], [ -40.1921458, -11.4344158 ], [ -40.1945923, -11.4443004 ], [ -40.1945802, -11.4486162 ], [ -40.1917111, -11.4529963 ], [ -40.1947786, -11.4592661 ], [ -40.1922512, -11.4747714 ], [ -40.1962708, -11.475555 ], [ -40.1948791, -11.4925709 ], [ -40.1977614, -11.4942045 ], [ -40.1955321, -11.5002909 ], [ -40.1877721, -11.5035591 ], [ -40.1867151, -11.5072851 ], [ -40.1827159, -11.5127519 ], [ -40.1794782, -11.5139893 ], [ -40.1773477, -11.5186482 ], [ -40.1699298, -11.522915 ], [ -40.1664951, -11.5217705 ], [ -40.1694738, -11.5277172 ], [ -40.174056, -11.5309466 ], [ -40.1803054, -11.5313426 ], [ -40.18482, -11.5370125 ], [ -40.1939395, -11.5417773 ], [ -40.1974402, -11.54263 ], [ -40.2003513, -11.5410763 ], [ -40.203598, -11.5440639 ], [ -40.2039287, -11.5467986 ], [ -40.2090943, -11.5458575 ], [ -40.2067319, -11.5513223 ], [ -40.2128656, -11.5522461 ], [ -40.2194092, -11.5554936 ], [ -40.2220596, -11.5581344 ], [ -40.2232034, -11.5634986 ], [ -40.2267883, -11.5642685 ], [ -40.2286123, -11.5626143 ], [ -40.2301553, -11.5640137 ], [ -40.2317296, -11.561044 ], [ -40.2338716, -11.5616561 ], [ -40.234809, -11.5571204 ], [ -40.2390259, -11.5545834 ], [ -40.2398251, -11.5501052 ], [ -40.2448588, -11.5527564 ], [ -40.2481494, -11.5493787 ], [ -40.2537086, -11.5494443 ], [ -40.2533663, -11.5416285 ], [ -40.2550107, -11.5362289 ], [ -40.2580663, -11.5378 ], [ -40.2626649, -11.5374947 ], [ -40.2684585, -11.5319395 ], [ -40.2766674, -11.5160128 ], [ -40.2770835, -11.5109597 ], [ -40.2822705, -11.50304 ], [ -40.2890585, -11.4999568 ], [ -40.2939724, -11.4943427 ], [ -40.2916071, -11.4884434 ], [ -40.2980055, -11.4702919 ], [ -40.2955991, -11.4533667 ], [ -40.3088421, -11.4347735 ] ] ] } },
{ "type": "Feature", "properties": { "CD_MUN": "2930774", "NM_MUN": "Sobradinho", "NM_UF": "Bahia", "NM_REGIAO": "Nordeste", "class_electre": 5, "class_label": "C5 (muito alto)", "Priorizacao": "Grupo 4", "class_mc_prob": 5, "ranking_pos": 40.0, "area_deg45_ha": 7050.0 }, "geometry": { "type": "Polygon", "coordinates": [ [ [ -40.7767505, -9.4544514 ], [ -40.7674565, -9.4526501 ], [ -40.7498354, -9.4438472 ], [ -40.7453177, -9.4433506 ], [ -40.7221786, -9.4459485 ], [ -40.7152453, -9.4488062 ], [ -40.7168991, -9.4514543 ], [ -40.7223788, -9.4512367 ], [ -40.7248576, -9.4558535 ], [ -40.7307867, -9.4579245 ], [ -40.7327909, -9.4682982 ], [ -40.7322694, -9.4746918 ], [ -40.7375804, -9.4805358 ], [ -40.7361321, -9.4880578 ], [ -40.742496, -9.5008967 ], [ -40.7419825, -9.5074024 ], [ -40.7460035, -9.5115872 ], [ -40.7432346, -9.5170807 ], [ -40.7435763, -9.5201728 ], [ -40.750139, -9.5303579 ], [ -40.7511468, -9.5372229 ], [ -40.7592623, -9.5476187 ], [ -40.760539, -9.5546686 ], [ -40.7650371, -9.5588027 ], [ -40.7661264, -9.5646266 ], [ -40.7700117, -9.5696516 ], [ -40.768373, -9.5726397 ], [ -40.7672973, -9.5835664 ], [ -40.7655652, -9.584708 ], [ -40.7665295, -9.5908002 ], [ -40.7687263, -9.5938972 ], [ -40.7673365, -9.5971137 ], [ -40.7691929, -9.6018371 ], [ -40.7680693, -9.6121167 ], [ -40.7703682, -9.6179832 ], [ -40.770471, -9.6239034 ], [ -40.7681715, -9.627225 ], [ -40.7706458, -9.6291316 ], [ -40.768614, -9.6380218 ], [ -40.7689265, -9.6504204 ], [ -40.7662706, -9.6521481 ], [ -40.7666216, -9.6569099 ], [ -40.7643856, -9.6600304 ], [ -40.7652968, -9.664415 ], [ -40.7604828, -9.6764024 ], [ -40.755502299999989, -9.6825132 ], [ -40.752562, -9.6839214 ], [ -40.7516411, -9.6890802 ], [ -40.7480741, -9.6956475 ], [ -40.7425419, -9.700188 ], [ -40.7406419, -9.7072214 ], [ -40.7419561, -9.7203094 ], [ -40.7470863, -9.7246391 ], [ -40.7469804, -9.7286338 ], [ -40.7494099, -9.7315985 ], [ -40.7495373, -9.7343742 ], [ -40.757073, -9.7436276 ], [ -40.7620124, -9.7457004 ], [ -40.7638008, -9.7497541 ], [ -40.7647312, -9.755623 ], [ -40.7616912, -9.762101 ], [ -40.7636971, -9.7698782 ], [ -40.7683605, -9.7782943 ], [ -40.7637523, -9.7921089 ], [ -40.7553089, -9.7980744 ], [ -40.7627696, -9.8090812 ], [ -40.7638293, -9.815854 ], [ -40.7668202, -9.8175206 ], [ -40.7747895, -9.8351935 ], [ -40.7821915, -9.8429284 ], [ -40.7867404, -9.8505697 ], [ -40.7930359, -9.8569175 ], [ -40.8010488, -9.8590702 ], [ -40.8135329, -9.8696312 ], [ -40.8137513, -9.8713699 ], [ -40.816578, -9.8716844 ], [ -40.8183176, -9.8696957 ], [ -40.8174084, -9.8428452 ], [ -40.8236902, -9.836335 ], [ -40.8280382, -9.844035 ], [ -40.8284472, -9.8549156 ], [ -40.831628, -9.8644707 ], [ -40.839902, -9.8613708 ], [ -40.8456492, -9.8740771 ], [ -40.8536799, -9.8821129 ], [ -40.8640895, -9.8893933 ], [ -40.8746651, -9.8914185 ], [ -40.8822796, -9.8958405 ], [ -40.8915579, -9.913711 ], [ -40.8938324, -9.9148216 ], [ -40.8964261, -9.9141791 ], [ -40.8987876, -9.9105506 ], [ -40.9040608, -9.9097165 ], [ -40.9133611, -9.9037259 ], [ -40.9128265, -9.9008299 ], [ -40.9156045, -9.8990339 ], [ -40.924420399999988, -9.8967853 ], [ -40.927597, -9.8986413 ], [ -40.9360495, -9.9119017 ], [ -40.9391433, -9.9142938 ], [ -40.9431158, -9.9146652 ], [ -40.9449433, -9.9023175 ], [ -40.9445662, -9.881278 ], [ -40.9606109, -9.8916716 ], [ -40.9618146, -9.8911437 ], [ -40.9619855, -9.8845612 ], [ -40.9633841, -9.8838386 ], [ -40.9747272, -9.8914119 ], [ -40.9819629, -9.8927283 ], [ -40.988768199999988, -9.8977537 ], [ -40.9930655, -9.8959691 ], [ -40.9967917, -9.8861182 ], [ -41.0106449, -9.9031551 ], [ -41.0132386, -9.9091275 ], [ -41.0155704, -9.9106266 ], [ -41.0212811, -9.9096034 ], [ -41.0295975, -9.9121353 ], [ -41.0327739, -9.914981 ], [ -41.0361645, -9.9252868 ], [ -41.0425927, -9.9275095 ], [ -41.0549096, -9.9186445 ], [ -41.0505656, -9.9058678 ], [ -41.0513622, -9.9024666 ], [ -41.0552482, -9.8944468 ], [ -41.0558472, -9.8870926 ], [ -41.0663303, -9.8785895 ], [ -41.0661286, -9.8760151 ], [ -41.0567165, -9.8626829 ], [ -41.057919, -9.8529269 ], [ -41.0364607, -9.8312645 ], [ -41.0280803, -9.8197702 ], [ -41.0295757, -9.8161318 ], [ -41.033865, -9.812675 ], [ -41.0342589, -9.8066837 ], [ -41.0309835, -9.8035028 ], [ -41.0156915, -9.7968699 ], [ -40.995577, -9.7772043 ], [ -40.9791456, -9.7560252 ], [ -40.9736607, -9.7443595 ], [ -40.9676277, -9.7370798 ], [ -40.9746484, -9.608092 ], [ -40.9781814, -9.6102563 ], [ -40.9815722, -9.6086502 ], [ -40.9836906, -9.6024545 ], [ -40.98461, -9.5902176 ], [ -40.9843166, -9.5874271 ], [ -40.9803829, -9.5837046 ], [ -40.9644499, -9.5526797 ], [ -40.9671458, -9.5525772 ], [ -40.9702603, -9.5500775 ], [ -40.9703026, -9.5439459 ], [ -40.9769404, -9.5349154 ], [ -40.9773617, -9.5263151 ], [ -40.9835224, -9.5184152 ], [ -40.9882847, -9.5171984 ], [ -40.9912231, -9.5084395 ], [ -40.9951081, -9.5067399 ], [ -41.0047243, -9.4917357 ], [ -41.0029664, -9.4811519 ], [ -41.0074186, -9.4679051 ], [ -40.9537828, -9.3979147 ], [ -40.9345, -9.3939668 ], [ -40.931194, -9.395881 ], [ -40.9091677, -9.3970351 ], [ -40.8796186, -9.3930346 ], [ -40.8631151, -9.3940966 ], [ -40.8606566, -9.3997159 ], [ -40.8526096, -9.4096792 ], [ -40.8460245, -9.4139596 ], [ -40.8340615, -9.4254835 ], [ -40.8147063, -9.4332146 ], [ -40.7948855, -9.4454713 ], [ -40.785176, -9.4495097 ], [ -40.7795696, -9.4497405 ], [ -40.7671593, -9.4454119 ], [ -40.7767505, -9.4544514 ] ] ] } },
{ "type": "Feature", "properties": { "CD_MUN": "2931509", "NM_MUN": "Teofilândia", "NM_UF": "Bahia", "NM_REGIAO": "Nordeste", "class_electre": 5, "class_label": "C5 (muito alto)", "Priorizacao": "Grupo 5", "class_mc_prob": 5, "ranking_pos": 21.0, "area_deg45_ha": 19425.0 }, "geometry": { "type": "Polygon", "coordinates": [ [ [ -38.9894426, -11.5545925 ], [ -38.9967506, -11.5510802 ], [ -39.0061717, -11.5509544 ], [ -39.0109225, -11.5527929 ], [ -39.0210237, -11.5511816 ], [ -39.0228004, -11.5535735 ], [ -39.0284654, -11.5524941 ], [ -39.0422695, -11.5356631 ], [ -39.0497964, -11.5227385 ], [ -39.0467592, -11.5116695 ], [ -39.0655523, -11.4881522 ], [ -39.0591325, -11.4818229 ], [ -39.0491867, -11.4441847 ], [ -39.0629833, -11.4271599 ], [ -39.0740075, -11.4208409 ], [ -39.0537925, -11.3988501 ], [ -39.0141632, -11.4118804 ], [ -39.0048433, -11.4121185 ], [ -38.9912333, -11.4203403 ], [ -38.9885047, -11.4199741 ], [ -38.9812571, -11.4233763 ], [ -38.8650526, -11.3822905 ], [ -38.8562738, -11.3865059 ], [ -38.8562508, -11.390326 ], [ -38.8535464, -11.392988 ], [ -38.8441611, -11.3946934 ], [ -38.8401647, -11.397796 ], [ -38.8371251, -11.3978576 ], [ -38.8354954, -11.3993589 ], [ -38.835073, -11.4037982 ], [ -38.8277503, -11.4061599 ], [ -38.8225604, -11.4135782 ], [ -38.8612125, -11.4839839 ], [ -38.86575, -11.5218046 ], [ -38.8700088, -11.5374731 ], [ -38.8725578, -11.5324306 ], [ -38.8767896, -11.5294959 ], [ -38.8806744, -11.5290625 ], [ -38.8862815, -11.523861 ], [ -38.891078, -11.5255875 ], [ -38.8969025, -11.5322268 ], [ -38.8968509, -11.5352329 ], [ -38.9025886, -11.5394248 ], [ -38.9032924, -11.5434703 ], [ -38.9057944, -11.5430723 ], [ -38.9058439, -11.5404686 ], [ -38.9082634, -11.5398273 ], [ -38.9133893, -11.5448454 ], [ -38.9209899, -11.5399395 ], [ -38.9235879, -11.5437911 ], [ -38.9266807, -11.5425041 ], [ -38.9308714, -11.5444097 ], [ -38.9313521, -11.5476257 ], [ -38.9347385, -11.5501054 ], [ -38.935227, -11.5472332 ], [ -38.9373962, -11.5466332 ], [ -38.9410341, -11.5476984 ], [ -38.9429706, -11.5502518 ], [ -38.9448207, -11.5488142 ], [ -38.943645, -11.55323 ], [ -38.947421, -11.5524657 ], [ -38.9483854, -11.5546291 ], [ -38.9505512, -11.5523586 ], [ -38.9521006, -11.5558642 ], [ -38.9565376, -11.5570372 ], [ -38.9596517, -11.5600192 ], [ -38.9612799, -11.5604468 ], [ -38.9602229, -11.5584868 ], [ -38.9624008, -11.5580388 ], [ -38.9637645, -11.5598216 ], [ -38.9625695, -11.5615312 ], [ -38.9640877, -11.5621016 ], [ -38.9708456, -11.5624673 ], [ -38.9747874, -11.5586104 ], [ -38.9742484, -11.5562376 ], [ -38.9793295, -11.5561442 ], [ -38.9804144, -11.5531345 ], [ -38.9894426, -11.5545925 ] ] ] } },
{ "type": "Feature", "properties": { "CD_MUN": "2931905", "NM_MUN": "Tucano", "NM_UF": "Bahia", "NM_REGIAO": "Nordeste", "class_electre": 5, "class_label": "C5 (muito alto)", "Priorizacao": "Grupo 4", "class_mc_prob": 5, "ranking_pos": 32.0, "area_deg45_ha": 87225.0 }, "geometry": { "type": "Polygon", "coordinates": [ [ [ -38.8723489, -11.3462344 ], [ -38.9409698, -11.0800749 ], [ -38.943166, -11.0788546 ], [ -38.946773, -11.0701208 ], [ -38.9455646, -11.0516948 ], [ -38.9500899, -11.0484244 ], [ -38.962101, -11.0527436 ], [ -38.9721997, -11.0492814 ], [ -38.9948084, -11.0530294 ], [ -39.0023044, -11.057842 ], [ -39.0063787, -11.0533633 ], [ -39.0142219, -11.032731 ], [ -39.0345784, -11.0306589 ], [ -39.0455987, -11.0205471 ], [ -39.0556592, -11.0259645 ], [ -39.0639016, -11.032912 ], [ -39.0704146, -11.0440406 ], [ -39.079218399999988, -11.0429057 ], [ -39.09053, -11.0379726 ], [ -39.0962198, -11.0263944 ], [ -39.0995724, -11.0231498 ], [ -39.1151186, -11.0177189 ], [ -38.9649429, -10.8388179 ], [ -38.9643672, -10.8333048 ], [ -38.9617224, -10.8324769 ], [ -38.9625857, -10.8274838 ], [ -38.960371, -10.8197752 ], [ -38.9605548, -10.8129839 ], [ -38.9704384, -10.8048969 ], [ -38.966515699999988, -10.7971465 ], [ -38.9734401, -10.7913987 ], [ -38.9737507, -10.786311 ], [ -38.967373, -10.7873753 ], [ -38.9650984, -10.7841246 ], [ -38.9599445, -10.7859934 ], [ -38.9541624, -10.781059 ], [ -38.9485251, -10.7800831 ], [ -38.9453315, -10.7769605 ], [ -38.9409041, -10.7782603 ], [ -38.9413401, -10.7751727 ], [ -38.9385817, -10.7733497 ], [ -38.9291073, -10.7771535 ], [ -38.9233006, -10.7739487 ], [ -38.916160499999989, -10.778648 ], [ -38.9126769, -10.7786235 ], [ -38.9078143, -10.7756855 ], [ -38.9008033, -10.7668417 ], [ -38.8977252, -10.7673725 ], [ -38.896976, -10.7649349 ], [ -38.893807099999989, -10.7637608 ], [ -38.8905193, -10.7576205 ], [ -38.8869147, -10.7574329 ], [ -38.8844712, -10.7491638 ], [ -38.8797813, -10.745983 ], [ -38.8665725, -10.7439454 ], [ -38.8588278, -10.737649 ], [ -38.8493956, -10.7378734 ], [ -38.8443664, -10.7322409 ], [ -38.8349428, -10.7346212 ], [ -38.8277058, -10.7310027 ], [ -38.8220086, -10.7304638 ], [ -38.819314, -10.7332354 ], [ -38.8166194, -10.7307717 ], [ -38.8128469, -10.7314646 ], [ -38.8089204, -10.729078 ], [ -38.8044551, -10.7300788 ], [ -38.8010061, -10.723604 ], [ -38.7924498, -10.7261367 ], [ -38.7888904, -10.7186756 ], [ -38.7812239, -10.7184018 ], [ -38.7785544, -10.7282586 ], [ -38.78184, -10.7309282 ], [ -38.7819084, -10.7337347 ], [ -38.7786228, -10.7437284 ], [ -38.7730783, -10.7483831 ], [ -38.7674397, -10.7472023 ], [ -38.7714985, -10.7552969 ], [ -38.7717904, -10.7693555 ], [ -38.7749925, -10.7754597 ], [ -38.7652483, -10.7871582 ], [ -38.7624507, -10.7983961 ], [ -38.7111418, -10.8900441 ], [ -38.6676106, -10.8992644 ], [ -38.625315, -10.9402274 ], [ -38.5939552, -10.9884418 ], [ -38.5937668, -11.0255098 ], [ -38.5853445, -11.0318796 ], [ -38.5863821, -11.0408618 ], [ -38.5766691, -11.061738 ], [ -38.5585052, -11.0720252 ], [ -38.5560861, -11.0761575 ], [ -38.5600168, -11.0813942 ], [ -38.5640817, -11.0911973 ], [ -38.5691525, -11.0966714 ], [ -38.566049, -11.1154456 ], [ -38.5603861, -11.122504 ], [ -38.5589349, -11.1272423 ], [ -38.5625542, -11.1314911 ], [ -38.5688487, -11.1346034 ], [ -38.5729401, -11.1413437 ], [ -38.5820584, -11.1436168 ], [ -38.588459, -11.143701 ], [ -38.6015799, -11.1369144 ], [ -38.6098507, -11.1360187 ], [ -38.6145547, -11.1561357 ], [ -38.6177218, -11.1651573 ], [ -38.6221172, -11.1707845 ], [ -38.6222605, -11.1760807 ], [ -38.6259109, -11.1793265 ], [ -38.6255546, -11.1843137 ], [ -38.629106, -11.1913035 ], [ -38.6328654, -11.1936146 ], [ -38.7741465, -11.3563555 ], [ -38.7953491, -11.3534965 ], [ -38.8000261, -11.3485239 ], [ -38.8048667, -11.3468672 ], [ -38.8125308, -11.3481877 ], [ -38.8203514, -11.3531846 ], [ -38.8348064, -11.3541785 ], [ -38.840696099999988, -11.351976 ], [ -38.8487986, -11.3541345 ], [ -38.8588667, -11.3532133 ], [ -38.8643813, -11.3492294 ], [ -38.8723489, -11.3462344 ] ] ] } },
{ "type": "Feature", "properties": { "CD_MUN": "2932002", "NM_MUN": "Uauá", "NM_UF": "Bahia", "NM_REGIAO": "Nordeste", "class_electre": 5, "class_label": "C5 (muito alto)", "Priorizacao": "Grupo 4", "class_mc_prob": 5, "ranking_pos": 39.0, "area_deg45_ha": 19450.0 }, "geometry": { "type": "Polygon", "coordinates": [ [ [ -39.3714093, -10.1717752 ], [ -39.4549002, -10.1723669 ], [ -39.5257417, -10.1884332 ], [ -39.524151, -10.1859637 ], [ -39.5238347, -10.1771104 ], [ -39.532753799999988, -10.1663278 ], [ -39.5352802, -10.1605208 ], [ -39.5351514, -10.1556754 ], [ -39.5407602, -10.1517178 ], [ -39.54092, -10.1488514 ], [ -39.5543536, -10.1518441 ], [ -39.5536454, -10.1378973 ], [ -39.5575261, -10.1362827 ], [ -39.5643402, -10.1217413 ], [ -39.5621343, -10.1197924 ], [ -39.5597018, -10.1067682 ], [ -39.5886332, -10.1250647 ], [ -39.6365657, -10.1213848 ], [ -39.6536327, -10.1000698 ], [ -39.7159496, -10.0674468 ], [ -39.7373846, -10.064389 ], [ -39.7347965, -10.0720087 ], [ -39.7342954, -10.0892246 ], [ -39.7416663, -10.0863731 ], [ -39.7521176, -10.0769122 ], [ -39.7578583, -10.0740141 ], [ -39.7598959, -10.0657862 ], [ -39.7565322, -10.0555057 ], [ -39.760225, -10.0499989 ], [ -39.7621982, -10.0422196 ], [ -39.7651838, -10.0400433 ], [ -39.7655407, -10.0320484 ], [ -39.7629709, -10.0269801 ], [ -39.7620429, -10.0152018 ], [ -39.7676108, -10.0080634 ], [ -39.7690385, -10.0009964 ], [ -39.7673397, -9.9971104 ], [ -39.7601443, -9.9932271 ], [ -39.7599729, -9.987859 ], [ -39.7608295, -9.981977 ], [ -39.7649412, -9.9781508 ], [ -39.7671113, -9.97027 ], [ -39.7642458, -9.9694625 ], [ -39.7580641, -9.9638316 ], [ -39.7553711, -9.9574663 ], [ -39.7493118, -9.9524475 ], [ -39.749067, -9.9414917 ], [ -39.7434361, -9.9277206 ], [ -39.742824, -9.9178666 ], [ -39.7382949, -9.9010964 ], [ -39.7449972, -9.8848181 ], [ -39.7568308, -9.874441 ], [ -39.7597435, -9.8680087 ], [ -39.7673293, -9.8669767 ], [ -39.7803159, -9.8709212 ], [ -39.7845639, -9.8566602 ], [ -39.7877802, -9.8518661 ], [ -39.7931422, -9.8501026 ], [ -39.7957647, -9.8438103 ], [ -39.6857157, -9.7628357 ], [ -39.6628186, -9.750663 ], [ -39.6561897, -9.7405538 ], [ -39.6689216, -9.7291686 ], [ -39.6441021, -9.7068286 ], [ -39.6000655, -9.6996446 ], [ -39.3595727, -9.6156913 ], [ -39.3574851, -9.6143297 ], [ -39.355533, -9.609471 ], [ -39.3487655, -9.6074103 ], [ -39.3475725, -9.6007079 ], [ -39.3439725, -9.599582 ], [ -39.338143099999989, -9.6009716 ], [ -39.3300429, -9.5944643 ], [ -39.3264504, -9.5970401 ], [ -39.3200448, -9.597684 ], [ -39.3075302, -9.6074754 ], [ -39.302483599999988, -9.6175947 ], [ -39.2880112, -9.6292945 ], [ -39.287176, -9.6339573 ], [ -39.2809868, -9.6347026 ], [ -39.2703308, -9.6304549 ], [ -39.2699841, -9.6338945 ], [ -39.2639543, -9.6407013 ], [ -39.261157, -9.6377797 ], [ -39.2426325, -9.6343608 ], [ -39.2325583, -9.6342714 ], [ -39.2276241, -9.6361751 ], [ -39.2237003, -9.634628 ], [ -39.2180278, -9.637768 ], [ -39.2116203, -9.6456853 ], [ -39.2229595, -9.6767489 ], [ -39.221162, -9.6824021 ], [ -39.2252247, -9.6863466 ], [ -39.2305986, -9.6985986 ], [ -39.2351618, -9.7019185 ], [ -39.2325916, -9.7107614 ], [ -39.2361627, -9.718863 ], [ -39.2281473, -9.7268314 ], [ -39.2292772, -9.735291 ], [ -39.2236877, -9.7425775 ], [ -39.2240413, -9.7463389 ], [ -39.219363, -9.7490011 ], [ -39.2186725, -9.7582063 ], [ -39.2137352, -9.7652869 ], [ -39.2154895, -9.7682642 ], [ -39.2151409, -9.7734162 ], [ -39.220070199999988, -9.7748801 ], [ -39.2234165, -9.7815673 ], [ -39.2195814, -9.7845537 ], [ -39.221618, -9.7920883 ], [ -39.2181223, -9.7996492 ], [ -39.2111879, -9.8018804 ], [ -39.2072682, -9.8100103 ], [ -39.2039172, -9.8225392 ], [ -39.204597, -9.8247067 ], [ -39.2024704, -9.8262022 ], [ -39.2045892, -9.8327854 ], [ -39.1998946, -9.8331419 ], [ -39.2019303, -9.8409507 ], [ -39.2044304, -9.8428811 ], [ -39.2042417, -9.8489755 ], [ -39.207511, -9.8528383 ], [ -39.2048237, -9.8595338 ], [ -39.2030055, -9.9641112 ], [ -39.2050248, -9.968899 ], [ -39.2023117, -9.9708543 ], [ -39.2021697, -9.9727782 ], [ -39.2071046, -9.9799095 ], [ -39.2063994, -9.9873101 ], [ -39.2113567, -9.9902998 ], [ -39.212064399999988, -9.9955073 ], [ -39.2156812, -9.9980763 ], [ -39.213955299999988, -10.003004 ], [ -39.2184052, -10.0041534 ], [ -39.2164045, -10.0087583 ], [ -39.2210649, -10.0121533 ], [ -39.2205525, -10.0248657 ], [ -39.226193, -10.0265433 ], [ -39.2277209, -10.0244955 ], [ -39.2302302, -10.032102 ], [ -39.2348097, -10.0313879 ], [ -39.2366526, -10.033408 ], [ -39.2361134, -10.0386226 ], [ -39.241681, -10.0411365 ], [ -39.2410898, -10.0462417 ], [ -39.247679, -10.054139 ], [ -39.2476791, -10.0613963 ], [ -39.2503803, -10.0648176 ], [ -39.2529152, -10.0760525 ], [ -39.2550325, -10.0793856 ], [ -39.2605952, -10.0818105 ], [ -39.263405, -10.0870822 ], [ -39.2636174, -10.1013098 ], [ -39.2588433, -10.1119227 ], [ -39.2599632, -10.1165074 ], [ -39.2572109, -10.124068 ], [ -39.2587029, -10.1281685 ], [ -39.2583754, -10.1364227 ], [ -39.2557496, -10.1402921 ], [ -39.2554089, -10.1469265 ], [ -39.2582432, -10.1502978 ], [ -39.2578281, -10.1539874 ], [ -39.25984, -10.1572725 ], [ -39.2611919, -10.1797007 ], [ -39.266830299999988, -10.1926769 ], [ -39.2717177, -10.1930125 ], [ -39.27337, -10.1895444 ], [ -39.2836606, -10.1911365 ], [ -39.294886, -10.189523 ], [ -39.302676399999989, -10.1915002 ], [ -39.3058418, -10.1906417 ], [ -39.3112089, -10.1936611 ], [ -39.3242297, -10.1881303 ], [ -39.3222574, -10.1965119 ], [ -39.3714093, -10.1717752 ] ] ] } },
{ "type": "Feature", "properties": { "CD_MUN": "2933059", "NM_MUN": "Várzea da Roça", "NM_UF": "Bahia", "NM_REGIAO": "Nordeste", "class_electre": 5, "class_label": "C5 (muito alto)", "Priorizacao": "Grupo 5", "class_mc_prob": 5, "ranking_pos": 7.0, "area_deg45_ha": 38325.0 }, "geometry": { "type": "Polygon", "coordinates": [ [ [ -40.0387956, -11.6973892 ], [ -40.0702813, -11.6629098 ], [ -40.1375832, -11.6426785 ], [ -40.1772754, -11.642537 ], [ -40.2342559, -11.6021992 ], [ -40.2311568, -11.5929546 ], [ -40.2256698, -11.5895357 ], [ -40.2281445, -11.5883886 ], [ -40.2289346, -11.5782314 ], [ -40.2321346, -11.5741454 ], [ -40.2306477, -11.5683849 ], [ -40.225755, -11.5634119 ], [ -40.2230285, -11.5633285 ], [ -40.2220596, -11.5581344 ], [ -40.2194092, -11.5554936 ], [ -40.2128656, -11.5522461 ], [ -40.2068608, -11.5514583 ], [ -40.2090943, -11.5458575 ], [ -40.2039287, -11.5467986 ], [ -40.203598, -11.5440639 ], [ -40.2003513, -11.5410763 ], [ -40.1974402, -11.54263 ], [ -40.1939395, -11.5417773 ], [ -40.18482, -11.5370125 ], [ -40.1801032, -11.5312286 ], [ -40.174056, -11.5309466 ], [ -40.1705615, -11.5288937 ], [ -40.1669998, -11.5234168 ], [ -40.1646646, -11.5148266 ], [ -40.1609494, -11.516721 ], [ -40.1586046, -11.52133 ], [ -40.1543612, -11.5212411 ], [ -40.1494595, -11.5250708 ], [ -40.1416964, -11.5216899 ], [ -40.1345888, -11.5207601 ], [ -40.1340573, -11.5155883 ], [ -40.1314479, -11.515389 ], [ -40.1216052, -11.5221472 ], [ -40.116901, -11.5218115 ], [ -40.1176001, -11.5277115 ], [ -40.1149056, -11.5305809 ], [ -40.1106705, -11.5301206 ], [ -40.1090199, -11.5282018 ], [ -40.107515899999989, -11.5290648 ], [ -40.1069068, -11.5313548 ], [ -40.1102592, -11.5337246 ], [ -40.107381, -11.5388814 ], [ -40.1042014, -11.5363771 ], [ -40.102503, -11.538418 ], [ -40.0954954, -11.5390296 ], [ -40.090222499999989, -11.5353439 ], [ -40.0841596, -11.536949 ], [ -40.0842181, -11.5318978 ], [ -40.0801834, -11.5279849 ], [ -40.0743513, -11.529513 ], [ -40.0666452, -11.5287022 ], [ -40.0537906, -11.5224421 ], [ -40.0496474, -11.5234852 ], [ -40.0463446, -11.5222095 ], [ -40.0439803, -11.5235644 ], [ -40.0351302, -11.5217668 ], [ -40.0287211, -11.5226094 ], [ -40.0271438, -11.5148795 ], [ -40.0289894, -11.5103093 ], [ -40.0209514, -11.5067957 ], [ -40.0190755, -11.5032368 ], [ -40.0141131, -11.5054153 ], [ -40.0111135, -11.5042131 ], [ -40.0104303, -11.5021177 ], [ -40.0030923, -11.4996292 ], [ -39.9973207, -11.4997421 ], [ -39.9926755, -11.5031164 ], [ -39.985946399999989, -11.4969497 ], [ -39.9848259, -11.4934739 ], [ -39.9810392, -11.4912957 ], [ -39.9743293, -11.4921763 ], [ -39.9685841, -11.4908669 ], [ -39.9604311, -11.558207 ], [ -39.9588264, -11.5828024 ], [ -39.9582348, -11.6167118 ], [ -39.9616545, -11.6191998 ], [ -39.9623961, -11.6249746 ], [ -39.9580012, -11.6299544 ], [ -39.9548102, -11.6442593 ], [ -39.9564758, -11.6479648 ], [ -39.9557301, -11.6498671 ], [ -39.9492483, -11.6525995 ], [ -39.9461079, -11.6589984 ], [ -39.9389613, -11.6578273 ], [ -39.927695, -11.6649758 ], [ -39.9249025, -11.6685855 ], [ -39.9197714, -11.6874367 ], [ -39.9280723, -11.6905868 ], [ -39.9358849, -11.6973729 ], [ -40.0092387, -11.7006 ], [ -40.0387956, -11.6973892 ] ] ] } },
{ "type": "Feature", "properties": { "CD_MUN": "3115474", "NM_MUN": "Catuti", "NM_UF": "Minas Gerais", "NM_REGIAO": "Sudeste", "class_electre": 5, "class_label": "C5 (muito alto)", "Priorizacao": "Grupo 5", "class_mc_prob": 5, "ranking_pos": 1.0, "area_deg45_ha": 10675.0 }, "geometry": { "type": "Polygon", "coordinates": [ [ [ -43.148184, -15.373305 ], [ -43.152543, -15.367311 ], [ -43.153678, -15.360962 ], [ -43.159966, -15.360405 ], [ -43.165055, -15.356046 ], [ -43.16885, -15.348162 ], [ -43.167644, -15.346778 ], [ -43.169646, -15.343653 ], [ -43.169133, -15.340913 ], [ -43.172389, -15.338712 ], [ -43.172515, -15.336181 ], [ -43.177017, -15.337528 ], [ -43.182748, -15.332573 ], [ -43.195953, -15.326049 ], [ -43.202637, -15.327448 ], [ -43.207056, -15.324766 ], [ -43.205923, -15.323014 ], [ -43.206973, -15.3206 ], [ -43.201765, -15.31718 ], [ -43.200799, -15.314922 ], [ -43.201898, -15.312278 ], [ -43.198774, -15.309922 ], [ -43.20435, -15.308924 ], [ -43.204737, -15.30614 ], [ -43.207754, -15.304444 ], [ -43.204916, -15.30156 ], [ -43.205915, -15.292102 ], [ -43.203488, -15.286572 ], [ -43.20416, -15.283674 ], [ -43.207902, -15.276617 ], [ -43.212672, -15.275087 ], [ -43.22026, -15.266475 ], [ -43.225832, -15.266352 ], [ -43.228216, -15.26157 ], [ -43.233228, -15.25813 ], [ -43.239079, -15.260101 ], [ -43.246771, -15.256772 ], [ -43.245377, -15.254155 ], [ -43.231911, -15.254053 ], [ -43.231683, -15.250461 ], [ -43.236222, -15.246283 ], [ -43.236235, -15.24168 ], [ -43.228396, -15.2473 ], [ -43.223604, -15.248254 ], [ -43.2191, -15.239542 ], [ -43.216804, -15.238201 ], [ -43.214075, -15.238885 ], [ -43.207809, -15.233022 ], [ -43.205886, -15.233961 ], [ -43.204302, -15.23253 ], [ -43.199081, -15.234404 ], [ -43.195575, -15.233474 ], [ -43.191821, -15.236548 ], [ -43.191737, -15.241082 ], [ -43.184339, -15.241661 ], [ -43.184462, -15.248152 ], [ -43.178586, -15.247123 ], [ -43.175948, -15.249233 ], [ -43.176675, -15.252136 ], [ -43.168085, -15.25446 ], [ -43.167013, -15.256482 ], [ -43.168587, -15.261251 ], [ -43.166852, -15.262765 ], [ -43.160814, -15.26017 ], [ -43.157509, -15.263314 ], [ -43.150779, -15.262144 ], [ -43.149276, -15.264994 ], [ -43.147426, -15.265311 ], [ -43.135201, -15.26226 ], [ -43.129477, -15.265719 ], [ -43.123483, -15.264159 ], [ -43.116765, -15.266855 ], [ -43.118619, -15.272729 ], [ -43.115317, -15.274814 ], [ -43.109706, -15.272334 ], [ -43.108174, -15.26936 ], [ -43.104884, -15.267555 ], [ -43.103922, -15.27181 ], [ -43.098599, -15.275499 ], [ -43.098891, -15.28031 ], [ -43.095974, -15.280623 ], [ -43.087702, -15.286697 ], [ -43.078481, -15.286207 ], [ -43.077077, -15.287607 ], [ -43.077946, -15.290003 ], [ -43.08285, -15.291146 ], [ -43.086285, -15.299328 ], [ -43.083198, -15.300492 ], [ -43.081812, -15.303802 ], [ -43.074828, -15.307278 ], [ -43.068534, -15.303345 ], [ -43.065947, -15.303958 ], [ -43.06608, -15.30672 ], [ -43.062712, -15.306893 ], [ -43.060253, -15.311672 ], [ -43.05088, -15.313321 ], [ -43.048548, -15.315776 ], [ -43.048506, -15.320747 ], [ -43.041982, -15.321484 ], [ -43.036589, -15.324113 ], [ -43.034586, -15.327213 ], [ -43.02224, -15.331221 ], [ -43.019026, -15.328195 ], [ -43.003137, -15.328093 ], [ -43.001205, -15.324634 ], [ -42.994945, -15.323061 ], [ -42.994085, -15.319458 ], [ -42.988771, -15.318403 ], [ -42.979493, -15.320341 ], [ -42.978188, -15.324436 ], [ -42.964036, -15.3259 ], [ -42.962626, -15.3271 ], [ -42.962877, -15.335058 ], [ -42.95164, -15.343126 ], [ -42.949271, -15.349641 ], [ -42.945445, -15.352819 ], [ -42.943336, -15.36065 ], [ -42.938548, -15.368503 ], [ -42.943742, -15.374963 ], [ -42.943111, -15.383646 ], [ -42.940141, -15.391899 ], [ -42.949199, -15.391846 ], [ -42.957978, -15.386129 ], [ -42.96405, -15.378044 ], [ -42.96659, -15.377857 ], [ -42.970623, -15.380363 ], [ -42.975442, -15.377339 ], [ -42.985856, -15.387588 ], [ -42.990937, -15.389813 ], [ -42.993233, -15.38739 ], [ -42.993467, -15.379573 ], [ -42.995669, -15.374366 ], [ -42.99997, -15.371208 ], [ -43.006276, -15.369783 ], [ -43.011935, -15.359746 ], [ -43.016779, -15.358382 ], [ -43.033732, -15.359868 ], [ -43.033864, -15.362792 ], [ -43.028058, -15.367835 ], [ -43.036355, -15.38211 ], [ -43.039629, -15.405692 ], [ -43.044098, -15.405496 ], [ -43.057544, -15.400386 ], [ -43.060881, -15.402814 ], [ -43.064492, -15.408166 ], [ -43.067565, -15.42477 ], [ -43.071828, -15.433645 ], [ -43.068472, -15.443369 ], [ -43.079294, -15.449665 ], [ -43.083957, -15.446274 ], [ -43.085036, -15.442871 ], [ -43.087433, -15.442718 ], [ -43.088823, -15.438694 ], [ -43.092648, -15.43751 ], [ -43.094796, -15.433788 ], [ -43.097925, -15.434788 ], [ -43.102444, -15.431626 ], [ -43.102016, -15.424789 ], [ -43.107449, -15.424922 ], [ -43.105692, -15.418126 ], [ -43.107881, -15.416384 ], [ -43.108896, -15.410817 ], [ -43.115081, -15.405773 ], [ -43.121014, -15.397874 ], [ -43.12012, -15.395708 ], [ -43.1169714, -15.3944897 ], [ -43.1172541, -15.3931978 ], [ -43.1287, -15.390832 ], [ -43.132057, -15.386837 ], [ -43.133887, -15.378419 ], [ -43.142955, -15.376581 ], [ -43.148184, -15.373305 ] ] ] } },
{ "type": "Feature", "properties": { "CD_MUN": "3141009", "NM_MUN": "Mato Verde", "NM_UF": "Minas Gerais", "NM_REGIAO": "Sudeste", "class_electre": 5, "class_label": "C5 (muito alto)", "Priorizacao": "Grupo 5", "class_mc_prob": 5, "ranking_pos": 2.0, "area_deg45_ha": 9675.0 }, "geometry": { "type": "Polygon", "coordinates": [ [ [ -42.745304, -15.466374 ], [ -42.749929, -15.466296 ], [ -42.758707, -15.471076 ], [ -42.767057, -15.472237 ], [ -42.771492, -15.477214 ], [ -42.76909, -15.481311 ], [ -42.770484, -15.485338 ], [ -42.778196, -15.482646 ], [ -42.782401, -15.484745 ], [ -42.782821, -15.501314 ], [ -42.786077, -15.511967 ], [ -42.789983, -15.517055 ], [ -42.790996, -15.521173 ], [ -42.788584, -15.53161 ], [ -42.783407, -15.53473 ], [ -42.788728, -15.544834 ], [ -42.779598, -15.55756 ], [ -42.779864, -15.568875 ], [ -42.78294, -15.573778 ], [ -42.78279, -15.57817 ], [ -42.794648, -15.581155 ], [ -42.799786, -15.587901 ], [ -42.804314, -15.590046 ], [ -42.803954, -15.605724 ], [ -42.810809, -15.610064 ], [ -42.813626, -15.599098 ], [ -42.810291, -15.591757 ], [ -42.815595, -15.583186 ], [ -42.811533, -15.571199 ], [ -42.814297, -15.563315 ], [ -42.812955, -15.556575 ], [ -42.815403, -15.553611 ], [ -42.819457, -15.555434 ], [ -42.826979, -15.554064 ], [ -42.824788, -15.543551 ], [ -42.826334, -15.540403 ], [ -42.834834, -15.534895 ], [ -42.839102, -15.536303 ], [ -42.847931, -15.532957 ], [ -42.853077, -15.53455 ], [ -42.8588, -15.529267 ], [ -42.865703, -15.529735 ], [ -42.881414, -15.523198 ], [ -42.881804, -15.513539 ], [ -42.894925, -15.510241 ], [ -42.90029, -15.505532 ], [ -42.903422, -15.499441 ], [ -42.91213, -15.495382 ], [ -42.915916, -15.485442 ], [ -42.917104, -15.476216 ], [ -42.921857, -15.469214 ], [ -42.931715, -15.463126 ], [ -42.932995, -15.459192 ], [ -42.93687, -15.456084 ], [ -42.94027, -15.455613 ], [ -42.946597, -15.458481 ], [ -42.94348, -15.452493 ], [ -42.938365, -15.449485 ], [ -42.937758, -15.446324 ], [ -42.940561, -15.442117 ], [ -42.947105, -15.440894 ], [ -42.949328, -15.434652 ], [ -42.967079, -15.433849 ], [ -42.976137, -15.435221 ], [ -42.980316, -15.432232 ], [ -42.983782, -15.424079 ], [ -42.983353, -15.418897 ], [ -42.98485, -15.41607 ], [ -42.996151, -15.413913 ], [ -43.001491, -15.417843 ], [ -43.009189, -15.414787 ], [ -43.013404, -15.410729 ], [ -43.01985, -15.399727 ], [ -43.024475, -15.40002 ], [ -43.033661, -15.40523 ], [ -43.039629, -15.405692 ], [ -43.036355, -15.38211 ], [ -43.028058, -15.367835 ], [ -43.033864, -15.362792 ], [ -43.034417, -15.360561 ], [ -43.031529, -15.359193 ], [ -43.027303, -15.360168 ], [ -43.016779, -15.358382 ], [ -43.011935, -15.359746 ], [ -43.006276, -15.369783 ], [ -42.99997, -15.371208 ], [ -42.995669, -15.374366 ], [ -42.993467, -15.379573 ], [ -42.993233, -15.38739 ], [ -42.990937, -15.389813 ], [ -42.985856, -15.387588 ], [ -42.975442, -15.377339 ], [ -42.970623, -15.380363 ], [ -42.965525, -15.377747 ], [ -42.962511, -15.37926 ], [ -42.957978, -15.386129 ], [ -42.949199, -15.391846 ], [ -42.942527, -15.392354 ], [ -42.939649, -15.391569 ], [ -42.943009, -15.384082 ], [ -42.943742, -15.374963 ], [ -42.938675, -15.368069 ], [ -42.943336, -15.36065 ], [ -42.945445, -15.352819 ], [ -42.949271, -15.349641 ], [ -42.95164, -15.343126 ], [ -42.962877, -15.335058 ], [ -42.962626, -15.3271 ], [ -42.955242, -15.329938 ], [ -42.946017, -15.326286 ], [ -42.943501, -15.32783 ], [ -42.934044, -15.326543 ], [ -42.928755, -15.321485 ], [ -42.917457, -15.318509 ], [ -42.91665, -15.310698 ], [ -42.904908, -15.303506 ], [ -42.892804, -15.314913 ], [ -42.891413, -15.319742 ], [ -42.886621, -15.322604 ], [ -42.881894, -15.321902 ], [ -42.878582, -15.318993 ], [ -42.874027, -15.320547 ], [ -42.868845, -15.318802 ], [ -42.860543, -15.320521 ], [ -42.857665, -15.318516 ], [ -42.848556, -15.321532 ], [ -42.831265, -15.323623 ], [ -42.825436, -15.328696 ], [ -42.817072, -15.332437 ], [ -42.812707, -15.330083 ], [ -42.808841, -15.336616 ], [ -42.798346, -15.337697 ], [ -42.797817, -15.340608 ], [ -42.800707, -15.347007 ], [ -42.792751, -15.356779 ], [ -42.77458, -15.362598 ], [ -42.764792, -15.368818 ], [ -42.766142, -15.381445 ], [ -42.755063, -15.398444 ], [ -42.758216, -15.400692 ], [ -42.75809, -15.406117 ], [ -42.762717, -15.417147 ], [ -42.761255, -15.420479 ], [ -42.75453, -15.423809 ], [ -42.752042, -15.428732 ], [ -42.747081, -15.43276 ], [ -42.74859, -15.441963 ], [ -42.74548, -15.449658 ], [ -42.744069, -15.463937 ], [ -42.745304, -15.466374 ] ] ] } },
{ "type": "Feature", "properties": { "CD_MUN": "3142908", "NM_MUN": "Monte Azul", "NM_UF": "Minas Gerais", "NM_REGIAO": "Sudeste", "class_electre": 5, "class_label": "C5 (muito alto)", "Priorizacao": "Grupo 4", "class_mc_prob": 5, "ranking_pos": 4.0, "area_deg45_ha": 13175.0 }, "geometry": { "type": "Polygon", "coordinates": [ [ [ -42.904908, -15.303506 ], [ -42.916975, -15.311118 ], [ -42.917457, -15.318509 ], [ -42.928755, -15.321485 ], [ -42.934515, -15.326712 ], [ -42.943501, -15.32783 ], [ -42.946017, -15.326286 ], [ -42.955242, -15.329938 ], [ -42.969701, -15.324524 ], [ -42.978188, -15.324436 ], [ -42.979493, -15.320341 ], [ -42.988771, -15.318403 ], [ -42.994085, -15.319458 ], [ -42.994945, -15.323061 ], [ -43.001205, -15.324634 ], [ -43.003137, -15.328093 ], [ -43.019026, -15.328195 ], [ -43.02224, -15.331221 ], [ -43.034586, -15.327213 ], [ -43.036589, -15.324113 ], [ -43.041982, -15.321484 ], [ -43.048506, -15.320747 ], [ -43.048548, -15.315776 ], [ -43.05088, -15.313321 ], [ -43.060253, -15.311672 ], [ -43.062712, -15.306893 ], [ -43.06608, -15.30672 ], [ -43.065947, -15.303958 ], [ -43.068534, -15.303345 ], [ -43.074828, -15.307278 ], [ -43.081812, -15.303802 ], [ -43.083198, -15.300492 ], [ -43.086285, -15.299328 ], [ -43.08285, -15.291146 ], [ -43.077946, -15.290003 ], [ -43.077077, -15.287607 ], [ -43.078481, -15.286207 ], [ -43.087702, -15.286697 ], [ -43.095974, -15.280623 ], [ -43.098891, -15.28031 ], [ -43.098599, -15.275499 ], [ -43.103922, -15.27181 ], [ -43.104884, -15.267555 ], [ -43.108174, -15.26936 ], [ -43.109706, -15.272334 ], [ -43.115317, -15.274814 ], [ -43.118619, -15.272729 ], [ -43.116765, -15.266855 ], [ -43.123483, -15.264159 ], [ -43.129477, -15.265719 ], [ -43.135201, -15.26226 ], [ -43.147426, -15.265311 ], [ -43.149276, -15.264994 ], [ -43.150779, -15.262144 ], [ -43.157509, -15.263314 ], [ -43.160814, -15.26017 ], [ -43.166852, -15.262765 ], [ -43.168587, -15.261251 ], [ -43.167013, -15.256482 ], [ -43.168085, -15.25446 ], [ -43.176675, -15.252136 ], [ -43.175948, -15.249233 ], [ -43.178586, -15.247123 ], [ -43.184462, -15.248152 ], [ -43.184339, -15.241661 ], [ -43.191737, -15.241082 ], [ -43.191821, -15.236548 ], [ -43.195125, -15.233565 ], [ -43.199081, -15.234404 ], [ -43.204302, -15.23253 ], [ -43.205886, -15.233961 ], [ -43.207809, -15.233022 ], [ -43.214075, -15.238885 ], [ -43.216804, -15.238201 ], [ -43.2191, -15.239542 ], [ -43.223604, -15.248254 ], [ -43.228396, -15.2473 ], [ -43.236235, -15.24168 ], [ -43.236222, -15.246283 ], [ -43.231683, -15.250461 ], [ -43.231911, -15.254053 ], [ -43.245377, -15.254155 ], [ -43.246771, -15.256772 ], [ -43.250326, -15.256837 ], [ -43.255584, -15.249691 ], [ -43.249478, -15.235935 ], [ -43.254361, -15.226901 ], [ -43.256419, -15.219287 ], [ -43.259071, -15.220651 ], [ -43.264193, -15.219696 ], [ -43.264609, -15.214679 ], [ -43.263069, -15.214284 ], [ -43.262602, -15.211245 ], [ -43.265714, -15.208881 ], [ -43.262923, -15.206274 ], [ -43.26428, -15.203791 ], [ -43.267243, -15.203752 ], [ -43.266827, -15.199539 ], [ -43.271006, -15.196717 ], [ -43.26931, -15.192156 ], [ -43.259982, -15.187853 ], [ -43.261913, -15.183507 ], [ -43.260493, -15.182376 ], [ -43.261519, -15.179708 ], [ -43.265582, -15.175574 ], [ -43.264997, -15.17258 ], [ -43.261917, -15.172251 ], [ -43.260813, -15.168243 ], [ -43.267632, -15.161055 ], [ -43.266762, -15.158175 ], [ -43.270183, -15.1548 ], [ -43.27057, -15.151601 ], [ -43.264961, -15.148366 ], [ -43.258177, -15.150905 ], [ -43.256807, -15.149152 ], [ -43.25265, -15.153401 ], [ -43.247866, -15.151847 ], [ -43.245204, -15.154902 ], [ -43.240494, -15.15275 ], [ -43.237455, -15.155137 ], [ -43.233737, -15.154115 ], [ -43.233164, -15.155426 ], [ -43.230231, -15.153324 ], [ -43.228072, -15.154285 ], [ -43.226261, -15.158263 ], [ -43.221281, -15.159586 ], [ -43.212716, -15.154316 ], [ -43.208684, -15.155411 ], [ -43.202838, -15.153002 ], [ -43.199754, -15.154053 ], [ -43.198598, -15.152254 ], [ -43.19485, -15.153442 ], [ -43.193792, -15.1507 ], [ -43.191442, -15.151936 ], [ -43.190169, -15.14977 ], [ -43.184662, -15.152977 ], [ -43.178692, -15.152133 ], [ -43.174894, -15.154516 ], [ -43.169273, -15.147849 ], [ -43.165345, -15.145974 ], [ -43.152653, -15.150911 ], [ -43.15141, -15.154429 ], [ -43.148967, -15.155181 ], [ -43.148408, -15.159921 ], [ -43.145369, -15.161777 ], [ -43.143, -15.169481 ], [ -43.135077, -15.172082 ], [ -43.133404, -15.176726 ], [ -43.128896, -15.178094 ], [ -43.126317, -15.176959 ], [ -43.124599, -15.172949 ], [ -43.120261, -15.173282 ], [ -43.112619, -15.176734 ], [ -43.111043, -15.180527 ], [ -43.101784, -15.185563 ], [ -43.095153, -15.184139 ], [ -43.091613, -15.18666 ], [ -43.084744, -15.185626 ], [ -43.068157, -15.177748 ], [ -43.058297, -15.178085 ], [ -43.043752, -15.169706 ], [ -43.039289, -15.165134 ], [ -43.03701, -15.159672 ], [ -43.03661, -15.152075 ], [ -43.045706, -15.132289 ], [ -43.043524, -15.126252 ], [ -43.03896, -15.122036 ], [ -43.0395534, -15.1180894 ], [ -43.029892, -15.11999 ], [ -43.026086, -15.124277 ], [ -43.011571, -15.12777 ], [ -43.010103, -15.129356 ], [ -43.005409, -15.128797 ], [ -43.000652, -15.124663 ], [ -42.99265, -15.128186 ], [ -42.988231, -15.135393 ], [ -42.982444, -15.132699 ], [ -42.977263, -15.133786 ], [ -42.973019, -15.130081 ], [ -42.959588, -15.130385 ], [ -42.957809, -15.127871 ], [ -42.954451, -15.12763 ], [ -42.955159, -15.123778 ], [ -42.950518, -15.11979 ], [ -42.937561, -15.118767 ], [ -42.938373, -15.115721 ], [ -42.935338, -15.113324 ], [ -42.938588, -15.106364 ], [ -42.943554, -15.104009 ], [ -42.941985, -15.101752 ], [ -42.943178, -15.099886 ], [ -42.940691, -15.098625 ], [ -42.940203, -15.095442 ], [ -42.942808, -15.091438 ], [ -42.938915, -15.086726 ], [ -42.943742, -15.084208 ], [ -42.942138, -15.075924 ], [ -42.941553, -15.074189 ], [ -42.93822, -15.073903 ], [ -42.93631, -15.066855 ], [ -42.927617, -15.057945 ], [ -42.927573, -15.055092 ], [ -42.914249, -15.043091 ], [ -42.909066, -15.043095 ], [ -42.908143, -15.041745 ], [ -42.903133, -15.04396 ], [ -42.903631, -15.039989 ], [ -42.825223, -15.037265 ], [ -42.824771, -15.038706 ], [ -42.827292, -15.040613 ], [ -42.825654, -15.042194 ], [ -42.829554, -15.04631 ], [ -42.829047, -15.048141 ], [ -42.820238, -15.054842 ], [ -42.818822, -15.059786 ], [ -42.814122, -15.061774 ], [ -42.813756, -15.070093 ], [ -42.817143, -15.072544 ], [ -42.815841, -15.073833 ], [ -42.817429, -15.077609 ], [ -42.815129, -15.077799 ], [ -42.814104, -15.080771 ], [ -42.809283, -15.08163 ], [ -42.803132, -15.085295 ], [ -42.802379, -15.095264 ], [ -42.796511, -15.100221 ], [ -42.798297, -15.107359 ], [ -42.795747, -15.11081 ], [ -42.78968, -15.109876 ], [ -42.782525, -15.11143 ], [ -42.781049, -15.119499 ], [ -42.786396, -15.135003 ], [ -42.782526, -15.144479 ], [ -42.777389, -15.15076 ], [ -42.778782, -15.157316 ], [ -42.777836, -15.159806 ], [ -42.783619, -15.164577 ], [ -42.786051, -15.17007 ], [ -42.785803, -15.182094 ], [ -42.788765, -15.184561 ], [ -42.797219, -15.187148 ], [ -42.801737, -15.19254 ], [ -42.806904, -15.212754 ], [ -42.811925, -15.225561 ], [ -42.810375, -15.23248 ], [ -42.812084, -15.234855 ], [ -42.81943, -15.238572 ], [ -42.810863, -15.240653 ], [ -42.80585, -15.251628 ], [ -42.798141, -15.255977 ], [ -42.797408, -15.25969 ], [ -42.800134, -15.268547 ], [ -42.790602, -15.268954 ], [ -42.789118, -15.276104 ], [ -42.784311, -15.27848 ], [ -42.782902, -15.289219 ], [ -42.778159, -15.298288 ], [ -42.775518, -15.302657 ], [ -42.771536, -15.303967 ], [ -42.768859, -15.307691 ], [ -42.77059, -15.318968 ], [ -42.766919, -15.337762 ], [ -42.76284, -15.346659 ], [ -42.763359, -15.358122 ], [ -42.761253, -15.371745 ], [ -42.762375, -15.378826 ], [ -42.755063, -15.398444 ], [ -42.766142, -15.381445 ], [ -42.765013, -15.368408 ], [ -42.775918, -15.362024 ], [ -42.792751, -15.356779 ], [ -42.800707, -15.347007 ], [ -42.797709, -15.340077 ], [ -42.799092, -15.337089 ], [ -42.808841, -15.336616 ], [ -42.812277, -15.33026 ], [ -42.817525, -15.332284 ], [ -42.825436, -15.328696 ], [ -42.831265, -15.323623 ], [ -42.848556, -15.321532 ], [ -42.857665, -15.318516 ], [ -42.860543, -15.320521 ], [ -42.868845, -15.318802 ], [ -42.874027, -15.320547 ], [ -42.878582, -15.318993 ], [ -42.881894, -15.321902 ], [ -42.886621, -15.322604 ], [ -42.891413, -15.319742 ], [ -42.892804, -15.314913 ], [ -42.898472, -15.310801 ], [ -42.902565, -15.304638 ], [ -42.904908, -15.303506 ] ] ] } },
{ "type": "Feature", "properties": { "CD_MUN": "3146552", "NM_MUN": "Pai Pedro", "NM_UF": "Minas Gerais", "NM_REGIAO": "Sudeste", "class_electre": 5, "class_label": "C5 (muito alto)", "Priorizacao": "Grupo 5", "class_mc_prob": 5, "ranking_pos": 3.0, "area_deg45_ha": 14350.0 }, "geometry": { "type": "Polygon", "coordinates": [ [ [ -42.935984, -15.456552 ], [ -42.932995, -15.459192 ], [ -42.9321, -15.462788 ], [ -42.924488, -15.466683 ], [ -42.917104, -15.476216 ], [ -42.915916, -15.485442 ], [ -42.912221, -15.495257 ], [ -42.916066, -15.502948 ], [ -42.915106, -15.514401 ], [ -42.921796, -15.513487 ], [ -42.927345, -15.51524 ], [ -42.937142, -15.515202 ], [ -42.942381, -15.518932 ], [ -42.945182, -15.516887 ], [ -42.95004, -15.52271 ], [ -42.955404, -15.518804 ], [ -42.959555, -15.518439 ], [ -42.964058, -15.52387 ], [ -42.968706, -15.52599 ], [ -42.975162, -15.521486 ], [ -42.980592, -15.523973 ], [ -42.985144, -15.529197 ], [ -42.995699, -15.531481 ], [ -43.004156, -15.536667 ], [ -43.021621, -15.540309 ], [ -43.025008, -15.545296 ], [ -43.032104, -15.549994 ], [ -43.033323, -15.556497 ], [ -43.037637, -15.561879 ], [ -43.042193, -15.574107 ], [ -43.049549, -15.58028 ], [ -43.048891, -15.586317 ], [ -43.050399, -15.591553 ], [ -43.058902, -15.596046 ], [ -43.061241, -15.601745 ], [ -43.066174, -15.607382 ], [ -43.077464, -15.610544 ], [ -43.083342, -15.609036 ], [ -43.088335, -15.6099 ], [ -43.091873, -15.612583 ], [ -43.092505, -15.616664 ], [ -43.094549, -15.617153 ], [ -43.100761, -15.615692 ], [ -43.107766, -15.610659 ], [ -43.129219, -15.611351 ], [ -43.133412, -15.608294 ], [ -43.134767, -15.597855 ], [ -43.157823, -15.582457 ], [ -43.169509, -15.5784 ], [ -43.176113, -15.581963 ], [ -43.182841, -15.583381 ], [ -43.189219, -15.581388 ], [ -43.188804, -15.574471 ], [ -43.180743, -15.562216 ], [ -43.181184, -15.555301 ], [ -43.204403, -15.537754 ], [ -43.215756, -15.531549 ], [ -43.223355, -15.523793 ], [ -43.230658, -15.507875 ], [ -43.23535, -15.503065 ], [ -43.237433, -15.484607 ], [ -43.243675, -15.475991 ], [ -43.243452, -15.461904 ], [ -43.246896, -15.451947 ], [ -43.251253, -15.446848 ], [ -43.248646, -15.436714 ], [ -43.254648, -15.428189 ], [ -43.249993, -15.420812 ], [ -43.240227, -15.417174 ], [ -43.238113, -15.409043 ], [ -43.244277, -15.402269 ], [ -43.25222, -15.403946 ], [ -43.253962, -15.391222 ], [ -43.259216, -15.386953 ], [ -43.253939, -15.3819 ], [ -43.251488, -15.375656 ], [ -43.252395, -15.373794 ], [ -43.261513, -15.370271 ], [ -43.264657, -15.365261 ], [ -43.261152, -15.353905 ], [ -43.263349, -15.348271 ], [ -43.257225, -15.340407 ], [ -43.257519, -15.336886 ], [ -43.26194, -15.33326 ], [ -43.262161, -15.330475 ], [ -43.311526, -15.327136 ], [ -43.314192, -15.323274 ], [ -43.311693, -15.316709 ], [ -43.316002, -15.309352 ], [ -43.309299, -15.305678 ], [ -43.310659, -15.302182 ], [ -43.309601, -15.297968 ], [ -43.310561, -15.293136 ], [ -43.324059, -15.29107 ], [ -43.316961, -15.283896 ], [ -43.318414, -15.281229 ], [ -43.317549, -15.275818 ], [ -43.322919, -15.27088 ], [ -43.319282, -15.264244 ], [ -43.323322, -15.260201 ], [ -43.322791, -15.253801 ], [ -43.318293, -15.250292 ], [ -43.309362, -15.236554 ], [ -43.312588, -15.225559 ], [ -43.310652, -15.221825 ], [ -43.312128, -15.219158 ], [ -43.310259, -15.217635 ], [ -43.314225, -15.214467 ], [ -43.315394, -15.211178 ], [ -43.313906, -15.208758 ], [ -43.316188, -15.205931 ], [ -43.314322, -15.202705 ], [ -43.318958, -15.196776 ], [ -43.316027, -15.193041 ], [ -43.317321, -15.186575 ], [ -43.314745, -15.182933 ], [ -43.314141, -15.177753 ], [ -43.315572, -15.173382 ], [ -43.311615, -15.162555 ], [ -43.316745, -15.15741 ], [ -43.320341, -15.149591 ], [ -43.325962, -15.147577 ], [ -43.327533, -15.144058 ], [ -43.329999, -15.143557 ], [ -43.332019, -15.140798 ], [ -43.331553, -15.137137 ], [ -43.326392, -15.134595 ], [ -43.324304, -15.136133 ], [ -43.320172, -15.12915 ], [ -43.320913, -15.125952 ], [ -43.327843, -15.121224 ], [ -43.326623, -15.115559 ], [ -43.328431, -15.111788 ], [ -43.331701, -15.111725 ], [ -43.331991, -15.109309 ], [ -43.330504, -15.106313 ], [ -43.323476, -15.102064 ], [ -43.321236, -15.097386 ], [ -43.321884, -15.09329 ], [ -43.312962, -15.088553 ], [ -43.311576, -15.083487 ], [ -43.302718, -15.082064 ], [ -43.298869, -15.086982 ], [ -43.2918, -15.091087 ], [ -43.296572, -15.097335 ], [ -43.296068, -15.100234 ], [ -43.290437, -15.106967 ], [ -43.292725, -15.111368 ], [ -43.293561, -15.119058 ], [ -43.289506, -15.120338 ], [ -43.282929, -15.115927 ], [ -43.281783, -15.119723 ], [ -43.272719, -15.124974 ], [ -43.274677, -15.128431 ], [ -43.272377, -15.129139 ], [ -43.272111, -15.131372 ], [ -43.275114, -15.134094 ], [ -43.275202, -15.137087 ], [ -43.272447, -15.139705 ], [ -43.265546, -15.141945 ], [ -43.270709, -15.152982 ], [ -43.266762, -15.158175 ], [ -43.267632, -15.161055 ], [ -43.260813, -15.168243 ], [ -43.261917, -15.172251 ], [ -43.264997, -15.17258 ], [ -43.265582, -15.175574 ], [ -43.261519, -15.179708 ], [ -43.260493, -15.182376 ], [ -43.261913, -15.183507 ], [ -43.259982, -15.187853 ], [ -43.26931, -15.192156 ], [ -43.271006, -15.196717 ], [ -43.266827, -15.199539 ], [ -43.267243, -15.203752 ], [ -43.26428, -15.203791 ], [ -43.262923, -15.206274 ], [ -43.265714, -15.208881 ], [ -43.262602, -15.211245 ], [ -43.263069, -15.214284 ], [ -43.264609, -15.214679 ], [ -43.264193, -15.219696 ], [ -43.259071, -15.220651 ], [ -43.256419, -15.219287 ], [ -43.254361, -15.226901 ], [ -43.249478, -15.235935 ], [ -43.255514, -15.249253 ], [ -43.254057, -15.253393 ], [ -43.251899, -15.253388 ], [ -43.250326, -15.256837 ], [ -43.246651, -15.256782 ], [ -43.239553, -15.26001 ], [ -43.233679, -15.257878 ], [ -43.228216, -15.26157 ], [ -43.225832, -15.266352 ], [ -43.22026, -15.266475 ], [ -43.212672, -15.275087 ], [ -43.207902, -15.276617 ], [ -43.203488, -15.286572 ], [ -43.205915, -15.292102 ], [ -43.204916, -15.30156 ], [ -43.207754, -15.304444 ], [ -43.204737, -15.30614 ], [ -43.20435, -15.308924 ], [ -43.198774, -15.309922 ], [ -43.201898, -15.312278 ], [ -43.200799, -15.314922 ], [ -43.201765, -15.31718 ], [ -43.206973, -15.3206 ], [ -43.205923, -15.323014 ], [ -43.207056, -15.324766 ], [ -43.202637, -15.327448 ], [ -43.195953, -15.326049 ], [ -43.182748, -15.332573 ], [ -43.177017, -15.337528 ], [ -43.172515, -15.336181 ], [ -43.172389, -15.338712 ], [ -43.169133, -15.340913 ], [ -43.167559, -15.351496 ], [ -43.16315, -15.358365 ], [ -43.159966, -15.360405 ], [ -43.153678, -15.360962 ], [ -43.152543, -15.367311 ], [ -43.147066, -15.374361 ], [ -43.133887, -15.378419 ], [ -43.132057, -15.386837 ], [ -43.1287, -15.390832 ], [ -43.1171385, -15.3933304 ], [ -43.121014, -15.397874 ], [ -43.115081, -15.405773 ], [ -43.108896, -15.410817 ], [ -43.107881, -15.416384 ], [ -43.105692, -15.418126 ], [ -43.10764, -15.424485 ], [ -43.101659, -15.425179 ], [ -43.102444, -15.431626 ], [ -43.097925, -15.434788 ], [ -43.095581, -15.433216 ], [ -43.092648, -15.43751 ], [ -43.088823, -15.438694 ], [ -43.087433, -15.442718 ], [ -43.084655, -15.443284 ], [ -43.083957, -15.446274 ], [ -43.0778, -15.449499 ], [ -43.068472, -15.443369 ], [ -43.071571, -15.432447 ], [ -43.067565, -15.42477 ], [ -43.063928, -15.406645 ], [ -43.05906, -15.401013 ], [ -43.051965, -15.40161 ], [ -43.044098, -15.405496 ], [ -43.038166, -15.405729 ], [ -43.033661, -15.40523 ], [ -43.020824, -15.399455 ], [ -43.009189, -15.414787 ], [ -43.001491, -15.417843 ], [ -42.996151, -15.413913 ], [ -42.98485, -15.41607 ], [ -42.983353, -15.418897 ], [ -42.983782, -15.424079 ], [ -42.980316, -15.432232 ], [ -42.976137, -15.435221 ], [ -42.967079, -15.433849 ], [ -42.949328, -15.434652 ], [ -42.947105, -15.440894 ], [ -42.940561, -15.442117 ], [ -42.937758, -15.446324 ], [ -42.938365, -15.449485 ], [ -42.94348, -15.452493 ], [ -42.946597, -15.458481 ], [ -42.94027, -15.455613 ], [ -42.935984, -15.456552 ] ] ] } }
]
}
